detectprob,binary_resp,SubjID,condition,training
1.0,1,1,2,1
0.389512521022619,0,1,2,0
0.389512521022619,0,1,2,0
0.53526263459471,1,1,2,0
0.389512521022619,0,1,2,0
0.53526263459471,1,1,2,0
0.389512521022619,0,1,2,0
0.389512521022619,1,1,2,0
0.389512521022619,0,1,2,0
0.261148327372654,0,1,2,0
0.0,0,1,2,0
0.389512521022619,1,1,2,0
0.389512521022619,1,1,2,0
0.389512521022619,0,1,2,0
0.261148327372654,0,1,2,0
0.389512521022619,1,1,2,0
0.261148327372654,1,1,2,0
0.389512521022619,1,1,2,0
0.261148327372654,0,1,2,0
0.389512521022619,0,1,2,0
0.0,0,1,2,0
0.53526263459471,1,1,2,0
0.389512521022619,1,1,2,0
0.0,0,1,2,0
0.261148327372654,1,1,2,0
0.261148327372654,0,1,2,0
0.0,0,1,2,0
0.0,1,1,2,0
0.389512521022619,1,1,2,0
0.389512521022619,1,1,2,0
0.389512521022619,1,1,2,0
0.0,0,1,2,0
0.0,0,1,2,0
0.53526263459471,0,1,2,0
0.0,1,1,2,0
0.0,1,1,2,0
0.261148327372654,1,1,2,0
0.261148327372654,0,1,2,0
0.389512521022619,0,1,2,0
0.0,0,1,2,0
0.389512521022619,0,1,2,0
0.0,1,1,2,0
0.0,0,1,2,0
0.389512521022619,0,1,2,0
0.261148327372654,0,1,2,0
0.389512521022619,0,1,2,0
0.0,0,1,2,0
0.0,0,1,2,0
0.53526263459471,0,1,2,0
0.0,0,1,2,0
0.389512521022619,0,1,2,0
0.389512521022619,0,1,2,0
0.261148327372654,0,1,2,0
0.53526263459471,1,1,2,0
0.0,0,1,2,0
0.261148327372654,1,1,2,0
0.0,0,1,2,0
0.261148327372654,0,1,2,0
0.0,0,1,2,0
0.0,1,1,2,0
0.0,0,1,2,0
0.0,1,1,2,0
0.261148327372654,0,1,2,0
0.53526263459471,1,1,2,0
0.0,1,1,2,0
0.0,0,1,2,0
0.0,1,1,2,0
0.0,1,1,2,0
0.261148327372654,0,1,2,0
0.0,0,1,2,0
0.0,0,1,2,0
0.389512521022619,1,1,2,0
0.0,1,1,2,0
0.53526263459471,1,1,2,0
0.389512521022619,1,1,2,0
0.0,0,1,2,0
0.0,0,1,2,0
0.261148327372654,0,1,2,0
0.261148327372654,0,1,2,0
0.389512521022619,1,1,2,0
0.389512521022619,1,1,2,0
0.261148327372654,1,1,2,0
0.0,1,1,2,0
0.389512521022619,0,1,2,0
0.0,0,1,2,0
0.0,0,1,2,0
0.389512521022619,0,1,2,0
0.261148327372654,0,1,2,0
0.389512521022619,1,1,2,0
0.0,0,1,2,0
0.389512521022619,0,1,2,0
0.261148327372654,1,1,2,0
0.0,0,1,2,0
0.0,1,1,2,0
0.0,0,1,2,0
0.0,1,1,2,0
0.53526263459471,1,1,2,0
0.53526263459471,1,1,2,0
0.261148327372654,1,1,2,0
0.0,1,1,2,0
0.0,1,1,2,0
1.0,1,1,3,1
1.0,1,1,3,1
1.0,1,1,3,1
1.0,1,1,3,1
1.0,1,1,3,1
1.0,1,1,3,1
1.0,1,1,3,1
1.0,1,1,3,1
1.0,1,1,3,1
1.0,1,1,3,1
1.0,1,1,3,1
1.0,1,1,3,1
1.0,1,1,3,1
1.0,1,1,3,1
1.0,1,1,3,1
1.0,1,1,3,1
1.0,1,1,3,1
1.0,1,1,3,1
1.0,1,1,3,1
1.0,1,1,3,1
0.537269904149515,1,1,3,0
0.482577808243511,1,1,3,0
0.591079624811099,0,1,3,0
0.537269904149515,0,1,3,0
0.537269904149515,1,1,3,0
0.537269904149515,1,1,3,0
0.537269904149515,0,1,3,0
0.537269904149515,1,1,3,0
0.482577808243511,0,1,3,0
0.0,0,1,3,0
0.591079624811099,0,1,3,0
0.482577808243511,1,1,3,0
0.537269904149515,0,1,3,0
0.537269904149515,0,1,3,0
0.482577808243511,1,1,3,0
0.537269904149515,0,1,3,0
0.0,0,1,3,0
0.537269904149515,1,1,3,0
0.537269904149515,0,1,3,0
0.537269904149515,1,1,3,0
0.0,1,1,3,0
0.537269904149515,1,1,3,0
0.0,0,1,3,0
0.591079624811099,0,1,3,0
0.537269904149515,0,1,3,0
0.482577808243511,0,1,3,0
0.537269904149515,0,1,3,0
0.482577808243511,1,1,3,0
0.537269904149515,0,1,3,0
0.0,0,1,3,0
0.0,0,1,3,0
0.482577808243511,0,1,3,0
0.0,0,1,3,0
0.537269904149515,0,1,3,0
0.0,0,1,3,0
0.0,0,1,3,0
0.591079624811099,0,1,3,0
0.537269904149515,0,1,3,0
0.0,1,1,3,0
0.482577808243511,0,1,3,0
0.0,1,1,3,0
0.0,0,1,3,0
0.0,1,1,3,0
0.537269904149515,0,1,3,0
0.482577808243511,0,1,3,0
0.537269904149515,1,1,3,0
0.537269904149515,1,1,3,0
0.0,0,1,3,0
0.482577808243511,1,1,3,0
0.0,0,1,3,0
0.482577808243511,1,1,3,0
0.0,0,1,3,0
0.482577808243511,0,1,3,0
0.591079624811099,0,1,3,0
0.0,1,1,3,0
0.591079624811099,0,1,3,0
0.537269904149515,1,1,3,0
0.0,1,1,3,0
0.0,1,1,3,0
0.0,0,1,3,0
0.0,1,1,3,0
0.0,0,1,3,0
0.0,0,1,3,0
0.0,1,1,3,0
0.537269904149515,1,1,3,0
0.537269904149515,1,1,3,0
0.537269904149515,0,1,3,0
0.591079624811099,1,1,3,0
0.0,0,1,3,0
0.482577808243511,0,1,3,0
0.482577808243511,1,1,3,0
0.0,1,1,3,0
0.537269904149515,1,1,3,0
0.0,0,1,3,0
0.0,0,1,3,0
0.0,0,1,3,0
0.482577808243511,0,1,3,0
0.0,1,1,3,0
0.482577808243511,0,1,3,0
0.591079624811099,0,1,3,0
0.0,1,1,3,0
0.482577808243511,0,1,3,0
0.0,0,1,3,0
0.591079624811099,1,1,3,0
0.482577808243511,0,1,3,0
0.482577808243511,1,1,3,0
0.591079624811099,1,1,3,0
0.0,0,1,3,0
0.537269904149515,0,1,3,0
0.0,0,1,3,0
0.0,1,1,3,0
0.0,1,1,3,0
0.482577808243511,0,1,3,0
0.0,1,1,3,0
0.0,1,1,3,0
0.537269904149515,0,1,3,0
0.0,1,1,3,0
0.537269904149515,0,1,3,0
0.0,1,1,3,0
0.537269904149515,1,1,3,0
1.0,1,2,2,1
0.999925428368083,1,2,2,0
0.450151482768996,0,2,2,0
0.450151482768996,1,2,2,0
4.99822244618023e-5,0,2,2,0
4.99822244618023e-5,1,2,2,0
0.0,0,2,2,0
0.450151482768996,0,2,2,0
0.450151482768996,0,2,2,0
0.450151482768996,1,2,2,0
4.99822244618023e-5,0,2,2,0
0.450151482768996,0,2,2,0
0.450151482768996,0,2,2,0
0.0,0,2,2,0
0.450151482768996,0,2,2,0
0.450151482768996,1,2,2,0
0.450151482768996,0,2,2,0
0.450151482768996,1,2,2,0
0.450151482768996,0,2,2,0
0.999925428368083,1,2,2,0
4.99822244618023e-5,1,2,2,0
0.450151482768996,1,2,2,0
4.99822244618023e-5,0,2,2,0
0.450151482768996,1,2,2,0
0.0,1,2,2,0
0.0,0,2,2,0
0.0,0,2,2,0
0.450151482768996,1,2,2,0
0.999925428368083,0,2,2,0
0.0,0,2,2,0
0.450151482768996,0,2,2,0
0.0,1,2,2,0
0.0,0,2,2,0
4.99822244618023e-5,0,2,2,0
0.0,1,2,2,0
0.999925428368083,1,2,2,0
0.0,0,2,2,0
4.99822244618023e-5,1,2,2,0
0.450151482768996,1,2,2,0
4.99822244618023e-5,0,2,2,0
0.450151482768996,1,2,2,0
0.0,1,2,2,0
0.0,0,2,2,0
0.0,0,2,2,0
0.0,0,2,2,0
0.0,0,2,2,0
0.0,0,2,2,0
4.99822244618023e-5,1,2,2,0
0.0,0,2,2,0
4.99822244618023e-5,0,2,2,0
0.999925428368083,1,2,2,0
0.999925428368083,1,2,2,0
0.450151482768996,0,2,2,0
4.99822244618023e-5,1,2,2,0
0.0,0,2,2,0
0.450151482768996,0,2,2,0
0.0,0,2,2,0
0.450151482768996,0,2,2,0
0.450151482768996,0,2,2,0
4.99822244618023e-5,0,2,2,0
0.0,0,2,2,0
0.0,0,2,2,0
0.0,0,2,2,0
0.0,0,2,2,0
4.99822244618023e-5,0,2,2,0
0.450151482768996,1,2,2,0
0.999925428368083,1,2,2,0
0.450151482768996,1,2,2,0
0.0,1,2,2,0
0.0,1,2,2,0
0.450151482768996,1,2,2,0
4.99822244618023e-5,0,2,2,0
0.999925428368083,1,2,2,0
0.0,0,2,2,0
4.99822244618023e-5,1,2,2,0
4.99822244618023e-5,0,2,2,0
0.450151482768996,1,2,2,0
0.0,0,2,2,0
0.0,0,2,2,0
0.0,0,2,2,0
0.0,0,2,2,0
0.450151482768996,1,2,2,0
4.99822244618023e-5,0,2,2,0
0.450151482768996,1,2,2,0
4.99822244618023e-5,1,2,2,0
0.450151482768996,0,2,2,0
0.450151482768996,1,2,2,0
4.99822244618023e-5,0,2,2,0
0.0,0,2,2,0
0.0,0,2,2,0
0.0,0,2,2,0
0.0,0,2,2,0
4.99822244618023e-5,1,2,2,0
0.999925428368083,1,2,2,0
0.0,0,2,2,0
0.0,0,2,2,0
0.0,0,2,2,0
0.0,0,2,2,0
0.0,0,2,2,0
0.0,0,2,2,0
0.999925428368083,1,2,2,0
1.0,1,2,3,1
1.0,1,2,3,1
1.0,1,2,3,1
1.0,1,2,3,1
1.0,1,2,3,1
1.0,1,2,3,1
1.0,1,2,3,1
1.0,1,2,3,1
1.0,1,2,3,1
1.0,1,2,3,1
1.0,1,2,3,1
1.0,1,2,3,1
1.0,1,2,3,1
1.0,1,2,3,1
1.0,1,2,3,1
1.0,1,2,3,1
1.0,1,2,3,1
1.0,1,2,3,1
1.0,1,2,3,1
1.0,1,2,3,1
0.541789168502602,0,2,3,0
0.157273835574145,0,2,3,0
0.882233059140719,1,2,3,0
0.157273835574145,1,2,3,0
0.541789168502602,1,2,3,0
0.541789168502602,1,2,3,0
0.541789168502602,0,2,3,0
0.0,0,2,3,0
0.0,0,2,3,0
0.541789168502602,1,2,3,0
0.541789168502602,0,2,3,0
0.157273835574145,0,2,3,0
0.541789168502602,0,2,3,0
0.541789168502602,1,2,3,0
0.541789168502602,0,2,3,0
0.541789168502602,0,2,3,0
0.157273835574145,0,2,3,0
0.882233059140719,1,2,3,0
0.541789168502602,1,2,3,0
0.541789168502602,0,2,3,0
0.0,1,2,3,0
0.541789168502602,1,2,3,0
0.0,0,2,3,0
0.0,0,2,3,0
0.0,1,2,3,0
0.0,0,2,3,0
0.541789168502602,0,2,3,0
0.157273835574145,1,2,3,0
0.0,0,2,3,0
0.157273835574145,0,2,3,0
0.541789168502602,1,2,3,0
0.882233059140719,1,2,3,0
0.157273835574145,0,2,3,0
0.157273835574145,0,2,3,0
0.541789168502602,1,2,3,0
0.882233059140719,1,2,3,0
0.0,0,2,3,0
0.541789168502602,0,2,3,0
0.0,0,2,3,0
0.541789168502602,0,2,3,0
0.882233059140719,1,2,3,0
0.882233059140719,1,2,3,0
0.0,0,2,3,0
0.0,0,2,3,0
0.157273835574145,0,2,3,0
0.157273835574145,0,2,3,0
0.157273835574145,0,2,3,0
0.0,0,2,3,0
0.0,0,2,3,0
0.0,0,2,3,0
0.0,0,2,3,0
0.541789168502602,0,2,3,0
0.0,0,2,3,0
0.0,0,2,3,0
0.541789168502602,0,2,3,0
0.0,0,2,3,0
0.0,0,2,3,0
0.541789168502602,0,2,3,0
0.157273835574145,0,2,3,0
0.541789168502602,0,2,3,0
0.0,0,2,3,0
0.157273835574145,0,2,3,0
0.0,0,2,3,0
0.157273835574145,0,2,3,0
0.0,0,2,3,0
0.0,0,2,3,0
0.0,1,2,3,0
0.0,1,2,3,0
0.541789168502602,0,2,3,0
0.0,0,2,3,0
0.0,1,2,3,0
0.882233059140719,0,2,3,0
0.157273835574145,0,2,3,0
0.541789168502602,0,2,3,0
0.0,1,2,3,0
0.157273835574145,1,2,3,0
0.882233059140719,1,2,3,0
0.541789168502602,0,2,3,0
0.541789168502602,0,2,3,0
0.0,0,2,3,0
0.0,1,2,3,0
0.157273835574145,1,2,3,0
0.157273835574145,1,2,3,0
0.541789168502602,0,2,3,0
0.0,0,2,3,0
0.0,1,2,3,0
0.0,1,2,3,0
0.0,1,2,3,0
0.157273835574145,0,2,3,0
0.0,0,2,3,0
0.882233059140719,1,2,3,0
0.157273835574145,0,2,3,0
0.0,1,2,3,0
0.541789168502602,1,2,3,0
0.0,1,2,3,0
0.541789168502602,0,2,3,0
0.0,1,2,3,0
0.882233059140719,0,2,3,0
0.541789168502602,1,2,3,0
0.0,1,2,3,0
1.0,1,3,2,1
0.0,0,3,2,0
0.354433956288146,0,3,2,0
0.0,0,3,2,0
0.354433956288146,0,3,2,0
0.354433956288146,0,3,2,0
0.354433956288146,1,3,2,0
0.354433956288146,0,3,2,0
0.354433956288146,0,3,2,0
0.221499749889952,0,3,2,0
0.354433956288146,0,3,2,0
0.354433956288146,0,3,2,0
0.354433956288146,0,3,2,0
0.354433956288146,0,3,2,0
0.514430208883956,1,3,2,0
0.354433956288146,0,3,2,0
0.221499749889952,0,3,2,0
0.354433956288146,0,3,2,0
0.514430208883956,1,3,2,0
0.221499749889952,0,3,2,0
0.221499749889952,0,3,2,0
0.354433956288146,0,3,2,0
0.0,0,3,2,0
0.354433956288146,0,3,2,0
0.221499749889952,0,3,2,0
0.0,0,3,2,0
0.514430208883956,0,3,2,0
0.354433956288146,0,3,2,0
0.0,0,3,2,0
0.0,0,3,2,0
0.0,0,3,2,0
0.354433956288146,0,3,2,0
0.0,0,3,2,0
0.0,0,3,2,0
0.0,0,3,2,0
0.221499749889952,0,3,2,0
0.354433956288146,1,3,2,0
0.514430208883956,0,3,2,0
0.221499749889952,0,3,2,0
0.221499749889952,0,3,2,0
0.354433956288146,0,3,2,0
0.0,0,3,2,0
0.221499749889952,0,3,2,0
0.221499749889952,0,3,2,0
0.514430208883956,1,3,2,0
0.221499749889952,0,3,2,0
0.0,0,3,2,0
0.221499749889952,0,3,2,0
0.0,0,3,2,0
0.354433956288146,0,3,2,0
0.0,0,3,2,0
0.514430208883956,1,3,2,0
0.354433956288146,0,3,2,0
0.0,0,3,2,0
0.354433956288146,1,3,2,0
0.354433956288146,1,3,2,0
0.0,0,3,2,0
0.0,0,3,2,0
0.0,0,3,2,0
0.0,0,3,2,0
0.0,0,3,2,0
0.514430208883956,1,3,2,0
0.0,0,3,2,0
0.354433956288146,1,3,2,0
0.221499749889952,0,3,2,0
0.354433956288146,1,3,2,0
0.0,0,3,2,0
0.221499749889952,0,3,2,0
0.0,0,3,2,0
0.0,0,3,2,0
0.221499749889952,1,3,2,0
0.354433956288146,1,3,2,0
0.221499749889952,0,3,2,0
0.0,0,3,2,0
0.0,0,3,2,0
0.514430208883956,1,3,2,0
0.354433956288146,0,3,2,0
0.0,0,3,2,0
0.0,0,3,2,0
0.0,0,3,2,0
0.0,0,3,2,0
0.514430208883956,1,3,2,0
0.0,0,3,2,0
0.0,0,3,2,0
0.0,0,3,2,0
0.0,0,3,2,0
0.354433956288146,0,3,2,0
0.221499749889952,1,3,2,0
0.0,0,3,2,0
0.0,0,3,2,0
0.354433956288146,0,3,2,0
0.0,0,3,2,0
0.221499749889952,0,3,2,0
0.0,0,3,2,0
0.221499749889952,1,3,2,0
0.514430208883956,1,3,2,0
0.354433956288146,0,3,2,0
0.0,0,3,2,0
0.0,0,3,2,0
0.221499749889952,0,3,2,0
0.354433956288146,0,3,2,0
1.0,1,3,3,1
1.0,1,3,3,1
1.0,1,3,3,1
1.0,1,3,3,1
1.0,1,3,3,1
1.0,1,3,3,1
1.0,1,3,3,1
1.0,1,3,3,1
1.0,1,3,3,1
1.0,1,3,3,1
1.0,1,3,3,1
1.0,1,3,3,1
1.0,1,3,3,1
1.0,1,3,3,1
1.0,1,3,3,1
1.0,1,3,3,1
1.0,1,3,3,1
1.0,1,3,3,1
1.0,1,3,3,1
1.0,1,3,3,1
0.238617894344602,0,3,3,0
0.238617894344602,1,3,3,0
0.496598405434002,1,3,3,0
0.496598405434002,1,3,3,0
0.496598405434002,0,3,3,0
0.496598405434002,1,3,3,0
0.496598405434002,1,3,3,0
0.0,0,3,3,0
0.756402922400815,1,3,3,0
0.756402922400815,1,3,3,0
0.0,0,3,3,0
0.496598405434002,1,3,3,0
0.496598405434002,1,3,3,0
0.238617894344602,1,3,3,0
0.496598405434002,1,3,3,0
0.496598405434002,1,3,3,0
0.496598405434002,1,3,3,0
0.238617894344602,1,3,3,0
0.496598405434002,1,3,3,0
0.496598405434002,1,3,3,0
0.756402922400815,1,3,3,0
0.0,0,3,3,0
0.496598405434002,1,3,3,0
0.238617894344602,1,3,3,0
0.238617894344602,0,3,3,0
0.238617894344602,1,3,3,0
0.0,0,3,3,0
0.756402922400815,1,3,3,0
0.496598405434002,1,3,3,0
0.0,0,3,3,0
0.496598405434002,1,3,3,0
0.0,0,3,3,0
0.0,0,3,3,0
0.496598405434002,0,3,3,0
0.0,0,3,3,0
0.496598405434002,1,3,3,0
0.496598405434002,0,3,3,0
0.0,0,3,3,0
0.0,0,3,3,0
0.238617894344602,0,3,3,0
0.238617894344602,0,3,3,0
0.0,0,3,3,0
0.0,0,3,3,0
0.756402922400815,0,3,3,0
0.0,0,3,3,0
0.496598405434002,0,3,3,0
0.0,0,3,3,0
0.496598405434002,1,3,3,0
0.0,0,3,3,0
0.0,0,3,3,0
0.238617894344602,0,3,3,0
0.0,0,3,3,0
0.0,0,3,3,0
0.0,0,3,3,0
0.756402922400815,1,3,3,0
0.496598405434002,1,3,3,0
0.496598405434002,1,3,3,0
0.238617894344602,1,3,3,0
0.238617894344602,0,3,3,0
0.0,0,3,3,0
0.238617894344602,0,3,3,0
0.0,1,3,3,0
0.238617894344602,1,3,3,0
0.496598405434002,1,3,3,0
0.0,1,3,3,0
0.496598405434002,1,3,3,0
0.0,0,3,3,0
0.238617894344602,0,3,3,0
0.0,0,3,3,0
0.0,0,3,3,0
0.756402922400815,1,3,3,0
0.756402922400815,1,3,3,0
0.0,0,3,3,0
0.0,0,3,3,0
0.0,0,3,3,0
0.496598405434002,1,3,3,0
0.496598405434002,1,3,3,0
0.0,0,3,3,0
0.0,0,3,3,0
0.0,0,3,3,0
0.756402922400815,1,3,3,0
0.0,0,3,3,0
0.0,0,3,3,0
0.756402922400815,1,3,3,0
0.0,0,3,3,0
0.238617894344602,1,3,3,0
0.238617894344602,1,3,3,0
0.0,0,3,3,0
0.238617894344602,0,3,3,0
0.496598405434002,1,3,3,0
0.0,0,3,3,0
0.238617894344602,1,3,3,0
0.496598405434002,1,3,3,0
0.0,0,3,3,0
0.496598405434002,1,3,3,0
0.0,0,3,3,0
0.0,0,3,3,0
0.496598405434002,1,3,3,0
0.0,0,3,3,0
0.0,0,3,3,0
1.0,1,4,2,1
0.602951812452286,1,4,2,0
0.184744961195508,1,4,2,0
0.602951812452286,1,4,2,0
0.0,1,4,2,0
0.184744961195508,0,4,2,0
0.602951812452286,1,4,2,0
0.602951812452286,1,4,2,0
0.602951812452286,1,4,2,0
0.602951812452286,1,4,2,0
0.602951812452286,1,4,2,0
0.602951812452286,1,4,2,0
0.602951812452286,1,4,2,0
0.184744961195508,1,4,2,0
0.0,1,4,2,0
0.910526781382538,1,4,2,0
0.602951812452286,1,4,2,0
0.602951812452286,1,4,2,0
0.602951812452286,1,4,2,0
0.184744961195508,1,4,2,0
0.910526781382538,1,4,2,0
0.0,1,4,2,0
0.910526781382538,1,4,2,0
0.602951812452286,1,4,2,0
0.0,1,4,2,0
0.602951812452286,1,4,2,0
0.602951812452286,1,4,2,0
0.602951812452286,1,4,2,0
0.602951812452286,1,4,2,0
0.184744961195508,0,4,2,0
0.0,0,4,2,0
0.0,0,4,2,0
0.184744961195508,1,4,2,0
0.602951812452286,1,4,2,0
0.0,0,4,2,0
0.0,1,4,2,0
0.0,1,4,2,0
0.184744961195508,1,4,2,0
0.910526781382538,1,4,2,0
0.184744961195508,1,4,2,0
0.0,1,4,2,0
0.602951812452286,0,4,2,0
0.0,0,4,2,0
0.184744961195508,1,4,2,0
0.0,1,4,2,0
0.184744961195508,1,4,2,0
0.0,1,4,2,0
0.0,1,4,2,0
0.602951812452286,1,4,2,0
0.0,0,4,2,0
0.0,0,4,2,0
0.602951812452286,1,4,2,0
0.910526781382538,1,4,2,0
0.0,0,4,2,0
0.602951812452286,1,4,2,0
0.0,1,4,2,0
0.0,0,4,2,0
0.0,0,4,2,0
0.910526781382538,1,4,2,0
0.184744961195508,1,4,2,0
0.184744961195508,1,4,2,0
0.0,1,4,2,0
0.0,0,4,2,0
0.0,0,4,2,0
0.910526781382538,1,4,2,0
0.602951812452286,1,4,2,0
0.184744961195508,1,4,2,0
0.602951812452286,1,4,2,0
0.0,0,4,2,0
0.0,1,4,2,0
0.602951812452286,1,4,2,0
0.602951812452286,1,4,2,0
0.0,0,4,2,0
0.0,0,4,2,0
0.0,0,4,2,0
0.184744961195508,0,4,2,0
0.0,1,4,2,0
0.184744961195508,1,4,2,0
0.184744961195508,1,4,2,0
0.910526781382538,1,4,2,0
0.0,1,4,2,0
0.0,0,4,2,0
0.0,0,4,2,0
0.0,0,4,2,0
0.0,0,4,2,0
0.0,1,4,2,0
0.0,1,4,2,0
0.602951812452286,1,4,2,0
0.184744961195508,1,4,2,0
0.602951812452286,1,4,2,0
0.910526781382538,1,4,2,0
0.602951812452286,1,4,2,0
0.184744961195508,1,4,2,0
0.910526781382538,1,4,2,0
0.0,1,4,2,0
0.184744961195508,1,4,2,0
0.0,0,4,2,0
0.602951812452286,1,4,2,0
0.184744961195508,1,4,2,0
0.0,0,4,2,0
0.0,0,4,2,0
1.0,1,4,3,1
1.0,1,4,3,1
1.0,1,4,3,1
1.0,1,4,3,1
1.0,1,4,3,1
1.0,1,4,3,1
1.0,1,4,3,1
1.0,1,4,3,1
1.0,1,4,3,1
1.0,1,4,3,1
1.0,1,4,3,1
1.0,1,4,3,1
1.0,1,4,3,1
1.0,1,4,3,1
1.0,1,4,3,1
1.0,1,4,3,1
1.0,1,4,3,1
1.0,1,4,3,1
1.0,1,4,3,1
1.0,1,4,3,1
0.795468088439635,1,4,3,0
0.450078468738227,1,4,3,0
0.640820364291005,1,4,3,0
0.0,0,4,3,0
0.640820364291005,1,4,3,0
0.450078468738227,1,4,3,0
0.640820364291005,1,4,3,0
0.640820364291005,1,4,3,0
0.450078468738227,1,4,3,0
0.640820364291005,1,4,3,0
0.640820364291005,1,4,3,0
0.640820364291005,1,4,3,0
0.640820364291005,1,4,3,0
0.640820364291005,1,4,3,0
0.640820364291005,1,4,3,0
0.450078468738227,1,4,3,0
0.640820364291005,1,4,3,0
0.0,0,4,3,0
0.795468088439635,0,4,3,0
0.640820364291005,0,4,3,0
0.0,0,4,3,0
0.795468088439635,1,4,3,0
0.450078468738227,1,4,3,0
0.640820364291005,1,4,3,0
0.450078468738227,0,4,3,0
0.0,0,4,3,0
0.640820364291005,1,4,3,0
0.450078468738227,1,4,3,0
0.0,0,4,3,0
0.640820364291005,1,4,3,0
0.0,0,4,3,0
0.640820364291005,1,4,3,0
0.450078468738227,1,4,3,0
0.640820364291005,1,4,3,0
0.0,0,4,3,0
0.0,0,4,3,0
0.640820364291005,1,4,3,0
0.795468088439635,1,4,3,0
0.0,0,4,3,0
0.0,0,4,3,0
0.0,0,4,3,0
0.795468088439635,1,4,3,0
0.640820364291005,1,4,3,0
0.640820364291005,0,4,3,0
0.795468088439635,1,4,3,0
0.0,1,4,3,0
0.450078468738227,1,4,3,0
0.0,0,4,3,0
0.450078468738227,0,4,3,0
0.450078468738227,1,4,3,0
0.0,0,4,3,0
0.640820364291005,1,4,3,0
0.0,0,4,3,0
0.0,0,4,3,0
0.0,0,4,3,0
0.640820364291005,1,4,3,0
0.0,0,4,3,0
0.0,0,4,3,0
0.0,0,4,3,0
0.450078468738227,0,4,3,0
0.640820364291005,1,4,3,0
0.640820364291005,1,4,3,0
0.450078468738227,1,4,3,0
0.0,0,4,3,0
0.0,0,4,3,0
0.0,0,4,3,0
0.795468088439635,1,4,3,0
0.0,0,4,3,0
0.0,1,4,3,0
0.450078468738227,0,4,3,0
0.795468088439635,1,4,3,0
0.0,0,4,3,0
0.450078468738227,1,4,3,0
0.0,0,4,3,0
0.0,0,4,3,0
0.450078468738227,1,4,3,0
0.0,0,4,3,0
0.640820364291005,1,4,3,0
0.0,0,4,3,0
0.640820364291005,1,4,3,0
0.0,0,4,3,0
0.640820364291005,0,4,3,0
0.450078468738227,1,4,3,0
0.0,0,4,3,0
0.640820364291005,1,4,3,0
0.450078468738227,0,4,3,0
0.450078468738227,0,4,3,0
0.795468088439635,1,4,3,0
0.0,0,4,3,0
0.640820364291005,0,4,3,0
0.0,1,4,3,0
0.795468088439635,0,4,3,0
0.0,1,4,3,0
0.0,0,4,3,0
0.0,0,4,3,0
0.0,0,4,3,0
0.450078468738227,0,4,3,0
0.640820364291005,1,4,3,0
0.0,0,4,3,0
0.0,0,4,3,0
1.0,1,5,2,1
0.649391896768855,0,5,2,0
0.810060504884455,0,5,2,0
0.649391896768855,1,5,2,0
0.649391896768855,1,5,2,0
0.445796649255917,0,5,2,0
0.649391896768855,0,5,2,0
0.649391896768855,1,5,2,0
0.0,1,5,2,0
0.649391896768855,0,5,2,0
0.649391896768855,1,5,2,0
0.445796649255917,0,5,2,0
0.649391896768855,0,5,2,0
0.649391896768855,0,5,2,0
0.810060504884455,0,5,2,0
0.0,0,5,2,0
0.649391896768855,1,5,2,0
0.445796649255917,1,5,2,0
0.649391896768855,0,5,2,0
0.649391896768855,0,5,2,0
0.445796649255917,0,5,2,0
0.0,0,5,2,0
0.649391896768855,0,5,2,0
0.445796649255917,0,5,2,0
0.0,0,5,2,0
0.0,0,5,2,0
0.445796649255917,0,5,2,0
0.649391896768855,0,5,2,0
0.0,0,5,2,0
0.445796649255917,0,5,2,0
0.649391896768855,0,5,2,0
0.810060504884455,0,5,2,0
0.0,0,5,2,0
0.0,0,5,2,0
0.649391896768855,0,5,2,0
0.649391896768855,0,5,2,0
0.0,0,5,2,0
0.810060504884455,0,5,2,0
0.0,0,5,2,0
0.649391896768855,0,5,2,0
0.445796649255917,0,5,2,0
0.810060504884455,0,5,2,0
0.0,0,5,2,0
0.0,0,5,2,0
0.0,0,5,2,0
0.649391896768855,0,5,2,0
0.649391896768855,0,5,2,0
0.445796649255917,0,5,2,0
0.0,0,5,2,0
0.0,0,5,2,0
0.0,0,5,2,0
0.445796649255917,0,5,2,0
0.0,0,5,2,0
0.0,0,5,2,0
0.649391896768855,0,5,2,0
0.445796649255917,0,5,2,0
0.445796649255917,0,5,2,0
0.649391896768855,0,5,2,0
0.0,0,5,2,0
0.810060504884455,0,5,2,0
0.0,0,5,2,0
0.0,0,5,2,0
0.0,0,5,2,0
0.0,0,5,2,0
0.649391896768855,0,5,2,0
0.445796649255917,0,5,2,0
0.0,0,5,2,0
0.810060504884455,0,5,2,0
0.649391896768855,0,5,2,0
0.810060504884455,0,5,2,0
0.445796649255917,0,5,2,0
0.0,0,5,2,0
0.0,0,5,2,0
0.0,0,5,2,0
0.649391896768855,0,5,2,0
0.0,0,5,2,0
0.445796649255917,0,5,2,0
0.649391896768855,0,5,2,0
0.0,0,5,2,0
0.0,0,5,2,0
0.445796649255917,0,5,2,0
0.0,0,5,2,0
0.0,0,5,2,0
0.0,0,5,2,0
0.0,0,5,2,0
0.810060504884455,0,5,2,0
0.649391896768855,0,5,2,0
0.0,0,5,2,0
0.649391896768855,0,5,2,0
0.445796649255917,0,5,2,0
0.0,0,5,2,0
0.0,0,5,2,0
0.0,0,5,2,0
0.649391896768855,0,5,2,0
0.0,0,5,2,0
0.0,0,5,2,0
0.445796649255917,0,5,2,0
0.445796649255917,0,5,2,0
0.445796649255917,0,5,2,0
0.810060504884455,0,5,2,0
0.649391896768855,0,5,2,0
1.0,1,5,3,1
1.0,1,5,3,1
1.0,1,5,3,1
1.0,1,5,3,1
1.0,1,5,3,1
1.0,1,5,3,1
1.0,1,5,3,1
1.0,1,5,3,1
1.0,1,5,3,1
1.0,1,5,3,1
1.0,1,5,3,1
1.0,1,5,3,1
1.0,1,5,3,1
1.0,1,5,3,1
1.0,1,5,3,1
1.0,1,5,3,1
1.0,1,5,3,1
1.0,1,5,3,1
1.0,1,5,3,1
1.0,1,5,3,1
0.322820202201316,0,5,3,0
0.563433026104814,1,5,3,0
0.563433026104814,0,5,3,0
0.563433026104814,1,5,3,0
0.563433026104814,0,5,3,0
0.322820202201316,0,5,3,0
0.563433026104814,0,5,3,0
0.563433026104814,0,5,3,0
0.777482372807371,1,5,3,0
0.322820202201316,0,5,3,0
0.0,1,5,3,0
0.0,1,5,3,0
0.563433026104814,1,5,3,0
0.563433026104814,0,5,3,0
0.777482372807371,0,5,3,0
0.563433026104814,1,5,3,0
0.563433026104814,1,5,3,0
0.563433026104814,1,5,3,0
0.322820202201316,0,5,3,0
0.563433026104814,1,5,3,0
0.322820202201316,1,5,3,0
0.322820202201316,1,5,3,0
0.322820202201316,0,5,3,0
0.0,0,5,3,0
0.777482372807371,1,5,3,0
0.563433026104814,1,5,3,0
0.0,1,5,3,0
0.0,0,5,3,0
0.0,1,5,3,0
0.563433026104814,0,5,3,0
0.0,0,5,3,0
0.0,0,5,3,0
0.563433026104814,0,5,3,0
0.563433026104814,0,5,3,0
0.563433026104814,1,5,3,0
0.563433026104814,0,5,3,0
0.777482372807371,0,5,3,0
0.0,1,5,3,0
0.322820202201316,1,5,3,0
0.0,1,5,3,0
0.563433026104814,0,5,3,0
0.0,0,5,3,0
0.777482372807371,0,5,3,0
0.322820202201316,0,5,3,0
0.563433026104814,1,5,3,0
0.322820202201316,0,5,3,0
0.777482372807371,0,5,3,0
0.0,0,5,3,0
0.0,1,5,3,0
0.0,0,5,3,0
0.0,0,5,3,0
0.322820202201316,1,5,3,0
0.0,1,5,3,0
0.0,0,5,3,0
0.563433026104814,0,5,3,0
0.563433026104814,1,5,3,0
0.322820202201316,1,5,3,0
0.0,0,5,3,0
0.0,0,5,3,0
0.0,0,5,3,0
0.322820202201316,0,5,3,0
0.0,0,5,3,0
0.563433026104814,0,5,3,0
0.0,0,5,3,0
0.0,0,5,3,0
0.322820202201316,0,5,3,0
0.777482372807371,0,5,3,0
0.322820202201316,0,5,3,0
0.0,0,5,3,0
0.777482372807371,0,5,3,0
0.0,0,5,3,0
0.0,0,5,3,0
0.563433026104814,0,5,3,0
0.0,0,5,3,0
0.0,0,5,3,0
0.563433026104814,0,5,3,0
0.0,0,5,3,0
0.563433026104814,0,5,3,0
0.0,0,5,3,0
0.322820202201316,0,5,3,0
0.322820202201316,0,5,3,0
0.0,0,5,3,0
0.0,0,5,3,0
0.0,0,5,3,0
0.0,0,5,3,0
0.563433026104814,0,5,3,0
0.777482372807371,0,5,3,0
0.563433026104814,0,5,3,0
0.0,0,5,3,0
0.0,0,5,3,0
0.563433026104814,1,5,3,0
0.322820202201316,1,5,3,0
0.563433026104814,0,5,3,0
0.322820202201316,0,5,3,0
0.0,0,5,3,0
0.322820202201316,0,5,3,0
0.0,0,5,3,0
0.0,0,5,3,0
0.0,0,5,3,0
0.777482372807371,0,5,3,0
1.0,1,6,2,1
0.470591173605016,0,6,2,0
0.470591173605016,1,6,2,0
0.146818647754161,0,6,2,0
0.0,0,6,2,0
0.470591173605016,0,6,2,0
0.470591173605016,0,6,2,0
0.470591173605016,0,6,2,0
0.0,0,6,2,0
0.470591173605016,0,6,2,0
0.821160747070447,0,6,2,0
0.146818647754161,0,6,2,0
0.470591173605016,0,6,2,0
0.470591173605016,0,6,2,0
0.146818647754161,1,6,2,0
0.146818647754161,0,6,2,0
0.470591173605016,1,6,2,0
0.821160747070447,1,6,2,0
0.470591173605016,1,6,2,0
0.470591173605016,1,6,2,0
0.470591173605016,1,6,2,0
0.821160747070447,1,6,2,0
0.0,0,6,2,0
0.470591173605016,0,6,2,0
0.146818647754161,0,6,2,0
0.0,0,6,2,0
0.470591173605016,0,6,2,0
0.470591173605016,0,6,2,0
0.0,0,6,2,0
0.0,0,6,2,0
0.470591173605016,0,6,2,0
0.146818647754161,0,6,2,0
0.146818647754161,0,6,2,0
0.470591173605016,1,6,2,0
0.0,0,6,2,0
0.0,0,6,2,0
0.0,0,6,2,0
0.470591173605016,0,6,2,0
0.821160747070447,0,6,2,0
0.0,0,6,2,0
0.146818647754161,0,6,2,0
0.0,0,6,2,0
0.0,0,6,2,0
0.0,0,6,2,0
0.0,0,6,2,0
0.0,0,6,2,0
0.470591173605016,1,6,2,0
0.146818647754161,0,6,2,0
0.821160747070447,0,6,2,0
0.146818647754161,0,6,2,0
0.470591173605016,0,6,2,0
0.0,0,6,2,0
0.0,0,6,2,0
0.470591173605016,0,6,2,0
0.146818647754161,1,6,2,0
0.146818647754161,0,6,2,0
0.0,0,6,2,0
0.821160747070447,1,6,2,0
0.0,0,6,2,0
0.0,0,6,2,0
0.470591173605016,1,6,2,0
0.0,1,6,2,0
0.470591173605016,0,6,2,0
0.470591173605016,0,6,2,0
0.0,0,6,2,0
0.146818647754161,0,6,2,0
0.146818647754161,1,6,2,0
0.0,0,6,2,0
0.0,0,6,2,0
0.0,0,6,2,0
0.0,0,6,2,0
0.0,0,6,2,0
0.0,0,6,2,0
0.821160747070447,1,6,2,0
0.0,0,6,2,0
0.146818647754161,0,6,2,0
0.470591173605016,0,6,2,0
0.0,0,6,2,0
0.470591173605016,1,6,2,0
0.146818647754161,1,6,2,0
0.821160747070447,1,6,2,0
0.0,0,6,2,0
0.0,0,6,2,0
0.146818647754161,0,6,2,0
0.470591173605016,1,6,2,0
0.470591173605016,0,6,2,0
0.0,0,6,2,0
0.0,0,6,2,0
0.0,0,6,2,0
0.821160747070447,0,6,2,0
0.146818647754161,0,6,2,0
0.0,0,6,2,0
0.0,0,6,2,0
0.470591173605016,1,6,2,0
0.821160747070447,1,6,2,0
0.146818647754161,0,6,2,0
0.0,0,6,2,0
0.0,0,6,2,0
0.0,0,6,2,0
0.470591173605016,0,6,2,0
0.146818647754161,0,6,2,0
1.0,1,6,3,1
1.0,1,6,3,1
1.0,1,6,3,1
1.0,1,6,3,1
1.0,1,6,3,1
1.0,1,6,3,1
1.0,1,6,3,1
1.0,1,6,3,1
1.0,1,6,3,1
1.0,1,6,3,1
1.0,1,6,3,1
1.0,1,6,3,1
1.0,1,6,3,1
1.0,1,6,3,1
1.0,1,6,3,1
1.0,1,6,3,1
1.0,1,6,3,1
1.0,1,6,3,1
1.0,1,6,3,1
1.0,1,6,3,1
0.616664971432701,0,6,3,0
0.51626140708648,1,6,3,0
0.51626140708648,1,6,3,0
0.616664971432701,1,6,3,0
0.51626140708648,1,6,3,0
0.414527627155755,1,6,3,0
0.414527627155755,1,6,3,0
0.51626140708648,1,6,3,0
0.414527627155755,1,6,3,0
0.51626140708648,1,6,3,0
0.0,0,6,3,0
0.51626140708648,1,6,3,0
0.51626140708648,1,6,3,0
0.414527627155755,1,6,3,0
0.51626140708648,1,6,3,0
0.51626140708648,1,6,3,0
0.51626140708648,1,6,3,0
0.51626140708648,1,6,3,0
0.51626140708648,1,6,3,0
0.0,0,6,3,0
0.0,0,6,3,0
0.616664971432701,1,6,3,0
0.51626140708648,1,6,3,0
0.51626140708648,1,6,3,0
0.0,0,6,3,0
0.0,0,6,3,0
0.51626140708648,1,6,3,0
0.0,0,6,3,0
0.414527627155755,1,6,3,0
0.0,0,6,3,0
0.414527627155755,0,6,3,0
0.616664971432701,1,6,3,0
0.0,0,6,3,0
0.51626140708648,1,6,3,0
0.414527627155755,1,6,3,0
0.414527627155755,1,6,3,0
0.0,0,6,3,0
0.51626140708648,0,6,3,0
0.51626140708648,1,6,3,0
0.0,0,6,3,0
0.0,0,6,3,0
0.414527627155755,1,6,3,0
0.414527627155755,1,6,3,0
0.0,0,6,3,0
0.0,0,6,3,0
0.0,0,6,3,0
0.0,0,6,3,0
0.414527627155755,1,6,3,0
0.0,0,6,3,0
0.51626140708648,1,6,3,0
0.0,0,6,3,0
0.616664971432701,1,6,3,0
0.51626140708648,1,6,3,0
0.0,0,6,3,0
0.51626140708648,1,6,3,0
0.0,0,6,3,0
0.51626140708648,0,6,3,0
0.0,0,6,3,0
0.616664971432701,1,6,3,0
0.414527627155755,0,6,3,0
0.0,0,6,3,0
0.0,0,6,3,0
0.414527627155755,1,6,3,0
0.616664971432701,1,6,3,0
0.414527627155755,1,6,3,0
0.0,0,6,3,0
0.616664971432701,1,6,3,0
0.51626140708648,1,6,3,0
0.0,0,6,3,0
0.0,0,6,3,0
0.0,0,6,3,0
0.0,0,6,3,0
0.0,0,6,3,0
0.51626140708648,1,6,3,0
0.0,0,6,3,0
0.51626140708648,1,6,3,0
0.0,0,6,3,0
0.51626140708648,1,6,3,0
0.414527627155755,1,6,3,0
0.414527627155755,1,6,3,0
0.0,0,6,3,0
0.414527627155755,1,6,3,0
0.51626140708648,1,6,3,0
0.414527627155755,0,6,3,0
0.51626140708648,1,6,3,0
0.0,0,6,3,0
0.0,0,6,3,0
0.414527627155755,1,6,3,0
0.0,0,6,3,0
0.51626140708648,1,6,3,0
0.51626140708648,1,6,3,0
0.0,0,6,3,0
0.0,0,6,3,0
0.0,0,6,3,0
0.0,0,6,3,0
0.616664971432701,1,6,3,0
0.0,0,6,3,0
0.414527627155755,1,6,3,0
0.616664971432701,1,6,3,0
0.0,0,6,3,0
1.0,1,7,1,1
0.54652774428818,0,7,1,0
0.28501342297711,1,7,1,0
0.54652774428818,1,7,1,0
0.54652774428818,0,7,1,0
0.784659515274332,0,7,1,0
0.54652774428818,1,7,1,0
0.0,1,7,1,0
0.54652774428818,1,7,1,0
0.54652774428818,1,7,1,0
0.28501342297711,0,7,1,0
0.54652774428818,0,7,1,0
0.28501342297711,0,7,1,0
0.54652774428818,1,7,1,0
0.54652774428818,1,7,1,0
0.0,0,7,1,0
0.28501342297711,1,7,1,0
0.784659515274332,1,7,1,0
0.54652774428818,0,7,1,0
0.54652774428818,1,7,1,0
0.54652774428818,1,7,1,0
0.784659515274332,1,7,1,0
0.0,1,7,1,0
0.28501342297711,0,7,1,0
0.54652774428818,1,7,1,0
0.0,1,7,1,0
0.0,0,7,1,0
0.28501342297711,1,7,1,0
0.54652774428818,0,7,1,0
0.0,1,7,1,0
0.28501342297711,1,7,1,0
0.54652774428818,0,7,1,0
0.54652774428818,1,7,1,0
0.0,0,7,1,0
0.28501342297711,0,7,1,0
0.54652774428818,0,7,1,0
0.0,1,7,1,0
0.0,1,7,1,0
0.784659515274332,1,7,1,0
0.0,0,7,1,0
0.54652774428818,1,7,1,0
0.54652774428818,1,7,1,0
0.54652774428818,0,7,1,0
0.784659515274332,1,7,1,0
0.0,1,7,1,0
0.0,1,7,1,0
0.0,0,7,1,0
0.28501342297711,0,7,1,0
0.784659515274332,0,7,1,0
0.0,1,7,1,0
0.0,0,7,1,0
0.0,1,7,1,0
0.54652774428818,0,7,1,0
0.28501342297711,0,7,1,0
0.28501342297711,0,7,1,0
0.0,0,7,1,0
0.28501342297711,1,7,1,0
0.0,0,7,1,0
0.54652774428818,1,7,1,0
0.0,0,7,1,0
0.0,0,7,1,0
0.0,1,7,1,0
0.0,0,7,1,0
0.0,1,7,1,0
0.0,1,7,1,0
0.28501342297711,0,7,1,0
0.28501342297711,0,7,1,0
0.54652774428818,1,7,1,0
0.28501342297711,1,7,1,0
0.28501342297711,1,7,1,0
0.0,0,7,1,0
0.0,0,7,1,0
0.0,1,7,1,0
0.54652774428818,1,7,1,0
0.54652774428818,0,7,1,0
0.0,0,7,1,0
0.0,0,7,1,0
0.0,1,7,1,0
0.784659515274332,0,7,1,0
0.54652774428818,0,7,1,0
0.784659515274332,1,7,1,0
0.0,1,7,1,0
0.784659515274332,0,7,1,0
0.0,1,7,1,0
0.54652774428818,1,7,1,0
0.0,0,7,1,0
0.0,0,7,1,0
0.54652774428818,0,7,1,0
0.0,0,7,1,0
0.784659515274332,0,7,1,0
0.28501342297711,1,7,1,0
0.54652774428818,0,7,1,0
0.28501342297711,0,7,1,0
0.0,0,7,1,0
0.0,0,7,1,0
0.28501342297711,0,7,1,0
0.0,0,7,1,0
0.0,0,7,1,0
0.54652774428818,0,7,1,0
0.28501342297711,0,7,1,0
0.0,0,7,1,0
1.0,1,7,4,1
1.0,1,7,4,1
1.0,1,7,4,1
1.0,1,7,4,1
1.0,1,7,4,1
1.0,1,7,4,1
1.0,1,7,4,1
1.0,1,7,4,1
1.0,1,7,4,1
1.0,1,7,4,1
1.0,1,7,4,1
1.0,1,7,4,1
1.0,1,7,4,1
1.0,1,7,4,1
1.0,1,7,4,1
1.0,1,7,4,1
1.0,1,7,4,1
1.0,1,7,4,1
1.0,1,7,4,1
1.0,1,7,4,1
0.411289540609595,1,7,4,0
0.724140246755066,1,7,4,0
0.156782350995539,0,7,4,0
0.724140246755066,1,7,4,0
0.411289540609595,1,7,4,0
0.411289540609595,0,7,4,0
0.411289540609595,1,7,4,0
0.411289540609595,0,7,4,0
0.411289540609595,1,7,4,0
0.156782350995539,0,7,4,0
0.411289540609595,1,7,4,0
0.0,0,7,4,0
0.411289540609595,1,7,4,0
0.411289540609595,1,7,4,0
0.411289540609595,0,7,4,0
0.0,0,7,4,0
0.156782350995539,1,7,4,0
0.411289540609595,0,7,4,0
0.411289540609595,0,7,4,0
0.156782350995539,0,7,4,0
0.156782350995539,0,7,4,0
0.156782350995539,1,7,4,0
0.411289540609595,0,7,4,0
0.0,0,7,4,0
0.0,1,7,4,0
0.411289540609595,0,7,4,0
0.0,0,7,4,0
0.0,1,7,4,0
0.724140246755066,1,7,4,0
0.0,0,7,4,0
0.411289540609595,1,7,4,0
0.411289540609595,1,7,4,0
0.0,0,7,4,0
0.411289540609595,1,7,4,0
0.156782350995539,0,7,4,0
0.156782350995539,1,7,4,0
0.0,0,7,4,0
0.411289540609595,1,7,4,0
0.0,0,7,4,0
0.724140246755066,1,7,4,0
0.411289540609595,1,7,4,0
0.0,0,7,4,0
0.156782350995539,0,7,4,0
0.156782350995539,1,7,4,0
0.0,0,7,4,0
0.0,0,7,4,0
0.411289540609595,1,7,4,0
0.0,1,7,4,0
0.724140246755066,1,7,4,0
0.724140246755066,0,7,4,0
0.0,1,7,4,0
0.0,0,7,4,0
0.0,0,7,4,0
0.0,0,7,4,0
0.156782350995539,1,7,4,0
0.0,0,7,4,0
0.411289540609595,1,7,4,0
0.156782350995539,1,7,4,0
0.411289540609595,1,7,4,0
0.0,0,7,4,0
0.0,0,7,4,0
0.411289540609595,1,7,4,0
0.0,1,7,4,0
0.156782350995539,0,7,4,0
0.411289540609595,1,7,4,0
0.0,0,7,4,0
0.156782350995539,1,7,4,0
0.0,0,7,4,0
0.0,0,7,4,0
0.156782350995539,1,7,4,0
0.724140246755066,1,7,4,0
0.724140246755066,1,7,4,0
0.411289540609595,1,7,4,0
0.0,0,7,4,0
0.411289540609595,1,7,4,0
0.156782350995539,1,7,4,0
0.0,0,7,4,0
0.0,0,7,4,0
0.0,0,7,4,0
0.0,1,7,4,0
0.0,1,7,4,0
0.156782350995539,1,7,4,0
0.0,0,7,4,0
0.0,0,7,4,0
0.0,1,7,4,0
0.0,0,7,4,0
0.0,0,7,4,0
0.724140246755066,1,7,4,0
0.411289540609595,1,7,4,0
0.0,0,7,4,0
0.0,0,7,4,0
0.156782350995539,1,7,4,0
0.0,0,7,4,0
0.411289540609595,1,7,4,0
0.411289540609595,1,7,4,0
0.411289540609595,1,7,4,0
0.156782350995539,1,7,4,0
0.156782350995539,0,7,4,0
0.724140246755066,0,7,4,0
0.0,0,7,4,0
1.0,1,8,1,1
0.429481049960464,1,8,1,0
0.0,0,8,1,0
0.429481049960464,0,8,1,0
0.429481049960464,1,8,1,0
0.429481049960464,0,8,1,0
0.101715132845381,1,8,1,0
0.429481049960464,0,8,1,0
0.429481049960464,1,8,1,0
0.101715132845381,1,8,1,0
0.429481049960464,0,8,1,0
0.429481049960464,0,8,1,0
0.429481049960464,0,8,1,0
0.429481049960464,0,8,1,0
0.833463252064517,0,8,1,0
0.0,0,8,1,0
0.429481049960464,1,8,1,0
0.833463252064517,0,8,1,0
0.101715132845381,0,8,1,0
0.101715132845381,1,8,1,0
0.429481049960464,0,8,1,0
0.833463252064517,1,8,1,0
0.429481049960464,0,8,1,0
0.0,0,8,1,0
0.101715132845381,1,8,1,0
0.0,0,8,1,0
0.0,0,8,1,0
0.833463252064517,1,8,1,0
0.429481049960464,1,8,1,0
0.429481049960464,0,8,1,0
0.101715132845381,1,8,1,0
0.429481049960464,1,8,1,0
0.429481049960464,0,8,1,0
0.0,0,8,1,0
0.101715132845381,1,8,1,0
0.0,0,8,1,0
0.0,0,8,1,0
0.0,0,8,1,0
0.0,1,8,1,0
0.429481049960464,1,8,1,0
0.101715132845381,1,8,1,0
0.0,0,8,1,0
0.0,0,8,1,0
0.0,1,8,1,0
0.429481049960464,1,8,1,0
0.0,1,8,1,0
0.833463252064517,1,8,1,0
0.0,1,8,1,0
0.0,1,8,1,0
0.0,0,8,1,0
0.429481049960464,1,8,1,0
0.101715132845381,1,8,1,0
0.0,1,8,1,0
0.101715132845381,0,8,1,0
0.429481049960464,1,8,1,0
0.429481049960464,1,8,1,0
0.0,1,8,1,0
0.833463252064517,1,8,1,0
0.101715132845381,0,8,1,0
0.0,1,8,1,0
0.101715132845381,1,8,1,0
0.0,0,8,1,0
0.0,1,8,1,0
0.0,0,8,1,0
0.833463252064517,0,8,1,0
0.0,0,8,1,0
0.101715132845381,1,8,1,0
0.101715132845381,1,8,1,0
0.101715132845381,0,8,1,0
0.833463252064517,0,8,1,0
0.0,1,8,1,0
0.0,1,8,1,0
0.0,0,8,1,0
0.429481049960464,0,8,1,0
0.101715132845381,0,8,1,0
0.429481049960464,0,8,1,0
0.0,0,8,1,0
0.429481049960464,0,8,1,0
0.429481049960464,0,8,1,0
0.0,0,8,1,0
0.0,0,8,1,0
0.0,0,8,1,0
0.0,0,8,1,0
0.833463252064517,0,8,1,0
0.101715132845381,0,8,1,0
0.0,0,8,1,0
0.101715132845381,0,8,1,0
0.0,0,8,1,0
0.429481049960464,0,8,1,0
0.833463252064517,0,8,1,0
0.0,0,8,1,0
0.0,0,8,1,0
0.429481049960464,0,8,1,0
0.429481049960464,0,8,1,0
0.0,0,8,1,0
0.101715132845381,0,8,1,0
0.0,0,8,1,0
0.0,0,8,1,0
0.429481049960464,0,8,1,0
0.101715132845381,0,8,1,0
0.0,0,8,1,0
1.0,1,8,4,1
1.0,1,8,4,1
1.0,1,8,4,1
1.0,1,8,4,1
1.0,1,8,4,1
1.0,1,8,4,1
1.0,1,8,4,1
1.0,1,8,4,1
1.0,1,8,4,1
1.0,1,8,4,1
1.0,1,8,4,1
1.0,1,8,4,1
1.0,1,8,4,1
1.0,1,8,4,1
1.0,1,8,4,1
1.0,1,8,4,1
1.0,1,8,4,1
1.0,1,8,4,1
1.0,1,8,4,1
1.0,1,8,4,1
0.647476853279636,1,8,4,0
0.0,0,8,4,0
0.647476853279636,1,8,4,0
0.22566681660077,1,8,4,0
0.647476853279636,1,8,4,0
0.647476853279636,1,8,4,0
0.920479225003112,1,8,4,0
0.0,0,8,4,0
0.647476853279636,1,8,4,0
0.647476853279636,1,8,4,0
0.22566681660077,1,8,4,0
0.647476853279636,1,8,4,0
0.647476853279636,1,8,4,0
0.920479225003112,1,8,4,0
0.647476853279636,1,8,4,0
0.647476853279636,1,8,4,0
0.22566681660077,1,8,4,0
0.647476853279636,1,8,4,0
0.647476853279636,1,8,4,0
0.22566681660077,1,8,4,0
0.647476853279636,1,8,4,0
0.647476853279636,1,8,4,0
0.22566681660077,1,8,4,0
0.0,1,8,4,0
0.647476853279636,1,8,4,0
0.0,0,8,4,0
0.0,0,8,4,0
0.920479225003112,1,8,4,0
0.647476853279636,1,8,4,0
0.0,0,8,4,0
0.920479225003112,1,8,4,0
0.22566681660077,1,8,4,0
0.0,0,8,4,0
0.647476853279636,1,8,4,0
0.0,0,8,4,0
0.0,0,8,4,0
0.22566681660077,1,8,4,0
0.647476853279636,1,8,4,0
0.22566681660077,1,8,4,0
0.0,0,8,4,0
0.920479225003112,1,8,4,0
0.647476853279636,1,8,4,0
0.0,0,8,4,0
0.0,0,8,4,0
0.920479225003112,1,8,4,0
0.647476853279636,1,8,4,0
0.0,0,8,4,0
0.22566681660077,1,8,4,0
0.22566681660077,1,8,4,0
0.0,0,8,4,0
0.0,1,8,4,0
0.647476853279636,1,8,4,0
0.0,1,8,4,0
0.0,1,8,4,0
0.0,0,8,4,0
0.647476853279636,1,8,4,0
0.0,1,8,4,0
0.0,1,8,4,0
0.22566681660077,1,8,4,0
0.22566681660077,1,8,4,0
0.920479225003112,1,8,4,0
0.22566681660077,1,8,4,0
0.0,0,8,4,0
0.0,0,8,4,0
0.0,1,8,4,0
0.0,0,8,4,0
0.920479225003112,1,8,4,0
0.647476853279636,1,8,4,0
0.0,0,8,4,0
0.0,0,8,4,0
0.0,0,8,4,0
0.0,0,8,4,0
0.647476853279636,1,8,4,0
0.22566681660077,1,8,4,0
0.0,1,8,4,0
0.22566681660077,1,8,4,0
0.0,0,8,4,0
0.647476853279636,1,8,4,0
0.22566681660077,0,8,4,0
0.647476853279636,1,8,4,0
0.22566681660077,0,8,4,0
0.0,0,8,4,0
0.647476853279636,1,8,4,0
0.22566681660077,1,8,4,0
0.22566681660077,1,8,4,0
0.22566681660077,1,8,4,0
0.0,1,8,4,0
0.647476853279636,1,8,4,0
0.0,1,8,4,0
0.0,0,8,4,0
0.920479225003112,0,8,4,0
0.920479225003112,1,8,4,0
0.0,0,8,4,0
0.647476853279636,0,8,4,0
0.0,0,8,4,0
0.0,0,8,4,0
0.647476853279636,0,8,4,0
0.0,0,8,4,0
0.0,0,8,4,0
0.0,0,8,4,0
1.0,1,10,1,1
0.567548692433425,1,10,1,0
0.0,0,10,1,0
0.567548692433425,1,10,1,0
0.307569264321939,0,10,1,0
0.794981972265607,1,10,1,0
0.794981972265607,1,10,1,0
0.567548692433425,0,10,1,0
0.567548692433425,1,10,1,0
0.567548692433425,0,10,1,0
0.0,0,10,1,0
0.567548692433425,0,10,1,0
0.567548692433425,1,10,1,0
0.567548692433425,0,10,1,0
0.567548692433425,1,10,1,0
0.307569264321939,0,10,1,0
0.567548692433425,0,10,1,0
0.307569264321939,1,10,1,0
0.307569264321939,0,10,1,0
0.567548692433425,0,10,1,0
0.567548692433425,1,10,1,0
0.567548692433425,0,10,1,0
0.0,0,10,1,0
0.567548692433425,1,10,1,0
0.0,0,10,1,0
0.0,0,10,1,0
0.307569264321939,0,10,1,0
0.567548692433425,0,10,1,0
0.794981972265607,0,10,1,0
0.307569264321939,0,10,1,0
0.0,0,10,1,0
0.0,0,10,1,0
0.307569264321939,1,10,1,0
0.307569264321939,0,10,1,0
0.567548692433425,0,10,1,0
0.567548692433425,0,10,1,0
0.0,0,10,1,0
0.794981972265607,0,10,1,0
0.0,0,10,1,0
0.567548692433425,0,10,1,0
0.0,0,10,1,0
0.0,0,10,1,0
0.0,0,10,1,0
0.307569264321939,0,10,1,0
0.794981972265607,1,10,1,0
0.0,0,10,1,0
0.307569264321939,1,10,1,0
0.0,0,10,1,0
0.0,0,10,1,0
0.567548692433425,0,10,1,0
0.567548692433425,0,10,1,0
0.0,0,10,1,0
0.0,0,10,1,0
0.567548692433425,1,10,1,0
0.307569264321939,0,10,1,0
0.0,0,10,1,0
0.794981972265607,1,10,1,0
0.0,0,10,1,0
0.0,0,10,1,0
0.307569264321939,0,10,1,0
0.567548692433425,1,10,1,0
0.794981972265607,1,10,1,0
0.0,0,10,1,0
0.794981972265607,1,10,1,0
0.0,0,10,1,0
0.307569264321939,1,10,1,0
0.0,0,10,1,0
0.0,0,10,1,0
0.0,0,10,1,0
0.567548692433425,1,10,1,0
0.0,0,10,1,0
0.567548692433425,1,10,1,0
0.0,0,10,1,0
0.307569264321939,0,10,1,0
0.567548692433425,0,10,1,0
0.0,0,10,1,0
0.307569264321939,0,10,1,0
0.567548692433425,0,10,1,0
0.307569264321939,0,10,1,0
0.0,0,10,1,0
0.0,0,10,1,0
0.567548692433425,1,10,1,0
0.0,0,10,1,0
0.0,0,10,1,0
0.567548692433425,1,10,1,0
0.0,0,10,1,0
0.567548692433425,1,10,1,0
0.0,0,10,1,0
0.307569264321939,0,10,1,0
0.0,0,10,1,0
0.794981972265607,0,10,1,0
0.0,0,10,1,0
0.307569264321939,1,10,1,0
0.0,0,10,1,0
0.567548692433425,0,10,1,0
0.0,0,10,1,0
0.307569264321939,0,10,1,0
0.794981972265607,1,10,1,0
0.307569264321939,1,10,1,0
0.0,0,10,1,0
0.0,0,10,1,0
1.0,1,10,4,1
1.0,1,10,4,1
1.0,1,10,4,1
1.0,1,10,4,1
1.0,1,10,4,1
1.0,1,10,4,1
1.0,1,10,4,1
1.0,1,10,4,1
1.0,1,10,4,1
1.0,1,10,4,1
1.0,1,10,4,1
1.0,1,10,4,1
1.0,1,10,4,1
1.0,1,10,4,1
1.0,1,10,4,1
1.0,1,10,4,1
1.0,1,10,4,1
1.0,1,10,4,1
1.0,1,10,4,1
1.0,1,10,4,1
0.592674983324937,1,10,4,0
0.592674983324937,1,10,4,0
0.0423866802720127,1,10,4,0
0.592674983324937,1,10,4,0
0.592674983324937,1,10,4,0
0.979521313774985,1,10,4,0
0.592674983324937,1,10,4,0
0.0423866802720127,1,10,4,0
0.592674983324937,1,10,4,0
0.592674983324937,1,10,4,0
0.0423866802720127,1,10,4,0
0.979521313774985,1,10,4,0
0.592674983324937,1,10,4,0
0.0,0,10,4,0
0.592674983324937,1,10,4,0
0.592674983324937,1,10,4,0
0.0423866802720127,1,10,4,0
0.592674983324937,1,10,4,0
0.0,1,10,4,0
0.592674983324937,1,10,4,0
0.592674983324937,1,10,4,0
0.592674983324937,1,10,4,0
0.592674983324937,1,10,4,0
0.0,0,10,4,0
0.0,0,10,4,0
0.592674983324937,1,10,4,0
0.0423866802720127,1,10,4,0
0.0,0,10,4,0
0.0423866802720127,1,10,4,0
0.592674983324937,1,10,4,0
0.979521313774985,1,10,4,0
0.0423866802720127,1,10,4,0
0.0,1,10,4,0
0.979521313774985,1,10,4,0
0.0423866802720127,1,10,4,0
0.0,0,10,4,0
0.592674983324937,1,10,4,0
0.0,1,10,4,0
0.0,1,10,4,0
0.0,0,10,4,0
0.0423866802720127,1,10,4,0
0.979521313774985,1,10,4,0
0.0,1,10,4,0
0.0,1,10,4,0
0.592674983324937,1,10,4,0
0.0,0,10,4,0
0.0423866802720127,1,10,4,0
0.0,1,10,4,0
0.592674983324937,1,10,4,0
0.0,0,10,4,0
0.0,1,10,4,0
0.0,0,10,4,0
0.592674983324937,1,10,4,0
0.979521313774985,1,10,4,0
0.0,1,10,4,0
0.0423866802720127,1,10,4,0
0.0,0,10,4,0
0.0,0,10,4,0
0.0423866802720127,1,10,4,0
0.592674983324937,1,10,4,0
0.0,1,10,4,0
0.592674983324937,1,10,4,0
0.979521313774985,1,10,4,0
0.0,0,10,4,0
0.0423866802720127,1,10,4,0
0.0423866802720127,1,10,4,0
0.0,0,10,4,0
0.0,1,10,4,0
0.0,0,10,4,0
0.0,1,10,4,0
0.0423866802720127,0,10,4,0
0.979521313774985,1,10,4,0
0.0423866802720127,1,10,4,0
0.0,0,10,4,0
0.0,0,10,4,0
0.592674983324937,1,10,4,0
0.0,0,10,4,0
0.0,0,10,4,0
0.592674983324937,1,10,4,0
0.592674983324937,1,10,4,0
0.0,1,10,4,0
0.0423866802720127,1,10,4,0
0.0,0,10,4,0
0.592674983324937,1,10,4,0
0.0,0,10,4,0
0.592674983324937,1,10,4,0
0.0,0,10,4,0
0.0,1,10,4,0
0.0,0,10,4,0
0.0423866802720127,0,10,4,0
0.979521313774985,1,10,4,0
0.592674983324937,1,10,4,0
0.0,0,10,4,0
0.979521313774985,1,10,4,0
0.0,0,10,4,0
0.0423866802720127,1,10,4,0
0.0,1,10,4,0
0.0,0,10,4,0
0.0423866802720127,0,10,4,0
0.592674983324937,1,10,4,0
1.0,1,11,1,1
0.581264367693534,1,11,1,0
0.825760279611249,1,11,1,0
0.581264367693534,1,11,1,0
0.581264367693534,1,11,1,0
0.581264367693534,0,11,1,0
0.581264367693534,1,11,1,0
0.581264367693534,1,11,1,0
0.581264367693534,0,11,1,0
0.581264367693534,1,11,1,0
0.0,0,11,1,0
0.581264367693534,0,11,1,0
0.581264367693534,0,11,1,0
0.28906269367505,0,11,1,0
0.28906269367505,1,11,1,0
0.581264367693534,0,11,1,0
0.28906269367505,0,11,1,0
0.0,0,11,1,0
0.825760279611249,1,11,1,0
0.581264367693534,1,11,1,0
0.28906269367505,1,11,1,0
0.0,0,11,1,0
0.581264367693534,1,11,1,0
0.28906269367505,0,11,1,0
0.28906269367505,1,11,1,0
0.0,0,11,1,0
0.28906269367505,1,11,1,0
0.0,0,11,1,0
0.0,0,11,1,0
0.581264367693534,1,11,1,0
0.28906269367505,1,11,1,0
0.0,0,11,1,0
0.825760279611249,1,11,1,0
0.581264367693534,1,11,1,0
0.581264367693534,1,11,1,0
0.0,0,11,1,0
0.825760279611249,1,11,1,0
0.581264367693534,0,11,1,0
0.581264367693534,1,11,1,0
0.0,0,11,1,0
0.0,0,11,1,0
0.0,0,11,1,0
0.0,0,11,1,0
0.28906269367505,1,11,1,0
0.0,0,11,1,0
0.0,0,11,1,0
0.0,0,11,1,0
0.0,0,11,1,0
0.0,0,11,1,0
0.825760279611249,1,11,1,0
0.28906269367505,1,11,1,0
0.581264367693534,1,11,1,0
0.825760279611249,1,11,1,0
0.28906269367505,1,11,1,0
0.28906269367505,1,11,1,0
0.0,0,11,1,0
0.581264367693534,0,11,1,0
0.0,0,11,1,0
0.581264367693534,1,11,1,0
0.0,0,11,1,0
0.581264367693534,0,11,1,0
0.28906269367505,1,11,1,0
0.0,1,11,1,0
0.0,0,11,1,0
0.0,0,11,1,0
0.581264367693534,1,11,1,0
0.581264367693534,1,11,1,0
0.825760279611249,1,11,1,0
0.581264367693534,1,11,1,0
0.28906269367505,1,11,1,0
0.28906269367505,1,11,1,0
0.0,1,11,1,0
0.0,0,11,1,0
0.0,0,11,1,0
0.0,0,11,1,0
0.0,1,11,1,0
0.0,0,11,1,0
0.581264367693534,1,11,1,0
0.825760279611249,1,11,1,0
0.0,0,11,1,0
0.28906269367505,1,11,1,0
0.0,0,11,1,0
0.0,0,11,1,0
0.0,0,11,1,0
0.28906269367505,1,11,1,0
0.825760279611249,1,11,1,0
0.0,1,11,1,0
0.581264367693534,1,11,1,0
0.0,0,11,1,0
0.0,0,11,1,0
0.581264367693534,1,11,1,0
0.581264367693534,0,11,1,0
0.825760279611249,1,11,1,0
0.581264367693534,0,11,1,0
0.28906269367505,1,11,1,0
0.0,1,11,1,0
0.0,1,11,1,0
0.28906269367505,1,11,1,0
0.0,0,11,1,0
0.0,0,11,1,0
0.28906269367505,0,11,1,0
1.0,1,11,4,1
1.0,1,11,4,1
1.0,1,11,4,1
1.0,1,11,4,1
1.0,1,11,4,1
1.0,1,11,4,1
1.0,1,11,4,1
1.0,1,11,4,1
1.0,1,11,4,1
1.0,1,11,4,1
1.0,1,11,4,1
1.0,1,11,4,1
1.0,1,11,4,1
1.0,1,11,4,1
1.0,1,11,4,1
1.0,1,11,4,1
1.0,1,11,4,1
1.0,1,11,4,1
1.0,1,11,4,1
1.0,1,11,4,1
0.510812013972019,0,11,4,0
0.510812013972019,1,11,4,0
0.0969507212789215,1,11,4,0
0.510812013972019,1,11,4,0
0.0,1,11,4,0
0.510812013972019,1,11,4,0
0.510812013972019,1,11,4,0
0.510812013972019,1,11,4,0
0.910363706694999,1,11,4,0
0.510812013972019,1,11,4,0
0.510812013972019,1,11,4,0
0.0969507212789215,1,11,4,0
0.910363706694999,1,11,4,0
0.0,1,11,4,0
0.510812013972019,1,11,4,0
0.510812013972019,1,11,4,0
0.510812013972019,1,11,4,0
0.510812013972019,1,11,4,0
0.0969507212789215,1,11,4,0
0.0969507212789215,1,11,4,0
0.0969507212789215,1,11,4,0
0.0,1,11,4,0
0.0,0,11,4,0
0.0969507212789215,1,11,4,0
0.0,0,11,4,0
0.510812013972019,1,11,4,0
0.0,0,11,4,0
0.510812013972019,1,11,4,0
0.0,0,11,4,0
0.510812013972019,1,11,4,0
0.510812013972019,1,11,4,0
0.0,0,11,4,0
0.0,1,11,4,0
0.510812013972019,1,11,4,0
0.0969507212789215,1,11,4,0
0.910363706694999,1,11,4,0
0.0,0,11,4,0
0.910363706694999,1,11,4,0
0.0969507212789215,1,11,4,0
0.510812013972019,1,11,4,0
0.910363706694999,1,11,4,0
0.510812013972019,0,11,4,0
0.510812013972019,1,11,4,0
0.0969507212789215,1,11,4,0
0.0,0,11,4,0
0.0,0,11,4,0
0.0,0,11,4,0
0.910363706694999,1,11,4,0
0.0969507212789215,0,11,4,0
0.0,0,11,4,0
0.510812013972019,1,11,4,0
0.0,0,11,4,0
0.0969507212789215,1,11,4,0
0.0,0,11,4,0
0.0,0,11,4,0
0.0,0,11,4,0
0.0,0,11,4,0
0.0,0,11,4,0
0.0969507212789215,0,11,4,0
0.510812013972019,1,11,4,0
0.0,1,11,4,0
0.0,0,11,4,0
0.510812013972019,0,11,4,0
0.0969507212789215,1,11,4,0
0.0,1,11,4,0
0.0969507212789215,0,11,4,0
0.510812013972019,1,11,4,0
0.910363706694999,1,11,4,0
0.510812013972019,1,11,4,0
0.0,0,11,4,0
0.0,0,11,4,0
0.0,0,11,4,0
0.910363706694999,1,11,4,0
0.0969507212789215,1,11,4,0
0.0,1,11,4,0
0.0969507212789215,1,11,4,0
0.0,0,11,4,0
0.0,0,11,4,0
0.0,0,11,4,0
0.510812013972019,1,11,4,0
0.0,1,11,4,0
0.0,0,11,4,0
0.0969507212789215,0,11,4,0
0.0969507212789215,1,11,4,0
0.910363706694999,1,11,4,0
0.0969507212789215,1,11,4,0
0.510812013972019,1,11,4,0
0.0,0,11,4,0
0.0969507212789215,1,11,4,0
0.910363706694999,1,11,4,0
0.0,0,11,4,0
0.510812013972019,0,11,4,0
0.0,0,11,4,0
0.0,0,11,4,0
0.510812013972019,1,11,4,0
0.0,1,11,4,0
0.0,0,11,4,0
0.510812013972019,1,11,4,0
0.0,0,11,4,0
0.0,0,11,4,0
1.0,1,12,1,1
0.480062785890572,0,12,1,0
0.480062785890572,0,12,1,0
0.0,0,12,1,0
0.480062785890572,1,12,1,0
0.480062785890572,1,12,1,0
0.280792698889258,0,12,1,0
0.480062785890572,1,12,1,0
0.480062785890572,0,12,1,0
0.480062785890572,1,12,1,0
0.280792698889258,0,12,1,0
0.480062785890572,0,12,1,0
0.480062785890572,1,12,1,0
0.685884962084348,1,12,1,0
0.685884962084348,1,12,1,0
0.280792698889258,0,12,1,0
0.0,0,12,1,0
0.280792698889258,0,12,1,0
0.480062785890572,1,12,1,0
0.480062785890572,1,12,1,0
0.480062785890572,1,12,1,0
0.685884962084348,0,12,1,0
0.480062785890572,1,12,1,0
0.280792698889258,1,12,1,0
0.480062785890572,1,12,1,0
0.0,0,12,1,0
0.0,1,12,1,0
0.480062785890572,1,12,1,0
0.480062785890572,1,12,1,0
0.280792698889258,0,12,1,0
0.0,0,12,1,0
0.0,0,12,1,0
0.0,0,12,1,0
0.0,0,12,1,0
0.0,0,12,1,0
0.685884962084348,1,12,1,0
0.480062785890572,0,12,1,0
0.480062785890572,1,12,1,0
0.0,1,12,1,0
0.280792698889258,0,12,1,0
0.280792698889258,1,12,1,0
0.480062785890572,1,12,1,0
0.480062785890572,1,12,1,0
0.685884962084348,1,12,1,0
0.280792698889258,0,12,1,0
0.0,0,12,1,0
0.0,1,12,1,0
0.280792698889258,1,12,1,0
0.0,1,12,1,0
0.480062785890572,1,12,1,0
0.280792698889258,0,12,1,0
0.0,1,12,1,0
0.0,1,12,1,0
0.0,1,12,1,0
0.0,1,12,1,0
0.685884962084348,1,12,1,0
0.0,1,12,1,0
0.280792698889258,1,12,1,0
0.0,1,12,1,0
0.0,0,12,1,0
0.480062785890572,1,12,1,0
0.0,1,12,1,0
0.0,1,12,1,0
0.685884962084348,0,12,1,0
0.0,1,12,1,0
0.0,0,12,1,0
0.0,0,12,1,0
0.0,0,12,1,0
0.0,0,12,1,0
0.0,0,12,1,0
0.0,0,12,1,0
0.280792698889258,0,12,1,0
0.480062785890572,1,12,1,0
0.0,1,12,1,0
0.480062785890572,0,12,1,0
0.685884962084348,1,12,1,0
0.280792698889258,1,12,1,0
0.280792698889258,0,12,1,0
0.480062785890572,1,12,1,0
0.480062785890572,1,12,1,0
0.280792698889258,1,12,1,0
0.0,1,12,1,0
0.280792698889258,1,12,1,0
0.0,1,12,1,0
0.0,1,12,1,0
0.480062785890572,1,12,1,0
0.685884962084348,1,12,1,0
0.480062785890572,1,12,1,0
0.0,0,12,1,0
0.480062785890572,0,12,1,0
0.0,0,12,1,0
0.280792698889258,0,12,1,0
0.0,1,12,1,0
0.685884962084348,1,12,1,0
0.0,0,12,1,0
0.480062785890572,0,12,1,0
0.280792698889258,1,12,1,0
0.0,1,12,1,0
0.0,0,12,1,0
0.280792698889258,1,12,1,0
0.0,1,12,1,0
1.0,1,12,4,1
1.0,1,12,4,1
1.0,1,12,4,1
1.0,1,12,4,1
1.0,1,12,4,1
1.0,1,12,4,1
1.0,1,12,4,1
1.0,1,12,4,1
1.0,1,12,4,1
1.0,1,12,4,1
1.0,1,12,4,1
1.0,1,12,4,1
1.0,1,12,4,1
1.0,1,12,4,1
1.0,1,12,4,1
1.0,1,12,4,1
1.0,1,12,4,1
1.0,1,12,4,1
1.0,1,12,4,1
1.0,1,12,4,1
0.0,0,12,4,0
0.996524657741048,0,12,4,0
0.6053692240703,0,12,4,0
0.6053692240703,1,12,4,0
0.6053692240703,1,12,4,0
0.0,0,12,4,0
0.00813989361455891,0,12,4,0
0.00813989361455891,0,12,4,0
0.00813989361455891,1,12,4,0
0.6053692240703,0,12,4,0
0.996524657741048,0,12,4,0
0.6053692240703,1,12,4,0
0.6053692240703,0,12,4,0
0.6053692240703,1,12,4,0
0.6053692240703,0,12,4,0
0.6053692240703,0,12,4,0
0.6053692240703,0,12,4,0
0.00813989361455891,1,12,4,0
0.6053692240703,1,12,4,0
0.6053692240703,0,12,4,0
0.6053692240703,1,12,4,0
0.0,0,12,4,0
0.00813989361455891,0,12,4,0
0.6053692240703,0,12,4,0
0.0,0,12,4,0
0.00813989361455891,0,12,4,0
0.0,0,12,4,0
0.6053692240703,0,12,4,0
0.00813989361455891,0,12,4,0
0.6053692240703,0,12,4,0
0.00813989361455891,0,12,4,0
0.0,0,12,4,0
0.6053692240703,0,12,4,0
0.996524657741048,1,12,4,0
0.0,0,12,4,0
0.0,1,12,4,0
0.0,1,12,4,0
0.6053692240703,1,12,4,0
0.0,0,12,4,0
0.996524657741048,0,12,4,0
0.0,0,12,4,0
0.00813989361455891,0,12,4,0
0.0,1,12,4,0
0.0,1,12,4,0
0.6053692240703,1,12,4,0
0.6053692240703,0,12,4,0
0.0,1,12,4,0
0.00813989361455891,1,12,4,0
0.0,0,12,4,0
0.0,1,12,4,0
0.996524657741048,1,12,4,0
0.0,0,12,4,0
0.0,1,12,4,0
0.0,0,12,4,0
0.996524657741048,1,12,4,0
0.00813989361455891,0,12,4,0
0.6053692240703,1,12,4,0
0.0,0,12,4,0
0.6053692240703,1,12,4,0
0.00813989361455891,0,12,4,0
0.0,0,12,4,0
0.6053692240703,0,12,4,0
0.996524657741048,0,12,4,0
0.6053692240703,1,12,4,0
0.0,1,12,4,0
0.0,0,12,4,0
0.6053692240703,1,12,4,0
0.996524657741048,0,12,4,0
0.0,1,12,4,0
0.0,1,12,4,0
0.0,1,12,4,0
0.0,1,12,4,0
0.6053692240703,0,12,4,0
0.0,1,12,4,0
0.00813989361455891,1,12,4,0
0.0,1,12,4,0
0.00813989361455891,1,12,4,0
0.0,1,12,4,0
0.00813989361455891,0,12,4,0
0.00813989361455891,1,12,4,0
0.0,1,12,4,0
0.996524657741048,0,12,4,0
0.00813989361455891,0,12,4,0
0.0,0,12,4,0
0.0,1,12,4,0
0.996524657741048,1,12,4,0
0.0,1,12,4,0
0.0,1,12,4,0
0.00813989361455891,1,12,4,0
0.6053692240703,0,12,4,0
0.00813989361455891,0,12,4,0
0.00813989361455891,0,12,4,0
0.6053692240703,1,12,4,0
0.0,1,12,4,0
0.0,0,12,4,0
0.0,0,12,4,0
0.6053692240703,1,12,4,0
0.0,1,12,4,0
0.6053692240703,0,12,4,0
0.0,0,12,4,0
1.0,1,13,2,1
0.547763490007502,1,13,2,0
0.0,0,13,2,0
0.274981565818449,1,13,2,0
0.274981565818449,1,13,2,0
0.274981565818449,1,13,2,0
0.547763490007502,1,13,2,0
0.794582061753264,0,13,2,0
0.547763490007502,1,13,2,0
0.547763490007502,0,13,2,0
0.547763490007502,1,13,2,0
0.547763490007502,1,13,2,0
0.547763490007502,1,13,2,0
0.547763490007502,1,13,2,0
0.547763490007502,0,13,2,0
0.547763490007502,0,13,2,0
0.547763490007502,1,13,2,0
0.274981565818449,0,13,2,0
0.0,0,13,2,0
0.547763490007502,1,13,2,0
0.794582061753264,1,13,2,0
0.794582061753264,1,13,2,0
0.794582061753264,1,13,2,0
0.547763490007502,1,13,2,0
0.547763490007502,1,13,2,0
0.274981565818449,0,13,2,0
0.0,0,13,2,0
0.0,0,13,2,0
0.0,0,13,2,0
0.274981565818449,1,13,2,0
0.547763490007502,1,13,2,0
0.0,0,13,2,0
0.0,0,13,2,0
0.547763490007502,1,13,2,0
0.274981565818449,1,13,2,0
0.274981565818449,1,13,2,0
0.0,0,13,2,0
0.547763490007502,1,13,2,0
0.0,0,13,2,0
0.547763490007502,1,13,2,0
0.0,0,13,2,0
0.0,1,13,2,0
0.0,1,13,2,0
0.0,0,13,2,0
0.0,0,13,2,0
0.0,0,13,2,0
0.794582061753264,1,13,2,0
0.274981565818449,1,13,2,0
0.0,0,13,2,0
0.274981565818449,1,13,2,0
0.0,0,13,2,0
0.547763490007502,1,13,2,0
0.274981565818449,0,13,2,0
0.0,0,13,2,0
0.794582061753264,0,13,2,0
0.274981565818449,1,13,2,0
0.547763490007502,1,13,2,0
0.547763490007502,1,13,2,0
0.0,0,13,2,0
0.547763490007502,1,13,2,0
0.0,0,13,2,0
0.274981565818449,1,13,2,0
0.547763490007502,1,13,2,0
0.274981565818449,1,13,2,0
0.0,0,13,2,0
0.0,1,13,2,0
0.0,0,13,2,0
0.0,1,13,2,0
0.794582061753264,0,13,2,0
0.274981565818449,0,13,2,0
0.0,1,13,2,0
0.547763490007502,0,13,2,0
0.0,0,13,2,0
0.274981565818449,1,13,2,0
0.794582061753264,1,13,2,0
0.0,0,13,2,0
0.0,0,13,2,0
0.547763490007502,1,13,2,0
0.547763490007502,1,13,2,0
0.0,0,13,2,0
0.0,0,13,2,0
0.0,0,13,2,0
0.274981565818449,0,13,2,0
0.274981565818449,1,13,2,0
0.0,0,13,2,0
0.0,0,13,2,0
0.274981565818449,1,13,2,0
0.274981565818449,0,13,2,0
0.0,0,13,2,0
0.794582061753264,1,13,2,0
0.0,0,13,2,0
0.547763490007502,1,13,2,0
0.547763490007502,0,13,2,0
0.547763490007502,1,13,2,0
0.547763490007502,1,13,2,0
0.0,0,13,2,0
0.0,1,13,2,0
0.0,1,13,2,0
0.0,1,13,2,0
0.794582061753264,1,13,2,0
0.0,0,13,2,0
1.0,1,13,3,1
1.0,1,13,3,1
1.0,1,13,3,1
1.0,1,13,3,1
1.0,1,13,3,1
1.0,1,13,3,1
1.0,1,13,3,1
1.0,1,13,3,1
1.0,1,13,3,1
1.0,1,13,3,1
1.0,1,13,3,1
1.0,1,13,3,1
1.0,1,13,3,1
1.0,1,13,3,1
1.0,1,13,3,1
1.0,1,13,3,1
1.0,1,13,3,1
1.0,1,13,3,1
1.0,1,13,3,1
1.0,1,13,3,1
0.0,0,13,3,0
0.202577165498287,0,13,3,0
0.202577165498287,1,13,3,0
0.420253087186099,1,13,3,0
0.420253087186099,1,13,3,0
0.674101591656779,1,13,3,0
0.420253087186099,1,13,3,0
0.674101591656779,1,13,3,0
0.420253087186099,0,13,3,0
0.420253087186099,1,13,3,0
0.420253087186099,1,13,3,0
0.420253087186099,1,13,3,0
0.420253087186099,1,13,3,0
0.420253087186099,1,13,3,0
0.202577165498287,0,13,3,0
0.0,0,13,3,0
0.420253087186099,1,13,3,0
0.420253087186099,1,13,3,0
0.202577165498287,0,13,3,0
0.420253087186099,0,13,3,0
0.420253087186099,1,13,3,0
0.674101591656779,1,13,3,0
0.0,0,13,3,0
0.420253087186099,1,13,3,0
0.0,0,13,3,0
0.202577165498287,1,13,3,0
0.420253087186099,1,13,3,0
0.202577165498287,0,13,3,0
0.0,0,13,3,0
0.0,0,13,3,0
0.420253087186099,1,13,3,0
0.0,0,13,3,0
0.420253087186099,1,13,3,0
0.202577165498287,1,13,3,0
0.202577165498287,0,13,3,0
0.0,0,13,3,0
0.0,0,13,3,0
0.420253087186099,1,13,3,0
0.674101591656779,0,13,3,0
0.0,0,13,3,0
0.0,0,13,3,0
0.420253087186099,1,13,3,0
0.202577165498287,1,13,3,0
0.0,0,13,3,0
0.674101591656779,1,13,3,0
0.0,0,13,3,0
0.420253087186099,1,13,3,0
0.0,0,13,3,0
0.0,0,13,3,0
0.420253087186099,1,13,3,0
0.202577165498287,1,13,3,0
0.0,0,13,3,0
0.0,0,13,3,0
0.202577165498287,1,13,3,0
0.0,0,13,3,0
0.0,0,13,3,0
0.202577165498287,0,13,3,0
0.420253087186099,1,13,3,0
0.674101591656779,1,13,3,0
0.0,0,13,3,0
0.420253087186099,0,13,3,0
0.0,0,13,3,0
0.0,0,13,3,0
0.674101591656779,1,13,3,0
0.0,0,13,3,0
0.0,0,13,3,0
0.202577165498287,1,13,3,0
0.420253087186099,1,13,3,0
0.420253087186099,1,13,3,0
0.420253087186099,1,13,3,0
0.0,0,13,3,0
0.674101591656779,1,13,3,0
0.202577165498287,0,13,3,0
0.0,0,13,3,0
0.0,1,13,3,0
0.0,0,13,3,0
0.202577165498287,1,13,3,0
0.0,1,13,3,0
0.202577165498287,1,13,3,0
0.0,0,13,3,0
0.0,0,13,3,0
0.0,0,13,3,0
0.674101591656779,1,13,3,0
0.420253087186099,1,13,3,0
0.0,0,13,3,0
0.0,0,13,3,0
0.420253087186099,0,13,3,0
0.202577165498287,0,13,3,0
0.420253087186099,1,13,3,0
0.0,0,13,3,0
0.202577165498287,0,13,3,0
0.0,0,13,3,0
0.674101591656779,1,13,3,0
0.0,0,13,3,0
0.202577165498287,1,13,3,0
0.202577165498287,0,13,3,0
0.420253087186099,1,13,3,0
0.0,0,13,3,0
0.0,0,13,3,0
0.0,0,13,3,0
1.0,1,14,2,1
0.436803221519033,0,14,2,0
0.436803221519033,1,14,2,0
0.436803221519033,0,14,2,0
0.244254893787646,0,14,2,0
0.436803221519033,0,14,2,0
0.244254893787646,0,14,2,0
0.436803221519033,0,14,2,0
0.436803221519033,1,14,2,0
0.436803221519033,0,14,2,0
0.650491252668786,0,14,2,0
0.0,0,14,2,0
0.436803221519033,0,14,2,0
0.436803221519033,0,14,2,0
0.244254893787646,0,14,2,0
0.436803221519033,0,14,2,0
0.0,0,14,2,0
0.650491252668786,0,14,2,0
0.436803221519033,0,14,2,0
0.436803221519033,0,14,2,0
0.244254893787646,0,14,2,0
0.436803221519033,0,14,2,0
0.244254893787646,0,14,2,0
0.436803221519033,0,14,2,0
0.436803221519033,0,14,2,0
0.650491252668786,0,14,2,0
0.0,0,14,2,0
0.0,0,14,2,0
0.436803221519033,0,14,2,0
0.244254893787646,0,14,2,0
0.244254893787646,0,14,2,0
0.0,0,14,2,0
0.436803221519033,0,14,2,0
0.0,0,14,2,0
0.0,0,14,2,0
0.244254893787646,0,14,2,0
0.436803221519033,0,14,2,0
0.0,0,14,2,0
0.650491252668786,0,14,2,0
0.0,0,14,2,0
0.0,0,14,2,0
0.0,0,14,2,0
0.244254893787646,1,14,2,0
0.0,0,14,2,0
0.244254893787646,1,14,2,0
0.436803221519033,1,14,2,0
0.0,0,14,2,0
0.244254893787646,1,14,2,0
0.436803221519033,1,14,2,0
0.0,0,14,2,0
0.0,0,14,2,0
0.0,0,14,2,0
0.436803221519033,1,14,2,0
0.244254893787646,1,14,2,0
0.0,1,14,2,0
0.436803221519033,1,14,2,0
0.0,0,14,2,0
0.0,0,14,2,0
0.650491252668786,1,14,2,0
0.650491252668786,1,14,2,0
0.0,0,14,2,0
0.0,0,14,2,0
0.436803221519033,1,14,2,0
0.244254893787646,1,14,2,0
0.436803221519033,0,14,2,0
0.244254893787646,0,14,2,0
0.0,0,14,2,0
0.0,0,14,2,0
0.244254893787646,1,14,2,0
0.0,0,14,2,0
0.650491252668786,1,14,2,0
0.436803221519033,1,14,2,0
0.0,0,14,2,0
0.0,0,14,2,0
0.244254893787646,1,14,2,0
0.650491252668786,1,14,2,0
0.0,0,14,2,0
0.0,0,14,2,0
0.436803221519033,1,14,2,0
0.0,0,14,2,0
0.0,0,14,2,0
0.0,0,14,2,0
0.0,0,14,2,0
0.0,0,14,2,0
0.0,0,14,2,0
0.244254893787646,0,14,2,0
0.244254893787646,0,14,2,0
0.436803221519033,0,14,2,0
0.0,0,14,2,0
0.650491252668786,1,14,2,0
0.0,0,14,2,0
0.244254893787646,0,14,2,0
0.650491252668786,1,14,2,0
0.436803221519033,1,14,2,0
0.0,0,14,2,0
0.0,0,14,2,0
0.0,0,14,2,0
0.0,0,14,2,0
0.436803221519033,0,14,2,0
0.244254893787646,0,14,2,0
0.436803221519033,0,14,2,0
1.0,1,14,3,1
1.0,1,14,3,1
1.0,1,14,3,1
1.0,1,14,3,1
1.0,1,14,3,1
1.0,1,14,3,1
1.0,1,14,3,1
1.0,1,14,3,1
1.0,1,14,3,1
1.0,1,14,3,1
1.0,1,14,3,1
1.0,1,14,3,1
1.0,1,14,3,1
1.0,1,14,3,1
1.0,1,14,3,1
1.0,1,14,3,1
1.0,1,14,3,1
1.0,1,14,3,1
1.0,1,14,3,1
1.0,1,14,3,1
0.443766979390872,1,14,3,0
0.753270293274047,0,14,3,0
0.443766979390872,1,14,3,0
0.172515099282783,1,14,3,0
0.0,1,14,3,0
0.172515099282783,1,14,3,0
0.443766979390872,1,14,3,0
0.443766979390872,0,14,3,0
0.443766979390872,1,14,3,0
0.443766979390872,0,14,3,0
0.443766979390872,0,14,3,0
0.172515099282783,1,14,3,0
0.443766979390872,1,14,3,0
0.443766979390872,1,14,3,0
0.753270293274047,1,14,3,0
0.443766979390872,1,14,3,0
0.443766979390872,1,14,3,0
0.443766979390872,1,14,3,0
0.172515099282783,0,14,3,0
0.0,1,14,3,0
0.443766979390872,1,14,3,0
0.753270293274047,1,14,3,0
0.443766979390872,1,14,3,0
0.443766979390872,1,14,3,0
0.0,1,14,3,0
0.172515099282783,1,14,3,0
0.443766979390872,1,14,3,0
0.0,1,14,3,0
0.0,1,14,3,0
0.0,1,14,3,0
0.0,1,14,3,0
0.443766979390872,1,14,3,0
0.443766979390872,1,14,3,0
0.753270293274047,1,14,3,0
0.172515099282783,1,14,3,0
0.0,1,14,3,0
0.172515099282783,1,14,3,0
0.172515099282783,1,14,3,0
0.0,1,14,3,0
0.0,1,14,3,0
0.0,1,14,3,0
0.172515099282783,1,14,3,0
0.172515099282783,1,14,3,0
0.0,1,14,3,0
0.753270293274047,1,14,3,0
0.0,1,14,3,0
0.753270293274047,1,14,3,0
0.172515099282783,1,14,3,0
0.0,1,14,3,0
0.0,1,14,3,0
0.0,1,14,3,0
0.172515099282783,1,14,3,0
0.443766979390872,1,14,3,0
0.0,1,14,3,0
0.443766979390872,1,14,3,0
0.0,1,14,3,0
0.443766979390872,1,14,3,0
0.443766979390872,1,14,3,0
0.0,1,14,3,0
0.0,1,14,3,0
0.0,1,14,3,0
0.443766979390872,1,14,3,0
0.443766979390872,1,14,3,0
0.753270293274047,1,14,3,0
0.0,1,14,3,0
0.443766979390872,1,14,3,0
0.0,1,14,3,0
0.0,1,14,3,0
0.753270293274047,1,14,3,0
0.443766979390872,1,14,3,0
0.0,1,14,3,0
0.172515099282783,1,14,3,0
0.172515099282783,1,14,3,0
0.0,1,14,3,0
0.0,1,14,3,0
0.0,1,14,3,0
0.0,1,14,3,0
0.172515099282783,1,14,3,0
0.172515099282783,1,14,3,0
0.0,1,14,3,0
0.0,1,14,3,0
0.0,1,14,3,0
0.172515099282783,1,14,3,0
0.0,1,14,3,0
0.753270293274047,1,14,3,0
0.443766979390872,1,14,3,0
0.172515099282783,1,14,3,0
0.753270293274047,1,14,3,0
0.0,1,14,3,0
0.443766979390872,1,14,3,0
0.0,1,14,3,0
0.0,1,14,3,0
0.172515099282783,1,14,3,0
0.0,1,14,3,0
0.0,1,14,3,0
0.443766979390872,1,14,3,0
0.0,1,14,3,0
0.0,1,14,3,0
0.443766979390872,1,14,3,0
0.172515099282783,1,14,3,0
1.0,1,15,2,1
0.279066376043072,1,15,2,0
0.455745203669189,1,15,2,0
0.279066376043072,1,15,2,0
0.455745203669189,1,15,2,0
0.455745203669189,0,15,2,0
0.0,0,15,2,0
0.455745203669189,1,15,2,0
0.279066376043072,1,15,2,0
0.455745203669189,1,15,2,0
0.279066376043072,1,15,2,0
0.0,1,15,2,0
0.455745203669189,1,15,2,0
0.455745203669189,1,15,2,0
0.455745203669189,1,15,2,0
0.644312235140254,1,15,2,0
0.455745203669189,1,15,2,0
0.455745203669189,1,15,2,0
0.455745203669189,1,15,2,0
0.644312235140254,1,15,2,0
0.455745203669189,1,15,2,0
0.455745203669189,1,15,2,0
0.0,0,15,2,0
0.0,0,15,2,0
0.455745203669189,1,15,2,0
0.455745203669189,1,15,2,0
0.0,0,15,2,0
0.0,0,15,2,0
0.279066376043072,0,15,2,0
0.644312235140254,1,15,2,0
0.455745203669189,1,15,2,0
0.0,0,15,2,0
0.279066376043072,1,15,2,0
0.644312235140254,1,15,2,0
0.279066376043072,1,15,2,0
0.455745203669189,1,15,2,0
0.455745203669189,1,15,2,0
0.279066376043072,1,15,2,0
0.0,0,15,2,0
0.0,1,15,2,0
0.0,0,15,2,0
0.279066376043072,1,15,2,0
0.0,1,15,2,0
0.0,1,15,2,0
0.0,0,15,2,0
0.0,0,15,2,0
0.0,1,15,2,0
0.279066376043072,1,15,2,0
0.455745203669189,1,15,2,0
0.0,1,15,2,0
0.0,1,15,2,0
0.0,0,15,2,0
0.644312235140254,1,15,2,0
0.455745203669189,1,15,2,0
0.279066376043072,1,15,2,0
0.279066376043072,1,15,2,0
0.455745203669189,1,15,2,0
0.455745203669189,1,15,2,0
0.644312235140254,1,15,2,0
0.0,0,15,2,0
0.0,0,15,2,0
0.644312235140254,1,15,2,0
0.455745203669189,1,15,2,0
0.279066376043072,1,15,2,0
0.279066376043072,0,15,2,0
0.0,0,15,2,0
0.644312235140254,0,15,2,0
0.0,0,15,2,0
0.0,0,15,2,0
0.455745203669189,1,15,2,0
0.0,0,15,2,0
0.0,0,15,2,0
0.455745203669189,0,15,2,0
0.0,0,15,2,0
0.0,0,15,2,0
0.279066376043072,0,15,2,0
0.455745203669189,1,15,2,0
0.279066376043072,1,15,2,0
0.0,0,15,2,0
0.0,0,15,2,0
0.0,0,15,2,0
0.0,0,15,2,0
0.455745203669189,1,15,2,0
0.0,1,15,2,0
0.455745203669189,1,15,2,0
0.279066376043072,1,15,2,0
0.455745203669189,1,15,2,0
0.0,0,15,2,0
0.0,1,15,2,0
0.279066376043072,1,15,2,0
0.455745203669189,1,15,2,0
0.0,0,15,2,0
0.644312235140254,1,15,2,0
0.0,0,15,2,0
0.0,0,15,2,0
0.0,0,15,2,0
0.279066376043072,1,15,2,0
0.0,1,15,2,0
0.279066376043072,1,15,2,0
0.0,0,15,2,0
0.644312235140254,1,15,2,0
1.0,1,15,3,1
1.0,1,15,3,1
1.0,1,15,3,1
1.0,1,15,3,1
1.0,1,15,3,1
1.0,1,15,3,1
1.0,1,15,3,1
1.0,1,15,3,1
1.0,1,15,3,1
1.0,1,15,3,1
1.0,1,15,3,1
1.0,1,15,3,1
1.0,1,15,3,1
1.0,1,15,3,1
1.0,1,15,3,1
1.0,1,15,3,1
1.0,1,15,3,1
1.0,1,15,3,1
1.0,1,15,3,1
1.0,1,15,3,1
0.589987089457114,1,15,3,0
0.589987089457114,0,15,3,0
0.589987089457114,0,15,3,0
0.343634549271352,1,15,3,0
0.343634549271352,0,15,3,0
0.343634549271352,0,15,3,0
0.589987089457114,0,15,3,0
0.589987089457114,0,15,3,0
0.0,0,15,3,0
0.589987089457114,1,15,3,0
0.589987089457114,1,15,3,0
0.798180817470285,1,15,3,0
0.0,0,15,3,0
0.798180817470285,0,15,3,0
0.589987089457114,0,15,3,0
0.589987089457114,0,15,3,0
0.589987089457114,1,15,3,0
0.589987089457114,0,15,3,0
0.343634549271352,0,15,3,0
0.589987089457114,0,15,3,0
0.798180817470285,0,15,3,0
0.589987089457114,1,15,3,0
0.343634549271352,1,15,3,0
0.0,0,15,3,0
0.0,0,15,3,0
0.589987089457114,0,15,3,0
0.0,0,15,3,0
0.343634549271352,0,15,3,0
0.0,0,15,3,0
0.0,0,15,3,0
0.589987089457114,1,15,3,0
0.343634549271352,0,15,3,0
0.589987089457114,0,15,3,0
0.0,0,15,3,0
0.0,1,15,3,0
0.589987089457114,0,15,3,0
0.798180817470285,1,15,3,0
0.589987089457114,1,15,3,0
0.343634549271352,0,15,3,0
0.0,0,15,3,0
0.0,0,15,3,0
0.0,0,15,3,0
0.343634549271352,0,15,3,0
0.0,0,15,3,0
0.0,0,15,3,0
0.589987089457114,1,15,3,0
0.343634549271352,0,15,3,0
0.0,0,15,3,0
0.343634549271352,0,15,3,0
0.798180817470285,1,15,3,0
0.589987089457114,1,15,3,0
0.0,0,15,3,0
0.343634549271352,0,15,3,0
0.589987089457114,0,15,3,0
0.589987089457114,0,15,3,0
0.0,0,15,3,0
0.0,0,15,3,0
0.0,1,15,3,0
0.0,0,15,3,0
0.798180817470285,1,15,3,0
0.0,0,15,3,0
0.0,0,15,3,0
0.589987089457114,0,15,3,0
0.0,0,15,3,0
0.343634549271352,0,15,3,0
0.0,1,15,3,0
0.0,0,15,3,0
0.589987089457114,0,15,3,0
0.0,0,15,3,0
0.798180817470285,0,15,3,0
0.589987089457114,0,15,3,0
0.0,0,15,3,0
0.343634549271352,0,15,3,0
0.0,0,15,3,0
0.589987089457114,0,15,3,0
0.798180817470285,1,15,3,0
0.0,0,15,3,0
0.343634549271352,0,15,3,0
0.343634549271352,0,15,3,0
0.0,0,15,3,0
0.0,0,15,3,0
0.589987089457114,0,15,3,0
0.798180817470285,1,15,3,0
0.343634549271352,0,15,3,0
0.589987089457114,0,15,3,0
0.0,0,15,3,0
0.0,0,15,3,0
0.0,0,15,3,0
0.0,0,15,3,0
0.343634549271352,0,15,3,0
0.0,0,15,3,0
0.343634549271352,1,15,3,0
0.0,0,15,3,0
0.0,0,15,3,0
0.343634549271352,0,15,3,0
0.0,0,15,3,0
0.589987089457114,0,15,3,0
0.798180817470285,0,15,3,0
0.0,0,15,3,0
0.589987089457114,0,15,3,0
1.0,1,16,2,1
0.0,0,16,2,0
0.422383821325015,1,16,2,0
0.548286678832774,1,16,2,0
0.0,0,16,2,0
0.422383821325015,1,16,2,0
0.422383821325015,1,16,2,0
0.422383821325015,1,16,2,0
0.422383821325015,1,16,2,0
0.422383821325015,1,16,2,0
0.422383821325015,1,16,2,0
0.548286678832774,1,16,2,0
0.422383821325015,0,16,2,0
0.422383821325015,1,16,2,0
0.305818664886159,1,16,2,0
0.422383821325015,1,16,2,0
0.305818664886159,0,16,2,0
0.422383821325015,1,16,2,0
0.305818664886159,1,16,2,0
0.305818664886159,0,16,2,0
0.422383821325015,1,16,2,0
0.422383821325015,1,16,2,0
0.422383821325015,0,16,2,0
0.0,0,16,2,0
0.548286678832774,1,16,2,0
0.0,0,16,2,0
0.0,0,16,2,0
0.305818664886159,1,16,2,0
0.0,0,16,2,0
0.0,0,16,2,0
0.422383821325015,1,16,2,0
0.422383821325015,1,16,2,0
0.0,0,16,2,0
0.305818664886159,0,16,2,0
0.0,1,16,2,0
0.305818664886159,0,16,2,0
0.422383821325015,0,16,2,0
0.305818664886159,0,16,2,0
0.0,0,16,2,0
0.548286678832774,0,16,2,0
0.422383821325015,0,16,2,0
0.0,0,16,2,0
0.0,0,16,2,0
0.0,0,16,2,0
0.548286678832774,1,16,2,0
0.422383821325015,1,16,2,0
0.305818664886159,0,16,2,0
0.305818664886159,0,16,2,0
0.422383821325015,1,16,2,0
0.422383821325015,0,16,2,0
0.0,0,16,2,0
0.548286678832774,1,16,2,0
0.422383821325015,0,16,2,0
0.0,0,16,2,0
0.305818664886159,0,16,2,0
0.0,0,16,2,0
0.0,0,16,2,0
0.305818664886159,0,16,2,0
0.0,0,16,2,0
0.0,0,16,2,0
0.0,0,16,2,0
0.305818664886159,0,16,2,0
0.0,1,16,2,0
0.422383821325015,0,16,2,0
0.422383821325015,1,16,2,0
0.0,0,16,2,0
0.0,1,16,2,0
0.0,0,16,2,0
0.0,0,16,2,0
0.305818664886159,1,16,2,0
0.422383821325015,1,16,2,0
0.422383821325015,1,16,2,0
0.0,1,16,2,0
0.0,0,16,2,0
0.548286678832774,0,16,2,0
0.548286678832774,0,16,2,0
0.0,0,16,2,0
0.0,0,16,2,0
0.305818664886159,0,16,2,0
0.0,0,16,2,0
0.305818664886159,1,16,2,0
0.305818664886159,0,16,2,0
0.0,0,16,2,0
0.422383821325015,0,16,2,0
0.0,0,16,2,0
0.305818664886159,1,16,2,0
0.0,0,16,2,0
0.0,0,16,2,0
0.0,0,16,2,0
0.422383821325015,0,16,2,0
0.0,0,16,2,0
0.0,1,16,2,0
0.0,0,16,2,0
0.548286678832774,1,16,2,0
0.0,0,16,2,0
0.548286678832774,1,16,2,0
0.422383821325015,0,16,2,0
0.305818664886159,0,16,2,0
0.422383821325015,0,16,2,0
0.305818664886159,0,16,2,0
0.0,0,16,2,0
1.0,1,16,3,1
1.0,1,16,3,1
1.0,1,16,3,1
1.0,1,16,3,1
1.0,1,16,3,1
1.0,1,16,3,1
1.0,1,16,3,1
1.0,1,16,3,1
1.0,1,16,3,1
1.0,1,16,3,1
1.0,1,16,3,1
1.0,1,16,3,1
1.0,1,16,3,1
1.0,1,16,3,1
1.0,1,16,3,1
1.0,1,16,3,1
1.0,1,16,3,1
1.0,1,16,3,1
1.0,1,16,3,1
1.0,1,16,3,1
0.0,0,16,3,0
0.699952552752709,0,16,3,0
0.474867827439733,1,16,3,0
0.474867827439733,1,16,3,0
0.474867827439733,1,16,3,0
0.474867827439733,0,16,3,0
0.259551893811357,1,16,3,0
0.699952552752709,1,16,3,0
0.474867827439733,1,16,3,0
0.0,0,16,3,0
0.474867827439733,1,16,3,0
0.474867827439733,1,16,3,0
0.474867827439733,0,16,3,0
0.474867827439733,1,16,3,0
0.259551893811357,1,16,3,0
0.259551893811357,1,16,3,0
0.259551893811357,0,16,3,0
0.474867827439733,1,16,3,0
0.474867827439733,0,16,3,0
0.474867827439733,1,16,3,0
0.0,1,16,3,0
0.474867827439733,1,16,3,0
0.0,1,16,3,0
0.0,0,16,3,0
0.259551893811357,1,16,3,0
0.0,0,16,3,0
0.0,0,16,3,0
0.259551893811357,1,16,3,0
0.474867827439733,1,16,3,0
0.474867827439733,1,16,3,0
0.0,1,16,3,0
0.259551893811357,1,16,3,0
0.474867827439733,1,16,3,0
0.0,1,16,3,0
0.474867827439733,1,16,3,0
0.259551893811357,1,16,3,0
0.699952552752709,1,16,3,0
0.474867827439733,1,16,3,0
0.699952552752709,1,16,3,0
0.0,1,16,3,0
0.0,1,16,3,0
0.474867827439733,1,16,3,0
0.259551893811357,1,16,3,0
0.474867827439733,0,16,3,0
0.0,1,16,3,0
0.259551893811357,1,16,3,0
0.0,1,16,3,0
0.0,0,16,3,0
0.259551893811357,1,16,3,0
0.474867827439733,1,16,3,0
0.0,0,16,3,0
0.699952552752709,1,16,3,0
0.0,0,16,3,0
0.474867827439733,1,16,3,0
0.0,0,16,3,0
0.0,1,16,3,0
0.259551893811357,1,16,3,0
0.0,1,16,3,0
0.0,1,16,3,0
0.699952552752709,1,16,3,0
0.259551893811357,1,16,3,0
0.0,0,16,3,0
0.0,1,16,3,0
0.0,1,16,3,0
0.0,1,16,3,0
0.0,1,16,3,0
0.474867827439733,1,16,3,0
0.699952552752709,1,16,3,0
0.0,1,16,3,0
0.474867827439733,1,16,3,0
0.0,1,16,3,0
0.0,1,16,3,0
0.259551893811357,0,16,3,0
0.259551893811357,1,16,3,0
0.699952552752709,1,16,3,0
0.259551893811357,1,16,3,0
0.0,1,16,3,0
0.474867827439733,1,16,3,0
0.0,0,16,3,0
0.474867827439733,1,16,3,0
0.259551893811357,1,16,3,0
0.699952552752709,0,16,3,0
0.0,1,16,3,0
0.0,0,16,3,0
0.0,1,16,3,0
0.259551893811357,1,16,3,0
0.474867827439733,1,16,3,0
0.0,1,16,3,0
0.0,1,16,3,0
0.474867827439733,0,16,3,0
0.0,0,16,3,0
0.0,1,16,3,0
0.259551893811357,0,16,3,0
0.0,1,16,3,0
0.699952552752709,1,16,3,0
0.474867827439733,1,16,3,0
0.0,0,16,3,0
0.0,1,16,3,0
0.474867827439733,1,16,3,0
0.259551893811357,0,16,3,0
1.0,1,17,2,1
0.339259908857989,0,17,2,0
0.0,0,17,2,0
0.339259908857989,1,17,2,0
0.339259908857989,1,17,2,0
0.339259908857989,0,17,2,0
0.516563385201703,1,17,2,0
0.339259908857989,1,17,2,0
0.339259908857989,1,17,2,0
0.339259908857989,1,17,2,0
0.197900879820768,0,17,2,0
0.197900879820768,0,17,2,0
0.0,0,17,2,0
0.516563385201703,0,17,2,0
0.339259908857989,1,17,2,0
0.197900879820768,0,17,2,0
0.339259908857989,0,17,2,0
0.339259908857989,0,17,2,0
0.197900879820768,0,17,2,0
0.339259908857989,1,17,2,0
0.339259908857989,0,17,2,0
0.0,0,17,2,0
0.0,0,17,2,0
0.339259908857989,0,17,2,0
0.0,1,17,2,0
0.0,0,17,2,0
0.339259908857989,0,17,2,0
0.197900879820768,0,17,2,0
0.197900879820768,0,17,2,0
0.0,0,17,2,0
0.0,0,17,2,0
0.197900879820768,0,17,2,0
0.0,0,17,2,0
0.0,0,17,2,0
0.339259908857989,0,17,2,0
0.197900879820768,0,17,2,0
0.516563385201703,0,17,2,0
0.516563385201703,0,17,2,0
0.339259908857989,0,17,2,0
0.339259908857989,0,17,2,0
0.339259908857989,1,17,2,0
0.516563385201703,1,17,2,0
0.197900879820768,0,17,2,0
0.0,0,17,2,0
0.0,0,17,2,0
0.516563385201703,0,17,2,0
0.339259908857989,0,17,2,0
0.0,0,17,2,0
0.0,0,17,2,0
0.0,0,17,2,0
0.339259908857989,0,17,2,0
0.197900879820768,0,17,2,0
0.0,0,17,2,0
0.0,0,17,2,0
0.339259908857989,0,17,2,0
0.197900879820768,0,17,2,0
0.0,0,17,2,0
0.197900879820768,0,17,2,0
0.0,0,17,2,0
0.0,0,17,2,0
0.339259908857989,0,17,2,0
0.0,0,17,2,0
0.339259908857989,0,17,2,0
0.0,0,17,2,0
0.516563385201703,0,17,2,0
0.516563385201703,0,17,2,0
0.339259908857989,0,17,2,0
0.197900879820768,0,17,2,0
0.0,0,17,2,0
0.0,0,17,2,0
0.197900879820768,0,17,2,0
0.339259908857989,0,17,2,0
0.0,0,17,2,0
0.0,0,17,2,0
0.0,0,17,2,0
0.197900879820768,0,17,2,0
0.0,0,17,2,0
0.0,0,17,2,0
0.339259908857989,0,17,2,0
0.0,0,17,2,0
0.197900879820768,0,17,2,0
0.339259908857989,0,17,2,0
0.0,0,17,2,0
0.339259908857989,0,17,2,0
0.0,0,17,2,0
0.0,0,17,2,0
0.0,0,17,2,0
0.0,0,17,2,0
0.0,0,17,2,0
0.0,0,17,2,0
0.0,0,17,2,0
0.197900879820768,0,17,2,0
0.0,1,17,2,0
0.197900879820768,0,17,2,0
0.0,0,17,2,0
0.197900879820768,0,17,2,0
0.339259908857989,0,17,2,0
0.516563385201703,0,17,2,0
0.516563385201703,0,17,2,0
0.339259908857989,0,17,2,0
0.197900879820768,0,17,2,0
1.0,1,17,3,1
1.0,1,17,3,1
1.0,1,17,3,1
1.0,1,17,3,1
1.0,1,17,3,1
1.0,1,17,3,1
1.0,1,17,3,1
1.0,1,17,3,1
1.0,1,17,3,1
1.0,1,17,3,1
1.0,1,17,3,1
1.0,1,17,3,1
1.0,1,17,3,1
1.0,1,17,3,1
1.0,1,17,3,1
1.0,1,17,3,1
1.0,1,17,3,1
1.0,1,17,3,1
1.0,1,17,3,1
1.0,1,17,3,1
0.479276279612716,1,17,3,0
0.479276279612716,0,17,3,0
0.479276279612716,1,17,3,0
0.479276279612716,1,17,3,0
0.479276279612716,1,17,3,0
0.0609957118540467,1,17,3,0
0.928782213618663,1,17,3,0
0.479276279612716,1,17,3,0
0.479276279612716,0,17,3,0
0.928782213618663,0,17,3,0
0.479276279612716,1,17,3,0
0.0609957118540467,1,17,3,0
0.479276279612716,1,17,3,0
0.0,0,17,3,0
0.479276279612716,0,17,3,0
0.0,0,17,3,0
0.0609957118540467,0,17,3,0
0.479276279612716,1,17,3,0
0.479276279612716,1,17,3,0
0.0609957118540467,1,17,3,0
0.0,0,17,3,0
0.928782213618663,1,17,3,0
0.0,0,17,3,0
0.479276279612716,0,17,3,0
0.479276279612716,1,17,3,0
0.0,0,17,3,0
0.0,0,17,3,0
0.0609957118540467,1,17,3,0
0.928782213618663,1,17,3,0
0.0609957118540467,0,17,3,0
0.0,0,17,3,0
0.479276279612716,0,17,3,0
0.0,0,17,3,0
0.0609957118540467,0,17,3,0
0.479276279612716,1,17,3,0
0.479276279612716,1,17,3,0
0.0,0,17,3,0
0.479276279612716,1,17,3,0
0.0609957118540467,1,17,3,0
0.0,0,17,3,0
0.479276279612716,0,17,3,0
0.0,0,17,3,0
0.0,0,17,3,0
0.0,0,17,3,0
0.479276279612716,0,17,3,0
0.0609957118540467,0,17,3,0
0.0,0,17,3,0
0.0609957118540467,0,17,3,0
0.0,0,17,3,0
0.0,0,17,3,0
0.0,0,17,3,0
0.0609957118540467,0,17,3,0
0.479276279612716,0,17,3,0
0.0,0,17,3,0
0.0,0,17,3,0
0.0609957118540467,0,17,3,0
0.928782213618663,0,17,3,0
0.0,0,17,3,0
0.928782213618663,0,17,3,0
0.479276279612716,0,17,3,0
0.0,1,17,3,0
0.0,0,17,3,0
0.0,0,17,3,0
0.0,0,17,3,0
0.0,0,17,3,0
0.479276279612716,0,17,3,0
0.0,0,17,3,0
0.0609957118540467,0,17,3,0
0.0,0,17,3,0
0.928782213618663,0,17,3,0
0.479276279612716,0,17,3,0
0.0,0,17,3,0
0.0609957118540467,0,17,3,0
0.0,0,17,3,0
0.479276279612716,1,17,3,0
0.928782213618663,1,17,3,0
0.0609957118540467,0,17,3,0
0.0,0,17,3,0
0.0609957118540467,1,17,3,0
0.479276279612716,1,17,3,0
0.479276279612716,1,17,3,0
0.0609957118540467,1,17,3,0
0.0,0,17,3,0
0.928782213618663,1,17,3,0
0.0,0,17,3,0
0.0,0,17,3,0
0.0609957118540467,1,17,3,0
0.0,0,17,3,0
0.0,0,17,3,0
0.0,0,17,3,0
0.479276279612716,0,17,3,0
0.0609957118540467,0,17,3,0
0.0,0,17,3,0
0.0,0,17,3,0
0.928782213618663,1,17,3,0
0.479276279612716,1,17,3,0
0.0609957118540467,1,17,3,0
0.0,0,17,3,0
0.479276279612716,1,17,3,0
0.0,0,17,3,0
1.0,1,18,2,1
0.339691507857257,0,18,2,0
0.489290048660613,1,18,2,0
0.489290048660613,1,18,2,0
0.489290048660613,0,18,2,0
0.489290048660613,1,18,2,0
0.489290048660613,1,18,2,0
0.0,0,18,2,0
0.339691507857257,0,18,2,0
0.640831875208936,1,18,2,0
0.489290048660613,1,18,2,0
0.0,0,18,2,0
0.489290048660613,1,18,2,0
0.640831875208936,1,18,2,0
0.339691507857257,1,18,2,0
0.489290048660613,1,18,2,0
0.489290048660613,1,18,2,0
0.339691507857257,0,18,2,0
0.489290048660613,0,18,2,0
0.489290048660613,1,18,2,0
0.489290048660613,1,18,2,0
0.339691507857257,0,18,2,0
0.489290048660613,1,18,2,0
0.339691507857257,0,18,2,0
0.640831875208936,1,18,2,0
0.489290048660613,1,18,2,0
0.489290048660613,1,18,2,0
0.0,0,18,2,0
0.489290048660613,1,18,2,0
0.0,0,18,2,0
0.0,0,18,2,0
0.339691507857257,1,18,2,0
0.0,1,18,2,0
0.0,1,18,2,0
0.0,1,18,2,0
0.0,0,18,2,0
0.339691507857257,1,18,2,0
0.640831875208936,1,18,2,0
0.489290048660613,1,18,2,0
0.489290048660613,1,18,2,0
0.0,1,18,2,0
0.339691507857257,1,18,2,0
0.0,1,18,2,0
0.489290048660613,1,18,2,0
0.0,1,18,2,0
0.0,0,18,2,0
0.489290048660613,1,18,2,0
0.0,1,18,2,0
0.339691507857257,1,18,2,0
0.640831875208936,1,18,2,0
0.0,1,18,2,0
0.489290048660613,1,18,2,0
0.0,1,18,2,0
0.339691507857257,0,18,2,0
0.0,1,18,2,0
0.0,0,18,2,0
0.489290048660613,1,18,2,0
0.640831875208936,1,18,2,0
0.0,1,18,2,0
0.339691507857257,1,18,2,0
0.0,0,18,2,0
0.0,1,18,2,0
0.0,0,18,2,0
0.339691507857257,1,18,2,0
0.489290048660613,1,18,2,0
0.0,0,18,2,0
0.339691507857257,0,18,2,0
0.489290048660613,1,18,2,0
0.489290048660613,1,18,2,0
0.0,0,18,2,0
0.0,0,18,2,0
0.0,1,18,2,0
0.640831875208936,1,18,2,0
0.0,0,18,2,0
0.339691507857257,0,18,2,0
0.640831875208936,1,18,2,0
0.0,1,18,2,0
0.489290048660613,1,18,2,0
0.0,1,18,2,0
0.339691507857257,1,18,2,0
0.0,1,18,2,0
0.0,1,18,2,0
0.489290048660613,1,18,2,0
0.640831875208936,1,18,2,0
0.0,1,18,2,0
0.0,1,18,2,0
0.0,0,18,2,0
0.339691507857257,1,18,2,0
0.0,1,18,2,0
0.0,1,18,2,0
0.489290048660613,1,18,2,0
0.339691507857257,1,18,2,0
0.0,1,18,2,0
0.0,1,18,2,0
0.640831875208936,1,18,2,0
0.0,1,18,2,0
0.489290048660613,1,18,2,0
0.0,1,18,2,0
0.339691507857257,0,18,2,0
0.339691507857257,1,18,2,0
0.489290048660613,1,18,2,0
1.0,1,18,3,1
1.0,1,18,3,1
1.0,1,18,3,1
1.0,1,18,3,1
1.0,1,18,3,1
1.0,1,18,3,1
1.0,1,18,3,1
1.0,1,18,3,1
1.0,1,18,3,1
1.0,1,18,3,1
1.0,1,18,3,1
1.0,1,18,3,1
1.0,1,18,3,1
1.0,1,18,3,1
1.0,1,18,3,1
1.0,1,18,3,1
1.0,1,18,3,1
1.0,1,18,3,1
1.0,1,18,3,1
1.0,1,18,3,1
0.56342180801907,1,18,3,0
0.56342180801907,0,18,3,0
0.0,0,18,3,0
0.216778698501795,0,18,3,0
0.56342180801907,0,18,3,0
0.56342180801907,0,18,3,0
0.216778698501795,0,18,3,0
0.857497707344873,0,18,3,0
0.56342180801907,0,18,3,0
0.56342180801907,0,18,3,0
0.216778698501795,0,18,3,0
0.0,0,18,3,0
0.56342180801907,0,18,3,0
0.857497707344873,1,18,3,0
0.56342180801907,1,18,3,0
0.56342180801907,0,18,3,0
0.56342180801907,0,18,3,0
0.216778698501795,0,18,3,0
0.56342180801907,0,18,3,0
0.56342180801907,0,18,3,0
0.56342180801907,1,18,3,0
0.216778698501795,0,18,3,0
0.216778698501795,0,18,3,0
0.56342180801907,0,18,3,0
0.0,0,18,3,0
0.56342180801907,1,18,3,0
0.216778698501795,0,18,3,0
0.56342180801907,1,18,3,0
0.857497707344873,1,18,3,0
0.56342180801907,1,18,3,0
0.56342180801907,1,18,3,0
0.0,0,18,3,0
0.0,0,18,3,0
0.0,0,18,3,0
0.0,0,18,3,0
0.216778698501795,1,18,3,0
0.0,1,18,3,0
0.857497707344873,1,18,3,0
0.0,1,18,3,0
0.0,0,18,3,0
0.0,0,18,3,0
0.56342180801907,0,18,3,0
0.216778698501795,1,18,3,0
0.0,0,18,3,0
0.0,0,18,3,0
0.0,1,18,3,0
0.0,0,18,3,0
0.857497707344873,1,18,3,0
0.56342180801907,1,18,3,0
0.0,0,18,3,0
0.216778698501795,0,18,3,0
0.216778698501795,0,18,3,0
0.0,0,18,3,0
0.857497707344873,1,18,3,0
0.216778698501795,1,18,3,0
0.56342180801907,0,18,3,0
0.0,0,18,3,0
0.0,0,18,3,0
0.56342180801907,1,18,3,0
0.0,0,18,3,0
0.56342180801907,1,18,3,0
0.216778698501795,1,18,3,0
0.56342180801907,1,18,3,0
0.216778698501795,1,18,3,0
0.0,0,18,3,0
0.857497707344873,1,18,3,0
0.216778698501795,0,18,3,0
0.0,0,18,3,0
0.857497707344873,0,18,3,0
0.56342180801907,0,18,3,0
0.216778698501795,0,18,3,0
0.0,0,18,3,0
0.0,0,18,3,0
0.0,0,18,3,0
0.0,0,18,3,0
0.0,0,18,3,0
0.56342180801907,0,18,3,0
0.0,0,18,3,0
0.0,0,18,3,0
0.0,0,18,3,0
0.216778698501795,0,18,3,0
0.216778698501795,1,18,3,0
0.0,0,18,3,0
0.0,0,18,3,0
0.0,0,18,3,0
0.56342180801907,0,18,3,0
0.857497707344873,0,18,3,0
0.216778698501795,0,18,3,0
0.56342180801907,0,18,3,0
0.0,0,18,3,0
0.0,0,18,3,0
0.857497707344873,0,18,3,0
0.0,0,18,3,0
0.0,0,18,3,0
0.0,0,18,3,0
0.56342180801907,0,18,3,0
0.216778698501795,0,18,3,0
0.56342180801907,1,18,3,0
0.0,0,18,3,0
0.0,0,18,3,0
1.0,1,19,2,1
0.978006379067035,1,19,2,0
0.5930869804098,1,19,2,0
0.5930869804098,1,19,2,0
0.5930869804098,1,19,2,0
0.5930869804098,1,19,2,0
0.978006379067035,1,19,2,0
0.5930869804098,1,19,2,0
0.5930869804098,1,19,2,0
0.0455954151479121,1,19,2,0
0.5930869804098,1,19,2,0
0.0455954151479121,1,19,2,0
0.0455954151479121,1,19,2,0
0.5930869804098,0,19,2,0
0.5930869804098,1,19,2,0
0.0455954151479121,1,19,2,0
0.0,0,19,2,0
0.0,0,19,2,0
0.5930869804098,1,19,2,0
0.5930869804098,1,19,2,0
0.5930869804098,1,19,2,0
0.5930869804098,1,19,2,0
0.5930869804098,1,19,2,0
0.0,0,19,2,0
0.0,0,19,2,0
0.0455954151479121,1,19,2,0
0.0455954151479121,1,19,2,0
0.0,0,19,2,0
0.0455954151479121,1,19,2,0
0.0,0,19,2,0
0.0,0,19,2,0
0.5930869804098,1,19,2,0
0.5930869804098,0,19,2,0
0.978006379067035,1,19,2,0
0.0455954151479121,1,19,2,0
0.978006379067035,1,19,2,0
0.0,0,19,2,0
0.5930869804098,1,19,2,0
0.5930869804098,1,19,2,0
0.0,0,19,2,0
0.0,0,19,2,0
0.0,0,19,2,0
0.978006379067035,1,19,2,0
0.0,0,19,2,0
0.0,0,19,2,0
0.0455954151479121,1,19,2,0
0.0455954151479121,1,19,2,0
0.978006379067035,1,19,2,0
0.0,1,19,2,0
0.0,0,19,2,0
0.0455954151479121,1,19,2,0
0.0,0,19,2,0
0.0,1,19,2,0
0.0,1,19,2,0
0.5930869804098,1,19,2,0
0.0,1,19,2,0
0.5930869804098,1,19,2,0
0.0455954151479121,1,19,2,0
0.5930869804098,1,19,2,0
0.5930869804098,1,19,2,0
0.0,0,19,2,0
0.0455954151479121,1,19,2,0
0.5930869804098,1,19,2,0
0.5930869804098,1,19,2,0
0.5930869804098,1,19,2,0
0.0,0,19,2,0
0.978006379067035,1,19,2,0
0.0,0,19,2,0
0.0,0,19,2,0
0.0455954151479121,1,19,2,0
0.0,1,19,2,0
0.0,0,19,2,0
0.0455954151479121,1,19,2,0
0.0,1,19,2,0
0.0,0,19,2,0
0.0,0,19,2,0
0.5930869804098,1,19,2,0
0.978006379067035,1,19,2,0
0.0455954151479121,1,19,2,0
0.0,1,19,2,0
0.0,0,19,2,0
0.5930869804098,1,19,2,0
0.0455954151479121,1,19,2,0
0.0,0,19,2,0
0.5930869804098,1,19,2,0
0.0,0,19,2,0
0.978006379067035,1,19,2,0
0.5930869804098,1,19,2,0
0.0455954151479121,1,19,2,0
0.0,1,19,2,0
0.978006379067035,1,19,2,0
0.0,0,19,2,0
0.0,0,19,2,0
0.0,0,19,2,0
0.0,0,19,2,0
0.0,0,19,2,0
0.0,0,19,2,0
0.0,0,19,2,0
0.5930869804098,1,19,2,0
0.0455954151479121,1,19,2,0
0.0455954151479121,1,19,2,0
1.0,1,19,3,1
1.0,1,19,3,1
1.0,1,19,3,1
1.0,1,19,3,1
1.0,1,19,3,1
1.0,1,19,3,1
1.0,1,19,3,1
1.0,1,19,3,1
1.0,1,19,3,1
1.0,1,19,3,1
1.0,1,19,3,1
1.0,1,19,3,1
1.0,1,19,3,1
1.0,1,19,3,1
1.0,1,19,3,1
1.0,1,19,3,1
1.0,1,19,3,1
1.0,1,19,3,1
1.0,1,19,3,1
1.0,1,19,3,1
0.174976225876004,0,19,3,0
0.174976225876004,1,19,3,0
0.174976225876004,0,19,3,0
0.174976225876004,1,19,3,0
0.132484106988532,0,19,3,0
0.227522624386567,0,19,3,0
0.174976225876004,0,19,3,0
0.132484106988532,0,19,3,0
0.174976225876004,0,19,3,0
0.174976225876004,0,19,3,0
0.227522624386567,0,19,3,0
0.132484106988532,0,19,3,0
0.174976225876004,1,19,3,0
0.174976225876004,0,19,3,0
0.174976225876004,0,19,3,0
0.174976225876004,0,19,3,0
0.174976225876004,0,19,3,0
0.0,0,19,3,0
0.132484106988532,0,19,3,0
0.0,0,19,3,0
0.0,1,19,3,0
0.174976225876004,0,19,3,0
0.174976225876004,1,19,3,0
0.174976225876004,0,19,3,0
0.0,0,19,3,0
0.174976225876004,1,19,3,0
0.132484106988532,1,19,3,0
0.174976225876004,0,19,3,0
0.132484106988532,0,19,3,0
0.227522624386567,0,19,3,0
0.174976225876004,0,19,3,0
0.0,0,19,3,0
0.0,1,19,3,0
0.0,0,19,3,0
0.227522624386567,0,19,3,0
0.0,0,19,3,0
0.0,0,19,3,0
0.0,1,19,3,0
0.132484106988532,0,19,3,0
0.132484106988532,0,19,3,0
0.0,0,19,3,0
0.0,0,19,3,0
0.0,0,19,3,0
0.0,0,19,3,0
0.174976225876004,0,19,3,0
0.132484106988532,1,19,3,0
0.174976225876004,0,19,3,0
0.0,0,19,3,0
0.0,0,19,3,0
0.132484106988532,0,19,3,0
0.0,0,19,3,0
0.174976225876004,0,19,3,0
0.227522624386567,0,19,3,0
0.132484106988532,0,19,3,0
0.227522624386567,0,19,3,0
0.132484106988532,0,19,3,0
0.0,0,19,3,0
0.0,1,19,3,0
0.174976225876004,0,19,3,0
0.0,0,19,3,0
0.174976225876004,0,19,3,0
0.0,0,19,3,0
0.0,1,19,3,0
0.132484106988532,0,19,3,0
0.174976225876004,0,19,3,0
0.132484106988532,0,19,3,0
0.0,0,19,3,0
0.0,0,19,3,0
0.0,0,19,3,0
0.0,0,19,3,0
0.174976225876004,0,19,3,0
0.174976225876004,0,19,3,0
0.227522624386567,0,19,3,0
0.132484106988532,0,19,3,0
0.227522624386567,0,19,3,0
0.0,0,19,3,0
0.132484106988532,0,19,3,0
0.0,0,19,3,0
0.0,0,19,3,0
0.0,0,19,3,0
0.0,0,19,3,0
0.0,0,19,3,0
0.0,0,19,3,0
0.0,0,19,3,0
0.0,0,19,3,0
0.0,0,19,3,0
0.174976225876004,0,19,3,0
0.174976225876004,0,19,3,0
0.0,0,19,3,0
0.0,0,19,3,0
0.132484106988532,0,19,3,0
0.132484106988532,0,19,3,0
0.132484106988532,0,19,3,0
0.0,0,19,3,0
0.174976225876004,0,19,3,0
0.0,0,19,3,0
0.227522624386567,1,19,3,0
0.132484106988532,0,19,3,0
0.174976225876004,0,19,3,0
0.227522624386567,0,19,3,0
1.0,1,23,1,1
0.587077652050951,1,23,1,0
0.0,0,23,1,0
0.762738032143228,0,23,1,0
0.386048086631263,0,23,1,0
0.587077652050951,0,23,1,0
0.587077652050951,1,23,1,0
0.0,0,23,1,0
0.587077652050951,1,23,1,0
0.386048086631263,0,23,1,0
0.386048086631263,0,23,1,0
0.386048086631263,1,23,1,0
0.587077652050951,1,23,1,0
0.587077652050951,1,23,1,0
0.587077652050951,1,23,1,0
0.587077652050951,1,23,1,0
0.587077652050951,0,23,1,0
0.587077652050951,0,23,1,0
0.762738032143228,0,23,1,0
0.587077652050951,0,23,1,0
0.587077652050951,0,23,1,0
0.587077652050951,1,23,1,0
0.587077652050951,0,23,1,0
0.0,0,23,1,0
0.0,0,23,1,0
0.386048086631263,0,23,1,0
0.587077652050951,0,23,1,0
0.762738032143228,1,23,1,0
0.386048086631263,0,23,1,0
0.0,0,23,1,0
0.587077652050951,0,23,1,0
0.587077652050951,0,23,1,0
0.0,0,23,1,0
0.0,0,23,1,0
0.386048086631263,0,23,1,0
0.0,0,23,1,0
0.386048086631263,1,23,1,0
0.0,0,23,1,0
0.587077652050951,0,23,1,0
0.0,0,23,1,0
0.762738032143228,0,23,1,0
0.0,0,23,1,0
0.0,0,23,1,0
0.386048086631263,1,23,1,0
0.0,0,23,1,0
0.0,0,23,1,0
0.762738032143228,0,23,1,0
0.386048086631263,0,23,1,0
0.0,0,23,1,0
0.587077652050951,0,23,1,0
0.0,0,23,1,0
0.0,0,23,1,0
0.386048086631263,0,23,1,0
0.0,0,23,1,0
0.386048086631263,0,23,1,0
0.587077652050951,0,23,1,0
0.0,0,23,1,0
0.762738032143228,0,23,1,0
0.587077652050951,0,23,1,0
0.0,0,23,1,0
0.587077652050951,0,23,1,0
0.386048086631263,0,23,1,0
0.0,0,23,1,0
0.386048086631263,0,23,1,0
0.587077652050951,0,23,1,0
0.762738032143228,0,23,1,0
0.587077652050951,1,23,1,0
0.762738032143228,0,23,1,0
0.587077652050951,0,23,1,0
0.386048086631263,0,23,1,0
0.0,0,23,1,0
0.0,0,23,1,0
0.386048086631263,0,23,1,0
0.0,0,23,1,0
0.0,0,23,1,0
0.0,0,23,1,0
0.0,0,23,1,0
0.0,0,23,1,0
0.0,0,23,1,0
0.0,0,23,1,0
0.587077652050951,0,23,1,0
0.0,0,23,1,0
0.386048086631263,0,23,1,0
0.587077652050951,0,23,1,0
0.0,0,23,1,0
0.587077652050951,0,23,1,0
0.0,0,23,1,0
0.0,0,23,1,0
0.0,0,23,1,0
0.386048086631263,0,23,1,0
0.587077652050951,0,23,1,0
0.762738032143228,0,23,1,0
0.386048086631263,0,23,1,0
0.762738032143228,1,23,1,0
0.386048086631263,0,23,1,0
0.0,0,23,1,0
0.587077652050951,0,23,1,0
0.0,1,23,1,0
0.0,0,23,1,0
0.0,1,23,1,0
0.0,1,23,1,0
1.0,1,23,4,1
1.0,1,23,4,1
1.0,1,23,4,1
1.0,1,23,4,1
1.0,1,23,4,1
1.0,1,23,4,1
1.0,1,23,4,1
1.0,1,23,4,1
1.0,1,23,4,1
1.0,1,23,4,1
1.0,1,23,4,1
1.0,1,23,4,1
1.0,1,23,4,1
1.0,1,23,4,1
1.0,1,23,4,1
1.0,1,23,4,1
1.0,1,23,4,1
1.0,1,23,4,1
1.0,1,23,4,1
1.0,1,23,4,1
0.462292014943331,1,23,4,0
0.462292014943331,1,23,4,0
0.0510702557576176,1,23,4,0
0.462292014943331,1,23,4,0
0.0510702557576176,0,23,4,0
0.462292014943331,1,23,4,0
0.932131049235618,1,23,4,0
0.462292014943331,1,23,4,0
0.462292014943331,1,23,4,0
0.462292014943331,1,23,4,0
0.0510702557576176,0,23,4,0
0.462292014943331,1,23,4,0
0.0,0,23,4,0
0.462292014943331,1,23,4,0
0.462292014943331,1,23,4,0
0.0510702557576176,1,23,4,0
0.932131049235618,1,23,4,0
0.462292014943331,1,23,4,0
0.462292014943331,1,23,4,0
0.0,1,23,4,0
0.462292014943331,1,23,4,0
0.0,1,23,4,0
0.0510702557576176,1,23,4,0
0.0,0,23,4,0
0.0510702557576176,1,23,4,0
0.0,0,23,4,0
0.462292014943331,1,23,4,0
0.932131049235618,1,23,4,0
0.0,0,23,4,0
0.0,0,23,4,0
0.462292014943331,1,23,4,0
0.462292014943331,1,23,4,0
0.0510702557576176,1,23,4,0
0.462292014943331,1,23,4,0
0.462292014943331,1,23,4,0
0.0,0,23,4,0
0.0,0,23,4,0
0.0510702557576176,0,23,4,0
0.0,0,23,4,0
0.932131049235618,0,23,4,0
0.462292014943331,0,23,4,0
0.0510702557576176,0,23,4,0
0.462292014943331,1,23,4,0
0.0,1,23,4,0
0.0510702557576176,0,23,4,0
0.932131049235618,1,23,4,0
0.0,0,23,4,0
0.0,0,23,4,0
0.462292014943331,1,23,4,0
0.0510702557576176,1,23,4,0
0.0,1,23,4,0
0.0,0,23,4,0
0.0,0,23,4,0
0.0,1,23,4,0
0.462292014943331,0,23,4,0
0.0,1,23,4,0
0.0,1,23,4,0
0.932131049235618,1,23,4,0
0.0510702557576176,0,23,4,0
0.0,1,23,4,0
0.0510702557576176,1,23,4,0
0.0,0,23,4,0
0.932131049235618,0,23,4,0
0.0,0,23,4,0
0.0,0,23,4,0
0.0510702557576176,0,23,4,0
0.932131049235618,1,23,4,0
0.0510702557576176,1,23,4,0
0.0,0,23,4,0
0.462292014943331,1,23,4,0
0.0,0,23,4,0
0.0,0,23,4,0
0.0,0,23,4,0
0.462292014943331,1,23,4,0
0.0,0,23,4,0
0.462292014943331,1,23,4,0
0.0510702557576176,1,23,4,0
0.0,1,23,4,0
0.462292014943331,1,23,4,0
0.0,1,23,4,0
0.0,0,23,4,0
0.462292014943331,1,23,4,0
0.0,1,23,4,0
0.932131049235618,0,23,4,0
0.0,0,23,4,0
0.0,0,23,4,0
0.0510702557576176,1,23,4,0
0.462292014943331,1,23,4,0
0.0,1,23,4,0
0.932131049235618,1,23,4,0
0.0,0,23,4,0
0.0510702557576176,1,23,4,0
0.0,1,23,4,0
0.0510702557576176,1,23,4,0
0.0510702557576176,1,23,4,0
0.0,1,23,4,0
0.462292014943331,0,23,4,0
0.0,1,23,4,0
0.462292014943331,1,23,4,0
0.0,0,23,4,0
1.0,1,24,2,1
0.528826476347486,1,24,2,0
0.658392351425692,1,24,2,0
0.658392351425692,1,24,2,0
0.658392351425692,1,24,2,0
0.658392351425692,1,24,2,0
0.658392351425692,1,24,2,0
0.658392351425692,1,24,2,0
0.0,0,24,2,0
0.658392351425692,1,24,2,0
0.658392351425692,1,24,2,0
0.658392351425692,1,24,2,0
0.658392351425692,1,24,2,0
0.0,0,24,2,0
0.528826476347486,0,24,2,0
0.658392351425692,1,24,2,0
0.658392351425692,0,24,2,0
0.528826476347486,1,24,2,0
0.767962596014199,1,24,2,0
0.767962596014199,1,24,2,0
0.528826476347486,1,24,2,0
0.658392351425692,1,24,2,0
0.0,0,24,2,0
0.0,0,24,2,0
0.528826476347486,1,24,2,0
0.0,0,24,2,0
0.658392351425692,1,24,2,0
0.528826476347486,1,24,2,0
0.0,0,24,2,0
0.528826476347486,1,24,2,0
0.0,0,24,2,0
0.658392351425692,1,24,2,0
0.0,0,24,2,0
0.658392351425692,1,24,2,0
0.658392351425692,1,24,2,0
0.0,1,24,2,0
0.767962596014199,1,24,2,0
0.528826476347486,1,24,2,0
0.767962596014199,1,24,2,0
0.0,1,24,2,0
0.658392351425692,1,24,2,0
0.0,0,24,2,0
0.528826476347486,1,24,2,0
0.767962596014199,1,24,2,0
0.0,1,24,2,0
0.658392351425692,1,24,2,0
0.0,1,24,2,0
0.528826476347486,0,24,2,0
0.0,1,24,2,0
0.528826476347486,1,24,2,0
0.0,1,24,2,0
0.658392351425692,1,24,2,0
0.0,1,24,2,0
0.0,1,24,2,0
0.528826476347486,1,24,2,0
0.0,0,24,2,0
0.658392351425692,1,24,2,0
0.767962596014199,1,24,2,0
0.658392351425692,1,24,2,0
0.0,1,24,2,0
0.0,1,24,2,0
0.658392351425692,1,24,2,0
0.0,0,24,2,0
0.528826476347486,0,24,2,0
0.0,0,24,2,0
0.658392351425692,1,24,2,0
0.0,0,24,2,0
0.0,0,24,2,0
0.767962596014199,1,24,2,0
0.528826476347486,1,24,2,0
0.658392351425692,1,24,2,0
0.0,0,24,2,0
0.767962596014199,1,24,2,0
0.0,0,24,2,0
0.0,0,24,2,0
0.528826476347486,1,24,2,0
0.0,0,24,2,0
0.0,0,24,2,0
0.0,0,24,2,0
0.658392351425692,1,24,2,0
0.528826476347486,1,24,2,0
0.658392351425692,0,24,2,0
0.0,0,24,2,0
0.658392351425692,0,24,2,0
0.658392351425692,1,24,2,0
0.0,0,24,2,0
0.528826476347486,1,24,2,0
0.0,1,24,2,0
0.528826476347486,1,24,2,0
0.0,1,24,2,0
0.767962596014199,1,24,2,0
0.767962596014199,1,24,2,0
0.658392351425692,1,24,2,0
0.0,0,24,2,0
0.0,0,24,2,0
0.0,0,24,2,0
0.528826476347486,1,24,2,0
0.0,1,24,2,0
0.0,1,24,2,0
0.0,1,24,2,0
0.528826476347486,1,24,2,0
1.0,1,24,3,1
1.0,1,24,3,1
1.0,1,24,3,1
1.0,1,24,3,1
1.0,1,24,3,1
1.0,1,24,3,1
1.0,1,24,3,1
1.0,1,24,3,1
1.0,1,24,3,1
1.0,1,24,3,1
1.0,1,24,3,1
1.0,1,24,3,1
1.0,1,24,3,1
1.0,1,24,3,1
1.0,1,24,3,1
1.0,1,24,3,1
1.0,1,24,3,1
1.0,1,24,3,1
1.0,1,24,3,1
1.0,1,24,3,1
0.446160922563626,1,24,3,0
0.224102089973532,1,24,3,0
0.446160922563626,1,24,3,0
0.446160922563626,1,24,3,0
0.692009405891742,1,24,3,0
0.446160922563626,1,24,3,0
0.446160922563626,1,24,3,0
0.0,0,24,3,0
0.224102089973532,0,24,3,0
0.446160922563626,1,24,3,0
0.0,0,24,3,0
0.446160922563626,1,24,3,0
0.446160922563626,1,24,3,0
0.224102089973532,0,24,3,0
0.224102089973532,1,24,3,0
0.446160922563626,0,24,3,0
0.692009405891742,1,24,3,0
0.446160922563626,1,24,3,0
0.446160922563626,1,24,3,0
0.446160922563626,0,24,3,0
0.446160922563626,0,24,3,0
0.0,0,24,3,0
0.446160922563626,1,24,3,0
0.446160922563626,1,24,3,0
0.692009405891742,1,24,3,0
0.224102089973532,1,24,3,0
0.0,0,24,3,0
0.0,0,24,3,0
0.0,0,24,3,0
0.224102089973532,1,24,3,0
0.224102089973532,0,24,3,0
0.446160922563626,1,24,3,0
0.0,0,24,3,0
0.692009405891742,1,24,3,0
0.0,0,24,3,0
0.0,0,24,3,0
0.446160922563626,1,24,3,0
0.446160922563626,1,24,3,0
0.0,1,24,3,0
0.224102089973532,1,24,3,0
0.0,0,24,3,0
0.0,0,24,3,0
0.0,0,24,3,0
0.224102089973532,0,24,3,0
0.446160922563626,1,24,3,0
0.692009405891742,1,24,3,0
0.0,0,24,3,0
0.224102089973532,1,24,3,0
0.0,1,24,3,0
0.692009405891742,1,24,3,0
0.224102089973532,1,24,3,0
0.446160922563626,1,24,3,0
0.0,0,24,3,0
0.224102089973532,1,24,3,0
0.0,0,24,3,0
0.0,0,24,3,0
0.446160922563626,1,24,3,0
0.446160922563626,1,24,3,0
0.0,0,24,3,0
0.0,0,24,3,0
0.224102089973532,0,24,3,0
0.446160922563626,1,24,3,0
0.0,0,24,3,0
0.224102089973532,1,24,3,0
0.0,0,24,3,0
0.224102089973532,1,24,3,0
0.446160922563626,1,24,3,0
0.0,0,24,3,0
0.446160922563626,1,24,3,0
0.224102089973532,1,24,3,0
0.0,0,24,3,0
0.692009405891742,1,24,3,0
0.692009405891742,1,24,3,0
0.446160922563626,1,24,3,0
0.0,0,24,3,0
0.0,1,24,3,0
0.0,1,24,3,0
0.0,0,24,3,0
0.0,0,24,3,0
0.0,0,24,3,0
0.224102089973532,1,24,3,0
0.0,0,24,3,0
0.0,0,24,3,0
0.0,0,24,3,0
0.0,0,24,3,0
0.0,0,24,3,0
0.0,1,24,3,0
0.446160922563626,1,24,3,0
0.446160922563626,1,24,3,0
0.224102089973532,1,24,3,0
0.0,1,24,3,0
0.692009405891742,1,24,3,0
0.224102089973532,1,24,3,0
0.0,1,24,3,0
0.446160922563626,1,24,3,0
0.446160922563626,1,24,3,0
0.0,1,24,3,0
0.692009405891742,1,24,3,0
0.0,0,24,3,0
0.224102089973532,1,24,3,0
1.0,1,25,1,1
0.694256658283299,1,25,1,0
0.59602450777087,1,25,1,0
0.59602450777087,1,25,1,0
0.489441426726862,0,25,1,0
0.489441426726862,1,25,1,0
0.59602450777087,1,25,1,0
0.59602450777087,1,25,1,0
0.0,1,25,1,0
0.59602450777087,1,25,1,0
0.59602450777087,1,25,1,0
0.59602450777087,1,25,1,0
0.489441426726862,1,25,1,0
0.694256658283299,1,25,1,0
0.59602450777087,1,25,1,0
0.59602450777087,1,25,1,0
0.0,1,25,1,0
0.59602450777087,1,25,1,0
0.59602450777087,1,25,1,0
0.59602450777087,1,25,1,0
0.489441426726862,0,25,1,0
0.0,0,25,1,0
0.694256658283299,1,25,1,0
0.0,1,25,1,0
0.489441426726862,0,25,1,0
0.59602450777087,1,25,1,0
0.59602450777087,1,25,1,0
0.0,0,25,1,0
0.0,0,25,1,0
0.489441426726862,1,25,1,0
0.0,0,25,1,0
0.0,0,25,1,0
0.694256658283299,1,25,1,0
0.59602450777087,1,25,1,0
0.59602450777087,1,25,1,0
0.489441426726862,1,25,1,0
0.0,0,25,1,0
0.59602450777087,1,25,1,0
0.489441426726862,1,25,1,0
0.0,0,25,1,0
0.59602450777087,1,25,1,0
0.0,0,25,1,0
0.489441426726862,1,25,1,0
0.0,0,25,1,0
0.489441426726862,0,25,1,0
0.0,1,25,1,0
0.0,1,25,1,0
0.0,0,25,1,0
0.0,1,25,1,0
0.0,0,25,1,0
0.59602450777087,1,25,1,0
0.59602450777087,0,25,1,0
0.0,0,25,1,0
0.694256658283299,1,25,1,0
0.489441426726862,1,25,1,0
0.0,0,25,1,0
0.694256658283299,1,25,1,0
0.489441426726862,0,25,1,0
0.59602450777087,1,25,1,0
0.59602450777087,1,25,1,0
0.0,1,25,1,0
0.0,1,25,1,0
0.489441426726862,1,25,1,0
0.59602450777087,1,25,1,0
0.59602450777087,1,25,1,0
0.0,1,25,1,0
0.0,0,25,1,0
0.0,1,25,1,0
0.0,1,25,1,0
0.694256658283299,1,25,1,0
0.59602450777087,1,25,1,0
0.0,1,25,1,0
0.0,1,25,1,0
0.0,0,25,1,0
0.489441426726862,0,25,1,0
0.489441426726862,1,25,1,0
0.694256658283299,1,25,1,0
0.59602450777087,1,25,1,0
0.0,0,25,1,0
0.489441426726862,1,25,1,0
0.0,0,25,1,0
0.0,0,25,1,0
0.694256658283299,1,25,1,0
0.489441426726862,1,25,1,0
0.0,1,25,1,0
0.59602450777087,0,25,1,0
0.0,0,25,1,0
0.59602450777087,1,25,1,0
0.0,0,25,1,0
0.0,0,25,1,0
0.0,0,25,1,0
0.0,0,25,1,0
0.0,0,25,1,0
0.0,0,25,1,0
0.59602450777087,1,25,1,0
0.59602450777087,1,25,1,0
0.489441426726862,1,25,1,0
0.489441426726862,0,25,1,0
0.694256658283299,1,25,1,0
0.489441426726862,0,25,1,0
0.0,1,25,1,0
1.0,1,25,4,1
1.0,1,25,4,1
1.0,1,25,4,1
1.0,1,25,4,1
1.0,1,25,4,1
1.0,1,25,4,1
1.0,1,25,4,1
1.0,1,25,4,1
1.0,1,25,4,1
1.0,1,25,4,1
1.0,1,25,4,1
1.0,1,25,4,1
1.0,1,25,4,1
1.0,1,25,4,1
1.0,1,25,4,1
1.0,1,25,4,1
1.0,1,25,4,1
1.0,1,25,4,1
1.0,1,25,4,1
1.0,1,25,4,1
0.563122821506286,0,25,4,0
0.563122821506286,1,25,4,0
0.563122821506286,1,25,4,0
0.563122821506286,0,25,4,0
0.669413798502721,0,25,4,0
0.563122821506286,1,25,4,0
0.450699796034969,0,25,4,0
0.450699796034969,0,25,4,0
0.563122821506286,0,25,4,0
0.0,0,25,4,0
0.563122821506286,0,25,4,0
0.669413798502721,1,25,4,0
0.563122821506286,1,25,4,0
0.563122821506286,1,25,4,0
0.563122821506286,1,25,4,0
0.563122821506286,1,25,4,0
0.0,1,25,4,0
0.450699796034969,0,25,4,0
0.450699796034969,0,25,4,0
0.563122821506286,1,25,4,0
0.563122821506286,1,25,4,0
0.0,1,25,4,0
0.450699796034969,1,25,4,0
0.0,1,25,4,0
0.0,1,25,4,0
0.450699796034969,1,25,4,0
0.0,1,25,4,0
0.669413798502721,1,25,4,0
0.669413798502721,1,25,4,0
0.0,1,25,4,0
0.450699796034969,1,25,4,0
0.0,1,25,4,0
0.450699796034969,1,25,4,0
0.563122821506286,1,25,4,0
0.563122821506286,1,25,4,0
0.0,1,25,4,0
0.563122821506286,1,25,4,0
0.563122821506286,1,25,4,0
0.0,0,25,4,0
0.563122821506286,1,25,4,0
0.0,0,25,4,0
0.0,0,25,4,0
0.0,0,25,4,0
0.450699796034969,1,25,4,0
0.450699796034969,1,25,4,0
0.450699796034969,1,25,4,0
0.563122821506286,1,25,4,0
0.0,0,25,4,0
0.669413798502721,1,25,4,0
0.0,1,25,4,0
0.0,1,25,4,0
0.450699796034969,1,25,4,0
0.0,0,25,4,0
0.563122821506286,1,25,4,0
0.563122821506286,1,25,4,0
0.0,1,25,4,0
0.0,1,25,4,0
0.0,1,25,4,0
0.563122821506286,1,25,4,0
0.669413798502721,1,25,4,0
0.0,1,25,4,0
0.563122821506286,1,25,4,0
0.450699796034969,1,25,4,0
0.563122821506286,1,25,4,0
0.0,0,25,4,0
0.563122821506286,1,25,4,0
0.450699796034969,1,25,4,0
0.0,1,25,4,0
0.0,1,25,4,0
0.563122821506286,1,25,4,0
0.669413798502721,1,25,4,0
0.0,1,25,4,0
0.450699796034969,1,25,4,0
0.0,1,25,4,0
0.450699796034969,1,25,4,0
0.0,0,25,4,0
0.669413798502721,1,25,4,0
0.0,0,25,4,0
0.0,0,25,4,0
0.0,0,25,4,0
0.0,0,25,4,0
0.0,0,25,4,0
0.450699796034969,1,25,4,0
0.450699796034969,1,25,4,0
0.669413798502721,1,25,4,0
0.450699796034969,0,25,4,0
0.0,0,25,4,0
0.0,0,25,4,0
0.0,0,25,4,0
0.450699796034969,0,25,4,0
0.563122821506286,1,25,4,0
0.0,0,25,4,0
0.0,1,25,4,0
0.669413798502721,1,25,4,0
0.563122821506286,1,25,4,0
0.0,0,25,4,0
0.563122821506286,1,25,4,0
0.0,1,25,4,0
0.0,1,25,4,0
0.563122821506286,1,25,4,0
1.0,1,26,2,1
0.370342380981721,1,26,2,0
0.97763967374213,1,26,2,0
0.00785008790508364,1,26,2,0
0.00785008790508364,1,26,2,0
0.00785008790508364,1,26,2,0
0.00785008790508364,1,26,2,0
0.370342380981721,1,26,2,0
0.370342380981721,1,26,2,0
0.0,1,26,2,0
0.370342380981721,1,26,2,0
0.0,0,26,2,0
0.370342380981721,1,26,2,0
0.370342380981721,1,26,2,0
0.97763967374213,1,26,2,0
0.370342380981721,1,26,2,0
0.370342380981721,1,26,2,0
0.370342380981721,1,26,2,0
0.370342380981721,1,26,2,0
0.370342380981721,1,26,2,0
0.370342380981721,1,26,2,0
0.0,0,26,2,0
0.0,0,26,2,0
0.00785008790508364,1,26,2,0
0.97763967374213,1,26,2,0
0.370342380981721,1,26,2,0
0.00785008790508364,1,26,2,0
0.0,0,26,2,0
0.370342380981721,1,26,2,0
0.97763967374213,1,26,2,0
0.370342380981721,1,26,2,0
0.370342380981721,0,26,2,0
0.0,0,26,2,0
0.0,1,26,2,0
0.00785008790508364,1,26,2,0
0.0,0,26,2,0
0.370342380981721,1,26,2,0
0.0,0,26,2,0
0.0,0,26,2,0
0.00785008790508364,1,26,2,0
0.370342380981721,1,26,2,0
0.0,0,26,2,0
0.00785008790508364,1,26,2,0
0.0,0,26,2,0
0.0,0,26,2,0
0.0,0,26,2,0
0.97763967374213,1,26,2,0
0.370342380981721,1,26,2,0
0.370342380981721,1,26,2,0
0.00785008790508364,1,26,2,0
0.00785008790508364,1,26,2,0
0.0,0,26,2,0
0.370342380981721,1,26,2,0
0.370342380981721,1,26,2,0
0.00785008790508364,1,26,2,0
0.0,0,26,2,0
0.0,0,26,2,0
0.0,0,26,2,0
0.0,0,26,2,0
0.0,0,26,2,0
0.97763967374213,1,26,2,0
0.370342380981721,1,26,2,0
0.370342380981721,1,26,2,0
0.0,0,26,2,0
0.0,0,26,2,0
0.0,0,26,2,0
0.0,0,26,2,0
0.0,0,26,2,0
0.0,0,26,2,0
0.00785008790508364,1,26,2,0
0.0,0,26,2,0
0.0,0,26,2,0
0.97763967374213,1,26,2,0
0.00785008790508364,1,26,2,0
0.0,0,26,2,0
0.00785008790508364,1,26,2,0
0.0,0,26,2,0
0.00785008790508364,1,26,2,0
0.370342380981721,1,26,2,0
0.97763967374213,1,26,2,0
0.370342380981721,1,26,2,0
0.00785008790508364,1,26,2,0
0.0,0,26,2,0
0.00785008790508364,1,26,2,0
0.0,1,26,2,0
0.00785008790508364,1,26,2,0
0.370342380981721,1,26,2,0
0.0,0,26,2,0
0.0,1,26,2,0
0.370342380981721,1,26,2,0
0.0,0,26,2,0
0.0,1,26,2,0
0.0,0,26,2,0
0.370342380981721,1,26,2,0
0.0,0,26,2,0
0.0,0,26,2,0
0.0,1,26,2,0
0.97763967374213,1,26,2,0
0.97763967374213,1,26,2,0
0.00785008790508364,1,26,2,0
0.370342380981721,1,26,2,0
1.0,1,26,3,1
1.0,1,26,3,1
1.0,1,26,3,1
1.0,1,26,3,1
1.0,1,26,3,1
1.0,1,26,3,1
1.0,1,26,3,1
1.0,1,26,3,1
1.0,1,26,3,1
1.0,1,26,3,1
1.0,1,26,3,1
1.0,1,26,3,1
1.0,1,26,3,1
1.0,1,26,3,1
1.0,1,26,3,1
1.0,1,26,3,1
1.0,1,26,3,1
1.0,1,26,3,1
1.0,1,26,3,1
1.0,1,26,3,1
0.492788144509916,0,26,3,0
0.102534916415874,0,26,3,0
0.492788144509916,1,26,3,0
0.492788144509916,1,26,3,0
0.492788144509916,0,26,3,0
0.492788144509916,0,26,3,0
0.492788144509916,1,26,3,0
0.102534916415874,0,26,3,0
0.492788144509916,0,26,3,0
0.0,0,26,3,0
0.492788144509916,0,26,3,0
0.492788144509916,1,26,3,0
0.492788144509916,1,26,3,0
0.892032468272998,1,26,3,0
0.892032468272998,1,26,3,0
0.0,0,26,3,0
0.492788144509916,0,26,3,0
0.492788144509916,0,26,3,0
0.102534916415874,1,26,3,0
0.102534916415874,0,26,3,0
0.892032468272998,1,26,3,0
0.492788144509916,1,26,3,0
0.492788144509916,1,26,3,0
0.0,0,26,3,0
0.492788144509916,1,26,3,0
0.492788144509916,1,26,3,0
0.102534916415874,0,26,3,0
0.102534916415874,0,26,3,0
0.492788144509916,0,26,3,0
0.0,0,26,3,0
0.0,0,26,3,0
0.0,0,26,3,0
0.0,0,26,3,0
0.102534916415874,1,26,3,0
0.0,0,26,3,0
0.492788144509916,0,26,3,0
0.0,0,26,3,0
0.102534916415874,0,26,3,0
0.0,0,26,3,0
0.892032468272998,0,26,3,0
0.0,0,26,3,0
0.492788144509916,1,26,3,0
0.0,0,26,3,0
0.102534916415874,0,26,3,0
0.102534916415874,0,26,3,0
0.892032468272998,1,26,3,0
0.0,1,26,3,0
0.0,0,26,3,0
0.0,0,26,3,0
0.0,0,26,3,0
0.0,0,26,3,0
0.102534916415874,0,26,3,0
0.0,0,26,3,0
0.102534916415874,0,26,3,0
0.0,0,26,3,0
0.492788144509916,0,26,3,0
0.892032468272998,1,26,3,0
0.492788144509916,0,26,3,0
0.0,0,26,3,0
0.492788144509916,1,26,3,0
0.0,0,26,3,0
0.102534916415874,0,26,3,0
0.492788144509916,0,26,3,0
0.492788144509916,0,26,3,0
0.0,0,26,3,0
0.0,0,26,3,0
0.102534916415874,0,26,3,0
0.892032468272998,0,26,3,0
0.0,0,26,3,0
0.0,0,26,3,0
0.892032468272998,0,26,3,0
0.0,0,26,3,0
0.102534916415874,0,26,3,0
0.0,0,26,3,0
0.102534916415874,0,26,3,0
0.492788144509916,0,26,3,0
0.0,0,26,3,0
0.0,0,26,3,0
0.0,0,26,3,0
0.492788144509916,0,26,3,0
0.492788144509916,1,26,3,0
0.0,0,26,3,0
0.102534916415874,0,26,3,0
0.0,0,26,3,0
0.892032468272998,0,26,3,0
0.0,0,26,3,0
0.102534916415874,0,26,3,0
0.492788144509916,0,26,3,0
0.0,0,26,3,0
0.102534916415874,1,26,3,0
0.102534916415874,1,26,3,0
0.0,0,26,3,0
0.492788144509916,1,26,3,0
0.892032468272998,0,26,3,0
0.492788144509916,0,26,3,0
0.0,0,26,3,0
0.0,0,26,3,0
0.0,0,26,3,0
0.0,0,26,3,0
0.0,0,26,3,0
1.0,1,27,1,1
0.0,0,27,1,0
0.0474582949700804,0,27,1,0
0.956614643101248,1,27,1,0
0.0474582949700804,0,27,1,0
0.956614643101248,0,27,1,0
0.511747348635636,1,27,1,0
0.511747348635636,1,27,1,0
0.511747348635636,0,27,1,0
0.0,0,27,1,0
0.0474582949700804,0,27,1,0
0.511747348635636,0,27,1,0
0.511747348635636,1,27,1,0
0.511747348635636,0,27,1,0
0.511747348635636,0,27,1,0
0.511747348635636,1,27,1,0
0.0474582949700804,0,27,1,0
0.511747348635636,0,27,1,0
0.511747348635636,0,27,1,0
0.511747348635636,0,27,1,0
0.511747348635636,0,27,1,0
0.511747348635636,1,27,1,0
0.0474582949700804,0,27,1,0
0.511747348635636,0,27,1,0
0.0,0,27,1,0
0.956614643101248,0,27,1,0
0.0,0,27,1,0
0.0,0,27,1,0
0.0,0,27,1,0
0.511747348635636,1,27,1,0
0.956614643101248,0,27,1,0
0.0,1,27,1,0
0.0,0,27,1,0
0.0474582949700804,0,27,1,0
0.0,1,27,1,0
0.511747348635636,1,27,1,0
0.511747348635636,1,27,1,0
0.511747348635636,1,27,1,0
0.0,0,27,1,0
0.0474582949700804,0,27,1,0
0.0474582949700804,1,27,1,0
0.0,0,27,1,0
0.0474582949700804,0,27,1,0
0.0,1,27,1,0
0.0,1,27,1,0
0.0,1,27,1,0
0.0474582949700804,0,27,1,0
0.511747348635636,0,27,1,0
0.0,0,27,1,0
0.511747348635636,1,27,1,0
0.511747348635636,1,27,1,0
0.0,0,27,1,0
0.0,0,27,1,0
0.0474582949700804,0,27,1,0
0.511747348635636,0,27,1,0
0.956614643101248,1,27,1,0
0.0474582949700804,1,27,1,0
0.0,1,27,1,0
0.0,1,27,1,0
0.0,1,27,1,0
0.956614643101248,1,27,1,0
0.0,0,27,1,0
0.511747348635636,0,27,1,0
0.511747348635636,1,27,1,0
0.0,0,27,1,0
0.956614643101248,0,27,1,0
0.0,0,27,1,0
0.511747348635636,0,27,1,0
0.956614643101248,1,27,1,0
0.0474582949700804,1,27,1,0
0.0474582949700804,1,27,1,0
0.0,0,27,1,0
0.511747348635636,1,27,1,0
0.0,0,27,1,0
0.0,1,27,1,0
0.0,1,27,1,0
0.0,1,27,1,0
0.0474582949700804,0,27,1,0
0.0,1,27,1,0
0.0474582949700804,0,27,1,0
0.0,0,27,1,0
0.0474582949700804,1,27,1,0
0.0,0,27,1,0
0.0,1,27,1,0
0.956614643101248,0,27,1,0
0.0,0,27,1,0
0.0,0,27,1,0
0.0474582949700804,0,27,1,0
0.0,0,27,1,0
0.511747348635636,0,27,1,0
0.0,0,27,1,0
0.0,0,27,1,0
0.956614643101248,1,27,1,0
0.511747348635636,0,27,1,0
0.0,0,27,1,0
0.0,0,27,1,0
0.0474582949700804,0,27,1,0
0.0,0,27,1,0
0.511747348635636,0,27,1,0
0.511747348635636,0,27,1,0
0.0474582949700804,0,27,1,0
1.0,1,27,4,1
1.0,1,27,4,1
1.0,1,27,4,1
1.0,1,27,4,1
1.0,1,27,4,1
1.0,1,27,4,1
1.0,1,27,4,1
1.0,1,27,4,1
1.0,1,27,4,1
1.0,1,27,4,1
1.0,1,27,4,1
1.0,1,27,4,1
1.0,1,27,4,1
1.0,1,27,4,1
1.0,1,27,4,1
1.0,1,27,4,1
1.0,1,27,4,1
1.0,1,27,4,1
1.0,1,27,4,1
1.0,1,27,4,1
0.45164465315732,1,27,4,0
0.197841355959129,1,27,4,0
0.0,1,27,4,0
0.45164465315732,0,27,4,0
0.45164465315732,0,27,4,0
0.45164465315732,0,27,4,0
0.0,0,27,4,0
0.45164465315732,1,27,4,0
0.45164465315732,1,27,4,0
0.45164465315732,1,27,4,0
0.45164465315732,0,27,4,0
0.197841355959129,0,27,4,0
0.733369388389656,0,27,4,0
0.197841355959129,0,27,4,0
0.45164465315732,0,27,4,0
0.45164465315732,0,27,4,0
0.45164465315732,0,27,4,0
0.197841355959129,0,27,4,0
0.733369388389656,0,27,4,0
0.45164465315732,0,27,4,0
0.197841355959129,1,27,4,0
0.45164465315732,0,27,4,0
0.733369388389656,0,27,4,0
0.0,0,27,4,0
0.0,0,27,4,0
0.0,0,27,4,0
0.733369388389656,1,27,4,0
0.0,0,27,4,0
0.197841355959129,0,27,4,0
0.0,0,27,4,0
0.45164465315732,0,27,4,0
0.197841355959129,0,27,4,0
0.0,0,27,4,0
0.45164465315732,0,27,4,0
0.45164465315732,0,27,4,0
0.0,0,27,4,0
0.45164465315732,0,27,4,0
0.0,0,27,4,0
0.197841355959129,0,27,4,0
0.45164465315732,0,27,4,0
0.197841355959129,0,27,4,0
0.0,0,27,4,0
0.0,0,27,4,0
0.0,0,27,4,0
0.0,0,27,4,0
0.197841355959129,0,27,4,0
0.45164465315732,0,27,4,0
0.0,0,27,4,0
0.0,0,27,4,0
0.0,0,27,4,0
0.45164465315732,0,27,4,0
0.733369388389656,0,27,4,0
0.197841355959129,0,27,4,0
0.197841355959129,0,27,4,0
0.0,0,27,4,0
0.45164465315732,0,27,4,0
0.0,0,27,4,0
0.733369388389656,0,27,4,0
0.0,0,27,4,0
0.45164465315732,1,27,4,0
0.45164465315732,1,27,4,0
0.45164465315732,1,27,4,0
0.0,0,27,4,0
0.197841355959129,1,27,4,0
0.197841355959129,0,27,4,0
0.0,0,27,4,0
0.0,0,27,4,0
0.0,0,27,4,0
0.733369388389656,1,27,4,0
0.733369388389656,1,27,4,0
0.0,1,27,4,0
0.0,1,27,4,0
0.0,0,27,4,0
0.45164465315732,1,27,4,0
0.197841355959129,1,27,4,0
0.45164465315732,1,27,4,0
0.0,0,27,4,0
0.197841355959129,0,27,4,0
0.0,0,27,4,0
0.0,0,27,4,0
0.0,0,27,4,0
0.197841355959129,0,27,4,0
0.197841355959129,0,27,4,0
0.0,0,27,4,0
0.45164465315732,0,27,4,0
0.197841355959129,0,27,4,0
0.0,0,27,4,0
0.733369388389656,0,27,4,0
0.0,0,27,4,0
0.0,0,27,4,0
0.45164465315732,1,27,4,0
0.0,1,27,4,0
0.0,0,27,4,0
0.733369388389656,0,27,4,0
0.0,0,27,4,0
0.45164465315732,0,27,4,0
0.0,0,27,4,0
0.197841355959129,0,27,4,0
0.45164465315732,0,27,4,0
0.0,0,27,4,0
1.0,1,28,1,1
0.99939920968295,1,28,1,0
0.565825049119734,1,28,1,0
0.0,0,28,1,0
0.00101994218224676,1,28,1,0
0.565825049119734,1,28,1,0
0.565825049119734,1,28,1,0
0.565825049119734,1,28,1,0
0.00101994218224676,1,28,1,0
0.565825049119734,1,28,1,0
0.00101994218224676,0,28,1,0
0.565825049119734,1,28,1,0
0.565825049119734,0,28,1,0
0.565825049119734,1,28,1,0
0.565825049119734,1,28,1,0
0.565825049119734,1,28,1,0
0.0,0,28,1,0
0.99939920968295,1,28,1,0
0.565825049119734,1,28,1,0
0.00101994218224676,0,28,1,0
0.565825049119734,0,28,1,0
0.0,0,28,1,0
0.00101994218224676,0,28,1,0
0.0,0,28,1,0
0.565825049119734,0,28,1,0
0.565825049119734,1,28,1,0
0.565825049119734,1,28,1,0
0.565825049119734,1,28,1,0
0.0,0,28,1,0
0.565825049119734,1,28,1,0
0.0,0,28,1,0
0.0,0,28,1,0
0.0,0,28,1,0
0.0,0,28,1,0
0.99939920968295,1,28,1,0
0.00101994218224676,0,28,1,0
0.0,0,28,1,0
0.00101994218224676,0,28,1,0
0.00101994218224676,0,28,1,0
0.99939920968295,1,28,1,0
0.565825049119734,1,28,1,0
0.99939920968295,1,28,1,0
0.0,0,28,1,0
0.00101994218224676,1,28,1,0
0.99939920968295,1,28,1,0
0.0,1,28,1,0
0.0,1,28,1,0
0.565825049119734,1,28,1,0
0.0,0,28,1,0
0.00101994218224676,1,28,1,0
0.0,0,28,1,0
0.0,0,28,1,0
0.565825049119734,1,28,1,0
0.565825049119734,0,28,1,0
0.565825049119734,0,28,1,0
0.00101994218224676,1,28,1,0
0.0,0,28,1,0
0.0,0,28,1,0
0.0,0,28,1,0
0.0,0,28,1,0
0.00101994218224676,1,28,1,0
0.0,0,28,1,0
0.00101994218224676,1,28,1,0
0.0,0,28,1,0
0.565825049119734,1,28,1,0
0.565825049119734,1,28,1,0
0.00101994218224676,0,28,1,0
0.0,0,28,1,0
0.99939920968295,1,28,1,0
0.565825049119734,1,28,1,0
0.0,0,28,1,0
0.0,0,28,1,0
0.0,0,28,1,0
0.0,0,28,1,0
0.0,0,28,1,0
0.0,1,28,1,0
0.00101994218224676,0,28,1,0
0.00101994218224676,1,28,1,0
0.99939920968295,1,28,1,0
0.565825049119734,1,28,1,0
0.0,0,28,1,0
0.0,0,28,1,0
0.565825049119734,1,28,1,0
0.00101994218224676,0,28,1,0
0.0,0,28,1,0
0.00101994218224676,0,28,1,0
0.0,0,28,1,0
0.565825049119734,1,28,1,0
0.0,0,28,1,0
0.0,1,28,1,0
0.00101994218224676,0,28,1,0
0.99939920968295,1,28,1,0
0.0,0,28,1,0
0.99939920968295,0,28,1,0
0.565825049119734,1,28,1,0
0.0,0,28,1,0
0.0,0,28,1,0
0.0,0,28,1,0
0.565825049119734,0,28,1,0
0.0,0,28,1,0
0.00101994218224676,0,28,1,0
1.0,1,28,4,1
1.0,1,28,4,1
1.0,1,28,4,1
1.0,1,28,4,1
1.0,1,28,4,1
1.0,1,28,4,1
1.0,1,28,4,1
1.0,1,28,4,1
1.0,1,28,4,1
1.0,1,28,4,1
1.0,1,28,4,1
1.0,1,28,4,1
1.0,1,28,4,1
1.0,1,28,4,1
1.0,1,28,4,1
1.0,1,28,4,1
1.0,1,28,4,1
1.0,1,28,4,1
1.0,1,28,4,1
1.0,1,28,4,1
0.360086527967442,1,28,4,0
0.580723234588896,1,28,4,0
0.580723234588896,1,28,4,0
0.580723234588896,1,28,4,0
0.0,0,28,4,0
0.580723234588896,1,28,4,0
0.580723234588896,1,28,4,0
0.580723234588896,1,28,4,0
0.360086527967442,0,28,4,0
0.580723234588896,0,28,4,0
0.773200967982013,1,28,4,0
0.580723234588896,1,28,4,0
0.580723234588896,0,28,4,0
0.580723234588896,1,28,4,0
0.580723234588896,1,28,4,0
0.360086527967442,1,28,4,0
0.773200967982013,1,28,4,0
0.580723234588896,1,28,4,0
0.360086527967442,1,28,4,0
0.0,0,28,4,0
0.360086527967442,1,28,4,0
0.773200967982013,1,28,4,0
0.580723234588896,0,28,4,0
0.580723234588896,1,28,4,0
0.0,0,28,4,0
0.580723234588896,1,28,4,0
0.580723234588896,1,28,4,0
0.360086527967442,1,28,4,0
0.0,1,28,4,0
0.0,0,28,4,0
0.580723234588896,1,28,4,0
0.0,1,28,4,0
0.0,1,28,4,0
0.773200967982013,0,28,4,0
0.0,0,28,4,0
0.580723234588896,1,28,4,0
0.0,1,28,4,0
0.0,1,28,4,0
0.360086527967442,1,28,4,0
0.360086527967442,1,28,4,0
0.580723234588896,1,28,4,0
0.360086527967442,1,28,4,0
0.580723234588896,1,28,4,0
0.580723234588896,1,28,4,0
0.360086527967442,1,28,4,0
0.0,1,28,4,0
0.0,1,28,4,0
0.773200967982013,0,28,4,0
0.0,1,28,4,0
0.773200967982013,1,28,4,0
0.0,0,28,4,0
0.0,1,28,4,0
0.360086527967442,0,28,4,0
0.0,1,28,4,0
0.580723234588896,0,28,4,0
0.0,0,28,4,0
0.0,0,28,4,0
0.360086527967442,1,28,4,0
0.0,0,28,4,0
0.0,0,28,4,0
0.580723234588896,1,28,4,0
0.0,1,28,4,0
0.580723234588896,0,28,4,0
0.360086527967442,1,28,4,0
0.360086527967442,0,28,4,0
0.0,0,28,4,0
0.580723234588896,1,28,4,0
0.360086527967442,1,28,4,0
0.0,1,28,4,0
0.0,0,28,4,0
0.0,1,28,4,0
0.773200967982013,1,28,4,0
0.0,0,28,4,0
0.773200967982013,1,28,4,0
0.580723234588896,1,28,4,0
0.0,0,28,4,0
0.0,1,28,4,0
0.0,0,28,4,0
0.360086527967442,1,28,4,0
0.0,0,28,4,0
0.580723234588896,1,28,4,0
0.0,1,28,4,0
0.0,0,28,4,0
0.0,0,28,4,0
0.0,0,28,4,0
0.773200967982013,0,28,4,0
0.0,1,28,4,0
0.580723234588896,1,28,4,0
0.580723234588896,1,28,4,0
0.360086527967442,1,28,4,0
0.360086527967442,0,28,4,0
0.0,1,28,4,0
0.360086527967442,0,28,4,0
0.0,1,28,4,0
0.360086527967442,1,28,4,0
0.0,1,28,4,0
0.0,1,28,4,0
0.0,0,28,4,0
0.580723234588896,1,28,4,0
0.773200967982013,1,28,4,0
1.0,1,29,1,1
0.593104418931332,1,29,1,0
0.593104418931332,1,29,1,0
0.593104418931332,1,29,1,0
0.593104418931332,1,29,1,0
0.383708534107086,1,29,1,0
0.383708534107086,1,29,1,0
0.593104418931332,1,29,1,0
0.593104418931332,1,29,1,0
0.383708534107086,1,29,1,0
0.593104418931332,1,29,1,0
0.593104418931332,1,29,1,0
0.593104418931332,1,29,1,0
0.0,0,29,1,0
0.593104418931332,1,29,1,0
0.383708534107086,1,29,1,0
0.593104418931332,1,29,1,0
0.0,0,29,1,0
0.773374498038973,1,29,1,0
0.773374498038973,1,29,1,0
0.593104418931332,1,29,1,0
0.0,0,29,1,0
0.0,0,29,1,0
0.383708534107086,1,29,1,0
0.0,0,29,1,0
0.593104418931332,1,29,1,0
0.383708534107086,1,29,1,0
0.0,0,29,1,0
0.593104418931332,1,29,1,0
0.773374498038973,1,29,1,0
0.0,0,29,1,0
0.593104418931332,1,29,1,0
0.383708534107086,1,29,1,0
0.0,0,29,1,0
0.593104418931332,1,29,1,0
0.0,0,29,1,0
0.0,0,29,1,0
0.593104418931332,1,29,1,0
0.773374498038973,1,29,1,0
0.593104418931332,1,29,1,0
0.383708534107086,1,29,1,0
0.593104418931332,1,29,1,0
0.0,0,29,1,0
0.0,0,29,1,0
0.383708534107086,1,29,1,0
0.383708534107086,1,29,1,0
0.0,0,29,1,0
0.0,0,29,1,0
0.593104418931332,1,29,1,0
0.773374498038973,1,29,1,0
0.0,0,29,1,0
0.0,0,29,1,0
0.593104418931332,1,29,1,0
0.0,0,29,1,0
0.0,0,29,1,0
0.0,0,29,1,0
0.0,0,29,1,0
0.383708534107086,1,29,1,0
0.773374498038973,1,29,1,0
0.383708534107086,1,29,1,0
0.593104418931332,1,29,1,0
0.0,0,29,1,0
0.0,0,29,1,0
0.593104418931332,1,29,1,0
0.593104418931332,1,29,1,0
0.0,0,29,1,0
0.383708534107086,1,29,1,0
0.0,0,29,1,0
0.773374498038973,1,29,1,0
0.0,0,29,1,0
0.0,0,29,1,0
0.0,0,29,1,0
0.773374498038973,1,29,1,0
0.383708534107086,1,29,1,0
0.593104418931332,1,29,1,0
0.383708534107086,1,29,1,0
0.0,0,29,1,0
0.0,0,29,1,0
0.593104418931332,1,29,1,0
0.0,0,29,1,0
0.383708534107086,1,29,1,0
0.0,0,29,1,0
0.0,0,29,1,0
0.383708534107086,1,29,1,0
0.593104418931332,1,29,1,0
0.383708534107086,1,29,1,0
0.773374498038973,1,29,1,0
0.0,0,29,1,0
0.593104418931332,1,29,1,0
0.0,0,29,1,0
0.383708534107086,1,29,1,0
0.0,0,29,1,0
0.0,0,29,1,0
0.0,0,29,1,0
0.383708534107086,1,29,1,0
0.0,0,29,1,0
0.593104418931332,1,29,1,0
0.0,0,29,1,0
0.593104418931332,1,29,1,0
0.773374498038973,1,29,1,0
0.0,0,29,1,0
1.0,1,29,4,1
1.0,1,29,4,1
1.0,1,29,4,1
1.0,1,29,4,1
1.0,1,29,4,1
1.0,1,29,4,1
1.0,1,29,4,1
1.0,1,29,4,1
1.0,1,29,4,1
1.0,1,29,4,1
1.0,1,29,4,1
1.0,1,29,4,1
1.0,1,29,4,1
1.0,1,29,4,1
1.0,1,29,4,1
1.0,1,29,4,1
1.0,1,29,4,1
1.0,1,29,4,1
1.0,1,29,4,1
1.0,1,29,4,1
0.83239556648256,1,29,4,0
0.252558829999677,0,29,4,0
0.564352314030685,1,29,4,0
0.564352314030685,1,29,4,0
0.564352314030685,1,29,4,0
0.252558829999677,1,29,4,0
0.564352314030685,1,29,4,0
0.564352314030685,1,29,4,0
0.252558829999677,1,29,4,0
0.564352314030685,1,29,4,0
0.564352314030685,1,29,4,0
0.564352314030685,1,29,4,0
0.252558829999677,1,29,4,0
0.83239556648256,1,29,4,0
0.564352314030685,1,29,4,0
0.564352314030685,1,29,4,0
0.0,1,29,4,0
0.564352314030685,0,29,4,0
0.0,0,29,4,0
0.564352314030685,1,29,4,0
0.0,0,29,4,0
0.0,0,29,4,0
0.0,0,29,4,0
0.0,0,29,4,0
0.564352314030685,0,29,4,0
0.564352314030685,0,29,4,0
0.564352314030685,0,29,4,0
0.83239556648256,1,29,4,0
0.252558829999677,0,29,4,0
0.564352314030685,0,29,4,0
0.564352314030685,1,29,4,0
0.0,0,29,4,0
0.83239556648256,1,29,4,0
0.564352314030685,0,29,4,0
0.252558829999677,0,29,4,0
0.0,0,29,4,0
0.0,0,29,4,0
0.252558829999677,0,29,4,0
0.252558829999677,0,29,4,0
0.0,0,29,4,0
0.0,0,29,4,0
0.252558829999677,1,29,4,0
0.0,0,29,4,0
0.0,0,29,4,0
0.564352314030685,1,29,4,0
0.0,0,29,4,0
0.564352314030685,1,29,4,0
0.252558829999677,1,29,4,0
0.0,0,29,4,0
0.0,0,29,4,0
0.564352314030685,1,29,4,0
0.0,0,29,4,0
0.0,0,29,4,0
0.0,0,29,4,0
0.0,0,29,4,0
0.252558829999677,1,29,4,0
0.83239556648256,1,29,4,0
0.83239556648256,1,29,4,0
0.252558829999677,0,29,4,0
0.564352314030685,1,29,4,0
0.0,0,29,4,0
0.252558829999677,0,29,4,0
0.0,0,29,4,0
0.0,0,29,4,0
0.564352314030685,1,29,4,0
0.0,0,29,4,0
0.83239556648256,1,29,4,0
0.252558829999677,0,29,4,0
0.252558829999677,0,29,4,0
0.83239556648256,1,29,4,0
0.0,0,29,4,0
0.0,0,29,4,0
0.0,0,29,4,0
0.564352314030685,1,29,4,0
0.252558829999677,0,29,4,0
0.0,0,29,4,0
0.564352314030685,0,29,4,0
0.0,0,29,4,0
0.0,0,29,4,0
0.564352314030685,1,29,4,0
0.564352314030685,1,29,4,0
0.0,0,29,4,0
0.252558829999677,0,29,4,0
0.0,0,29,4,0
0.564352314030685,1,29,4,0
0.0,0,29,4,0
0.83239556648256,1,29,4,0
0.0,0,29,4,0
0.252558829999677,1,29,4,0
0.0,0,29,4,0
0.0,0,29,4,0
0.252558829999677,1,29,4,0
0.0,0,29,4,0
0.0,0,29,4,0
0.83239556648256,0,29,4,0
0.564352314030685,0,29,4,0
0.0,0,29,4,0
0.564352314030685,0,29,4,0
0.252558829999677,0,29,4,0
0.0,0,29,4,0
1.0,1,30,1,1
0.655117050802385,0,30,1,0
0.567452006339988,0,30,1,0
0.655117050802385,1,30,1,0
0.655117050802385,0,30,1,0
0.655117050802385,0,30,1,0
0.567452006339988,1,30,1,0
0.655117050802385,0,30,1,0
0.0,0,30,1,0
0.655117050802385,1,30,1,0
0.655117050802385,0,30,1,0
0.567452006339988,1,30,1,0
0.655117050802385,1,30,1,0
0.733363425104752,0,30,1,0
0.655117050802385,1,30,1,0
0.0,0,30,1,0
0.567452006339988,0,30,1,0
0.733363425104752,1,30,1,0
0.655117050802385,1,30,1,0
0.655117050802385,0,30,1,0
0.655117050802385,1,30,1,0
0.0,0,30,1,0
0.567452006339988,0,30,1,0
0.0,0,30,1,0
0.655117050802385,1,30,1,0
0.567452006339988,0,30,1,0
0.0,0,30,1,0
0.0,0,30,1,0
0.567452006339988,1,30,1,0
0.655117050802385,0,30,1,0
0.0,0,30,1,0
0.0,0,30,1,0
0.733363425104752,1,30,1,0
0.655117050802385,0,30,1,0
0.655117050802385,1,30,1,0
0.733363425104752,1,30,1,0
0.655117050802385,0,30,1,0
0.567452006339988,0,30,1,0
0.0,0,30,1,0
0.0,0,30,1,0
0.655117050802385,1,30,1,0
0.567452006339988,1,30,1,0
0.0,0,30,1,0
0.0,0,30,1,0
0.655117050802385,1,30,1,0
0.0,0,30,1,0
0.567452006339988,0,30,1,0
0.0,0,30,1,0
0.0,0,30,1,0
0.567452006339988,0,30,1,0
0.733363425104752,1,30,1,0
0.567452006339988,0,30,1,0
0.655117050802385,1,30,1,0
0.733363425104752,0,30,1,0
0.0,0,30,1,0
0.0,0,30,1,0
0.655117050802385,0,30,1,0
0.655117050802385,0,30,1,0
0.0,0,30,1,0
0.0,0,30,1,0
0.0,0,30,1,0
0.0,0,30,1,0
0.0,0,30,1,0
0.0,0,30,1,0
0.733363425104752,1,30,1,0
0.0,0,30,1,0
0.567452006339988,0,30,1,0
0.655117050802385,0,30,1,0
0.655117050802385,0,30,1,0
0.0,0,30,1,0
0.0,0,30,1,0
0.0,0,30,1,0
0.0,0,30,1,0
0.655117050802385,1,30,1,0
0.567452006339988,1,30,1,0
0.567452006339988,0,30,1,0
0.0,0,30,1,0
0.567452006339988,1,30,1,0
0.733363425104752,0,30,1,0
0.655117050802385,1,30,1,0
0.0,0,30,1,0
0.567452006339988,1,30,1,0
0.0,0,30,1,0
0.0,0,30,1,0
0.0,0,30,1,0
0.733363425104752,1,30,1,0
0.0,0,30,1,0
0.655117050802385,1,30,1,0
0.0,0,30,1,0
0.733363425104752,0,30,1,0
0.655117050802385,1,30,1,0
0.0,0,30,1,0
0.567452006339988,1,30,1,0
0.655117050802385,0,30,1,0
0.0,0,30,1,0
0.0,0,30,1,0
0.567452006339988,0,30,1,0
0.567452006339988,0,30,1,0
0.0,0,30,1,0
0.655117050802385,1,30,1,0
0.0,0,30,1,0
1.0,1,30,4,1
1.0,1,30,4,1
1.0,1,30,4,1
1.0,1,30,4,1
1.0,1,30,4,1
1.0,1,30,4,1
1.0,1,30,4,1
1.0,1,30,4,1
1.0,1,30,4,1
1.0,1,30,4,1
1.0,1,30,4,1
1.0,1,30,4,1
1.0,1,30,4,1
1.0,1,30,4,1
1.0,1,30,4,1
1.0,1,30,4,1
1.0,1,30,4,1
1.0,1,30,4,1
1.0,1,30,4,1
1.0,1,30,4,1
0.455968216045264,1,30,4,0
0.211817600238048,0,30,4,0
0.455968216045264,1,30,4,0
0.0,0,30,4,0
0.723288929774513,1,30,4,0
0.455968216045264,1,30,4,0
0.455968216045264,0,30,4,0
0.211817600238048,0,30,4,0
0.723288929774513,1,30,4,0
0.455968216045264,0,30,4,0
0.211817600238048,1,30,4,0
0.0,0,30,4,0
0.455968216045264,1,30,4,0
0.211817600238048,1,30,4,0
0.455968216045264,1,30,4,0
0.455968216045264,1,30,4,0
0.455968216045264,0,30,4,0
0.455968216045264,0,30,4,0
0.455968216045264,1,30,4,0
0.455968216045264,1,30,4,0
0.0,0,30,4,0
0.0,0,30,4,0
0.0,0,30,4,0
0.0,0,30,4,0
0.0,0,30,4,0
0.455968216045264,0,30,4,0
0.211817600238048,0,30,4,0
0.211817600238048,0,30,4,0
0.0,0,30,4,0
0.455968216045264,1,30,4,0
0.0,0,30,4,0
0.723288929774513,0,30,4,0
0.211817600238048,0,30,4,0
0.723288929774513,1,30,4,0
0.455968216045264,0,30,4,0
0.211817600238048,1,30,4,0
0.455968216045264,1,30,4,0
0.0,0,30,4,0
0.455968216045264,0,30,4,0
0.455968216045264,0,30,4,0
0.723288929774513,1,30,4,0
0.211817600238048,0,30,4,0
0.211817600238048,0,30,4,0
0.455968216045264,1,30,4,0
0.455968216045264,0,30,4,0
0.0,0,30,4,0
0.211817600238048,0,30,4,0
0.0,0,30,4,0
0.0,0,30,4,0
0.455968216045264,1,30,4,0
0.0,0,30,4,0
0.0,0,30,4,0
0.723288929774513,0,30,4,0
0.211817600238048,1,30,4,0
0.0,0,30,4,0
0.0,0,30,4,0
0.0,0,30,4,0
0.0,0,30,4,0
0.455968216045264,0,30,4,0
0.0,0,30,4,0
0.211817600238048,1,30,4,0
0.723288929774513,1,30,4,0
0.0,0,30,4,0
0.455968216045264,0,30,4,0
0.455968216045264,0,30,4,0
0.0,0,30,4,0
0.0,0,30,4,0
0.723288929774513,0,30,4,0
0.0,0,30,4,0
0.211817600238048,0,30,4,0
0.211817600238048,0,30,4,0
0.455968216045264,0,30,4,0
0.211817600238048,0,30,4,0
0.0,0,30,4,0
0.0,0,30,4,0
0.0,0,30,4,0
0.0,0,30,4,0
0.0,0,30,4,0
0.455968216045264,0,30,4,0
0.0,0,30,4,0
0.0,0,30,4,0
0.0,0,30,4,0
0.455968216045264,0,30,4,0
0.211817600238048,0,30,4,0
0.211817600238048,0,30,4,0
0.455968216045264,0,30,4,0
0.0,0,30,4,0
0.211817600238048,0,30,4,0
0.0,0,30,4,0
0.0,0,30,4,0
0.211817600238048,0,30,4,0
0.0,0,30,4,0
0.0,0,30,4,0
0.455968216045264,0,30,4,0
0.0,0,30,4,0
0.723288929774513,0,30,4,0
0.0,0,30,4,0
0.0,0,30,4,0
0.723288929774513,0,30,4,0
0.455968216045264,0,30,4,0
1.0,1,31,1,1
0.416367783492979,1,31,1,0
0.533245855009888,0,31,1,0
0.416367783492979,0,31,1,0
0.646585053309451,1,31,1,0
0.0,1,31,1,0
0.533245855009888,0,31,1,0
0.533245855009888,1,31,1,0
0.646585053309451,1,31,1,0
0.533245855009888,1,31,1,0
0.533245855009888,0,31,1,0
0.533245855009888,1,31,1,0
0.533245855009888,1,31,1,0
0.533245855009888,1,31,1,0
0.533245855009888,0,31,1,0
0.533245855009888,1,31,1,0
0.416367783492979,0,31,1,0
0.533245855009888,1,31,1,0
0.416367783492979,1,31,1,0
0.533245855009888,1,31,1,0
0.0,0,31,1,0
0.416367783492979,0,31,1,0
0.0,1,31,1,0
0.0,0,31,1,0
0.416367783492979,0,31,1,0
0.0,1,31,1,0
0.533245855009888,1,31,1,0
0.416367783492979,1,31,1,0
0.0,1,31,1,0
0.533245855009888,1,31,1,0
0.0,1,31,1,0
0.646585053309451,0,31,1,0
0.533245855009888,1,31,1,0
0.0,1,31,1,0
0.646585053309451,0,31,1,0
0.416367783492979,1,31,1,0
0.533245855009888,1,31,1,0
0.0,0,31,1,0
0.533245855009888,1,31,1,0
0.533245855009888,1,31,1,0
0.0,0,31,1,0
0.646585053309451,0,31,1,0
0.0,1,31,1,0
0.416367783492979,1,31,1,0
0.0,1,31,1,0
0.416367783492979,1,31,1,0
0.0,1,31,1,0
0.0,1,31,1,0
0.533245855009888,1,31,1,0
0.0,0,31,1,0
0.0,0,31,1,0
0.646585053309451,1,31,1,0
0.0,0,31,1,0
0.0,0,31,1,0
0.416367783492979,0,31,1,0
0.0,1,31,1,0
0.533245855009888,0,31,1,0
0.533245855009888,0,31,1,0
0.416367783492979,0,31,1,0
0.0,1,31,1,0
0.533245855009888,0,31,1,0
0.0,0,31,1,0
0.533245855009888,1,31,1,0
0.0,1,31,1,0
0.0,0,31,1,0
0.416367783492979,0,31,1,0
0.0,0,31,1,0
0.416367783492979,1,31,1,0
0.533245855009888,0,31,1,0
0.533245855009888,1,31,1,0
0.646585053309451,1,31,1,0
0.533245855009888,0,31,1,0
0.0,1,31,1,0
0.0,1,31,1,0
0.416367783492979,1,31,1,0
0.646585053309451,1,31,1,0
0.416367783492979,0,31,1,0
0.0,1,31,1,0
0.0,0,31,1,0
0.0,0,31,1,0
0.0,0,31,1,0
0.533245855009888,1,31,1,0
0.0,1,31,1,0
0.0,1,31,1,0
0.0,0,31,1,0
0.533245855009888,1,31,1,0
0.646585053309451,1,31,1,0
0.416367783492979,0,31,1,0
0.416367783492979,0,31,1,0
0.533245855009888,0,31,1,0
0.533245855009888,1,31,1,0
0.0,0,31,1,0
0.0,0,31,1,0
0.0,0,31,1,0
0.0,1,31,1,0
0.0,0,31,1,0
0.0,0,31,1,0
0.416367783492979,0,31,1,0
0.646585053309451,1,31,1,0
0.416367783492979,0,31,1,0
0.0,0,31,1,0
1.0,1,31,4,1
1.0,1,31,4,1
1.0,1,31,4,1
1.0,1,31,4,1
1.0,1,31,4,1
1.0,1,31,4,1
1.0,1,31,4,1
1.0,1,31,4,1
1.0,1,31,4,1
1.0,1,31,4,1
1.0,1,31,4,1
1.0,1,31,4,1
1.0,1,31,4,1
1.0,1,31,4,1
1.0,1,31,4,1
1.0,1,31,4,1
1.0,1,31,4,1
1.0,1,31,4,1
1.0,1,31,4,1
1.0,1,31,4,1
0.551563359622209,0,31,4,0
0.060057225031455,1,31,4,0
0.060057225031455,1,31,4,0
0.551563359622209,1,31,4,0
0.060057225031455,0,31,4,0
0.551563359622209,0,31,4,0
0.959476266721896,1,31,4,0
0.551563359622209,0,31,4,0
0.0,0,31,4,0
0.0,1,31,4,0
0.551563359622209,1,31,4,0
0.959476266721896,1,31,4,0
0.551563359622209,1,31,4,0
0.551563359622209,0,31,4,0
0.551563359622209,0,31,4,0
0.551563359622209,1,31,4,0
0.551563359622209,0,31,4,0
0.060057225031455,0,31,4,0
0.551563359622209,1,31,4,0
0.551563359622209,1,31,4,0
0.959476266721896,0,31,4,0
0.551563359622209,1,31,4,0
0.0,1,31,4,0
0.959476266721896,0,31,4,0
0.060057225031455,1,31,4,0
0.551563359622209,0,31,4,0
0.0,0,31,4,0
0.551563359622209,1,31,4,0
0.060057225031455,0,31,4,0
0.551563359622209,0,31,4,0
0.0,0,31,4,0
0.060057225031455,1,31,4,0
0.0,0,31,4,0
0.0,1,31,4,0
0.0,0,31,4,0
0.551563359622209,1,31,4,0
0.0,1,31,4,0
0.551563359622209,1,31,4,0
0.060057225031455,0,31,4,0
0.0,1,31,4,0
0.0,0,31,4,0
0.0,1,31,4,0
0.060057225031455,1,31,4,0
0.0,1,31,4,0
0.0,1,31,4,0
0.959476266721896,0,31,4,0
0.0,1,31,4,0
0.551563359622209,0,31,4,0
0.0,1,31,4,0
0.551563359622209,0,31,4,0
0.060057225031455,1,31,4,0
0.551563359622209,1,31,4,0
0.0,0,31,4,0
0.0,0,31,4,0
0.0,1,31,4,0
0.959476266721896,1,31,4,0
0.0,1,31,4,0
0.060057225031455,1,31,4,0
0.551563359622209,1,31,4,0
0.060057225031455,0,31,4,0
0.551563359622209,1,31,4,0
0.0,0,31,4,0
0.959476266721896,1,31,4,0
0.0,0,31,4,0
0.959476266721896,1,31,4,0
0.0,1,31,4,0
0.060057225031455,1,31,4,0
0.0,0,31,4,0
0.060057225031455,0,31,4,0
0.0,1,31,4,0
0.0,1,31,4,0
0.060057225031455,1,31,4,0
0.060057225031455,0,31,4,0
0.551563359622209,0,31,4,0
0.0,0,31,4,0
0.0,0,31,4,0
0.551563359622209,0,31,4,0
0.0,0,31,4,0
0.551563359622209,1,31,4,0
0.0,0,31,4,0
0.060057225031455,0,31,4,0
0.0,1,31,4,0
0.060057225031455,1,31,4,0
0.551563359622209,1,31,4,0
0.0,1,31,4,0
0.959476266721896,0,31,4,0
0.0,1,31,4,0
0.551563359622209,0,31,4,0
0.0,0,31,4,0
0.551563359622209,1,31,4,0
0.060057225031455,0,31,4,0
0.0,1,31,4,0
0.0,0,31,4,0
0.0,0,31,4,0
0.0,1,31,4,0
0.0,0,31,4,0
0.0,0,31,4,0
0.551563359622209,0,31,4,0
0.959476266721896,1,31,4,0
0.060057225031455,0,31,4,0
1.0,1,32,1,1
0.918831613012759,1,32,1,0
0.536760954927463,1,32,1,0
0.106029277234036,0,32,1,0
0.536760954927463,1,32,1,0
0.536760954927463,1,32,1,0
0.536760954927463,1,32,1,0
0.536760954927463,0,32,1,0
0.536760954927463,1,32,1,0
0.918831613012759,0,32,1,0
0.536760954927463,1,32,1,0
0.536760954927463,1,32,1,0
0.106029277234036,0,32,1,0
0.536760954927463,1,32,1,0
0.536760954927463,0,32,1,0
0.536760954927463,0,32,1,0
0.0,1,32,1,0
0.0,1,32,1,0
0.106029277234036,0,32,1,0
0.536760954927463,1,32,1,0
0.106029277234036,1,32,1,0
0.0,1,32,1,0
0.536760954927463,1,32,1,0
0.106029277234036,0,32,1,0
0.106029277234036,1,32,1,0
0.0,1,32,1,0
0.536760954927463,0,32,1,0
0.0,1,32,1,0
0.918831613012759,1,32,1,0
0.0,1,32,1,0
0.106029277234036,0,32,1,0
0.0,1,32,1,0
0.0,1,32,1,0
0.536760954927463,1,32,1,0
0.0,0,32,1,0
0.536760954927463,1,32,1,0
0.536760954927463,0,32,1,0
0.0,1,32,1,0
0.106029277234036,1,32,1,0
0.536760954927463,1,32,1,0
0.918831613012759,0,32,1,0
0.106029277234036,1,32,1,0
0.0,1,32,1,0
0.106029277234036,1,32,1,0
0.0,0,32,1,0
0.0,0,32,1,0
0.0,1,32,1,0
0.106029277234036,1,32,1,0
0.536760954927463,0,32,1,0
0.0,0,32,1,0
0.0,1,32,1,0
0.536760954927463,1,32,1,0
0.918831613012759,1,32,1,0
0.0,1,32,1,0
0.536760954927463,1,32,1,0
0.0,1,32,1,0
0.0,1,32,1,0
0.536760954927463,0,32,1,0
0.918831613012759,1,32,1,0
0.106029277234036,1,32,1,0
0.0,0,32,1,0
0.106029277234036,1,32,1,0
0.0,0,32,1,0
0.918831613012759,1,32,1,0
0.918831613012759,1,32,1,0
0.0,1,32,1,0
0.0,0,32,1,0
0.0,1,32,1,0
0.536760954927463,1,32,1,0
0.0,0,32,1,0
0.0,0,32,1,0
0.536760954927463,1,32,1,0
0.106029277234036,1,32,1,0
0.0,0,32,1,0
0.0,1,32,1,0
0.0,1,32,1,0
0.536760954927463,1,32,1,0
0.0,1,32,1,0
0.106029277234036,1,32,1,0
0.536760954927463,1,32,1,0
0.106029277234036,0,32,1,0
0.536760954927463,0,32,1,0
0.0,1,32,1,0
0.0,1,32,1,0
0.918831613012759,1,32,1,0
0.106029277234036,1,32,1,0
0.0,1,32,1,0
0.106029277234036,1,32,1,0
0.0,0,32,1,0
0.536760954927463,1,32,1,0
0.0,1,32,1,0
0.536760954927463,1,32,1,0
0.536760954927463,1,32,1,0
0.918831613012759,0,32,1,0
0.106029277234036,1,32,1,0
0.0,0,32,1,0
0.0,1,32,1,0
0.0,1,32,1,0
0.0,1,32,1,0
0.0,0,32,1,0
0.106029277234036,1,32,1,0
1.0,1,32,4,1
1.0,1,32,4,1
1.0,1,32,4,1
1.0,1,32,4,1
1.0,1,32,4,1
1.0,1,32,4,1
1.0,1,32,4,1
1.0,1,32,4,1
1.0,1,32,4,1
1.0,1,32,4,1
1.0,1,32,4,1
1.0,1,32,4,1
1.0,1,32,4,1
1.0,1,32,4,1
1.0,1,32,4,1
1.0,1,32,4,1
1.0,1,32,4,1
1.0,1,32,4,1
1.0,1,32,4,1
1.0,1,32,4,1
0.454346117045935,1,32,4,0
0.31811930146008,1,32,4,0
0.454346117045935,0,32,4,0
0.0,0,32,4,0
0.0,0,32,4,0
0.454346117045935,1,32,4,0
0.454346117045935,1,32,4,0
0.597768816450764,1,32,4,0
0.454346117045935,0,32,4,0
0.454346117045935,1,32,4,0
0.454346117045935,1,32,4,0
0.454346117045935,1,32,4,0
0.454346117045935,1,32,4,0
0.31811930146008,1,32,4,0
0.31811930146008,0,32,4,0
0.454346117045935,0,32,4,0
0.454346117045935,1,32,4,0
0.454346117045935,0,32,4,0
0.597768816450764,1,32,4,0
0.31811930146008,0,32,4,0
0.31811930146008,1,32,4,0
0.0,0,32,4,0
0.597768816450764,1,32,4,0
0.0,0,32,4,0
0.454346117045935,1,32,4,0
0.31811930146008,1,32,4,0
0.454346117045935,1,32,4,0
0.454346117045935,1,32,4,0
0.31811930146008,0,32,4,0
0.0,0,32,4,0
0.454346117045935,1,32,4,0
0.454346117045935,0,32,4,0
0.454346117045935,0,32,4,0
0.0,0,32,4,0
0.0,0,32,4,0
0.0,0,32,4,0
0.31811930146008,0,32,4,0
0.0,0,32,4,0
0.597768816450764,1,32,4,0
0.0,0,32,4,0
0.31811930146008,1,32,4,0
0.597768816450764,0,32,4,0
0.0,0,32,4,0
0.0,1,32,4,0
0.31811930146008,1,32,4,0
0.454346117045935,1,32,4,0
0.454346117045935,1,32,4,0
0.0,1,32,4,0
0.0,0,32,4,0
0.31811930146008,1,32,4,0
0.0,0,32,4,0
0.0,0,32,4,0
0.454346117045935,1,32,4,0
0.454346117045935,1,32,4,0
0.0,1,32,4,0
0.0,1,32,4,0
0.31811930146008,0,32,4,0
0.0,1,32,4,0
0.597768816450764,1,32,4,0
0.0,0,32,4,0
0.0,1,32,4,0
0.31811930146008,1,32,4,0
0.0,1,32,4,0
0.31811930146008,0,32,4,0
0.0,0,32,4,0
0.0,1,32,4,0
0.597768816450764,0,32,4,0
0.31811930146008,1,32,4,0
0.597768816450764,1,32,4,0
0.0,0,32,4,0
0.0,0,32,4,0
0.0,0,32,4,0
0.0,1,32,4,0
0.0,0,32,4,0
0.454346117045935,1,32,4,0
0.0,1,32,4,0
0.454346117045935,1,32,4,0
0.454346117045935,0,32,4,0
0.454346117045935,1,32,4,0
0.31811930146008,1,32,4,0
0.0,1,32,4,0
0.454346117045935,0,32,4,0
0.31811930146008,1,32,4,0
0.0,1,32,4,0
0.0,1,32,4,0
0.0,0,32,4,0
0.31811930146008,1,32,4,0
0.597768816450764,1,32,4,0
0.597768816450764,1,32,4,0
0.0,0,32,4,0
0.31811930146008,1,32,4,0
0.454346117045935,1,32,4,0
0.31811930146008,0,32,4,0
0.454346117045935,1,32,4,0
0.0,1,32,4,0
0.0,1,32,4,0
0.454346117045935,0,32,4,0
0.0,1,32,4,0
0.0,0,32,4,0
0.0,1,32,4,0
1.0,1,33,1,1
0.611505043839554,1,33,1,0
0.461318005118128,1,33,1,0
0.611505043839554,1,33,1,0
0.611505043839554,1,33,1,0
0.461318005118128,1,33,1,0
0.611505043839554,1,33,1,0
0.611505043839554,0,33,1,0
0.0,0,33,1,0
0.611505043839554,1,33,1,0
0.611505043839554,1,33,1,0
0.611505043839554,1,33,1,0
0.461318005118128,0,33,1,0
0.611505043839554,1,33,1,0
0.0,0,33,1,0
0.743134379406762,1,33,1,0
0.611505043839554,1,33,1,0
0.743134379406762,1,33,1,0
0.611505043839554,1,33,1,0
0.461318005118128,1,33,1,0
0.611505043839554,1,33,1,0
0.461318005118128,1,33,1,0
0.0,1,33,1,0
0.611505043839554,1,33,1,0
0.611505043839554,1,33,1,0
0.611505043839554,1,33,1,0
0.0,1,33,1,0
0.743134379406762,1,33,1,0
0.743134379406762,0,33,1,0
0.0,0,33,1,0
0.0,0,33,1,0
0.0,0,33,1,0
0.461318005118128,0,33,1,0
0.0,0,33,1,0
0.461318005118128,0,33,1,0
0.611505043839554,1,33,1,0
0.461318005118128,1,33,1,0
0.0,0,33,1,0
0.611505043839554,1,33,1,0
0.611505043839554,1,33,1,0
0.0,0,33,1,0
0.0,0,33,1,0
0.0,0,33,1,0
0.0,0,33,1,0
0.611505043839554,1,33,1,0
0.743134379406762,1,33,1,0
0.0,0,33,1,0
0.0,0,33,1,0
0.0,1,33,1,0
0.0,0,33,1,0
0.743134379406762,1,33,1,0
0.611505043839554,0,33,1,0
0.461318005118128,1,33,1,0
0.461318005118128,1,33,1,0
0.0,1,33,1,0
0.611505043839554,1,33,1,0
0.611505043839554,1,33,1,0
0.0,1,33,1,0
0.0,0,33,1,0
0.461318005118128,1,33,1,0
0.461318005118128,0,33,1,0
0.461318005118128,1,33,1,0
0.0,0,33,1,0
0.611505043839554,1,33,1,0
0.611505043839554,0,33,1,0
0.0,1,33,1,0
0.0,0,33,1,0
0.611505043839554,1,33,1,0
0.611505043839554,1,33,1,0
0.743134379406762,1,33,1,0
0.461318005118128,1,33,1,0
0.0,0,33,1,0
0.0,0,33,1,0
0.743134379406762,1,33,1,0
0.461318005118128,0,33,1,0
0.0,0,33,1,0
0.461318005118128,0,33,1,0
0.0,0,33,1,0
0.0,0,33,1,0
0.0,0,33,1,0
0.0,0,33,1,0
0.461318005118128,0,33,1,0
0.461318005118128,1,33,1,0
0.611505043839554,1,33,1,0
0.0,0,33,1,0
0.0,0,33,1,0
0.0,0,33,1,0
0.0,0,33,1,0
0.461318005118128,1,33,1,0
0.611505043839554,0,33,1,0
0.0,0,33,1,0
0.743134379406762,0,33,1,0
0.611505043839554,1,33,1,0
0.611505043839554,1,33,1,0
0.0,0,33,1,0
0.461318005118128,1,33,1,0
0.0,0,33,1,0
0.0,0,33,1,0
0.0,0,33,1,0
0.743134379406762,1,33,1,0
0.0,0,33,1,0
1.0,1,33,4,1
1.0,1,33,4,1
1.0,1,33,4,1
1.0,1,33,4,1
1.0,1,33,4,1
1.0,1,33,4,1
1.0,1,33,4,1
1.0,1,33,4,1
1.0,1,33,4,1
1.0,1,33,4,1
1.0,1,33,4,1
1.0,1,33,4,1
1.0,1,33,4,1
1.0,1,33,4,1
1.0,1,33,4,1
1.0,1,33,4,1
1.0,1,33,4,1
1.0,1,33,4,1
1.0,1,33,4,1
1.0,1,33,4,1
0.829052541433557,1,33,4,0
0.550082518482741,1,33,4,0
0.235606608686261,1,33,4,0
0.0,0,33,4,0
0.550082518482741,1,33,4,0
0.550082518482741,1,33,4,0
0.829052541433557,1,33,4,0
0.235606608686261,1,33,4,0
0.235606608686261,1,33,4,0
0.550082518482741,1,33,4,0
0.550082518482741,1,33,4,0
0.550082518482741,1,33,4,0
0.235606608686261,1,33,4,0
0.550082518482741,1,33,4,0
0.550082518482741,0,33,4,0
0.550082518482741,1,33,4,0
0.550082518482741,1,33,4,0
0.550082518482741,1,33,4,0
0.550082518482741,1,33,4,0
0.0,0,33,4,0
0.550082518482741,1,33,4,0
0.0,0,33,4,0
0.0,0,33,4,0
0.235606608686261,1,33,4,0
0.0,0,33,4,0
0.550082518482741,1,33,4,0
0.0,0,33,4,0
0.0,0,33,4,0
0.0,0,33,4,0
0.550082518482741,1,33,4,0
0.829052541433557,1,33,4,0
0.550082518482741,1,33,4,0
0.235606608686261,0,33,4,0
0.829052541433557,1,33,4,0
0.0,0,33,4,0
0.550082518482741,1,33,4,0
0.550082518482741,1,33,4,0
0.235606608686261,1,33,4,0
0.235606608686261,0,33,4,0
0.0,0,33,4,0
0.829052541433557,1,33,4,0
0.0,0,33,4,0
0.235606608686261,1,33,4,0
0.0,0,33,4,0
0.0,0,33,4,0
0.829052541433557,1,33,4,0
0.0,0,33,4,0
0.235606608686261,1,33,4,0
0.0,0,33,4,0
0.550082518482741,1,33,4,0
0.550082518482741,0,33,4,0
0.0,0,33,4,0
0.0,0,33,4,0
0.550082518482741,1,33,4,0
0.235606608686261,1,33,4,0
0.0,0,33,4,0
0.550082518482741,0,33,4,0
0.0,0,33,4,0
0.0,0,33,4,0
0.235606608686261,1,33,4,0
0.829052541433557,1,33,4,0
0.0,0,33,4,0
0.0,1,33,4,0
0.235606608686261,1,33,4,0
0.0,0,33,4,0
0.0,0,33,4,0
0.0,0,33,4,0
0.0,1,33,4,0
0.550082518482741,0,33,4,0
0.235606608686261,1,33,4,0
0.550082518482741,1,33,4,0
0.235606608686261,1,33,4,0
0.0,1,33,4,0
0.0,0,33,4,0
0.235606608686261,0,33,4,0
0.0,0,33,4,0
0.0,1,33,4,0
0.550082518482741,0,33,4,0
0.829052541433557,1,33,4,0
0.550082518482741,0,33,4,0
0.0,0,33,4,0
0.235606608686261,0,33,4,0
0.550082518482741,1,33,4,0
0.550082518482741,1,33,4,0
0.550082518482741,1,33,4,0
0.0,0,33,4,0
0.0,0,33,4,0
0.550082518482741,0,33,4,0
0.0,1,33,4,0
0.235606608686261,0,33,4,0
0.0,1,33,4,0
0.0,0,33,4,0
0.0,0,33,4,0
0.0,0,33,4,0
0.829052541433557,1,33,4,0
0.0,0,33,4,0
0.829052541433557,1,33,4,0
0.0,0,33,4,0
0.235606608686261,0,33,4,0
0.235606608686261,1,33,4,0
1.0,1,34,2,1
0.220682033820232,1,34,2,0
0.789676554034992,1,34,2,0
0.0,0,34,2,0
0.507659480932631,0,34,2,0
0.220682033820232,1,34,2,0
0.789676554034992,1,34,2,0
0.507659480932631,0,34,2,0
0.507659480932631,0,34,2,0
0.507659480932631,1,34,2,0
0.220682033820232,0,34,2,0
0.0,0,34,2,0
0.507659480932631,1,34,2,0
0.507659480932631,1,34,2,0
0.507659480932631,1,34,2,0
0.507659480932631,1,34,2,0
0.507659480932631,0,34,2,0
0.220682033820232,0,34,2,0
0.507659480932631,1,34,2,0
0.507659480932631,0,34,2,0
0.507659480932631,0,34,2,0
0.507659480932631,1,34,2,0
0.789676554034992,1,34,2,0
0.507659480932631,0,34,2,0
0.220682033820232,0,34,2,0
0.0,0,34,2,0
0.0,0,34,2,0
0.0,1,34,2,0
0.507659480932631,1,34,2,0
0.220682033820232,1,34,2,0
0.789676554034992,1,34,2,0
0.220682033820232,1,34,2,0
0.507659480932631,1,34,2,0
0.0,0,34,2,0
0.507659480932631,0,34,2,0
0.220682033820232,0,34,2,0
0.0,0,34,2,0
0.0,0,34,2,0
0.0,0,34,2,0
0.507659480932631,0,34,2,0
0.0,0,34,2,0
0.507659480932631,0,34,2,0
0.0,0,34,2,0
0.0,1,34,2,0
0.0,0,34,2,0
0.0,0,34,2,0
0.789676554034992,1,34,2,0
0.507659480932631,1,34,2,0
0.507659480932631,1,34,2,0
0.220682033820232,1,34,2,0
0.0,1,34,2,0
0.507659480932631,1,34,2,0
0.789676554034992,1,34,2,0
0.0,0,34,2,0
0.0,0,34,2,0
0.220682033820232,1,34,2,0
0.220682033820232,1,34,2,0
0.0,0,34,2,0
0.220682033820232,0,34,2,0
0.0,0,34,2,0
0.0,0,34,2,0
0.507659480932631,1,34,2,0
0.0,0,34,2,0
0.220682033820232,1,34,2,0
0.220682033820232,1,34,2,0
0.0,0,34,2,0
0.789676554034992,1,34,2,0
0.220682033820232,0,34,2,0
0.0,0,34,2,0
0.0,0,34,2,0
0.0,1,34,2,0
0.220682033820232,1,34,2,0
0.0,1,34,2,0
0.507659480932631,1,34,2,0
0.507659480932631,1,34,2,0
0.789676554034992,1,34,2,0
0.507659480932631,1,34,2,0
0.0,1,34,2,0
0.0,0,34,2,0
0.0,0,34,2,0
0.0,0,34,2,0
0.220682033820232,1,34,2,0
0.0,1,34,2,0
0.0,0,34,2,0
0.0,1,34,2,0
0.0,1,34,2,0
0.0,1,34,2,0
0.0,0,34,2,0
0.507659480932631,1,34,2,0
0.789676554034992,1,34,2,0
0.220682033820232,0,34,2,0
0.507659480932631,0,34,2,0
0.507659480932631,1,34,2,0
0.220682033820232,1,34,2,0
0.507659480932631,1,34,2,0
0.0,1,34,2,0
0.789676554034992,1,34,2,0
0.0,1,34,2,0
0.0,1,34,2,0
0.220682033820232,1,34,2,0
0.0,0,34,2,0
1.0,1,34,3,1
1.0,1,34,3,1
1.0,1,34,3,1
1.0,1,34,3,1
1.0,1,34,3,1
1.0,1,34,3,1
1.0,1,34,3,1
1.0,1,34,3,1
1.0,1,34,3,1
1.0,1,34,3,1
1.0,1,34,3,1
1.0,1,34,3,1
1.0,1,34,3,1
1.0,1,34,3,1
1.0,1,34,3,1
1.0,1,34,3,1
1.0,1,34,3,1
1.0,1,34,3,1
1.0,1,34,3,1
1.0,1,34,3,1
0.472010854100741,1,34,3,0
0.472010854100741,1,34,3,0
0.472010854100741,1,34,3,0
0.472010854100741,1,34,3,0
0.196256996975051,0,34,3,0
0.0,0,34,3,0
0.472010854100741,1,34,3,0
0.472010854100741,1,34,3,0
0.472010854100741,1,34,3,0
0.765972398150366,1,34,3,0
0.472010854100741,1,34,3,0
0.472010854100741,1,34,3,0
0.196256996975051,1,34,3,0
0.472010854100741,1,34,3,0
0.0,0,34,3,0
0.472010854100741,0,34,3,0
0.196256996975051,0,34,3,0
0.472010854100741,0,34,3,0
0.765972398150366,1,34,3,0
0.196256996975051,1,34,3,0
0.196256996975051,1,34,3,0
0.765972398150366,1,34,3,0
0.0,0,34,3,0
0.472010854100741,0,34,3,0
0.0,0,34,3,0
0.0,0,34,3,0
0.0,0,34,3,0
0.196256996975051,0,34,3,0
0.472010854100741,0,34,3,0
0.0,0,34,3,0
0.196256996975051,0,34,3,0
0.0,0,34,3,0
0.765972398150366,1,34,3,0
0.472010854100741,0,34,3,0
0.0,0,34,3,0
0.0,0,34,3,0
0.472010854100741,1,34,3,0
0.472010854100741,0,34,3,0
0.196256996975051,0,34,3,0
0.472010854100741,0,34,3,0
0.196256996975051,1,34,3,0
0.0,1,34,3,0
0.0,0,34,3,0
0.472010854100741,1,34,3,0
0.0,1,34,3,0
0.472010854100741,1,34,3,0
0.0,1,34,3,0
0.0,0,34,3,0
0.472010854100741,0,34,3,0
0.765972398150366,0,34,3,0
0.0,1,34,3,0
0.196256996975051,1,34,3,0
0.472010854100741,1,34,3,0
0.765972398150366,0,34,3,0
0.0,0,34,3,0
0.196256996975051,0,34,3,0
0.0,0,34,3,0
0.0,0,34,3,0
0.0,0,34,3,0
0.196256996975051,0,34,3,0
0.196256996975051,1,34,3,0
0.0,0,34,3,0
0.0,1,34,3,0
0.0,1,34,3,0
0.0,1,34,3,0
0.472010854100741,0,34,3,0
0.472010854100741,1,34,3,0
0.0,0,34,3,0
0.472010854100741,1,34,3,0
0.0,1,34,3,0
0.196256996975051,0,34,3,0
0.765972398150366,0,34,3,0
0.0,0,34,3,0
0.0,0,34,3,0
0.765972398150366,1,34,3,0
0.196256996975051,0,34,3,0
0.472010854100741,1,34,3,0
0.196256996975051,0,34,3,0
0.0,1,34,3,0
0.0,1,34,3,0
0.472010854100741,1,34,3,0
0.765972398150366,1,34,3,0
0.0,1,34,3,0
0.196256996975051,1,34,3,0
0.0,0,34,3,0
0.0,1,34,3,0
0.196256996975051,1,34,3,0
0.0,1,34,3,0
0.0,1,34,3,0
0.472010854100741,1,34,3,0
0.0,1,34,3,0
0.196256996975051,1,34,3,0
0.0,0,34,3,0
0.0,0,34,3,0
0.196256996975051,0,34,3,0
0.0,0,34,3,0
0.0,0,34,3,0
0.472010854100741,0,34,3,0
0.472010854100741,0,34,3,0
0.765972398150366,0,34,3,0
1.0,1,35,2,1
0.00700273474665474,1,35,2,0
0.609459728507147,1,35,2,0
0.609459728507147,1,35,2,0
0.609459728507147,1,35,2,0
0.00700273474665474,1,35,2,0
0.99711260997157,1,35,2,0
0.00700273474665474,1,35,2,0
0.00700273474665474,1,35,2,0
0.609459728507147,1,35,2,0
0.609459728507147,1,35,2,0
0.609459728507147,1,35,2,0
0.609459728507147,1,35,2,0
0.609459728507147,1,35,2,0
0.0,0,35,2,0
0.99711260997157,1,35,2,0
0.609459728507147,1,35,2,0
0.609459728507147,1,35,2,0
0.609459728507147,1,35,2,0
0.0,0,35,2,0
0.609459728507147,1,35,2,0
0.00700273474665474,1,35,2,0
0.0,0,35,2,0
0.0,0,35,2,0
0.00700273474665474,1,35,2,0
0.0,0,35,2,0
0.0,0,35,2,0
0.609459728507147,1,35,2,0
0.609459728507147,0,35,2,0
0.00700273474665474,1,35,2,0
0.609459728507147,1,35,2,0
0.0,0,35,2,0
0.609459728507147,0,35,2,0
0.0,0,35,2,0
0.609459728507147,1,35,2,0
0.99711260997157,1,35,2,0
0.0,1,35,2,0
0.609459728507147,1,35,2,0
0.00700273474665474,1,35,2,0
0.0,0,35,2,0
0.99711260997157,0,35,2,0
0.99711260997157,0,35,2,0
0.609459728507147,0,35,2,0
0.0,0,35,2,0
0.609459728507147,1,35,2,0
0.609459728507147,1,35,2,0
0.0,0,35,2,0
0.0,0,35,2,0
0.0,0,35,2,0
0.0,0,35,2,0
0.609459728507147,1,35,2,0
0.0,0,35,2,0
0.00700273474665474,1,35,2,0
0.00700273474665474,1,35,2,0
0.0,1,35,2,0
0.99711260997157,1,35,2,0
0.0,1,35,2,0
0.00700273474665474,1,35,2,0
0.0,1,35,2,0
0.0,0,35,2,0
0.00700273474665474,1,35,2,0
0.0,0,35,2,0
0.99711260997157,1,35,2,0
0.0,1,35,2,0
0.0,1,35,2,0
0.609459728507147,1,35,2,0
0.0,1,35,2,0
0.00700273474665474,1,35,2,0
0.00700273474665474,1,35,2,0
0.609459728507147,1,35,2,0
0.609459728507147,0,35,2,0
0.99711260997157,1,35,2,0
0.0,1,35,2,0
0.00700273474665474,1,35,2,0
0.609459728507147,1,35,2,0
0.0,1,35,2,0
0.0,0,35,2,0
0.0,0,35,2,0
0.0,1,35,2,0
0.0,0,35,2,0
0.00700273474665474,1,35,2,0
0.0,0,35,2,0
0.00700273474665474,1,35,2,0
0.609459728507147,1,35,2,0
0.99711260997157,1,35,2,0
0.0,1,35,2,0
0.00700273474665474,1,35,2,0
0.609459728507147,1,35,2,0
0.0,1,35,2,0
0.0,0,35,2,0
0.609459728507147,1,35,2,0
0.99711260997157,1,35,2,0
0.00700273474665474,1,35,2,0
0.00700273474665474,1,35,2,0
0.0,1,35,2,0
0.609459728507147,1,35,2,0
0.0,0,35,2,0
0.0,0,35,2,0
0.0,1,35,2,0
0.0,1,35,2,0
0.0,1,35,2,0
1.0,1,35,3,1
1.0,1,35,3,1
1.0,1,35,3,1
1.0,1,35,3,1
1.0,1,35,3,1
1.0,1,35,3,1
1.0,1,35,3,1
1.0,1,35,3,1
1.0,1,35,3,1
1.0,1,35,3,1
1.0,1,35,3,1
1.0,1,35,3,1
1.0,1,35,3,1
1.0,1,35,3,1
1.0,1,35,3,1
1.0,1,35,3,1
1.0,1,35,3,1
1.0,1,35,3,1
1.0,1,35,3,1
1.0,1,35,3,1
0.608315535375318,1,35,3,0
0.608315535375318,0,35,3,0
0.423504955752048,1,35,3,0
0.608315535375318,0,35,3,0
0.608315535375318,0,35,3,0
0.608315535375318,1,35,3,0
0.766539943549661,1,35,3,0
0.423504955752048,1,35,3,0
0.608315535375318,0,35,3,0
0.608315535375318,1,35,3,0
0.423504955752048,1,35,3,0
0.608315535375318,1,35,3,0
0.608315535375318,1,35,3,0
0.608315535375318,1,35,3,0
0.423504955752048,1,35,3,0
0.608315535375318,1,35,3,0
0.766539943549661,1,35,3,0
0.0,1,35,3,0
0.608315535375318,1,35,3,0
0.0,1,35,3,0
0.423504955752048,1,35,3,0
0.608315535375318,1,35,3,0
0.766539943549661,1,35,3,0
0.423504955752048,1,35,3,0
0.608315535375318,1,35,3,0
0.0,1,35,3,0
0.608315535375318,0,35,3,0
0.423504955752048,1,35,3,0
0.766539943549661,1,35,3,0
0.0,0,35,3,0
0.0,1,35,3,0
0.0,1,35,3,0
0.608315535375318,0,35,3,0
0.0,0,35,3,0
0.0,0,35,3,0
0.608315535375318,1,35,3,0
0.608315535375318,1,35,3,0
0.0,0,35,3,0
0.0,1,35,3,0
0.423504955752048,0,35,3,0
0.0,1,35,3,0
0.608315535375318,0,35,3,0
0.0,1,35,3,0
0.608315535375318,0,35,3,0
0.0,0,35,3,0
0.608315535375318,0,35,3,0
0.423504955752048,1,35,3,0
0.766539943549661,1,35,3,0
0.0,0,35,3,0
0.766539943549661,1,35,3,0
0.0,1,35,3,0
0.423504955752048,1,35,3,0
0.0,0,35,3,0
0.0,0,35,3,0
0.423504955752048,1,35,3,0
0.0,1,35,3,0
0.608315535375318,0,35,3,0
0.0,1,35,3,0
0.423504955752048,1,35,3,0
0.0,1,35,3,0
0.0,0,35,3,0
0.608315535375318,1,35,3,0
0.423504955752048,0,35,3,0
0.0,1,35,3,0
0.0,1,35,3,0
0.0,1,35,3,0
0.423504955752048,1,35,3,0
0.0,1,35,3,0
0.0,0,35,3,0
0.608315535375318,1,35,3,0
0.0,1,35,3,0
0.608315535375318,1,35,3,0
0.423504955752048,0,35,3,0
0.766539943549661,1,35,3,0
0.0,1,35,3,0
0.0,0,35,3,0
0.766539943549661,1,35,3,0
0.423504955752048,1,35,3,0
0.0,1,35,3,0
0.608315535375318,1,35,3,0
0.766539943549661,1,35,3,0
0.0,0,35,3,0
0.0,0,35,3,0
0.0,0,35,3,0
0.608315535375318,1,35,3,0
0.423504955752048,1,35,3,0
0.0,1,35,3,0
0.0,1,35,3,0
0.0,0,35,3,0
0.0,1,35,3,0
0.608315535375318,0,35,3,0
0.0,1,35,3,0
0.0,1,35,3,0
0.423504955752048,0,35,3,0
0.423504955752048,1,35,3,0
0.0,1,35,3,0
0.423504955752048,1,35,3,0
0.608315535375318,1,35,3,0
0.608315535375318,1,35,3,0
0.766539943549661,0,35,3,0
1.0,1,36,1,1
0.465618761400829,1,36,1,0
0.57582044739316,0,36,1,0
0.465618761400829,1,36,1,0
0.465618761400829,1,36,1,0
0.465618761400829,0,36,1,0
0.0,1,36,1,0
0.465618761400829,1,36,1,0
0.465618761400829,0,36,1,0
0.465618761400829,1,36,1,0
0.465618761400829,0,36,1,0
0.465618761400829,1,36,1,0
0.358674071991243,1,36,1,0
0.465618761400829,0,36,1,0
0.57582044739316,0,36,1,0
0.358674071991243,0,36,1,0
0.465618761400829,0,36,1,0
0.358674071991243,1,36,1,0
0.465618761400829,1,36,1,0
0.0,0,36,1,0
0.358674071991243,1,36,1,0
0.0,1,36,1,0
0.0,0,36,1,0
0.358674071991243,0,36,1,0
0.465618761400829,1,36,1,0
0.358674071991243,1,36,1,0
0.0,0,36,1,0
0.465618761400829,0,36,1,0
0.465618761400829,1,36,1,0
0.57582044739316,1,36,1,0
0.465618761400829,0,36,1,0
0.358674071991243,1,36,1,0
0.0,1,36,1,0
0.0,0,36,1,0
0.358674071991243,0,36,1,0
0.465618761400829,1,36,1,0
0.0,0,36,1,0
0.0,0,36,1,0
0.57582044739316,1,36,1,0
0.465618761400829,0,36,1,0
0.0,0,36,1,0
0.358674071991243,0,36,1,0
0.465618761400829,1,36,1,0
0.358674071991243,1,36,1,0
0.0,0,36,1,0
0.0,1,36,1,0
0.57582044739316,0,36,1,0
0.465618761400829,0,36,1,0
0.358674071991243,0,36,1,0
0.0,1,36,1,0
0.0,1,36,1,0
0.465618761400829,1,36,1,0
0.465618761400829,0,36,1,0
0.0,1,36,1,0
0.0,1,36,1,0
0.358674071991243,1,36,1,0
0.57582044739316,0,36,1,0
0.0,0,36,1,0
0.0,0,36,1,0
0.0,1,36,1,0
0.0,0,36,1,0
0.358674071991243,0,36,1,0
0.465618761400829,1,36,1,0
0.0,0,36,1,0
0.465618761400829,1,36,1,0
0.0,0,36,1,0
0.358674071991243,0,36,1,0
0.465618761400829,0,36,1,0
0.0,1,36,1,0
0.57582044739316,1,36,1,0
0.0,0,36,1,0
0.57582044739316,1,36,1,0
0.0,0,36,1,0
0.358674071991243,0,36,1,0
0.0,0,36,1,0
0.0,1,36,1,0
0.465618761400829,1,36,1,0
0.0,1,36,1,0
0.358674071991243,1,36,1,0
0.0,0,36,1,0
0.0,0,36,1,0
0.0,0,36,1,0
0.0,1,36,1,0
0.465618761400829,0,36,1,0
0.0,0,36,1,0
0.358674071991243,1,36,1,0
0.465618761400829,1,36,1,0
0.465618761400829,1,36,1,0
0.0,0,36,1,0
0.0,0,36,1,0
0.358674071991243,1,36,1,0
0.0,0,36,1,0
0.0,0,36,1,0
0.0,1,36,1,0
0.465618761400829,1,36,1,0
0.0,0,36,1,0
0.358674071991243,0,36,1,0
0.358674071991243,1,36,1,0
0.0,0,36,1,0
0.57582044739316,0,36,1,0
0.57582044739316,1,36,1,0
1.0,1,36,4,1
1.0,1,36,4,1
1.0,1,36,4,1
1.0,1,36,4,1
1.0,1,36,4,1
1.0,1,36,4,1
1.0,1,36,4,1
1.0,1,36,4,1
1.0,1,36,4,1
1.0,1,36,4,1
1.0,1,36,4,1
1.0,1,36,4,1
1.0,1,36,4,1
1.0,1,36,4,1
1.0,1,36,4,1
1.0,1,36,4,1
1.0,1,36,4,1
1.0,1,36,4,1
1.0,1,36,4,1
1.0,1,36,4,1
0.410755039076228,1,36,4,0
0.32839869692267,0,36,4,0
0.32839869692267,0,36,4,0
0.0,0,36,4,0
0.410755039076228,1,36,4,0
0.410755039076228,1,36,4,0
0.410755039076228,1,36,4,0
0.410755039076228,1,36,4,0
0.32839869692267,0,36,4,0
0.410755039076228,1,36,4,0
0.410755039076228,0,36,4,0
0.410755039076228,0,36,4,0
0.0,0,36,4,0
0.410755039076228,1,36,4,0
0.410755039076228,1,36,4,0
0.410755039076228,0,36,4,0
0.498436636420858,1,36,4,0
0.410755039076228,0,36,4,0
0.498436636420858,0,36,4,0
0.32839869692267,0,36,4,0
0.32839869692267,0,36,4,0
0.410755039076228,0,36,4,0
0.498436636420858,1,36,4,0
0.498436636420858,1,36,4,0
0.410755039076228,1,36,4,0
0.0,0,36,4,0
0.410755039076228,0,36,4,0
0.0,0,36,4,0
0.0,0,36,4,0
0.410755039076228,1,36,4,0
0.0,0,36,4,0
0.0,0,36,4,0
0.32839869692267,0,36,4,0
0.32839869692267,1,36,4,0
0.0,0,36,4,0
0.410755039076228,1,36,4,0
0.0,0,36,4,0
0.410755039076228,1,36,4,0
0.0,0,36,4,0
0.32839869692267,1,36,4,0
0.32839869692267,1,36,4,0
0.0,0,36,4,0
0.32839869692267,1,36,4,0
0.498436636420858,1,36,4,0
0.0,0,36,4,0
0.0,0,36,4,0
0.0,0,36,4,0
0.0,0,36,4,0
0.498436636420858,1,36,4,0
0.0,0,36,4,0
0.410755039076228,1,36,4,0
0.0,0,36,4,0
0.0,0,36,4,0
0.410755039076228,0,36,4,0
0.32839869692267,0,36,4,0
0.410755039076228,0,36,4,0
0.32839869692267,1,36,4,0
0.0,0,36,4,0
0.0,0,36,4,0
0.410755039076228,1,36,4,0
0.0,0,36,4,0
0.0,0,36,4,0
0.410755039076228,1,36,4,0
0.0,0,36,4,0
0.0,0,36,4,0
0.410755039076228,0,36,4,0
0.32839869692267,1,36,4,0
0.498436636420858,1,36,4,0
0.0,0,36,4,0
0.32839869692267,0,36,4,0
0.0,1,36,4,0
0.498436636420858,1,36,4,0
0.0,0,36,4,0
0.0,0,36,4,0
0.0,0,36,4,0
0.32839869692267,1,36,4,0
0.0,0,36,4,0
0.32839869692267,0,36,4,0
0.410755039076228,1,36,4,0
0.410755039076228,1,36,4,0
0.0,0,36,4,0
0.498436636420858,1,36,4,0
0.0,0,36,4,0
0.410755039076228,0,36,4,0
0.32839869692267,1,36,4,0
0.32839869692267,0,36,4,0
0.0,0,36,4,0
0.0,0,36,4,0
0.0,0,36,4,0
0.0,0,36,4,0
0.0,0,36,4,0
0.410755039076228,1,36,4,0
0.0,0,36,4,0
0.0,0,36,4,0
0.32839869692267,0,36,4,0
0.32839869692267,0,36,4,0
0.410755039076228,0,36,4,0
0.498436636420858,1,36,4,0
0.410755039076228,1,36,4,0
0.0,0,36,4,0
1.0,1,37,2,1
0.645046561243675,1,37,2,0
0.645046561243675,1,37,2,0
0.0202308132657205,1,37,2,0
0.645046561243675,1,37,2,0
0.645046561243675,1,37,2,0
0.0202308132657205,1,37,2,0
0.645046561243675,1,37,2,0
0.0,0,37,2,0
0.0202308132657205,1,37,2,0
0.645046561243675,1,37,2,0
0.645046561243675,1,37,2,0
0.645046561243675,1,37,2,0
0.0,1,37,2,0
0.645046561243675,1,37,2,0
0.645046561243675,1,37,2,0
0.0202308132657205,1,37,2,0
0.645046561243675,1,37,2,0
0.993786400445719,1,37,2,0
0.993786400445719,1,37,2,0
0.645046561243675,1,37,2,0
0.0,0,37,2,0
0.645046561243675,1,37,2,0
0.0,0,37,2,0
0.0,0,37,2,0
0.645046561243675,1,37,2,0
0.993786400445719,1,37,2,0
0.645046561243675,1,37,2,0
0.645046561243675,1,37,2,0
0.0,0,37,2,0
0.0,0,37,2,0
0.645046561243675,1,37,2,0
0.0,0,37,2,0
0.0202308132657205,1,37,2,0
0.0202308132657205,1,37,2,0
0.645046561243675,1,37,2,0
0.0,0,37,2,0
0.993786400445719,1,37,2,0
0.0202308132657205,1,37,2,0
0.0,0,37,2,0
0.0202308132657205,1,37,2,0
0.993786400445719,1,37,2,0
0.0202308132657205,1,37,2,0
0.0,0,37,2,0
0.645046561243675,0,37,2,0
0.645046561243675,1,37,2,0
0.0,1,37,2,0
0.0,0,37,2,0
0.0,0,37,2,0
0.0,0,37,2,0
0.0202308132657205,1,37,2,0
0.0,0,37,2,0
0.0202308132657205,1,37,2,0
0.993786400445719,1,37,2,0
0.645046561243675,1,37,2,0
0.645046561243675,1,37,2,0
0.0,0,37,2,0
0.0,0,37,2,0
0.0202308132657205,1,37,2,0
0.0,0,37,2,0
0.0,0,37,2,0
0.0,0,37,2,0
0.0,0,37,2,0
0.993786400445719,1,37,2,0
0.645046561243675,1,37,2,0
0.0202308132657205,1,37,2,0
0.0202308132657205,1,37,2,0
0.0,0,37,2,0
0.0,0,37,2,0
0.645046561243675,1,37,2,0
0.0,0,37,2,0
0.0202308132657205,1,37,2,0
0.0202308132657205,1,37,2,0
0.0,1,37,2,0
0.0,0,37,2,0
0.645046561243675,1,37,2,0
0.0,0,37,2,0
0.993786400445719,1,37,2,0
0.0,0,37,2,0
0.645046561243675,1,37,2,0
0.0,0,37,2,0
0.0,0,37,2,0
0.0,0,37,2,0
0.0202308132657205,0,37,2,0
0.0,0,37,2,0
0.645046561243675,1,37,2,0
0.0,0,37,2,0
0.993786400445719,1,37,2,0
0.0,1,37,2,0
0.0,0,37,2,0
0.993786400445719,1,37,2,0
0.0,0,37,2,0
0.645046561243675,1,37,2,0
0.0,1,37,2,0
0.645046561243675,1,37,2,0
0.0,1,37,2,0
0.0,1,37,2,0
0.645046561243675,1,37,2,0
0.0202308132657205,1,37,2,0
0.0202308132657205,1,37,2,0
0.0202308132657205,0,37,2,0
1.0,1,37,3,1
1.0,1,37,3,1
1.0,1,37,3,1
1.0,1,37,3,1
1.0,1,37,3,1
1.0,1,37,3,1
1.0,1,37,3,1
1.0,1,37,3,1
1.0,1,37,3,1
1.0,1,37,3,1
1.0,1,37,3,1
1.0,1,37,3,1
1.0,1,37,3,1
1.0,1,37,3,1
1.0,1,37,3,1
1.0,1,37,3,1
1.0,1,37,3,1
1.0,1,37,3,1
1.0,1,37,3,1
1.0,1,37,3,1
0.298113475179384,0,37,3,0
0.0,0,37,3,0
0.502282367319592,1,37,3,0
0.502282367319592,1,37,3,0
0.502282367319592,0,37,3,0
0.298113475179384,0,37,3,0
0.502282367319592,1,37,3,0
0.502282367319592,1,37,3,0
0.502282367319592,0,37,3,0
0.502282367319592,1,37,3,0
0.298113475179384,1,37,3,0
0.0,0,37,3,0
0.298113475179384,0,37,3,0
0.502282367319592,0,37,3,0
0.502282367319592,1,37,3,0
0.705692947879635,1,37,3,0
0.502282367319592,1,37,3,0
0.502282367319592,1,37,3,0
0.705692947879635,1,37,3,0
0.502282367319592,1,37,3,0
0.705692947879635,0,37,3,0
0.0,0,37,3,0
0.705692947879635,0,37,3,0
0.0,0,37,3,0
0.0,0,37,3,0
0.298113475179384,0,37,3,0
0.502282367319592,0,37,3,0
0.0,0,37,3,0
0.502282367319592,1,37,3,0
0.298113475179384,0,37,3,0
0.0,0,37,3,0
0.298113475179384,1,37,3,0
0.502282367319592,1,37,3,0
0.0,0,37,3,0
0.502282367319592,0,37,3,0
0.502282367319592,0,37,3,0
0.0,0,37,3,0
0.502282367319592,1,37,3,0
0.298113475179384,1,37,3,0
0.0,1,37,3,0
0.298113475179384,1,37,3,0
0.502282367319592,1,37,3,0
0.0,0,37,3,0
0.0,0,37,3,0
0.705692947879635,1,37,3,0
0.0,0,37,3,0
0.0,0,37,3,0
0.705692947879635,1,37,3,0
0.298113475179384,1,37,3,0
0.0,0,37,3,0
0.298113475179384,0,37,3,0
0.0,0,37,3,0
0.0,0,37,3,0
0.502282367319592,1,37,3,0
0.0,0,37,3,0
0.0,0,37,3,0
0.0,0,37,3,0
0.502282367319592,1,37,3,0
0.298113475179384,1,37,3,0
0.502282367319592,1,37,3,0
0.298113475179384,0,37,3,0
0.0,0,37,3,0
0.298113475179384,0,37,3,0
0.502282367319592,1,37,3,0
0.0,0,37,3,0
0.502282367319592,1,37,3,0
0.0,0,37,3,0
0.0,0,37,3,0
0.0,0,37,3,0
0.298113475179384,1,37,3,0
0.298113475179384,1,37,3,0
0.705692947879635,1,37,3,0
0.0,0,37,3,0
0.0,0,37,3,0
0.705692947879635,1,37,3,0
0.0,0,37,3,0
0.0,0,37,3,0
0.0,0,37,3,0
0.502282367319592,1,37,3,0
0.502282367319592,1,37,3,0
0.298113475179384,1,37,3,0
0.502282367319592,1,37,3,0
0.0,0,37,3,0
0.0,0,37,3,0
0.0,0,37,3,0
0.502282367319592,1,37,3,0
0.502282367319592,1,37,3,0
0.298113475179384,1,37,3,0
0.0,0,37,3,0
0.0,0,37,3,0
0.298113475179384,1,37,3,0
0.705692947879635,1,37,3,0
0.0,0,37,3,0
0.502282367319592,0,37,3,0
0.705692947879635,1,37,3,0
0.0,0,37,3,0
0.298113475179384,0,37,3,0
0.0,0,37,3,0
0.0,0,37,3,0
0.0,0,37,3,0
1.0,1,38,1,1
0.591425110277931,1,38,1,0
0.591425110277931,1,38,1,0
0.591425110277931,1,38,1,0
0.987588982122931,1,38,1,0
0.0256566163522354,1,38,1,0
0.0,1,38,1,0
0.591425110277931,1,38,1,0
0.591425110277931,1,38,1,0
0.987588982122931,1,38,1,0
0.0256566163522354,1,38,1,0
0.591425110277931,1,38,1,0
0.591425110277931,1,38,1,0
0.591425110277931,1,38,1,0
0.0256566163522354,1,38,1,0
0.591425110277931,1,38,1,0
0.591425110277931,1,38,1,0
0.591425110277931,1,38,1,0
0.591425110277931,1,38,1,0
0.0256566163522354,1,38,1,0
0.0,0,38,1,0
0.591425110277931,1,38,1,0
0.0256566163522354,1,38,1,0
0.0256566163522354,1,38,1,0
0.0,1,38,1,0
0.0,0,38,1,0
0.591425110277931,0,38,1,0
0.987588982122931,1,38,1,0
0.591425110277931,0,38,1,0
0.0,0,38,1,0
0.0256566163522354,0,38,1,0
0.0,1,38,1,0
0.0256566163522354,1,38,1,0
0.0,1,38,1,0
0.0,1,38,1,0
0.591425110277931,1,38,1,0
0.591425110277931,1,38,1,0
0.0,1,38,1,0
0.987588982122931,1,38,1,0
0.591425110277931,1,38,1,0
0.0,1,38,1,0
0.591425110277931,1,38,1,0
0.591425110277931,1,38,1,0
0.0,1,38,1,0
0.0,1,38,1,0
0.0,0,38,1,0
0.591425110277931,0,38,1,0
0.591425110277931,0,38,1,0
0.0,0,38,1,0
0.0256566163522354,0,38,1,0
0.0,0,38,1,0
0.987588982122931,1,38,1,0
0.0,1,38,1,0
0.0,1,38,1,0
0.987588982122931,1,38,1,0
0.0256566163522354,1,38,1,0
0.0,0,38,1,0
0.0,0,38,1,0
0.0,0,38,1,0
0.0256566163522354,0,38,1,0
0.0256566163522354,0,38,1,0
0.0,1,38,1,0
0.0,0,38,1,0
0.0256566163522354,1,38,1,0
0.0256566163522354,1,38,1,0
0.591425110277931,1,38,1,0
0.0,1,38,1,0
0.0,1,38,1,0
0.987588982122931,1,38,1,0
0.0,1,38,1,0
0.591425110277931,0,38,1,0
0.0256566163522354,0,38,1,0
0.987588982122931,0,38,1,0
0.0,0,38,1,0
0.0,0,38,1,0
0.0256566163522354,0,38,1,0
0.0,0,38,1,0
0.0,1,38,1,0
0.591425110277931,1,38,1,0
0.591425110277931,1,38,1,0
0.0,1,38,1,0
0.0,1,38,1,0
0.0256566163522354,0,38,1,0
0.0,1,38,1,0
0.0,1,38,1,0
0.0256566163522354,1,38,1,0
0.0,1,38,1,0
0.591425110277931,1,38,1,0
0.0,0,38,1,0
0.0,0,38,1,0
0.591425110277931,1,38,1,0
0.0,1,38,1,0
0.591425110277931,1,38,1,0
0.0256566163522354,1,38,1,0
0.591425110277931,1,38,1,0
0.0,1,38,1,0
0.987588982122931,1,38,1,0
0.0256566163522354,1,38,1,0
0.0,1,38,1,0
0.0,1,38,1,0
0.987588982122931,1,38,1,0
1.0,1,38,4,1
1.0,1,38,4,1
1.0,1,38,4,1
1.0,1,38,4,1
1.0,1,38,4,1
1.0,1,38,4,1
1.0,1,38,4,1
1.0,1,38,4,1
1.0,1,38,4,1
1.0,1,38,4,1
1.0,1,38,4,1
1.0,1,38,4,1
1.0,1,38,4,1
1.0,1,38,4,1
1.0,1,38,4,1
1.0,1,38,4,1
1.0,1,38,4,1
1.0,1,38,4,1
1.0,1,38,4,1
1.0,1,38,4,1
0.519341385852915,0,38,4,0
0.519341385852915,0,38,4,0
0.316894921395224,0,38,4,0
0.0,0,38,4,0
0.519341385852915,0,38,4,0
0.316894921395224,0,38,4,0
0.519341385852915,1,38,4,0
0.715629943633329,0,38,4,0
0.715629943633329,1,38,4,0
0.519341385852915,0,38,4,0
0.519341385852915,1,38,4,0
0.519341385852915,0,38,4,0
0.0,0,38,4,0
0.519341385852915,1,38,4,0
0.316894921395224,1,38,4,0
0.519341385852915,0,38,4,0
0.519341385852915,1,38,4,0
0.316894921395224,0,38,4,0
0.519341385852915,0,38,4,0
0.519341385852915,1,38,4,0
0.519341385852915,0,38,4,0
0.0,0,38,4,0
0.0,0,38,4,0
0.316894921395224,0,38,4,0
0.0,0,38,4,0
0.519341385852915,0,38,4,0
0.519341385852915,0,38,4,0
0.316894921395224,0,38,4,0
0.0,0,38,4,0
0.519341385852915,1,38,4,0
0.715629943633329,1,38,4,0
0.519341385852915,1,38,4,0
0.316894921395224,0,38,4,0
0.715629943633329,0,38,4,0
0.0,0,38,4,0
0.519341385852915,0,38,4,0
0.316894921395224,0,38,4,0
0.0,0,38,4,0
0.0,0,38,4,0
0.0,0,38,4,0
0.0,0,38,4,0
0.715629943633329,0,38,4,0
0.316894921395224,0,38,4,0
0.519341385852915,0,38,4,0
0.715629943633329,0,38,4,0
0.0,0,38,4,0
0.316894921395224,0,38,4,0
0.0,0,38,4,0
0.519341385852915,1,38,4,0
0.0,0,38,4,0
0.0,0,38,4,0
0.316894921395224,0,38,4,0
0.0,0,38,4,0
0.0,0,38,4,0
0.316894921395224,0,38,4,0
0.0,0,38,4,0
0.519341385852915,1,38,4,0
0.0,0,38,4,0
0.0,0,38,4,0
0.519341385852915,0,38,4,0
0.0,0,38,4,0
0.519341385852915,0,38,4,0
0.519341385852915,0,38,4,0
0.316894921395224,0,38,4,0
0.519341385852915,0,38,4,0
0.715629943633329,0,38,4,0
0.316894921395224,0,38,4,0
0.0,0,38,4,0
0.0,0,38,4,0
0.0,0,38,4,0
0.316894921395224,0,38,4,0
0.0,0,38,4,0
0.0,0,38,4,0
0.0,0,38,4,0
0.519341385852915,0,38,4,0
0.316894921395224,0,38,4,0
0.0,0,38,4,0
0.715629943633329,0,38,4,0
0.0,0,38,4,0
0.0,0,38,4,0
0.316894921395224,0,38,4,0
0.316894921395224,0,38,4,0
0.0,0,38,4,0
0.715629943633329,0,38,4,0
0.0,0,38,4,0
0.519341385852915,0,38,4,0
0.0,0,38,4,0
0.316894921395224,0,38,4,0
0.0,0,38,4,0
0.0,0,38,4,0
0.0,1,38,4,0
0.519341385852915,0,38,4,0
0.0,0,38,4,0
0.0,0,38,4,0
0.0,0,38,4,0
0.316894921395224,0,38,4,0
0.519341385852915,0,38,4,0
0.715629943633329,0,38,4,0
0.519341385852915,0,38,4,0
0.0,0,38,4,0
1.0,1,39,2,1
0.400331396587656,1,39,2,0
0.520168186227037,1,39,2,0
0.400331396587656,1,39,2,0
0.400331396587656,1,39,2,0
0.29133987492578,1,39,2,0
0.0,1,39,2,0
0.400331396587656,1,39,2,0
0.400331396587656,1,39,2,0
0.29133987492578,1,39,2,0
0.400331396587656,1,39,2,0
0.400331396587656,1,39,2,0
0.520168186227037,1,39,2,0
0.400331396587656,1,39,2,0
0.0,1,39,2,0
0.400331396587656,1,39,2,0
0.400331396587656,1,39,2,0
0.400331396587656,1,39,2,0
0.400331396587656,1,39,2,0
0.29133987492578,1,39,2,0
0.29133987492578,0,39,2,0
0.0,1,39,2,0
0.400331396587656,1,39,2,0
0.29133987492578,1,39,2,0
0.0,1,39,2,0
0.29133987492578,1,39,2,0
0.520168186227037,1,39,2,0
0.520168186227037,1,39,2,0
0.400331396587656,1,39,2,0
0.0,0,39,2,0
0.0,0,39,2,0
0.0,1,39,2,0
0.29133987492578,1,39,2,0
0.0,1,39,2,0
0.400331396587656,1,39,2,0
0.0,1,39,2,0
0.0,1,39,2,0
0.400331396587656,1,39,2,0
0.29133987492578,1,39,2,0
0.400331396587656,1,39,2,0
0.400331396587656,1,39,2,0
0.0,0,39,2,0
0.0,0,39,2,0
0.0,0,39,2,0
0.400331396587656,1,39,2,0
0.0,1,39,2,0
0.520168186227037,1,39,2,0
0.400331396587656,1,39,2,0
0.0,1,39,2,0
0.0,1,39,2,0
0.0,1,39,2,0
0.29133987492578,1,39,2,0
0.0,1,39,2,0
0.29133987492578,1,39,2,0
0.400331396587656,1,39,2,0
0.0,0,39,2,0
0.520168186227037,1,39,2,0
0.400331396587656,0,39,2,0
0.29133987492578,1,39,2,0
0.0,1,39,2,0
0.29133987492578,1,39,2,0
0.520168186227037,1,39,2,0
0.29133987492578,0,39,2,0
0.400331396587656,1,39,2,0
0.0,1,39,2,0
0.0,1,39,2,0
0.0,1,39,2,0
0.29133987492578,1,39,2,0
0.0,1,39,2,0
0.520168186227037,1,39,2,0
0.400331396587656,1,39,2,0
0.0,0,39,2,0
0.400331396587656,0,39,2,0
0.0,1,39,2,0
0.29133987492578,1,39,2,0
0.29133987492578,1,39,2,0
0.0,1,39,2,0
0.0,1,39,2,0
0.400331396587656,1,39,2,0
0.0,1,39,2,0
0.0,1,39,2,0
0.0,1,39,2,0
0.0,1,39,2,0
0.400331396587656,1,39,2,0
0.400331396587656,1,39,2,0
0.520168186227037,1,39,2,0
0.29133987492578,1,39,2,0
0.0,1,39,2,0
0.520168186227037,1,39,2,0
0.0,1,39,2,0
0.0,1,39,2,0
0.400331396587656,1,39,2,0
0.29133987492578,1,39,2,0
0.0,1,39,2,0
0.29133987492578,1,39,2,0
0.0,1,39,2,0
0.0,1,39,2,0
0.0,1,39,2,0
0.400331396587656,1,39,2,0
0.29133987492578,1,39,2,0
0.0,1,39,2,0
1.0,1,39,3,1
1.0,1,39,3,1
1.0,1,39,3,1
1.0,1,39,3,1
1.0,1,39,3,1
1.0,1,39,3,1
1.0,1,39,3,1
1.0,1,39,3,1
1.0,1,39,3,1
1.0,1,39,3,1
1.0,1,39,3,1
1.0,1,39,3,1
1.0,1,39,3,1
1.0,1,39,3,1
1.0,1,39,3,1
1.0,1,39,3,1
1.0,1,39,3,1
1.0,1,39,3,1
1.0,1,39,3,1
1.0,1,39,3,1
0.432268353954367,0,39,3,0
0.432268353954367,0,39,3,0
0.636493906117862,0,39,3,0
0.432268353954367,1,39,3,0
0.248732582219643,1,39,3,0
0.432268353954367,0,39,3,0
0.432268353954367,0,39,3,0
0.0,1,39,3,0
0.432268353954367,0,39,3,0
0.248732582219643,1,39,3,0
0.248732582219643,0,39,3,0
0.432268353954367,0,39,3,0
0.432268353954367,0,39,3,0
0.0,0,39,3,0
0.432268353954367,0,39,3,0
0.432268353954367,0,39,3,0
0.248732582219643,0,39,3,0
0.432268353954367,0,39,3,0
0.432268353954367,0,39,3,0
0.636493906117862,0,39,3,0
0.0,0,39,3,0
0.0,0,39,3,0
0.636493906117862,0,39,3,0
0.248732582219643,0,39,3,0
0.0,0,39,3,0
0.248732582219643,0,39,3,0
0.0,0,39,3,0
0.432268353954367,1,39,3,0
0.636493906117862,0,39,3,0
0.248732582219643,0,39,3,0
0.0,0,39,3,0
0.0,0,39,3,0
0.0,0,39,3,0
0.432268353954367,0,39,3,0
0.248732582219643,0,39,3,0
0.432268353954367,0,39,3,0
0.432268353954367,1,39,3,0
0.432268353954367,1,39,3,0
0.0,1,39,3,0
0.432268353954367,1,39,3,0
0.0,1,39,3,0
0.432268353954367,1,39,3,0
0.0,1,39,3,0
0.636493906117862,1,39,3,0
0.248732582219643,1,39,3,0
0.0,1,39,3,0
0.432268353954367,1,39,3,0
0.636493906117862,0,39,3,0
0.248732582219643,0,39,3,0
0.248732582219643,1,39,3,0
0.0,0,39,3,0
0.0,1,39,3,0
0.0,0,39,3,0
0.0,0,39,3,0
0.0,0,39,3,0
0.0,0,39,3,0
0.432268353954367,0,39,3,0
0.0,0,39,3,0
0.432268353954367,0,39,3,0
0.248732582219643,0,39,3,0
0.0,0,39,3,0
0.0,0,39,3,0
0.0,0,39,3,0
0.432268353954367,0,39,3,0
0.0,1,39,3,0
0.0,0,39,3,0
0.248732582219643,0,39,3,0
0.636493906117862,0,39,3,0
0.0,0,39,3,0
0.432268353954367,0,39,3,0
0.248732582219643,1,39,3,0
0.248732582219643,0,39,3,0
0.248732582219643,0,39,3,0
0.0,1,39,3,0
0.432268353954367,1,39,3,0
0.0,1,39,3,0
0.432268353954367,1,39,3,0
0.0,0,39,3,0
0.636493906117862,1,39,3,0
0.0,1,39,3,0
0.0,0,39,3,0
0.0,0,39,3,0
0.248732582219643,1,39,3,0
0.0,0,39,3,0
0.0,1,39,3,0
0.0,0,39,3,0
0.432268353954367,0,39,3,0
0.432268353954367,1,39,3,0
0.248732582219643,1,39,3,0
0.432268353954367,1,39,3,0
0.0,1,39,3,0
0.0,0,39,3,0
0.0,0,39,3,0
0.248732582219643,1,39,3,0
0.0,0,39,3,0
0.636493906117862,1,39,3,0
0.248732582219643,1,39,3,0
0.0,0,39,3,0
0.432268353954367,1,39,3,0
0.636493906117862,1,39,3,0
1.0,1,40,1,1
0.416926479586731,1,40,1,0
0.644038908454107,1,40,1,0
0.820726714161826,1,40,1,0
0.644038908454107,0,40,1,0
0.644038908454107,0,40,1,0
0.644038908454107,0,40,1,0
0.644038908454107,0,40,1,0
0.644038908454107,1,40,1,0
0.644038908454107,1,40,1,0
0.0,0,40,1,0
0.644038908454107,1,40,1,0
0.644038908454107,1,40,1,0
0.416926479586731,1,40,1,0
0.644038908454107,1,40,1,0
0.644038908454107,1,40,1,0
0.644038908454107,1,40,1,0
0.0,0,40,1,0
0.416926479586731,1,40,1,0
0.820726714161826,1,40,1,0
0.416926479586731,0,40,1,0
0.0,0,40,1,0
0.0,0,40,1,0
0.0,0,40,1,0
0.416926479586731,1,40,1,0
0.644038908454107,1,40,1,0
0.416926479586731,0,40,1,0
0.820726714161826,1,40,1,0
0.0,0,40,1,0
0.644038908454107,0,40,1,0
0.644038908454107,1,40,1,0
0.820726714161826,1,40,1,0
0.0,0,40,1,0
0.416926479586731,1,40,1,0
0.644038908454107,1,40,1,0
0.644038908454107,1,40,1,0
0.0,0,40,1,0
0.416926479586731,1,40,1,0
0.0,0,40,1,0
0.0,0,40,1,0
0.644038908454107,1,40,1,0
0.0,0,40,1,0
0.0,0,40,1,0
0.644038908454107,1,40,1,0
0.0,0,40,1,0
0.416926479586731,1,40,1,0
0.0,0,40,1,0
0.416926479586731,1,40,1,0
0.644038908454107,1,40,1,0
0.416926479586731,1,40,1,0
0.820726714161826,1,40,1,0
0.0,0,40,1,0
0.416926479586731,1,40,1,0
0.0,0,40,1,0
0.820726714161826,1,40,1,0
0.0,0,40,1,0
0.0,0,40,1,0
0.0,0,40,1,0
0.644038908454107,1,40,1,0
0.644038908454107,1,40,1,0
0.0,0,40,1,0
0.0,0,40,1,0
0.0,0,40,1,0
0.644038908454107,1,40,1,0
0.416926479586731,1,40,1,0
0.416926479586731,1,40,1,0
0.0,1,40,1,0
0.0,1,40,1,0
0.0,1,40,1,0
0.0,0,40,1,0
0.820726714161826,1,40,1,0
0.0,0,40,1,0
0.644038908454107,0,40,1,0
0.416926479586731,1,40,1,0
0.416926479586731,1,40,1,0
0.644038908454107,1,40,1,0
0.820726714161826,1,40,1,0
0.644038908454107,1,40,1,0
0.0,0,40,1,0
0.0,1,40,1,0
0.0,1,40,1,0
0.416926479586731,1,40,1,0
0.644038908454107,1,40,1,0
0.0,1,40,1,0
0.644038908454107,1,40,1,0
0.644038908454107,0,40,1,0
0.0,1,40,1,0
0.0,0,40,1,0
0.0,0,40,1,0
0.0,0,40,1,0
0.0,0,40,1,0
0.416926479586731,1,40,1,0
0.0,0,40,1,0
0.0,0,40,1,0
0.820726714161826,1,40,1,0
0.416926479586731,1,40,1,0
0.0,0,40,1,0
0.820726714161826,1,40,1,0
0.416926479586731,1,40,1,0
0.0,1,40,1,0
0.644038908454107,1,40,1,0
1.0,1,40,4,1
1.0,1,40,4,1
1.0,1,40,4,1
1.0,1,40,4,1
1.0,1,40,4,1
1.0,1,40,4,1
1.0,1,40,4,1
1.0,1,40,4,1
1.0,1,40,4,1
1.0,1,40,4,1
1.0,1,40,4,1
1.0,1,40,4,1
1.0,1,40,4,1
1.0,1,40,4,1
1.0,1,40,4,1
1.0,1,40,4,1
1.0,1,40,4,1
1.0,1,40,4,1
1.0,1,40,4,1
1.0,1,40,4,1
0.639848529913286,1,40,4,0
0.639848529913286,1,40,4,0
0.0,0,40,4,0
0.0,0,40,4,0
0.868714466733756,1,40,4,0
0.32295465279592,1,40,4,0
0.639848529913286,1,40,4,0
0.639848529913286,1,40,4,0
0.32295465279592,1,40,4,0
0.639848529913286,1,40,4,0
0.639848529913286,1,40,4,0
0.639848529913286,1,40,4,0
0.32295465279592,1,40,4,0
0.639848529913286,1,40,4,0
0.32295465279592,0,40,4,0
0.639848529913286,1,40,4,0
0.639848529913286,1,40,4,0
0.639848529913286,1,40,4,0
0.868714466733756,1,40,4,0
0.639848529913286,1,40,4,0
0.0,0,40,4,0
0.639848529913286,1,40,4,0
0.639848529913286,0,40,4,0
0.0,0,40,4,0
0.0,0,40,4,0
0.639848529913286,0,40,4,0
0.639848529913286,0,40,4,0
0.0,0,40,4,0
0.32295465279592,0,40,4,0
0.0,0,40,4,0
0.32295465279592,0,40,4,0
0.0,0,40,4,0
0.868714466733756,1,40,4,0
0.639848529913286,1,40,4,0
0.0,0,40,4,0
0.868714466733756,1,40,4,0
0.32295465279592,1,40,4,0
0.0,0,40,4,0
0.639848529913286,1,40,4,0
0.32295465279592,1,40,4,0
0.32295465279592,1,40,4,0
0.0,0,40,4,0
0.639848529913286,1,40,4,0
0.32295465279592,1,40,4,0
0.0,0,40,4,0
0.868714466733756,1,40,4,0
0.0,0,40,4,0
0.0,0,40,4,0
0.639848529913286,0,40,4,0
0.0,0,40,4,0
0.639848529913286,1,40,4,0
0.0,0,40,4,0
0.868714466733756,1,40,4,0
0.0,0,40,4,0
0.32295465279592,0,40,4,0
0.0,0,40,4,0
0.32295465279592,0,40,4,0
0.639848529913286,1,40,4,0
0.0,0,40,4,0
0.0,0,40,4,0
0.0,0,40,4,0
0.32295465279592,1,40,4,0
0.639848529913286,1,40,4,0
0.868714466733756,1,40,4,0
0.0,0,40,4,0
0.0,0,40,4,0
0.32295465279592,1,40,4,0
0.639848529913286,1,40,4,0
0.0,0,40,4,0
0.639848529913286,1,40,4,0
0.32295465279592,0,40,4,0
0.0,0,40,4,0
0.0,0,40,4,0
0.0,0,40,4,0
0.0,0,40,4,0
0.0,0,40,4,0
0.32295465279592,0,40,4,0
0.868714466733756,1,40,4,0
0.639848529913286,0,40,4,0
0.0,0,40,4,0
0.639848529913286,1,40,4,0
0.32295465279592,0,40,4,0
0.0,0,40,4,0
0.0,0,40,4,0
0.0,0,40,4,0
0.32295465279592,1,40,4,0
0.639848529913286,1,40,4,0
0.0,0,40,4,0
0.639848529913286,1,40,4,0
0.0,0,40,4,0
0.639848529913286,1,40,4,0
0.0,0,40,4,0
0.868714466733756,1,40,4,0
0.0,0,40,4,0
0.0,0,40,4,0
0.0,0,40,4,0
0.0,0,40,4,0
0.32295465279592,0,40,4,0
0.32295465279592,0,40,4,0
0.868714466733756,1,40,4,0
1.0,1,41,1,1
0.0,0,41,1,0
0.360798462523908,1,41,1,0
0.844108737932369,1,41,1,0
0.63613112906767,1,41,1,0
0.63613112906767,1,41,1,0
0.360798462523908,1,41,1,0
0.63613112906767,1,41,1,0
0.63613112906767,1,41,1,0
0.63613112906767,1,41,1,0
0.63613112906767,1,41,1,0
0.844108737932369,1,41,1,0
0.360798462523908,1,41,1,0
0.63613112906767,1,41,1,0
0.63613112906767,1,41,1,0
0.63613112906767,1,41,1,0
0.360798462523908,1,41,1,0
0.63613112906767,1,41,1,0
0.0,0,41,1,0
0.63613112906767,1,41,1,0
0.63613112906767,1,41,1,0
0.844108737932369,1,41,1,0
0.63613112906767,1,41,1,0
0.360798462523908,1,41,1,0
0.0,0,41,1,0
0.360798462523908,1,41,1,0
0.0,0,41,1,0
0.0,0,41,1,0
0.63613112906767,1,41,1,0
0.63613112906767,1,41,1,0
0.0,0,41,1,0
0.0,0,41,1,0
0.63613112906767,1,41,1,0
0.0,0,41,1,0
0.0,0,41,1,0
0.844108737932369,1,41,1,0
0.360798462523908,1,41,1,0
0.360798462523908,1,41,1,0
0.63613112906767,1,41,1,0
0.63613112906767,1,41,1,0
0.0,0,41,1,0
0.0,0,41,1,0
0.360798462523908,1,41,1,0
0.0,0,41,1,0
0.360798462523908,1,41,1,0
0.0,0,41,1,0
0.360798462523908,0,41,1,0
0.0,0,41,1,0
0.0,0,41,1,0
0.844108737932369,1,41,1,0
0.63613112906767,1,41,1,0
0.0,0,41,1,0
0.63613112906767,1,41,1,0
0.0,0,41,1,0
0.63613112906767,1,41,1,0
0.360798462523908,1,41,1,0
0.0,0,41,1,0
0.0,0,41,1,0
0.63613112906767,1,41,1,0
0.0,0,41,1,0
0.844108737932369,1,41,1,0
0.63613112906767,1,41,1,0
0.0,0,41,1,0
0.0,0,41,1,0
0.0,0,41,1,0
0.0,0,41,1,0
0.360798462523908,1,41,1,0
0.360798462523908,1,41,1,0
0.844108737932369,1,41,1,0
0.0,0,41,1,0
0.360798462523908,1,41,1,0
0.360798462523908,1,41,1,0
0.63613112906767,1,41,1,0
0.0,0,41,1,0
0.0,1,41,1,0
0.63613112906767,1,41,1,0
0.63613112906767,1,41,1,0
0.844108737932369,1,41,1,0
0.0,0,41,1,0
0.0,0,41,1,0
0.0,0,41,1,0
0.844108737932369,1,41,1,0
0.0,0,41,1,0
0.360798462523908,1,41,1,0
0.360798462523908,1,41,1,0
0.360798462523908,1,41,1,0
0.0,0,41,1,0
0.0,0,41,1,0
0.63613112906767,1,41,1,0
0.0,0,41,1,0
0.0,0,41,1,0
0.0,0,41,1,0
0.63613112906767,1,41,1,0
0.63613112906767,1,41,1,0
0.0,0,41,1,0
0.844108737932369,1,41,1,0
0.0,0,41,1,0
0.360798462523908,1,41,1,0
0.0,0,41,1,0
0.0,0,41,1,0
0.63613112906767,1,41,1,0
1.0,1,41,4,1
1.0,1,41,4,1
1.0,1,41,4,1
1.0,1,41,4,1
1.0,1,41,4,1
1.0,1,41,4,1
1.0,1,41,4,1
1.0,1,41,4,1
1.0,1,41,4,1
1.0,1,41,4,1
1.0,1,41,4,1
1.0,1,41,4,1
1.0,1,41,4,1
1.0,1,41,4,1
1.0,1,41,4,1
1.0,1,41,4,1
1.0,1,41,4,1
1.0,1,41,4,1
1.0,1,41,4,1
1.0,1,41,4,1
0.0,0,41,4,0
0.543302755717815,1,41,4,0
0.543302755717815,0,41,4,0
0.543302755717815,1,41,4,0
0.734434681059042,1,41,4,0
0.338508450979676,0,41,4,0
0.543302755717815,0,41,4,0
0.543302755717815,1,41,4,0
0.543302755717815,1,41,4,0
0.543302755717815,1,41,4,0
0.543302755717815,1,41,4,0
0.0,0,41,4,0
0.543302755717815,0,41,4,0
0.734434681059042,1,41,4,0
0.338508450979676,0,41,4,0
0.543302755717815,1,41,4,0
0.543302755717815,0,41,4,0
0.338508450979676,0,41,4,0
0.543302755717815,0,41,4,0
0.338508450979676,0,41,4,0
0.338508450979676,1,41,4,0
0.543302755717815,0,41,4,0
0.0,0,41,4,0
0.0,0,41,4,0
0.543302755717815,1,41,4,0
0.0,0,41,4,0
0.0,0,41,4,0
0.0,0,41,4,0
0.734434681059042,1,41,4,0
0.338508450979676,0,41,4,0
0.543302755717815,1,41,4,0
0.0,0,41,4,0
0.543302755717815,1,41,4,0
0.338508450979676,1,41,4,0
0.0,0,41,4,0
0.734434681059042,1,41,4,0
0.543302755717815,1,41,4,0
0.543302755717815,1,41,4,0
0.0,0,41,4,0
0.338508450979676,0,41,4,0
0.0,0,41,4,0
0.0,0,41,4,0
0.0,0,41,4,0
0.338508450979676,0,41,4,0
0.0,0,41,4,0
0.543302755717815,1,41,4,0
0.338508450979676,0,41,4,0
0.0,0,41,4,0
0.0,0,41,4,0
0.543302755717815,0,41,4,0
0.0,0,41,4,0
0.543302755717815,0,41,4,0
0.734434681059042,0,41,4,0
0.734434681059042,1,41,4,0
0.0,0,41,4,0
0.543302755717815,0,41,4,0
0.338508450979676,0,41,4,0
0.0,1,41,4,0
0.338508450979676,0,41,4,0
0.0,0,41,4,0
0.543302755717815,1,41,4,0
0.0,0,41,4,0
0.734434681059042,1,41,4,0
0.0,0,41,4,0
0.543302755717815,0,41,4,0
0.0,0,41,4,0
0.338508450979676,1,41,4,0
0.0,0,41,4,0
0.0,0,41,4,0
0.0,0,41,4,0
0.338508450979676,0,41,4,0
0.734434681059042,1,41,4,0
0.0,0,41,4,0
0.0,0,41,4,0
0.338508450979676,0,41,4,0
0.543302755717815,0,41,4,0
0.543302755717815,1,41,4,0
0.0,0,41,4,0
0.0,0,41,4,0
0.338508450979676,1,41,4,0
0.0,0,41,4,0
0.0,0,41,4,0
0.0,0,41,4,0
0.0,0,41,4,0
0.338508450979676,0,41,4,0
0.338508450979676,1,41,4,0
0.338508450979676,0,41,4,0
0.0,0,41,4,0
0.543302755717815,1,41,4,0
0.0,0,41,4,0
0.734434681059042,1,41,4,0
0.543302755717815,1,41,4,0
0.0,0,41,4,0
0.0,0,41,4,0
0.734434681059042,1,41,4,0
0.338508450979676,1,41,4,0
0.543302755717815,0,41,4,0
0.0,0,41,4,0
0.0,0,41,4,0
0.543302755717815,1,41,4,0
1.0,1,42,1,1
0.477160093231063,1,42,1,0
0.477160093231063,0,42,1,0
0.0,0,42,1,0
0.477160093231063,1,42,1,0
0.670369362671822,1,42,1,0
0.670369362671822,0,42,1,0
0.670369362671822,1,42,1,0
0.670369362671822,0,42,1,0
0.477160093231063,1,42,1,0
0.0,0,42,1,0
0.670369362671822,1,42,1,0
0.670369362671822,0,42,1,0
0.819229420163911,1,42,1,0
0.819229420163911,1,42,1,0
0.670369362671822,1,42,1,0
0.670369362671822,0,42,1,0
0.670369362671822,0,42,1,0
0.670369362671822,1,42,1,0
0.670369362671822,0,42,1,0
0.670369362671822,0,42,1,0
0.0,0,42,1,0
0.670369362671822,0,42,1,0
0.477160093231063,1,42,1,0
0.0,0,42,1,0
0.0,0,42,1,0
0.477160093231063,0,42,1,0
0.670369362671822,1,42,1,0
0.0,1,42,1,0
0.819229420163911,1,42,1,0
0.670369362671822,0,42,1,0
0.670369362671822,1,42,1,0
0.670369362671822,0,42,1,0
0.0,0,42,1,0
0.0,0,42,1,0
0.819229420163911,1,42,1,0
0.670369362671822,1,42,1,0
0.0,0,42,1,0
0.477160093231063,0,42,1,0
0.0,0,42,1,0
0.477160093231063,1,42,1,0
0.819229420163911,1,42,1,0
0.0,0,42,1,0
0.0,0,42,1,0
0.477160093231063,1,42,1,0
0.819229420163911,1,42,1,0
0.0,0,42,1,0
0.670369362671822,0,42,1,0
0.0,0,42,1,0
0.477160093231063,0,42,1,0
0.0,0,42,1,0
0.670369362671822,1,42,1,0
0.477160093231063,0,42,1,0
0.0,0,42,1,0
0.0,0,42,1,0
0.0,0,42,1,0
0.670369362671822,0,42,1,0
0.0,0,42,1,0
0.670369362671822,0,42,1,0
0.477160093231063,0,42,1,0
0.0,0,42,1,0
0.0,0,42,1,0
0.477160093231063,0,42,1,0
0.819229420163911,1,42,1,0
0.0,0,42,1,0
0.670369362671822,1,42,1,0
0.477160093231063,0,42,1,0
0.819229420163911,0,42,1,0
0.477160093231063,0,42,1,0
0.670369362671822,1,42,1,0
0.477160093231063,1,42,1,0
0.0,0,42,1,0
0.0,0,42,1,0
0.0,0,42,1,0
0.0,0,42,1,0
0.0,0,42,1,0
0.0,0,42,1,0
0.670369362671822,0,42,1,0
0.670369362671822,1,42,1,0
0.0,0,42,1,0
0.0,0,42,1,0
0.477160093231063,1,42,1,0
0.0,0,42,1,0
0.0,0,42,1,0
0.477160093231063,0,42,1,0
0.0,0,42,1,0
0.819229420163911,1,42,1,0
0.819229420163911,1,42,1,0
0.0,0,42,1,0
0.670369362671822,0,42,1,0
0.0,0,42,1,0
0.477160093231063,0,42,1,0
0.0,0,42,1,0
0.670369362671822,0,42,1,0
0.0,0,42,1,0
0.0,0,42,1,0
0.477160093231063,0,42,1,0
0.0,0,42,1,0
0.0,0,42,1,0
0.670369362671822,0,42,1,0
0.670369362671822,1,42,1,0
1.0,1,42,4,1
1.0,1,42,4,1
1.0,1,42,4,1
1.0,1,42,4,1
1.0,1,42,4,1
1.0,1,42,4,1
1.0,1,42,4,1
1.0,1,42,4,1
1.0,1,42,4,1
1.0,1,42,4,1
1.0,1,42,4,1
1.0,1,42,4,1
1.0,1,42,4,1
1.0,1,42,4,1
1.0,1,42,4,1
1.0,1,42,4,1
1.0,1,42,4,1
1.0,1,42,4,1
1.0,1,42,4,1
1.0,1,42,4,1
0.273959543132008,1,42,4,0
0.513529896377933,1,42,4,0
0.513529896377933,1,42,4,0
0.513529896377933,1,42,4,0
0.747040668942326,1,42,4,0
0.513529896377933,1,42,4,0
0.513529896377933,1,42,4,0
0.0,0,42,4,0
0.513529896377933,1,42,4,0
0.513529896377933,1,42,4,0
0.513529896377933,1,42,4,0
0.513529896377933,1,42,4,0
0.273959543132008,0,42,4,0
0.513529896377933,1,42,4,0
0.0,0,42,4,0
0.273959543132008,1,42,4,0
0.273959543132008,1,42,4,0
0.513529896377933,1,42,4,0
0.513529896377933,1,42,4,0
0.747040668942326,1,42,4,0
0.0,0,42,4,0
0.273959543132008,1,42,4,0
0.513529896377933,1,42,4,0
0.0,0,42,4,0
0.0,0,42,4,0
0.747040668942326,1,42,4,0
0.513529896377933,1,42,4,0
0.0,0,42,4,0
0.513529896377933,1,42,4,0
0.747040668942326,1,42,4,0
0.273959543132008,0,42,4,0
0.273959543132008,1,42,4,0
0.513529896377933,1,42,4,0
0.0,0,42,4,0
0.513529896377933,1,42,4,0
0.0,0,42,4,0
0.513529896377933,1,42,4,0
0.0,0,42,4,0
0.273959543132008,1,42,4,0
0.0,0,42,4,0
0.747040668942326,1,42,4,0
0.273959543132008,1,42,4,0
0.0,0,42,4,0
0.273959543132008,0,42,4,0
0.513529896377933,1,42,4,0
0.0,0,42,4,0
0.0,0,42,4,0
0.0,0,42,4,0
0.0,0,42,4,0
0.0,0,42,4,0
0.0,0,42,4,0
0.273959543132008,1,42,4,0
0.0,0,42,4,0
0.513529896377933,1,42,4,0
0.747040668942326,1,42,4,0
0.0,0,42,4,0
0.0,0,42,4,0
0.273959543132008,1,42,4,0
0.513529896377933,1,42,4,0
0.513529896377933,1,42,4,0
0.0,0,42,4,0
0.513529896377933,1,42,4,0
0.513529896377933,1,42,4,0
0.0,0,42,4,0
0.747040668942326,1,42,4,0
0.513529896377933,1,42,4,0
0.273959543132008,1,42,4,0
0.0,0,42,4,0
0.273959543132008,0,42,4,0
0.747040668942326,1,42,4,0
0.273959543132008,1,42,4,0
0.0,0,42,4,0
0.0,0,42,4,0
0.0,0,42,4,0
0.273959543132008,0,42,4,0
0.0,0,42,4,0
0.513529896377933,0,42,4,0
0.0,0,42,4,0
0.0,0,42,4,0
0.0,0,42,4,0
0.273959543132008,1,42,4,0
0.513529896377933,1,42,4,0
0.273959543132008,1,42,4,0
0.273959543132008,0,42,4,0
0.0,0,42,4,0
0.513529896377933,1,42,4,0
0.747040668942326,1,42,4,0
0.513529896377933,0,42,4,0
0.0,0,42,4,0
0.273959543132008,1,42,4,0
0.0,0,42,4,0
0.0,0,42,4,0
0.0,0,42,4,0
0.0,0,42,4,0
0.747040668942326,1,42,4,0
0.513529896377933,1,42,4,0
0.0,0,42,4,0
0.0,0,42,4,0
0.0,0,42,4,0
0.0,0,42,4,0
1.0,1,43,2,1
0.481366702610424,1,43,2,0
0.696888138662429,1,43,2,0
0.481366702610424,0,43,2,0
0.481366702610424,1,43,2,0
0.481366702610424,0,43,2,0
0.272562837702666,0,43,2,0
0.272562837702666,0,43,2,0
0.0,0,43,2,0
0.696888138662429,0,43,2,0
0.481366702610424,1,43,2,0
0.481366702610424,1,43,2,0
0.272562837702666,1,43,2,0
0.272562837702666,0,43,2,0
0.481366702610424,1,43,2,0
0.481366702610424,1,43,2,0
0.481366702610424,0,43,2,0
0.481366702610424,0,43,2,0
0.0,0,43,2,0
0.481366702610424,0,43,2,0
0.481366702610424,1,43,2,0
0.696888138662429,1,43,2,0
0.0,0,43,2,0
0.481366702610424,0,43,2,0
0.0,0,43,2,0
0.0,0,43,2,0
0.272562837702666,1,43,2,0
0.481366702610424,0,43,2,0
0.0,0,43,2,0
0.272562837702666,1,43,2,0
0.0,0,43,2,0
0.696888138662429,1,43,2,0
0.481366702610424,1,43,2,0
0.0,1,43,2,0
0.272562837702666,1,43,2,0
0.481366702610424,0,43,2,0
0.481366702610424,1,43,2,0
0.481366702610424,1,43,2,0
0.0,0,43,2,0
0.0,0,43,2,0
0.272562837702666,0,43,2,0
0.481366702610424,0,43,2,0
0.0,0,43,2,0
0.272562837702666,1,43,2,0
0.0,0,43,2,0
0.696888138662429,1,43,2,0
0.0,0,43,2,0
0.696888138662429,1,43,2,0
0.272562837702666,1,43,2,0
0.0,0,43,2,0
0.481366702610424,1,43,2,0
0.481366702610424,0,43,2,0
0.0,0,43,2,0
0.272562837702666,1,43,2,0
0.0,0,43,2,0
0.481366702610424,1,43,2,0
0.0,0,43,2,0
0.0,0,43,2,0
0.272562837702666,0,43,2,0
0.0,0,43,2,0
0.0,0,43,2,0
0.0,1,43,2,0
0.0,1,43,2,0
0.696888138662429,1,43,2,0
0.481366702610424,0,43,2,0
0.272562837702666,0,43,2,0
0.0,0,43,2,0
0.0,0,43,2,0
0.481366702610424,1,43,2,0
0.696888138662429,1,43,2,0
0.0,0,43,2,0
0.481366702610424,1,43,2,0
0.272562837702666,1,43,2,0
0.0,0,43,2,0
0.0,0,43,2,0
0.272562837702666,1,43,2,0
0.481366702610424,1,43,2,0
0.0,0,43,2,0
0.272562837702666,0,43,2,0
0.0,0,43,2,0
0.0,0,43,2,0
0.0,1,43,2,0
0.0,0,43,2,0
0.0,1,43,2,0
0.0,1,43,2,0
0.696888138662429,1,43,2,0
0.272562837702666,1,43,2,0
0.481366702610424,0,43,2,0
0.272562837702666,1,43,2,0
0.0,0,43,2,0
0.481366702610424,1,43,2,0
0.481366702610424,1,43,2,0
0.0,0,43,2,0
0.0,0,43,2,0
0.272562837702666,0,43,2,0
0.0,0,43,2,0
0.272562837702666,0,43,2,0
0.696888138662429,1,43,2,0
0.0,0,43,2,0
0.481366702610424,1,43,2,0
0.0,0,43,2,0
1.0,1,43,3,1
1.0,1,43,3,1
1.0,1,43,3,1
1.0,1,43,3,1
1.0,1,43,3,1
1.0,1,43,3,1
1.0,1,43,3,1
1.0,1,43,3,1
1.0,1,43,3,1
1.0,1,43,3,1
1.0,1,43,3,1
1.0,1,43,3,1
1.0,1,43,3,1
1.0,1,43,3,1
1.0,1,43,3,1
1.0,1,43,3,1
1.0,1,43,3,1
1.0,1,43,3,1
1.0,1,43,3,1
1.0,1,43,3,1
0.324004163853382,0,43,3,0
0.497517557335358,1,43,3,0
0.497517557335358,1,43,3,0
0.497517557335358,1,43,3,0
0.497517557335358,1,43,3,0
0.497517557335358,1,43,3,0
0.324004163853382,1,43,3,0
0.324004163853382,0,43,3,0
0.0,1,43,3,0
0.671630942294806,1,43,3,0
0.497517557335358,1,43,3,0
0.671630942294806,1,43,3,0
0.497517557335358,0,43,3,0
0.497517557335358,1,43,3,0
0.497517557335358,1,43,3,0
0.497517557335358,1,43,3,0
0.497517557335358,1,43,3,0
0.324004163853382,0,43,3,0
0.497517557335358,1,43,3,0
0.0,0,43,3,0
0.324004163853382,1,43,3,0
0.0,1,43,3,0
0.0,1,43,3,0
0.0,1,43,3,0
0.671630942294806,1,43,3,0
0.324004163853382,1,43,3,0
0.497517557335358,1,43,3,0
0.0,1,43,3,0
0.0,1,43,3,0
0.0,1,43,3,0
0.324004163853382,1,43,3,0
0.0,1,43,3,0
0.671630942294806,1,43,3,0
0.324004163853382,0,43,3,0
0.497517557335358,1,43,3,0
0.497517557335358,1,43,3,0
0.497517557335358,1,43,3,0
0.497517557335358,1,43,3,0
0.0,1,43,3,0
0.497517557335358,0,43,3,0
0.0,1,43,3,0
0.497517557335358,1,43,3,0
0.324004163853382,0,43,3,0
0.671630942294806,0,43,3,0
0.0,0,43,3,0
0.497517557335358,1,43,3,0
0.324004163853382,0,43,3,0
0.0,1,43,3,0
0.0,1,43,3,0
0.324004163853382,1,43,3,0
0.0,1,43,3,0
0.0,1,43,3,0
0.0,1,43,3,0
0.0,1,43,3,0
0.497517557335358,1,43,3,0
0.0,1,43,3,0
0.324004163853382,1,43,3,0
0.671630942294806,1,43,3,0
0.0,1,43,3,0
0.497517557335358,1,43,3,0
0.0,1,43,3,0
0.324004163853382,1,43,3,0
0.0,1,43,3,0
0.497517557335358,0,43,3,0
0.497517557335358,0,43,3,0
0.0,1,43,3,0
0.324004163853382,1,43,3,0
0.324004163853382,0,43,3,0
0.0,0,43,3,0
0.0,0,43,3,0
0.0,1,43,3,0
0.324004163853382,1,43,3,0
0.671630942294806,1,43,3,0
0.0,1,43,3,0
0.497517557335358,1,43,3,0
0.0,0,43,3,0
0.0,1,43,3,0
0.497517557335358,1,43,3,0
0.0,1,43,3,0
0.671630942294806,0,43,3,0
0.324004163853382,1,43,3,0
0.0,0,43,3,0
0.497517557335358,0,43,3,0
0.324004163853382,0,43,3,0
0.324004163853382,0,43,3,0
0.0,0,43,3,0
0.0,1,43,3,0
0.671630942294806,1,43,3,0
0.0,1,43,3,0
0.0,0,43,3,0
0.497517557335358,1,43,3,0
0.0,0,43,3,0
0.497517557335358,0,43,3,0
0.0,0,43,3,0
0.324004163853382,0,43,3,0
0.671630942294806,0,43,3,0
0.0,0,43,3,0
0.0,1,43,3,0
0.0,1,43,3,0
0.497517557335358,0,43,3,0
1.0,1,44,1,1
0.541080361376756,1,44,1,0
0.0,0,44,1,0
0.541080361376756,1,44,1,0
0.68402094779316,1,44,1,0
0.541080361376756,1,44,1,0
0.391043689826038,0,44,1,0
0.541080361376756,1,44,1,0
0.391043689826038,1,44,1,0
0.541080361376756,1,44,1,0
0.391043689826038,1,44,1,0
0.541080361376756,1,44,1,0
0.541080361376756,1,44,1,0
0.541080361376756,1,44,1,0
0.541080361376756,1,44,1,0
0.541080361376756,0,44,1,0
0.68402094779316,0,44,1,0
0.391043689826038,0,44,1,0
0.541080361376756,0,44,1,0
0.541080361376756,1,44,1,0
0.0,1,44,1,0
0.68402094779316,1,44,1,0
0.0,1,44,1,0
0.391043689826038,0,44,1,0
0.541080361376756,0,44,1,0
0.391043689826038,0,44,1,0
0.541080361376756,0,44,1,0
0.541080361376756,0,44,1,0
0.391043689826038,0,44,1,0
0.541080361376756,0,44,1,0
0.541080361376756,0,44,1,0
0.541080361376756,0,44,1,0
0.0,0,44,1,0
0.0,1,44,1,0
0.0,0,44,1,0
0.0,0,44,1,0
0.0,0,44,1,0
0.0,0,44,1,0
0.68402094779316,0,44,1,0
0.0,0,44,1,0
0.391043689826038,0,44,1,0
0.541080361376756,1,44,1,0
0.68402094779316,1,44,1,0
0.0,0,44,1,0
0.0,0,44,1,0
0.391043689826038,0,44,1,0
0.0,1,44,1,0
0.0,0,44,1,0
0.0,0,44,1,0
0.391043689826038,1,44,1,0
0.68402094779316,1,44,1,0
0.541080361376756,0,44,1,0
0.541080361376756,1,44,1,0
0.0,0,44,1,0
0.391043689826038,0,44,1,0
0.0,0,44,1,0
0.541080361376756,0,44,1,0
0.0,0,44,1,0
0.391043689826038,0,44,1,0
0.0,0,44,1,0
0.0,0,44,1,0
0.0,0,44,1,0
0.0,0,44,1,0
0.541080361376756,0,44,1,0
0.391043689826038,0,44,1,0
0.68402094779316,0,44,1,0
0.541080361376756,0,44,1,0
0.0,0,44,1,0
0.0,0,44,1,0
0.391043689826038,0,44,1,0
0.391043689826038,0,44,1,0
0.68402094779316,0,44,1,0
0.0,0,44,1,0
0.0,0,44,1,0
0.541080361376756,0,44,1,0
0.0,0,44,1,0
0.541080361376756,0,44,1,0
0.0,0,44,1,0
0.0,0,44,1,0
0.391043689826038,0,44,1,0
0.0,0,44,1,0
0.0,0,44,1,0
0.0,0,44,1,0
0.0,0,44,1,0
0.541080361376756,0,44,1,0
0.541080361376756,0,44,1,0
0.391043689826038,0,44,1,0
0.391043689826038,0,44,1,0
0.541080361376756,0,44,1,0
0.391043689826038,0,44,1,0
0.391043689826038,0,44,1,0
0.0,0,44,1,0
0.0,0,44,1,0
0.0,1,44,1,0
0.0,1,44,1,0
0.0,1,44,1,0
0.68402094779316,1,44,1,0
0.0,1,44,1,0
0.68402094779316,1,44,1,0
0.541080361376756,1,44,1,0
0.0,1,44,1,0
1.0,1,44,4,1
1.0,1,44,4,1
1.0,1,44,4,1
1.0,1,44,4,1
1.0,1,44,4,1
1.0,1,44,4,1
1.0,1,44,4,1
1.0,1,44,4,1
1.0,1,44,4,1
1.0,1,44,4,1
1.0,1,44,4,1
1.0,1,44,4,1
1.0,1,44,4,1
1.0,1,44,4,1
1.0,1,44,4,1
1.0,1,44,4,1
1.0,1,44,4,1
1.0,1,44,4,1
1.0,1,44,4,1
1.0,1,44,4,1
0.477361417318275,0,44,4,0
0.477361417318275,0,44,4,0
0.477361417318275,1,44,4,0
0.477361417318275,1,44,4,0
0.0825884136737347,0,44,4,0
0.477361417318275,0,44,4,0
0.902600084543661,1,44,4,0
0.477361417318275,1,44,4,0
0.477361417318275,0,44,4,0
0.0,0,44,4,0
0.0825884136737347,1,44,4,0
0.0825884136737347,1,44,4,0
0.477361417318275,0,44,4,0
0.0825884136737347,0,44,4,0
0.477361417318275,1,44,4,0
0.477361417318275,0,44,4,0
0.477361417318275,1,44,4,0
0.477361417318275,0,44,4,0
0.0,0,44,4,0
0.902600084543661,1,44,4,0
0.902600084543661,0,44,4,0
0.477361417318275,0,44,4,0
0.0825884136737347,0,44,4,0
0.0825884136737347,0,44,4,0
0.902600084543661,1,44,4,0
0.0,0,44,4,0
0.0,0,44,4,0
0.477361417318275,0,44,4,0
0.477361417318275,0,44,4,0
0.0,0,44,4,0
0.0825884136737347,0,44,4,0
0.477361417318275,1,44,4,0
0.0,0,44,4,0
0.0825884136737347,0,44,4,0
0.477361417318275,0,44,4,0
0.0,1,44,4,0
0.477361417318275,1,44,4,0
0.0,0,44,4,0
0.0,0,44,4,0
0.0,0,44,4,0
0.0,0,44,4,0
0.0,0,44,4,0
0.0,0,44,4,0
0.477361417318275,1,44,4,0
0.0,0,44,4,0
0.0,0,44,4,0
0.0,0,44,4,0
0.902600084543661,1,44,4,0
0.0825884136737347,0,44,4,0
0.902600084543661,1,44,4,0
0.477361417318275,0,44,4,0
0.0,1,44,4,0
0.477361417318275,0,44,4,0
0.0,1,44,4,0
0.0,0,44,4,0
0.0825884136737347,1,44,4,0
0.0,0,44,4,0
0.477361417318275,0,44,4,0
0.0825884136737347,0,44,4,0
0.0825884136737347,0,44,4,0
0.0825884136737347,1,44,4,0
0.902600084543661,1,44,4,0
0.0825884136737347,1,44,4,0
0.902600084543661,1,44,4,0
0.0,1,44,4,0
0.477361417318275,0,44,4,0
0.477361417318275,0,44,4,0
0.0,0,44,4,0
0.0,0,44,4,0
0.0,0,44,4,0
0.0,0,44,4,0
0.0825884136737347,0,44,4,0
0.0,0,44,4,0
0.477361417318275,0,44,4,0
0.0825884136737347,1,44,4,0
0.0,0,44,4,0
0.477361417318275,0,44,4,0
0.0,0,44,4,0
0.0,0,44,4,0
0.0,0,44,4,0
0.477361417318275,0,44,4,0
0.477361417318275,0,44,4,0
0.0,0,44,4,0
0.0,0,44,4,0
0.0,0,44,4,0
0.0,0,44,4,0
0.0825884136737347,0,44,4,0
0.477361417318275,0,44,4,0
0.0825884136737347,0,44,4,0
0.0,0,44,4,0
0.477361417318275,1,44,4,0
0.0,0,44,4,0
0.0,0,44,4,0
0.0,0,44,4,0
0.0,0,44,4,0
0.0825884136737347,0,44,4,0
0.902600084543661,1,44,4,0
0.0,0,44,4,0
0.902600084543661,1,44,4,0
0.0825884136737347,0,44,4,0
1.0,1,46,1,1
0.0,0,46,1,0
0.546359997518191,1,46,1,0
0.546359997518191,1,46,1,0
0.306912676135741,1,46,1,0
0.306912676135741,0,46,1,0
0.546359997518191,0,46,1,0
0.546359997518191,0,46,1,0
0.766121862996037,0,46,1,0
0.0,0,46,1,0
0.546359997518191,1,46,1,0
0.546359997518191,1,46,1,0
0.546359997518191,0,46,1,0
0.546359997518191,0,46,1,0
0.546359997518191,1,46,1,0
0.306912676135741,0,46,1,0
0.546359997518191,1,46,1,0
0.766121862996037,0,46,1,0
0.546359997518191,1,46,1,0
0.306912676135741,1,46,1,0
0.546359997518191,1,46,1,0
0.546359997518191,1,46,1,0
0.546359997518191,1,46,1,0
0.306912676135741,0,46,1,0
0.0,0,46,1,0
0.546359997518191,1,46,1,0
0.0,1,46,1,0
0.546359997518191,1,46,1,0
0.306912676135741,1,46,1,0
0.766121862996037,0,46,1,0
0.0,1,46,1,0
0.766121862996037,0,46,1,0
0.0,0,46,1,0
0.546359997518191,1,46,1,0
0.0,0,46,1,0
0.546359997518191,1,46,1,0
0.306912676135741,0,46,1,0
0.0,0,46,1,0
0.0,1,46,1,0
0.0,1,46,1,0
0.306912676135741,0,46,1,0
0.0,1,46,1,0
0.306912676135741,1,46,1,0
0.0,0,46,1,0
0.546359997518191,1,46,1,0
0.0,0,46,1,0
0.546359997518191,0,46,1,0
0.306912676135741,1,46,1,0
0.0,0,46,1,0
0.0,0,46,1,0
0.306912676135741,1,46,1,0
0.766121862996037,1,46,1,0
0.546359997518191,0,46,1,0
0.306912676135741,0,46,1,0
0.766121862996037,1,46,1,0
0.0,0,46,1,0
0.0,1,46,1,0
0.0,0,46,1,0
0.546359997518191,1,46,1,0
0.0,0,46,1,0
0.0,0,46,1,0
0.0,0,46,1,0
0.0,0,46,1,0
0.306912676135741,0,46,1,0
0.0,0,46,1,0
0.546359997518191,0,46,1,0
0.0,1,46,1,0
0.306912676135741,0,46,1,0
0.306912676135741,1,46,1,0
0.546359997518191,0,46,1,0
0.0,1,46,1,0
0.546359997518191,1,46,1,0
0.0,0,46,1,0
0.0,0,46,1,0
0.546359997518191,1,46,1,0
0.306912676135741,1,46,1,0
0.0,1,46,1,0
0.0,0,46,1,0
0.766121862996037,1,46,1,0
0.766121862996037,1,46,1,0
0.0,1,46,1,0
0.0,1,46,1,0
0.306912676135741,1,46,1,0
0.0,0,46,1,0
0.546359997518191,0,46,1,0
0.0,0,46,1,0
0.306912676135741,1,46,1,0
0.306912676135741,1,46,1,0
0.546359997518191,0,46,1,0
0.0,0,46,1,0
0.766121862996037,0,46,1,0
0.546359997518191,1,46,1,0
0.0,0,46,1,0
0.0,1,46,1,0
0.546359997518191,0,46,1,0
0.0,0,46,1,0
0.306912676135741,1,46,1,0
0.766121862996037,1,46,1,0
0.0,0,46,1,0
0.0,0,46,1,0
0.0,0,46,1,0
1.0,1,46,4,1
1.0,1,46,4,1
1.0,1,46,4,1
1.0,1,46,4,1
1.0,1,46,4,1
1.0,1,46,4,1
1.0,1,46,4,1
1.0,1,46,4,1
1.0,1,46,4,1
1.0,1,46,4,1
1.0,1,46,4,1
1.0,1,46,4,1
1.0,1,46,4,1
1.0,1,46,4,1
1.0,1,46,4,1
1.0,1,46,4,1
1.0,1,46,4,1
1.0,1,46,4,1
1.0,1,46,4,1
1.0,1,46,4,1
0.409119288776988,0,46,4,0
0.409119288776988,1,46,4,0
0.799023508629523,0,46,4,0
0.107607358068741,1,46,4,0
0.107607358068741,0,46,4,0
0.409119288776988,1,46,4,0
0.409119288776988,0,46,4,0
0.0,0,46,4,0
0.409119288776988,0,46,4,0
0.107607358068741,1,46,4,0
0.799023508629523,1,46,4,0
0.409119288776988,0,46,4,0
0.409119288776988,0,46,4,0
0.409119288776988,1,46,4,0
0.409119288776988,0,46,4,0
0.409119288776988,1,46,4,0
0.107607358068741,1,46,4,0
0.409119288776988,1,46,4,0
0.0,0,46,4,0
0.409119288776988,0,46,4,0
0.0,1,46,4,0
0.799023508629523,1,46,4,0
0.409119288776988,0,46,4,0
0.409119288776988,1,46,4,0
0.409119288776988,1,46,4,0
0.107607358068741,1,46,4,0
0.409119288776988,0,46,4,0
0.0,0,46,4,0
0.0,0,46,4,0
0.0,0,46,4,0
0.107607358068741,1,46,4,0
0.409119288776988,1,46,4,0
0.0,1,46,4,0
0.0,1,46,4,0
0.107607358068741,0,46,4,0
0.107607358068741,0,46,4,0
0.0,0,46,4,0
0.0,0,46,4,0
0.409119288776988,1,46,4,0
0.799023508629523,1,46,4,0
0.0,0,46,4,0
0.0,1,46,4,0
0.0,1,46,4,0
0.107607358068741,1,46,4,0
0.799023508629523,0,46,4,0
0.0,0,46,4,0
0.409119288776988,0,46,4,0
0.0,1,46,4,0
0.0,1,46,4,0
0.0,0,46,4,0
0.409119288776988,0,46,4,0
0.409119288776988,0,46,4,0
0.0,0,46,4,0
0.107607358068741,0,46,4,0
0.0,0,46,4,0
0.0,1,46,4,0
0.107607358068741,0,46,4,0
0.799023508629523,1,46,4,0
0.409119288776988,0,46,4,0
0.107607358068741,1,46,4,0
0.0,0,46,4,0
0.409119288776988,0,46,4,0
0.0,0,46,4,0
0.409119288776988,1,46,4,0
0.799023508629523,0,46,4,0
0.0,1,46,4,0
0.107607358068741,1,46,4,0
0.107607358068741,1,46,4,0
0.0,0,46,4,0
0.0,0,46,4,0
0.107607358068741,0,46,4,0
0.0,1,46,4,0
0.107607358068741,0,46,4,0
0.0,0,46,4,0
0.0,0,46,4,0
0.409119288776988,1,46,4,0
0.0,1,46,4,0
0.0,1,46,4,0
0.409119288776988,0,46,4,0
0.799023508629523,0,46,4,0
0.409119288776988,0,46,4,0
0.799023508629523,0,46,4,0
0.0,1,46,4,0
0.0,0,46,4,0
0.0,1,46,4,0
0.107607358068741,1,46,4,0
0.0,1,46,4,0
0.799023508629523,0,46,4,0
0.0,1,46,4,0
0.409119288776988,1,46,4,0
0.0,1,46,4,0
0.107607358068741,0,46,4,0
0.0,0,46,4,0
0.107607358068741,1,46,4,0
0.409119288776988,0,46,4,0
0.0,1,46,4,0
0.0,0,46,4,0
0.0,1,46,4,0
0.107607358068741,0,46,4,0
0.409119288776988,0,46,4,0
1.0,1,47,2,1
0.00158379045431617,1,47,2,0
0.00158379045431617,1,47,2,0
0.675035364432971,0,47,2,0
0.675035364432971,1,47,2,0
0.675035364432971,1,47,2,0
0.675035364432971,0,47,2,0
0.675035364432971,0,47,2,0
0.00158379045431617,1,47,2,0
0.999632509919641,1,47,2,0
0.0,0,47,2,0
0.675035364432971,0,47,2,0
0.675035364432971,0,47,2,0
0.675035364432971,1,47,2,0
0.675035364432971,0,47,2,0
0.675035364432971,1,47,2,0
0.675035364432971,0,47,2,0
0.675035364432971,0,47,2,0
0.0,0,47,2,0
0.00158379045431617,0,47,2,0
0.999632509919641,1,47,2,0
0.999632509919641,1,47,2,0
0.675035364432971,1,47,2,0
0.00158379045431617,0,47,2,0
0.00158379045431617,0,47,2,0
0.0,0,47,2,0
0.0,0,47,2,0
0.00158379045431617,1,47,2,0
0.00158379045431617,1,47,2,0
0.0,0,47,2,0
0.675035364432971,1,47,2,0
0.675035364432971,0,47,2,0
0.0,0,47,2,0
0.675035364432971,1,47,2,0
0.0,0,47,2,0
0.0,0,47,2,0
0.0,0,47,2,0
0.675035364432971,1,47,2,0
0.999632509919641,1,47,2,0
0.0,0,47,2,0
0.675035364432971,1,47,2,0
0.00158379045431617,1,47,2,0
0.00158379045431617,1,47,2,0
0.0,0,47,2,0
0.675035364432971,1,47,2,0
0.999632509919641,1,47,2,0
0.0,0,47,2,0
0.675035364432971,1,47,2,0
0.0,0,47,2,0
0.00158379045431617,1,47,2,0
0.0,0,47,2,0
0.0,0,47,2,0
0.0,0,47,2,0
0.675035364432971,1,47,2,0
0.675035364432971,1,47,2,0
0.999632509919641,1,47,2,0
0.00158379045431617,1,47,2,0
0.0,0,47,2,0
0.0,0,47,2,0
0.0,0,47,2,0
0.0,0,47,2,0
0.0,0,47,2,0
0.0,0,47,2,0
0.675035364432971,1,47,2,0
0.0,0,47,2,0
0.675035364432971,1,47,2,0
0.00158379045431617,1,47,2,0
0.00158379045431617,0,47,2,0
0.0,0,47,2,0
0.0,0,47,2,0
0.675035364432971,1,47,2,0
0.999632509919641,1,47,2,0
0.0,1,47,2,0
0.675035364432971,1,47,2,0
0.0,0,47,2,0
0.999632509919641,1,47,2,0
0.00158379045431617,1,47,2,0
0.00158379045431617,0,47,2,0
0.0,0,47,2,0
0.0,1,47,2,0
0.0,0,47,2,0
0.0,0,47,2,0
0.00158379045431617,1,47,2,0
0.675035364432971,1,47,2,0
0.0,1,47,2,0
0.0,0,47,2,0
0.0,0,47,2,0
0.675035364432971,1,47,2,0
0.999632509919641,1,47,2,0
0.0,1,47,2,0
0.0,1,47,2,0
0.0,1,47,2,0
0.0,0,47,2,0
0.00158379045431617,1,47,2,0
0.0,1,47,2,0
0.675035364432971,0,47,2,0
0.0,0,47,2,0
0.675035364432971,1,47,2,0
0.00158379045431617,1,47,2,0
0.00158379045431617,1,47,2,0
0.999632509919641,1,47,2,0
1.0,1,47,3,1
1.0,1,47,3,1
1.0,1,47,3,1
1.0,1,47,3,1
1.0,1,47,3,1
1.0,1,47,3,1
1.0,1,47,3,1
1.0,1,47,3,1
1.0,1,47,3,1
1.0,1,47,3,1
1.0,1,47,3,1
1.0,1,47,3,1
1.0,1,47,3,1
1.0,1,47,3,1
1.0,1,47,3,1
1.0,1,47,3,1
1.0,1,47,3,1
1.0,1,47,3,1
1.0,1,47,3,1
1.0,1,47,3,1
0.630922662374667,1,47,3,0
0.630922662374667,1,47,3,0
0.630922662374667,1,47,3,0
0.630922662374667,1,47,3,0
0.0111705615932128,1,47,3,0
0.630922662374667,1,47,3,0
0.630922662374667,1,47,3,0
0.630922662374667,1,47,3,0
0.0,0,47,3,0
0.996149115635827,1,47,3,0
0.996149115635827,1,47,3,0
0.0111705615932128,1,47,3,0
0.0111705615932128,1,47,3,0
0.0,0,47,3,0
0.630922662374667,1,47,3,0
0.630922662374667,1,47,3,0
0.630922662374667,1,47,3,0
0.630922662374667,1,47,3,0
0.0111705615932128,1,47,3,0
0.630922662374667,1,47,3,0
0.0,0,47,3,0
0.0111705615932128,1,47,3,0
0.630922662374667,1,47,3,0
0.0,0,47,3,0
0.0,0,47,3,0
0.0,0,47,3,0
0.996149115635827,1,47,3,0
0.0111705615932128,1,47,3,0
0.0,0,47,3,0
0.630922662374667,1,47,3,0
0.0111705615932128,1,47,3,0
0.630922662374667,1,47,3,0
0.0,0,47,3,0
0.0,0,47,3,0
0.630922662374667,1,47,3,0
0.996149115635827,1,47,3,0
0.630922662374667,1,47,3,0
0.0111705615932128,1,47,3,0
0.630922662374667,1,47,3,0
0.0,0,47,3,0
0.630922662374667,1,47,3,0
0.0,0,47,3,0
0.0,0,47,3,0
0.0,0,47,3,0
0.0,0,47,3,0
0.630922662374667,1,47,3,0
0.0,0,47,3,0
0.996149115635827,1,47,3,0
0.630922662374667,1,47,3,0
0.0,0,47,3,0
0.0,0,47,3,0
0.0,0,47,3,0
0.0,0,47,3,0
0.0111705615932128,1,47,3,0
0.996149115635827,1,47,3,0
0.0111705615932128,1,47,3,0
0.0111705615932128,1,47,3,0
0.630922662374667,1,47,3,0
0.0111705615932128,1,47,3,0
0.0,0,47,3,0
0.0111705615932128,1,47,3,0
0.0111705615932128,1,47,3,0
0.996149115635827,1,47,3,0
0.996149115635827,1,47,3,0
0.630922662374667,1,47,3,0
0.0,0,47,3,0
0.0,0,47,3,0
0.0,0,47,3,0
0.630922662374667,1,47,3,0
0.0111705615932128,1,47,3,0
0.630922662374667,1,47,3,0
0.0,0,47,3,0
0.0,0,47,3,0
0.630922662374667,1,47,3,0
0.0111705615932128,0,47,3,0
0.0,0,47,3,0
0.0,0,47,3,0
0.0,0,47,3,0
0.0,0,47,3,0
0.0,0,47,3,0
0.630922662374667,1,47,3,0
0.0111705615932128,1,47,3,0
0.0,0,47,3,0
0.0,0,47,3,0
0.0111705615932128,1,47,3,0
0.996149115635827,1,47,3,0
0.0,0,47,3,0
0.0111705615932128,1,47,3,0
0.630922662374667,1,47,3,0
0.0,0,47,3,0
0.0,0,47,3,0
0.0,0,47,3,0
0.0,0,47,3,0
0.0,0,47,3,0
0.630922662374667,1,47,3,0
0.0,0,47,3,0
0.0111705615932128,1,47,3,0
0.630922662374667,1,47,3,0
0.996149115635827,1,47,3,0
0.0,1,47,3,0
1.0,1,48,2,1
0.48076145830924,1,48,2,0
0.48076145830924,1,48,2,0
0.998764362542253,0,48,2,0
0.48076145830924,0,48,2,0
0.00105948082662917,0,48,2,0
0.00105948082662917,0,48,2,0
0.48076145830924,0,48,2,0
0.48076145830924,1,48,2,0
0.48076145830924,1,48,2,0
0.48076145830924,1,48,2,0
0.0,0,48,2,0
0.998764362542253,1,48,2,0
0.00105948082662917,1,48,2,0
0.48076145830924,0,48,2,0
0.48076145830924,0,48,2,0
0.0,0,48,2,0
0.48076145830924,1,48,2,0
0.00105948082662917,0,48,2,0
0.48076145830924,1,48,2,0
0.48076145830924,1,48,2,0
0.0,0,48,2,0
0.0,0,48,2,0
0.00105948082662917,0,48,2,0
0.0,0,48,2,0
0.998764362542253,0,48,2,0
0.48076145830924,1,48,2,0
0.0,0,48,2,0
0.48076145830924,1,48,2,0
0.48076145830924,1,48,2,0
0.0,0,48,2,0
0.00105948082662917,0,48,2,0
0.00105948082662917,1,48,2,0
0.0,0,48,2,0
0.48076145830924,1,48,2,0
0.48076145830924,1,48,2,0
0.00105948082662917,1,48,2,0
0.0,1,48,2,0
0.998764362542253,1,48,2,0
0.48076145830924,1,48,2,0
0.0,0,48,2,0
0.998764362542253,1,48,2,0
0.0,0,48,2,0
0.0,0,48,2,0
0.48076145830924,1,48,2,0
0.0,0,48,2,0
0.0,0,48,2,0
0.0,1,48,2,0
0.0,1,48,2,0
0.48076145830924,0,48,2,0
0.00105948082662917,1,48,2,0
0.00105948082662917,1,48,2,0
0.00105948082662917,1,48,2,0
0.48076145830924,0,48,2,0
0.998764362542253,1,48,2,0
0.48076145830924,1,48,2,0
0.0,0,48,2,0
0.0,0,48,2,0
0.0,0,48,2,0
0.0,1,48,2,0
0.00105948082662917,0,48,2,0
0.0,0,48,2,0
0.48076145830924,0,48,2,0
0.0,0,48,2,0
0.0,0,48,2,0
0.00105948082662917,1,48,2,0
0.00105948082662917,1,48,2,0
0.998764362542253,1,48,2,0
0.0,0,48,2,0
0.00105948082662917,0,48,2,0
0.00105948082662917,1,48,2,0
0.48076145830924,1,48,2,0
0.0,1,48,2,0
0.998764362542253,1,48,2,0
0.0,1,48,2,0
0.0,1,48,2,0
0.48076145830924,1,48,2,0
0.0,0,48,2,0
0.0,0,48,2,0
0.0,0,48,2,0
0.48076145830924,0,48,2,0
0.00105948082662917,1,48,2,0
0.0,1,48,2,0
0.0,1,48,2,0
0.00105948082662917,0,48,2,0
0.48076145830924,1,48,2,0
0.998764362542253,1,48,2,0
0.0,0,48,2,0
0.48076145830924,1,48,2,0
0.0,0,48,2,0
0.0,1,48,2,0
0.998764362542253,0,48,2,0
0.0,1,48,2,0
0.48076145830924,1,48,2,0
0.00105948082662917,0,48,2,0
0.0,0,48,2,0
0.0,1,48,2,0
0.48076145830924,1,48,2,0
0.0,0,48,2,0
0.00105948082662917,0,48,2,0
0.0,1,48,2,0
1.0,1,48,3,1
1.0,1,48,3,1
1.0,1,48,3,1
1.0,1,48,3,1
1.0,1,48,3,1
1.0,1,48,3,1
1.0,1,48,3,1
1.0,1,48,3,1
1.0,1,48,3,1
1.0,1,48,3,1
1.0,1,48,3,1
1.0,1,48,3,1
1.0,1,48,3,1
1.0,1,48,3,1
1.0,1,48,3,1
1.0,1,48,3,1
1.0,1,48,3,1
1.0,1,48,3,1
1.0,1,48,3,1
1.0,1,48,3,1
0.715462948258567,1,48,3,0
0.521360481156254,1,48,3,0
0.320586365798232,0,48,3,0
0.521360481156254,1,48,3,0
0.521360481156254,0,48,3,0
0.0,0,48,3,0
0.320586365798232,1,48,3,0
0.521360481156254,1,48,3,0
0.521360481156254,0,48,3,0
0.715462948258567,1,48,3,0
0.521360481156254,0,48,3,0
0.320586365798232,0,48,3,0
0.521360481156254,0,48,3,0
0.521360481156254,1,48,3,0
0.521360481156254,0,48,3,0
0.521360481156254,1,48,3,0
0.0,0,48,3,0
0.320586365798232,1,48,3,0
0.521360481156254,1,48,3,0
0.521360481156254,1,48,3,0
0.521360481156254,1,48,3,0
0.715462948258567,1,48,3,0
0.320586365798232,0,48,3,0
0.521360481156254,1,48,3,0
0.0,0,48,3,0
0.0,0,48,3,0
0.0,0,48,3,0
0.521360481156254,1,48,3,0
0.320586365798232,0,48,3,0
0.320586365798232,1,48,3,0
0.521360481156254,1,48,3,0
0.0,1,48,3,0
0.0,0,48,3,0
0.0,0,48,3,0
0.521360481156254,1,48,3,0
0.0,0,48,3,0
0.715462948258567,1,48,3,0
0.0,0,48,3,0
0.521360481156254,1,48,3,0
0.320586365798232,1,48,3,0
0.0,0,48,3,0
0.521360481156254,1,48,3,0
0.0,0,48,3,0
0.0,0,48,3,0
0.715462948258567,1,48,3,0
0.0,0,48,3,0
0.521360481156254,1,48,3,0
0.320586365798232,1,48,3,0
0.320586365798232,1,48,3,0
0.0,0,48,3,0
0.320586365798232,1,48,3,0
0.521360481156254,1,48,3,0
0.0,0,48,3,0
0.0,0,48,3,0
0.0,0,48,3,0
0.320586365798232,0,48,3,0
0.0,0,48,3,0
0.0,0,48,3,0
0.715462948258567,1,48,3,0
0.521360481156254,1,48,3,0
0.0,0,48,3,0
0.320586365798232,1,48,3,0
0.521360481156254,1,48,3,0
0.0,0,48,3,0
0.0,1,48,3,0
0.320586365798232,1,48,3,0
0.320586365798232,1,48,3,0
0.0,0,48,3,0
0.521360481156254,0,48,3,0
0.521360481156254,1,48,3,0
0.320586365798232,1,48,3,0
0.521360481156254,1,48,3,0
0.0,0,48,3,0
0.0,0,48,3,0
0.0,1,48,3,0
0.0,0,48,3,0
0.715462948258567,0,48,3,0
0.715462948258567,1,48,3,0
0.0,0,48,3,0
0.0,0,48,3,0
0.0,0,48,3,0
0.0,1,48,3,0
0.521360481156254,1,48,3,0
0.0,0,48,3,0
0.0,0,48,3,0
0.0,0,48,3,0
0.521360481156254,1,48,3,0
0.320586365798232,1,48,3,0
0.320586365798232,1,48,3,0
0.0,1,48,3,0
0.320586365798232,0,48,3,0
0.0,0,48,3,0
0.0,0,48,3,0
0.0,0,48,3,0
0.521360481156254,1,48,3,0
0.320586365798232,1,48,3,0
0.715462948258567,0,48,3,0
0.715462948258567,0,48,3,0
0.0,0,48,3,0
0.521360481156254,0,48,3,0
1.0,1,49,1,1
0.359625884844469,1,49,1,0
0.359625884844469,1,49,1,0
0.359625884844469,1,49,1,0
0.152798703511214,0,49,1,0
0.359625884844469,1,49,1,0
0.636184183335976,1,49,1,0
0.0,0,49,1,0
0.152798703511214,0,49,1,0
0.359625884844469,0,49,1,0
0.0,0,49,1,0
0.359625884844469,1,49,1,0
0.359625884844469,0,49,1,0
0.152798703511214,0,49,1,0
0.359625884844469,0,49,1,0
0.359625884844469,0,49,1,0
0.152798703511214,0,49,1,0
0.359625884844469,0,49,1,0
0.636184183335976,0,49,1,0
0.359625884844469,0,49,1,0
0.359625884844469,0,49,1,0
0.359625884844469,0,49,1,0
0.359625884844469,1,49,1,0
0.636184183335976,1,49,1,0
0.0,0,49,1,0
0.0,0,49,1,0
0.359625884844469,0,49,1,0
0.636184183335976,0,49,1,0
0.359625884844469,0,49,1,0
0.0,0,49,1,0
0.152798703511214,0,49,1,0
0.0,1,49,1,0
0.359625884844469,0,49,1,0
0.0,0,49,1,0
0.152798703511214,0,49,1,0
0.359625884844469,0,49,1,0
0.152798703511214,0,49,1,0
0.0,0,49,1,0
0.0,1,49,1,0
0.152798703511214,0,49,1,0
0.0,0,49,1,0
0.359625884844469,0,49,1,0
0.0,0,49,1,0
0.0,0,49,1,0
0.0,0,49,1,0
0.359625884844469,0,49,1,0
0.0,0,49,1,0
0.152798703511214,0,49,1,0
0.0,0,49,1,0
0.359625884844469,0,49,1,0
0.0,0,49,1,0
0.0,0,49,1,0
0.0,0,49,1,0
0.0,0,49,1,0
0.359625884844469,0,49,1,0
0.152798703511214,0,49,1,0
0.152798703511214,0,49,1,0
0.636184183335976,0,49,1,0
0.0,0,49,1,0
0.152798703511214,0,49,1,0
0.636184183335976,0,49,1,0
0.0,0,49,1,0
0.0,0,49,1,0
0.0,0,49,1,0
0.0,0,49,1,0
0.359625884844469,0,49,1,0
0.0,0,49,1,0
0.0,0,49,1,0
0.359625884844469,0,49,1,0
0.0,0,49,1,0
0.636184183335976,0,49,1,0
0.0,0,49,1,0
0.152798703511214,0,49,1,0
0.152798703511214,0,49,1,0
0.359625884844469,0,49,1,0
0.359625884844469,0,49,1,0
0.0,0,49,1,0
0.636184183335976,0,49,1,0
0.0,0,49,1,0
0.152798703511214,0,49,1,0
0.152798703511214,0,49,1,0
0.152798703511214,0,49,1,0
0.0,0,49,1,0
0.636184183335976,0,49,1,0
0.359625884844469,0,49,1,0
0.359625884844469,0,49,1,0
0.636184183335976,0,49,1,0
0.359625884844469,0,49,1,0
0.152798703511214,0,49,1,0
0.0,0,49,1,0
0.359625884844469,0,49,1,0
0.152798703511214,0,49,1,0
0.0,0,49,1,0
0.0,0,49,1,0
0.0,0,49,1,0
0.0,0,49,1,0
0.0,0,49,1,0
0.0,0,49,1,0
0.0,0,49,1,0
0.152798703511214,0,49,1,0
0.0,0,49,1,0
1.0,1,49,4,1
1.0,1,49,4,1
1.0,1,49,4,1
1.0,1,49,4,1
1.0,1,49,4,1
1.0,1,49,4,1
1.0,1,49,4,1
1.0,1,49,4,1
1.0,1,49,4,1
1.0,1,49,4,1
1.0,1,49,4,1
1.0,1,49,4,1
1.0,1,49,4,1
1.0,1,49,4,1
1.0,1,49,4,1
1.0,1,49,4,1
1.0,1,49,4,1
1.0,1,49,4,1
1.0,1,49,4,1
1.0,1,49,4,1
0.330750526990615,1,49,4,0
0.210812538684357,1,49,4,0
0.330750526990615,0,49,4,0
0.47762734717957,1,49,4,0
0.330750526990615,0,49,4,0
0.330750526990615,0,49,4,0
0.330750526990615,1,49,4,0
0.47762734717957,1,49,4,0
0.210812538684357,0,49,4,0
0.330750526990615,0,49,4,0
0.210812538684357,0,49,4,0
0.330750526990615,1,49,4,0
0.330750526990615,0,49,4,0
0.0,0,49,4,0
0.210812538684357,0,49,4,0
0.330750526990615,0,49,4,0
0.330750526990615,0,49,4,0
0.330750526990615,0,49,4,0
0.330750526990615,0,49,4,0
0.0,0,49,4,0
0.330750526990615,1,49,4,0
0.210812538684357,1,49,4,0
0.0,0,49,4,0
0.0,0,49,4,0
0.0,0,49,4,0
0.0,0,49,4,0
0.330750526990615,0,49,4,0
0.0,0,49,4,0
0.330750526990615,1,49,4,0
0.330750526990615,1,49,4,0
0.0,0,49,4,0
0.330750526990615,1,49,4,0
0.0,1,49,4,0
0.47762734717957,1,49,4,0
0.210812538684357,0,49,4,0
0.47762734717957,0,49,4,0
0.0,0,49,4,0
0.210812538684357,0,49,4,0
0.210812538684357,1,49,4,0
0.330750526990615,0,49,4,0
0.0,0,49,4,0
0.330750526990615,0,49,4,0
0.0,0,49,4,0
0.210812538684357,0,49,4,0
0.0,0,49,4,0
0.47762734717957,0,49,4,0
0.210812538684357,0,49,4,0
0.0,0,49,4,0
0.330750526990615,0,49,4,0
0.0,0,49,4,0
0.0,0,49,4,0
0.47762734717957,0,49,4,0
0.330750526990615,0,49,4,0
0.0,0,49,4,0
0.0,0,49,4,0
0.0,0,49,4,0
0.210812538684357,0,49,4,0
0.210812538684357,0,49,4,0
0.330750526990615,0,49,4,0
0.0,0,49,4,0
0.210812538684357,0,49,4,0
0.0,0,49,4,0
0.210812538684357,0,49,4,0
0.0,0,49,4,0
0.0,0,49,4,0
0.0,0,49,4,0
0.0,0,49,4,0
0.0,0,49,4,0
0.0,0,49,4,0
0.0,0,49,4,0
0.210812538684357,0,49,4,0
0.210812538684357,0,49,4,0
0.330750526990615,0,49,4,0
0.330750526990615,0,49,4,0
0.0,0,49,4,0
0.330750526990615,0,49,4,0
0.47762734717957,0,49,4,0
0.0,0,49,4,0
0.330750526990615,0,49,4,0
0.47762734717957,0,49,4,0
0.0,0,49,4,0
0.0,0,49,4,0
0.0,0,49,4,0
0.210812538684357,0,49,4,0
0.0,0,49,4,0
0.330750526990615,0,49,4,0
0.47762734717957,0,49,4,0
0.330750526990615,0,49,4,0
0.47762734717957,0,49,4,0
0.330750526990615,0,49,4,0
0.0,0,49,4,0
0.0,0,49,4,0
0.210812538684357,0,49,4,0
0.0,0,49,4,0
0.0,0,49,4,0
0.0,0,49,4,0
0.0,0,49,4,0
0.330750526990615,0,49,4,0
0.210812538684357,0,49,4,0
0.210812538684357,0,49,4,0
1.0,1,50,1,1
0.530849275740595,1,50,1,0
0.770941579847091,1,50,1,0
0.530849275740595,1,50,1,0
0.530849275740595,0,50,1,0
0.275573198552173,1,50,1,0
0.530849275740595,0,50,1,0
0.0,0,50,1,0
0.530849275740595,0,50,1,0
0.530849275740595,1,50,1,0
0.275573198552173,0,50,1,0
0.275573198552173,0,50,1,0
0.0,0,50,1,0
0.530849275740595,1,50,1,0
0.530849275740595,1,50,1,0
0.770941579847091,1,50,1,0
0.530849275740595,1,50,1,0
0.530849275740595,0,50,1,0
0.530849275740595,1,50,1,0
0.530849275740595,1,50,1,0
0.275573198552173,0,50,1,0
0.530849275740595,1,50,1,0
0.0,0,50,1,0
0.530849275740595,1,50,1,0
0.275573198552173,0,50,1,0
0.275573198552173,1,50,1,0
0.530849275740595,0,50,1,0
0.0,0,50,1,0
0.0,1,50,1,0
0.530849275740595,1,50,1,0
0.530849275740595,1,50,1,0
0.530849275740595,0,50,1,0
0.275573198552173,1,50,1,0
0.770941579847091,1,50,1,0
0.0,0,50,1,0
0.0,0,50,1,0
0.0,0,50,1,0
0.0,0,50,1,0
0.275573198552173,1,50,1,0
0.770941579847091,1,50,1,0
0.0,0,50,1,0
0.0,0,50,1,0
0.0,0,50,1,0
0.0,1,50,1,0
0.770941579847091,1,50,1,0
0.0,0,50,1,0
0.0,1,50,1,0
0.0,0,50,1,0
0.530849275740595,1,50,1,0
0.770941579847091,0,50,1,0
0.275573198552173,1,50,1,0
0.530849275740595,1,50,1,0
0.275573198552173,0,50,1,0
0.0,0,50,1,0
0.275573198552173,1,50,1,0
0.0,1,50,1,0
0.530849275740595,1,50,1,0
0.530849275740595,1,50,1,0
0.0,0,50,1,0
0.0,0,50,1,0
0.275573198552173,0,50,1,0
0.770941579847091,1,50,1,0
0.0,1,50,1,0
0.275573198552173,0,50,1,0
0.530849275740595,1,50,1,0
0.530849275740595,0,50,1,0
0.0,1,50,1,0
0.0,0,50,1,0
0.0,0,50,1,0
0.770941579847091,1,50,1,0
0.275573198552173,0,50,1,0
0.0,0,50,1,0
0.0,1,50,1,0
0.530849275740595,0,50,1,0
0.530849275740595,0,50,1,0
0.0,1,50,1,0
0.275573198552173,1,50,1,0
0.0,0,50,1,0
0.275573198552173,1,50,1,0
0.0,0,50,1,0
0.0,1,50,1,0
0.530849275740595,1,50,1,0
0.0,0,50,1,0
0.530849275740595,1,50,1,0
0.0,0,50,1,0
0.275573198552173,0,50,1,0
0.275573198552173,0,50,1,0
0.0,1,50,1,0
0.275573198552173,0,50,1,0
0.0,0,50,1,0
0.530849275740595,1,50,1,0
0.0,0,50,1,0
0.0,0,50,1,0
0.0,0,50,1,0
0.275573198552173,0,50,1,0
0.0,0,50,1,0
0.770941579847091,1,50,1,0
0.0,1,50,1,0
0.0,0,50,1,0
0.770941579847091,1,50,1,0
0.530849275740595,0,50,1,0
1.0,1,50,4,1
1.0,1,50,4,1
1.0,1,50,4,1
1.0,1,50,4,1
1.0,1,50,4,1
1.0,1,50,4,1
1.0,1,50,4,1
1.0,1,50,4,1
1.0,1,50,4,1
1.0,1,50,4,1
1.0,1,50,4,1
1.0,1,50,4,1
1.0,1,50,4,1
1.0,1,50,4,1
1.0,1,50,4,1
1.0,1,50,4,1
1.0,1,50,4,1
1.0,1,50,4,1
1.0,1,50,4,1
1.0,1,50,4,1
0.352288312544251,1,50,4,0
0.428285095055487,1,50,4,0
0.352288312544251,0,50,4,0
0.428285095055487,1,50,4,0
0.352288312544251,1,50,4,0
0.352288312544251,0,50,4,0
0.0,0,50,4,0
0.352288312544251,1,50,4,0
0.352288312544251,1,50,4,0
0.352288312544251,1,50,4,0
0.283099190853418,1,50,4,0
0.352288312544251,1,50,4,0
0.283099190853418,0,50,4,0
0.352288312544251,0,50,4,0
0.352288312544251,1,50,4,0
0.352288312544251,1,50,4,0
0.283099190853418,0,50,4,0
0.283099190853418,1,50,4,0
0.0,0,50,4,0
0.352288312544251,0,50,4,0
0.283099190853418,0,50,4,0
0.352288312544251,1,50,4,0
0.0,1,50,4,0
0.0,0,50,4,0
0.352288312544251,1,50,4,0
0.352288312544251,1,50,4,0
0.283099190853418,1,50,4,0
0.352288312544251,0,50,4,0
0.283099190853418,1,50,4,0
0.352288312544251,1,50,4,0
0.428285095055487,0,50,4,0
0.0,0,50,4,0
0.352288312544251,1,50,4,0
0.428285095055487,1,50,4,0
0.0,0,50,4,0
0.0,0,50,4,0
0.0,0,50,4,0
0.0,0,50,4,0
0.0,0,50,4,0
0.283099190853418,1,50,4,0
0.428285095055487,1,50,4,0
0.0,1,50,4,0
0.352288312544251,1,50,4,0
0.0,0,50,4,0
0.0,1,50,4,0
0.0,0,50,4,0
0.283099190853418,1,50,4,0
0.0,0,50,4,0
0.283099190853418,1,50,4,0
0.352288312544251,0,50,4,0
0.0,0,50,4,0
0.352288312544251,1,50,4,0
0.0,0,50,4,0
0.428285095055487,1,50,4,0
0.283099190853418,0,50,4,0
0.283099190853418,0,50,4,0
0.352288312544251,1,50,4,0
0.0,0,50,4,0
0.0,1,50,4,0
0.0,0,50,4,0
0.352288312544251,0,50,4,0
0.0,0,50,4,0
0.0,0,50,4,0
0.352288312544251,1,50,4,0
0.283099190853418,1,50,4,0
0.283099190853418,0,50,4,0
0.0,0,50,4,0
0.428285095055487,1,50,4,0
0.352288312544251,1,50,4,0
0.0,0,50,4,0
0.0,0,50,4,0
0.0,0,50,4,0
0.0,1,50,4,0
0.283099190853418,1,50,4,0
0.352288312544251,1,50,4,0
0.0,0,50,4,0
0.283099190853418,1,50,4,0
0.0,0,50,4,0
0.0,0,50,4,0
0.428285095055487,1,50,4,0
0.283099190853418,1,50,4,0
0.0,0,50,4,0
0.283099190853418,1,50,4,0
0.352288312544251,1,50,4,0
0.283099190853418,1,50,4,0
0.0,0,50,4,0
0.352288312544251,1,50,4,0
0.0,0,50,4,0
0.428285095055487,1,50,4,0
0.0,0,50,4,0
0.0,0,50,4,0
0.352288312544251,0,50,4,0
0.0,1,50,4,0
0.0,0,50,4,0
0.0,0,50,4,0
0.0,0,50,4,0
0.428285095055487,1,50,4,0
0.283099190853418,1,50,4,0
0.352288312544251,0,50,4,0
0.0,1,50,4,0
1.0,1,51,2,1
0.54128892792713,0,51,2,0
0.281675126914488,0,51,2,0
0.404845035444588,0,51,2,0
0.281675126914488,0,51,2,0
0.404845035444588,0,51,2,0
0.404845035444588,0,51,2,0
0.281675126914488,0,51,2,0
0.404845035444588,0,51,2,0
0.404845035444588,0,51,2,0
0.281675126914488,1,51,2,0
0.0,0,51,2,0
0.404845035444588,0,51,2,0
0.54128892792713,0,51,2,0
0.404845035444588,0,51,2,0
0.404845035444588,0,51,2,0
0.404845035444588,0,51,2,0
0.404845035444588,0,51,2,0
0.0,0,51,2,0
0.404845035444588,0,51,2,0
0.404845035444588,0,51,2,0
0.0,0,51,2,0
0.0,0,51,2,0
0.0,0,51,2,0
0.54128892792713,0,51,2,0
0.0,0,51,2,0
0.404845035444588,0,51,2,0
0.281675126914488,0,51,2,0
0.404845035444588,0,51,2,0
0.404845035444588,0,51,2,0
0.0,0,51,2,0
0.281675126914488,0,51,2,0
0.0,0,51,2,0
0.281675126914488,0,51,2,0
0.281675126914488,0,51,2,0
0.404845035444588,0,51,2,0
0.0,0,51,2,0
0.404845035444588,0,51,2,0
0.404845035444588,0,51,2,0
0.0,0,51,2,0
0.54128892792713,0,51,2,0
0.54128892792713,0,51,2,0
0.281675126914488,0,51,2,0
0.404845035444588,0,51,2,0
0.0,0,51,2,0
0.281675126914488,0,51,2,0
0.0,0,51,2,0
0.0,0,51,2,0
0.404845035444588,1,51,2,0
0.0,0,51,2,0
0.0,0,51,2,0
0.54128892792713,0,51,2,0
0.404845035444588,0,51,2,0
0.281675126914488,0,51,2,0
0.0,0,51,2,0
0.281675126914488,0,51,2,0
0.0,0,51,2,0
0.0,0,51,2,0
0.0,0,51,2,0
0.404845035444588,0,51,2,0
0.0,0,51,2,0
0.281675126914488,0,51,2,0
0.281675126914488,0,51,2,0
0.0,0,51,2,0
0.0,0,51,2,0
0.0,0,51,2,0
0.281675126914488,0,51,2,0
0.404845035444588,0,51,2,0
0.0,0,51,2,0
0.0,0,51,2,0
0.404845035444588,0,51,2,0
0.404845035444588,0,51,2,0
0.0,0,51,2,0
0.54128892792713,0,51,2,0
0.281675126914488,0,51,2,0
0.404845035444588,0,51,2,0
0.0,0,51,2,0
0.0,0,51,2,0
0.0,0,51,2,0
0.54128892792713,0,51,2,0
0.0,0,51,2,0
0.0,0,51,2,0
0.404845035444588,1,51,2,0
0.54128892792713,0,51,2,0
0.281675126914488,0,51,2,0
0.0,0,51,2,0
0.0,0,51,2,0
0.0,0,51,2,0
0.0,0,51,2,0
0.281675126914488,0,51,2,0
0.0,0,51,2,0
0.404845035444588,1,51,2,0
0.281675126914488,0,51,2,0
0.404845035444588,0,51,2,0
0.404845035444588,0,51,2,0
0.54128892792713,0,51,2,0
0.281675126914488,0,51,2,0
0.0,0,51,2,0
0.0,1,51,2,0
0.0,0,51,2,0
0.0,0,51,2,0
1.0,1,51,3,1
1.0,1,51,3,1
1.0,1,51,3,1
1.0,1,51,3,1
1.0,1,51,3,1
1.0,1,51,3,1
1.0,1,51,3,1
1.0,1,51,3,1
1.0,1,51,3,1
1.0,1,51,3,1
1.0,1,51,3,1
1.0,1,51,3,1
1.0,1,51,3,1
1.0,1,51,3,1
1.0,1,51,3,1
1.0,1,51,3,1
1.0,1,51,3,1
1.0,1,51,3,1
1.0,1,51,3,1
1.0,1,51,3,1
0.596213021283557,1,51,3,0
0.385520613424442,0,51,3,0
0.385520613424442,0,51,3,0
0.596213021283557,1,51,3,0
0.385520613424442,0,51,3,0
0.210473772761273,0,51,3,0
0.0,0,51,3,0
0.385520613424442,0,51,3,0
0.385520613424442,1,51,3,0
0.210473772761273,1,51,3,0
0.385520613424442,0,51,3,0
0.385520613424442,0,51,3,0
0.0,0,51,3,0
0.210473772761273,1,51,3,0
0.385520613424442,0,51,3,0
0.385520613424442,1,51,3,0
0.385520613424442,0,51,3,0
0.385520613424442,0,51,3,0
0.210473772761273,0,51,3,0
0.385520613424442,0,51,3,0
0.210473772761273,0,51,3,0
0.0,1,51,3,0
0.0,1,51,3,0
0.0,0,51,3,0
0.596213021283557,1,51,3,0
0.210473772761273,0,51,3,0
0.385520613424442,0,51,3,0
0.0,0,51,3,0
0.210473772761273,0,51,3,0
0.385520613424442,1,51,3,0
0.210473772761273,1,51,3,0
0.385520613424442,0,51,3,0
0.596213021283557,0,51,3,0
0.0,0,51,3,0
0.0,0,51,3,0
0.385520613424442,0,51,3,0
0.385520613424442,0,51,3,0
0.0,0,51,3,0
0.385520613424442,0,51,3,0
0.0,0,51,3,0
0.596213021283557,1,51,3,0
0.385520613424442,0,51,3,0
0.0,1,51,3,0
0.0,0,51,3,0
0.596213021283557,1,51,3,0
0.0,0,51,3,0
0.385520613424442,0,51,3,0
0.0,0,51,3,0
0.385520613424442,0,51,3,0
0.210473772761273,0,51,3,0
0.0,1,51,3,0
0.210473772761273,0,51,3,0
0.0,0,51,3,0
0.210473772761273,0,51,3,0
0.0,0,51,3,0
0.385520613424442,0,51,3,0
0.0,0,51,3,0
0.0,0,51,3,0
0.0,0,51,3,0
0.210473772761273,0,51,3,0
0.0,0,51,3,0
0.0,0,51,3,0
0.385520613424442,0,51,3,0
0.0,0,51,3,0
0.0,0,51,3,0
0.0,0,51,3,0
0.385520613424442,0,51,3,0
0.210473772761273,0,51,3,0
0.596213021283557,0,51,3,0
0.0,0,51,3,0
0.385520613424442,0,51,3,0
0.210473772761273,0,51,3,0
0.210473772761273,0,51,3,0
0.0,0,51,3,0
0.0,0,51,3,0
0.385520613424442,0,51,3,0
0.210473772761273,0,51,3,0
0.0,0,51,3,0
0.0,0,51,3,0
0.596213021283557,0,51,3,0
0.0,0,51,3,0
0.596213021283557,1,51,3,0
0.210473772761273,0,51,3,0
0.385520613424442,0,51,3,0
0.210473772761273,0,51,3,0
0.0,0,51,3,0
0.0,0,51,3,0
0.385520613424442,0,51,3,0
0.210473772761273,0,51,3,0
0.385520613424442,0,51,3,0
0.596213021283557,0,51,3,0
0.210473772761273,0,51,3,0
0.0,0,51,3,0
0.0,0,51,3,0
0.0,0,51,3,0
0.0,0,51,3,0
0.0,0,51,3,0
0.385520613424442,1,51,3,0
0.0,0,51,3,0
0.0,0,51,3,0
1.0,1,53,1,1
0.179387458841532,1,53,1,0
0.179387458841532,1,53,1,0
0.145412309851427,0,53,1,0
0.145412309851427,1,53,1,0
0.179387458841532,1,53,1,0
0.219264074151484,1,53,1,0
0.179387458841532,0,53,1,0
0.0,0,53,1,0
0.145412309851427,0,53,1,0
0.179387458841532,1,53,1,0
0.179387458841532,1,53,1,0
0.179387458841532,0,53,1,0
0.179387458841532,1,53,1,0
0.179387458841532,1,53,1,0
0.0,0,53,1,0
0.179387458841532,1,53,1,0
0.179387458841532,1,53,1,0
0.219264074151484,1,53,1,0
0.145412309851427,1,53,1,0
0.179387458841532,1,53,1,0
0.0,0,53,1,0
0.145412309851427,1,53,1,0
0.179387458841532,1,53,1,0
0.179387458841532,1,53,1,0
0.179387458841532,0,53,1,0
0.0,0,53,1,0
0.145412309851427,0,53,1,0
0.219264074151484,1,53,1,0
0.0,0,53,1,0
0.179387458841532,1,53,1,0
0.0,0,53,1,0
0.179387458841532,1,53,1,0
0.0,0,53,1,0
0.145412309851427,1,53,1,0
0.219264074151484,0,53,1,0
0.0,0,53,1,0
0.145412309851427,0,53,1,0
0.0,0,53,1,0
0.0,0,53,1,0
0.179387458841532,1,53,1,0
0.0,0,53,1,0
0.219264074151484,1,53,1,0
0.0,0,53,1,0
0.179387458841532,0,53,1,0
0.179387458841532,1,53,1,0
0.0,0,53,1,0
0.145412309851427,1,53,1,0
0.219264074151484,1,53,1,0
0.0,0,53,1,0
0.0,0,53,1,0
0.179387458841532,1,53,1,0
0.0,0,53,1,0
0.0,0,53,1,0
0.0,0,53,1,0
0.145412309851427,1,53,1,0
0.179387458841532,0,53,1,0
0.145412309851427,0,53,1,0
0.0,0,53,1,0
0.145412309851427,0,53,1,0
0.0,0,53,1,0
0.0,0,53,1,0
0.0,0,53,1,0
0.145412309851427,0,53,1,0
0.179387458841532,1,53,1,0
0.219264074151484,1,53,1,0
0.0,0,53,1,0
0.179387458841532,1,53,1,0
0.145412309851427,0,53,1,0
0.0,0,53,1,0
0.0,0,53,1,0
0.0,0,53,1,0
0.0,0,53,1,0
0.179387458841532,1,53,1,0
0.145412309851427,1,53,1,0
0.0,0,53,1,0
0.0,0,53,1,0
0.0,0,53,1,0
0.145412309851427,0,53,1,0
0.179387458841532,1,53,1,0
0.219264074151484,0,53,1,0
0.219264074151484,1,53,1,0
0.179387458841532,0,53,1,0
0.0,0,53,1,0
0.145412309851427,0,53,1,0
0.145412309851427,1,53,1,0
0.0,0,53,1,0
0.0,0,53,1,0
0.0,0,53,1,0
0.179387458841532,0,53,1,0
0.0,0,53,1,0
0.145412309851427,0,53,1,0
0.145412309851427,0,53,1,0
0.0,0,53,1,0
0.0,0,53,1,0
0.179387458841532,1,53,1,0
0.179387458841532,1,53,1,0
0.0,0,53,1,0
0.0,0,53,1,0
0.0,0,53,1,0
0.219264074151484,1,53,1,0
1.0,1,53,4,1
1.0,1,53,4,1
1.0,1,53,4,1
1.0,1,53,4,1
1.0,1,53,4,1
1.0,1,53,4,1
1.0,1,53,4,1
1.0,1,53,4,1
1.0,1,53,4,1
1.0,1,53,4,1
1.0,1,53,4,1
1.0,1,53,4,1
1.0,1,53,4,1
1.0,1,53,4,1
1.0,1,53,4,1
1.0,1,53,4,1
1.0,1,53,4,1
1.0,1,53,4,1
1.0,1,53,4,1
1.0,1,53,4,1
0.913291761836956,0,53,4,0
0.0,0,53,4,0
0.552983531903838,0,53,4,0
0.552983531903838,0,53,4,0
0.552983531903838,0,53,4,0
0.552983531903838,0,53,4,0
0.126856773489313,0,53,4,0
0.552983531903838,0,53,4,0
0.552983531903838,0,53,4,0
0.0,0,53,4,0
0.126856773489313,0,53,4,0
0.552983531903838,0,53,4,0
0.913291761836956,1,53,4,0
0.126856773489313,0,53,4,0
0.552983531903838,0,53,4,0
0.552983531903838,0,53,4,0
0.552983531903838,0,53,4,0
0.552983531903838,0,53,4,0
0.552983531903838,0,53,4,0
0.126856773489313,0,53,4,0
0.0,1,53,4,0
0.913291761836956,0,53,4,0
0.0,0,53,4,0
0.126856773489313,0,53,4,0
0.126856773489313,0,53,4,0
0.126856773489313,0,53,4,0
0.552983531903838,0,53,4,0
0.552983531903838,0,53,4,0
0.552983531903838,0,53,4,0
0.552983531903838,0,53,4,0
0.552983531903838,0,53,4,0
0.0,0,53,4,0
0.126856773489313,0,53,4,0
0.0,0,53,4,0
0.0,0,53,4,0
0.0,0,53,4,0
0.0,0,53,4,0
0.0,0,53,4,0
0.913291761836956,1,53,4,0
0.552983531903838,0,53,4,0
0.0,0,53,4,0
0.126856773489313,0,53,4,0
0.0,0,53,4,0
0.0,0,53,4,0
0.126856773489313,1,53,4,0
0.552983531903838,1,53,4,0
0.552983531903838,1,53,4,0
0.552983531903838,0,53,4,0
0.913291761836956,1,53,4,0
0.0,0,53,4,0
0.552983531903838,0,53,4,0
0.913291761836956,0,53,4,0
0.0,0,53,4,0
0.0,0,53,4,0
0.126856773489313,0,53,4,0
0.126856773489313,0,53,4,0
0.0,0,53,4,0
0.0,0,53,4,0
0.0,0,53,4,0
0.0,0,53,4,0
0.552983531903838,1,53,4,0
0.552983531903838,1,53,4,0
0.126856773489313,0,53,4,0
0.126856773489313,0,53,4,0
0.126856773489313,0,53,4,0
0.552983531903838,0,53,4,0
0.0,0,53,4,0
0.913291761836956,0,53,4,0
0.0,0,53,4,0
0.913291761836956,1,53,4,0
0.0,0,53,4,0
0.552983531903838,1,53,4,0
0.126856773489313,0,53,4,0
0.0,0,53,4,0
0.0,0,53,4,0
0.0,0,53,4,0
0.0,0,53,4,0
0.0,0,53,4,0
0.0,0,53,4,0
0.0,0,53,4,0
0.126856773489313,0,53,4,0
0.126856773489313,0,53,4,0
0.913291761836956,0,53,4,0
0.0,0,53,4,0
0.0,0,53,4,0
0.552983531903838,1,53,4,0
0.0,0,53,4,0
0.126856773489313,0,53,4,0
0.126856773489313,1,53,4,0
0.913291761836956,1,53,4,0
0.0,0,53,4,0
0.0,1,53,4,0
0.0,0,53,4,0
0.552983531903838,0,53,4,0
0.0,0,53,4,0
0.552983531903838,0,53,4,0
0.0,0,53,4,0
0.0,0,53,4,0
0.552983531903838,0,53,4,0
0.0,0,53,4,0
1.0,1,54,1,1
0.551733486354252,0,54,1,0
0.817057380970389,1,54,1,0
0.253282313525556,1,54,1,0
0.551733486354252,1,54,1,0
0.0,0,54,1,0
0.551733486354252,0,54,1,0
0.551733486354252,1,54,1,0
0.253282313525556,0,54,1,0
0.551733486354252,0,54,1,0
0.551733486354252,1,54,1,0
0.551733486354252,0,54,1,0
0.817057380970389,0,54,1,0
0.551733486354252,0,54,1,0
0.0,0,54,1,0
0.253282313525556,0,54,1,0
0.253282313525556,0,54,1,0
0.551733486354252,1,54,1,0
0.551733486354252,0,54,1,0
0.551733486354252,1,54,1,0
0.551733486354252,0,54,1,0
0.551733486354252,1,54,1,0
0.0,0,54,1,0
0.551733486354252,0,54,1,0
0.817057380970389,1,54,1,0
0.551733486354252,0,54,1,0
0.0,0,54,1,0
0.253282313525556,0,54,1,0
0.551733486354252,1,54,1,0
0.0,0,54,1,0
0.0,1,54,1,0
0.817057380970389,0,54,1,0
0.0,0,54,1,0
0.551733486354252,1,54,1,0
0.0,0,54,1,0
0.253282313525556,0,54,1,0
0.253282313525556,1,54,1,0
0.0,0,54,1,0
0.0,0,54,1,0
0.551733486354252,1,54,1,0
0.253282313525556,0,54,1,0
0.0,1,54,1,0
0.0,0,54,1,0
0.253282313525556,1,54,1,0
0.0,1,54,1,0
0.0,1,54,1,0
0.0,0,54,1,0
0.253282313525556,1,54,1,0
0.551733486354252,1,54,1,0
0.0,0,54,1,0
0.0,1,54,1,0
0.817057380970389,1,54,1,0
0.253282313525556,0,54,1,0
0.0,0,54,1,0
0.0,0,54,1,0
0.253282313525556,0,54,1,0
0.817057380970389,1,54,1,0
0.0,0,54,1,0
0.551733486354252,1,54,1,0
0.551733486354252,1,54,1,0
0.551733486354252,0,54,1,0
0.0,1,54,1,0
0.0,0,54,1,0
0.253282313525556,1,54,1,0
0.0,0,54,1,0
0.0,1,54,1,0
0.253282313525556,1,54,1,0
0.551733486354252,1,54,1,0
0.0,0,54,1,0
0.0,1,54,1,0
0.0,0,54,1,0
0.551733486354252,0,54,1,0
0.551733486354252,0,54,1,0
0.0,1,54,1,0
0.253282313525556,0,54,1,0
0.817057380970389,0,54,1,0
0.0,0,54,1,0
0.551733486354252,0,54,1,0
0.0,0,54,1,0
0.253282313525556,0,54,1,0
0.817057380970389,0,54,1,0
0.0,1,54,1,0
0.253282313525556,0,54,1,0
0.0,0,54,1,0
0.551733486354252,1,54,1,0
0.0,0,54,1,0
0.253282313525556,0,54,1,0
0.817057380970389,1,54,1,0
0.551733486354252,1,54,1,0
0.0,0,54,1,0
0.0,0,54,1,0
0.0,0,54,1,0
0.0,0,54,1,0
0.551733486354252,1,54,1,0
0.253282313525556,1,54,1,0
0.0,1,54,1,0
0.0,0,54,1,0
0.0,1,54,1,0
0.551733486354252,1,54,1,0
0.253282313525556,0,54,1,0
0.817057380970389,0,54,1,0
1.0,1,54,4,1
1.0,1,54,4,1
1.0,1,54,4,1
1.0,1,54,4,1
1.0,1,54,4,1
1.0,1,54,4,1
1.0,1,54,4,1
1.0,1,54,4,1
1.0,1,54,4,1
1.0,1,54,4,1
1.0,1,54,4,1
1.0,1,54,4,1
1.0,1,54,4,1
1.0,1,54,4,1
1.0,1,54,4,1
1.0,1,54,4,1
1.0,1,54,4,1
1.0,1,54,4,1
1.0,1,54,4,1
1.0,1,54,4,1
0.458273898287207,1,54,4,0
0.267475458773214,1,54,4,0
0.458273898287207,1,54,4,0
0.458273898287207,1,54,4,0
0.0,0,54,4,0
0.458273898287207,0,54,4,0
0.0,0,54,4,0
0.458273898287207,0,54,4,0
0.458273898287207,1,54,4,0
0.267475458773214,0,54,4,0
0.267475458773214,0,54,4,0
0.458273898287207,1,54,4,0
0.458273898287207,1,54,4,0
0.662148196603341,1,54,4,0
0.458273898287207,1,54,4,0
0.267475458773214,0,54,4,0
0.662148196603341,1,54,4,0
0.458273898287207,1,54,4,0
0.458273898287207,1,54,4,0
0.458273898287207,1,54,4,0
0.458273898287207,0,54,4,0
0.458273898287207,1,54,4,0
0.0,0,54,4,0
0.267475458773214,1,54,4,0
0.267475458773214,1,54,4,0
0.0,0,54,4,0
0.0,1,54,4,0
0.0,1,54,4,0
0.458273898287207,1,54,4,0
0.458273898287207,0,54,4,0
0.267475458773214,1,54,4,0
0.0,0,54,4,0
0.458273898287207,1,54,4,0
0.458273898287207,1,54,4,0
0.0,0,54,4,0
0.0,0,54,4,0
0.662148196603341,1,54,4,0
0.0,1,54,4,0
0.267475458773214,1,54,4,0
0.662148196603341,1,54,4,0
0.267475458773214,1,54,4,0
0.267475458773214,0,54,4,0
0.662148196603341,1,54,4,0
0.458273898287207,1,54,4,0
0.0,0,54,4,0
0.662148196603341,1,54,4,0
0.458273898287207,1,54,4,0
0.0,0,54,4,0
0.0,0,54,4,0
0.267475458773214,1,54,4,0
0.458273898287207,1,54,4,0
0.0,0,54,4,0
0.0,0,54,4,0
0.0,0,54,4,0
0.267475458773214,0,54,4,0
0.0,0,54,4,0
0.0,0,54,4,0
0.0,0,54,4,0
0.458273898287207,1,54,4,0
0.0,0,54,4,0
0.0,0,54,4,0
0.267475458773214,1,54,4,0
0.0,0,54,4,0
0.267475458773214,0,54,4,0
0.0,0,54,4,0
0.0,0,54,4,0
0.662148196603341,1,54,4,0
0.267475458773214,0,54,4,0
0.0,0,54,4,0
0.458273898287207,1,54,4,0
0.458273898287207,0,54,4,0
0.267475458773214,0,54,4,0
0.458273898287207,1,54,4,0
0.0,0,54,4,0
0.0,1,54,4,0
0.0,0,54,4,0
0.662148196603341,1,54,4,0
0.458273898287207,1,54,4,0
0.0,1,54,4,0
0.0,0,54,4,0
0.662148196603341,1,54,4,0
0.0,0,54,4,0
0.458273898287207,1,54,4,0
0.0,1,54,4,0
0.662148196603341,1,54,4,0
0.0,1,54,4,0
0.0,1,54,4,0
0.267475458773214,1,54,4,0
0.458273898287207,1,54,4,0
0.0,1,54,4,0
0.0,0,54,4,0
0.0,0,54,4,0
0.0,1,54,4,0
0.458273898287207,1,54,4,0
0.267475458773214,1,54,4,0
0.267475458773214,1,54,4,0
0.267475458773214,0,54,4,0
0.0,0,54,4,0
0.0,1,54,4,0
0.458273898287207,1,54,4,0
1.0,1,55,1,1
0.0590518991649148,0,55,1,0
0.252289932378472,0,55,1,0
0.252289932378472,1,55,1,0
0.252289932378472,0,55,1,0
0.0,0,55,1,0
0.0590518991649148,0,55,1,0
0.0,0,55,1,0
0.252289932378472,0,55,1,0
0.252289932378472,0,55,1,0
0.252289932378472,0,55,1,0
0.0590518991649148,0,55,1,0
0.252289932378472,1,55,1,0
0.644648690533457,0,55,1,0
0.644648690533457,1,55,1,0
0.252289932378472,0,55,1,0
0.252289932378472,0,55,1,0
0.252289932378472,0,55,1,0
0.0590518991649148,0,55,1,0
0.252289932378472,0,55,1,0
0.252289932378472,0,55,1,0
0.0,0,55,1,0
0.0,0,55,1,0
0.0,0,55,1,0
0.252289932378472,0,55,1,0
0.252289932378472,0,55,1,0
0.252289932378472,0,55,1,0
0.0590518991649148,1,55,1,0
0.644648690533457,0,55,1,0
0.0,0,55,1,0
0.0,0,55,1,0
0.252289932378472,0,55,1,0
0.0,0,55,1,0
0.0590518991649148,0,55,1,0
0.252289932378472,0,55,1,0
0.252289932378472,0,55,1,0
0.0590518991649148,0,55,1,0
0.0590518991649148,0,55,1,0
0.0,0,55,1,0
0.0,0,55,1,0
0.644648690533457,0,55,1,0
0.0590518991649148,0,55,1,0
0.644648690533457,0,55,1,0
0.0590518991649148,1,55,1,0
0.0,1,55,1,0
0.252289932378472,1,55,1,0
0.0,0,55,1,0
0.252289932378472,0,55,1,0
0.0,0,55,1,0
0.252289932378472,0,55,1,0
0.0,0,55,1,0
0.0,0,55,1,0
0.0,0,55,1,0
0.0,0,55,1,0
0.0590518991649148,0,55,1,0
0.0,0,55,1,0
0.0,0,55,1,0
0.0590518991649148,0,55,1,0
0.644648690533457,0,55,1,0
0.252289932378472,0,55,1,0
0.0,0,55,1,0
0.644648690533457,1,55,1,0
0.252289932378472,0,55,1,0
0.0,0,55,1,0
0.252289932378472,0,55,1,0
0.0590518991649148,0,55,1,0
0.252289932378472,0,55,1,0
0.0,0,55,1,0
0.0,0,55,1,0
0.0,0,55,1,0
0.0590518991649148,0,55,1,0
0.0,0,55,1,0
0.0590518991649148,0,55,1,0
0.0,0,55,1,0
0.0,0,55,1,0
0.0,0,55,1,0
0.0,0,55,1,0
0.0,0,55,1,0
0.0590518991649148,0,55,1,0
0.644648690533457,1,55,1,0
0.252289932378472,0,55,1,0
0.0,0,55,1,0
0.644648690533457,0,55,1,0
0.0590518991649148,0,55,1,0
0.0,0,55,1,0
0.0,0,55,1,0
0.0,0,55,1,0
0.0,0,55,1,0
0.0,0,55,1,0
0.0,0,55,1,0
0.0,0,55,1,0
0.0590518991649148,0,55,1,0
0.0,0,55,1,0
0.0,0,55,1,0
0.252289932378472,0,55,1,0
0.0590518991649148,0,55,1,0
0.252289932378472,1,55,1,0
0.252289932378472,0,55,1,0
0.644648690533457,1,55,1,0
0.0590518991649148,0,55,1,0
0.252289932378472,0,55,1,0
1.0,1,55,4,1
1.0,1,55,4,1
1.0,1,55,4,1
1.0,1,55,4,1
1.0,1,55,4,1
1.0,1,55,4,1
1.0,1,55,4,1
1.0,1,55,4,1
1.0,1,55,4,1
1.0,1,55,4,1
1.0,1,55,4,1
1.0,1,55,4,1
1.0,1,55,4,1
1.0,1,55,4,1
1.0,1,55,4,1
1.0,1,55,4,1
1.0,1,55,4,1
1.0,1,55,4,1
1.0,1,55,4,1
1.0,1,55,4,1
0.434183223477023,1,55,4,0
0.434183223477023,1,55,4,0
0.434183223477023,0,55,4,0
0.434183223477023,0,55,4,0
0.297784133134084,0,55,4,0
0.434183223477023,0,55,4,0
0.434183223477023,0,55,4,0
0.434183223477023,1,55,4,0
0.434183223477023,1,55,4,0
0.297784133134084,0,55,4,0
0.581337077184161,1,55,4,0
0.434183223477023,1,55,4,0
0.434183223477023,1,55,4,0
0.581337077184161,1,55,4,0
0.434183223477023,0,55,4,0
0.0,0,55,4,0
0.0,0,55,4,0
0.434183223477023,1,55,4,0
0.297784133134084,1,55,4,0
0.297784133134084,0,55,4,0
0.434183223477023,0,55,4,0
0.297784133134084,1,55,4,0
0.434183223477023,1,55,4,0
0.434183223477023,1,55,4,0
0.297784133134084,1,55,4,0
0.0,0,55,4,0
0.0,0,55,4,0
0.581337077184161,1,55,4,0
0.434183223477023,1,55,4,0
0.0,0,55,4,0
0.581337077184161,1,55,4,0
0.297784133134084,1,55,4,0
0.434183223477023,1,55,4,0
0.0,0,55,4,0
0.434183223477023,1,55,4,0
0.297784133134084,1,55,4,0
0.0,1,55,4,0
0.0,0,55,4,0
0.0,0,55,4,0
0.0,0,55,4,0
0.297784133134084,1,55,4,0
0.0,0,55,4,0
0.0,0,55,4,0
0.297784133134084,1,55,4,0
0.297784133134084,1,55,4,0
0.0,0,55,4,0
0.0,0,55,4,0
0.297784133134084,1,55,4,0
0.0,0,55,4,0
0.0,0,55,4,0
0.434183223477023,1,55,4,0
0.581337077184161,1,55,4,0
0.0,0,55,4,0
0.434183223477023,1,55,4,0
0.0,0,55,4,0
0.0,0,55,4,0
0.0,0,55,4,0
0.434183223477023,1,55,4,0
0.581337077184161,1,55,4,0
0.434183223477023,1,55,4,0
0.297784133134084,1,55,4,0
0.297784133134084,1,55,4,0
0.0,1,55,4,0
0.0,0,55,4,0
0.0,1,55,4,0
0.434183223477023,1,55,4,0
0.0,0,55,4,0
0.581337077184161,1,55,4,0
0.0,0,55,4,0
0.0,0,55,4,0
0.581337077184161,1,55,4,0
0.0,0,55,4,0
0.297784133134084,1,55,4,0
0.434183223477023,1,55,4,0
0.434183223477023,1,55,4,0
0.297784133134084,1,55,4,0
0.0,0,55,4,0
0.434183223477023,1,55,4,0
0.0,0,55,4,0
0.0,0,55,4,0
0.0,0,55,4,0
0.581337077184161,1,55,4,0
0.0,0,55,4,0
0.0,0,55,4,0
0.0,0,55,4,0
0.434183223477023,1,55,4,0
0.0,0,55,4,0
0.297784133134084,1,55,4,0
0.297784133134084,0,55,4,0
0.581337077184161,1,55,4,0
0.434183223477023,1,55,4,0
0.0,1,55,4,0
0.0,0,55,4,0
0.0,0,55,4,0
0.0,0,55,4,0
0.0,0,55,4,0
0.434183223477023,1,55,4,0
0.297784133134084,1,55,4,0
0.434183223477023,1,55,4,0
0.297784133134084,1,55,4,0
1.0,1,56,1,1
0.52688350055516,1,56,1,0
0.52688350055516,1,56,1,0
0.52688350055516,0,56,1,0
0.88638248394456,1,56,1,0
0.52688350055516,1,56,1,0
0.52688350055516,1,56,1,0
0.52688350055516,1,56,1,0
0.52688350055516,1,56,1,0
0.52688350055516,1,56,1,0
0.52688350055516,1,56,1,0
0.137165430724147,1,56,1,0
0.88638248394456,1,56,1,0
0.52688350055516,1,56,1,0
0.52688350055516,1,56,1,0
0.52688350055516,1,56,1,0
0.137165430724147,1,56,1,0
0.0,0,56,1,0
0.137165430724147,0,56,1,0
0.0,0,56,1,0
0.137165430724147,1,56,1,0
0.52688350055516,0,56,1,0
0.52688350055516,0,56,1,0
0.52688350055516,1,56,1,0
0.137165430724147,1,56,1,0
0.0,0,56,1,0
0.137165430724147,0,56,1,0
0.88638248394456,1,56,1,0
0.0,0,56,1,0
0.0,0,56,1,0
0.52688350055516,1,56,1,0
0.88638248394456,1,56,1,0
0.52688350055516,1,56,1,0
0.137165430724147,0,56,1,0
0.0,0,56,1,0
0.52688350055516,1,56,1,0
0.137165430724147,0,56,1,0
0.0,0,56,1,0
0.0,0,56,1,0
0.0,0,56,1,0
0.0,0,56,1,0
0.0,0,56,1,0
0.52688350055516,0,56,1,0
0.88638248394456,1,56,1,0
0.137165430724147,0,56,1,0
0.137165430724147,1,56,1,0
0.0,0,56,1,0
0.0,0,56,1,0
0.52688350055516,1,56,1,0
0.0,0,56,1,0
0.88638248394456,1,56,1,0
0.137165430724147,1,56,1,0
0.0,0,56,1,0
0.52688350055516,1,56,1,0
0.0,0,56,1,0
0.0,0,56,1,0
0.137165430724147,0,56,1,0
0.52688350055516,0,56,1,0
0.0,0,56,1,0
0.0,0,56,1,0
0.0,0,56,1,0
0.137165430724147,0,56,1,0
0.0,0,56,1,0
0.0,0,56,1,0
0.0,0,56,1,0
0.137165430724147,1,56,1,0
0.88638248394456,1,56,1,0
0.0,0,56,1,0
0.0,0,56,1,0
0.52688350055516,1,56,1,0
0.88638248394456,1,56,1,0
0.52688350055516,1,56,1,0
0.52688350055516,1,56,1,0
0.0,0,56,1,0
0.137165430724147,1,56,1,0
0.0,0,56,1,0
0.0,0,56,1,0
0.0,0,56,1,0
0.0,0,56,1,0
0.52688350055516,0,56,1,0
0.137165430724147,0,56,1,0
0.0,0,56,1,0
0.137165430724147,1,56,1,0
0.137165430724147,1,56,1,0
0.0,0,56,1,0
0.0,0,56,1,0
0.88638248394456,1,56,1,0
0.52688350055516,1,56,1,0
0.0,0,56,1,0
0.0,0,56,1,0
0.0,0,56,1,0
0.137165430724147,1,56,1,0
0.52688350055516,1,56,1,0
0.88638248394456,1,56,1,0
0.0,0,56,1,0
0.137165430724147,0,56,1,0
0.52688350055516,1,56,1,0
0.0,0,56,1,0
0.0,0,56,1,0
0.0,0,56,1,0
0.52688350055516,1,56,1,0
1.0,1,56,4,1
1.0,1,56,4,1
1.0,1,56,4,1
1.0,1,56,4,1
1.0,1,56,4,1
1.0,1,56,4,1
1.0,1,56,4,1
1.0,1,56,4,1
1.0,1,56,4,1
1.0,1,56,4,1
1.0,1,56,4,1
1.0,1,56,4,1
1.0,1,56,4,1
1.0,1,56,4,1
1.0,1,56,4,1
1.0,1,56,4,1
1.0,1,56,4,1
1.0,1,56,4,1
1.0,1,56,4,1
1.0,1,56,4,1
0.539491140923579,1,56,4,0
0.686836059767626,1,56,4,0
0.0,0,56,4,0
0.384904978617894,1,56,4,0
0.539491140923579,0,56,4,0
0.539491140923579,1,56,4,0
0.539491140923579,1,56,4,0
0.539491140923579,1,56,4,0
0.539491140923579,1,56,4,0
0.384904978617894,1,56,4,0
0.384904978617894,1,56,4,0
0.539491140923579,1,56,4,0
0.0,1,56,4,0
0.384904978617894,0,56,4,0
0.686836059767626,1,56,4,0
0.539491140923579,1,56,4,0
0.539491140923579,1,56,4,0
0.539491140923579,1,56,4,0
0.539491140923579,1,56,4,0
0.539491140923579,1,56,4,0
0.0,0,56,4,0
0.384904978617894,1,56,4,0
0.0,1,56,4,0
0.539491140923579,1,56,4,0
0.539491140923579,1,56,4,0
0.0,0,56,4,0
0.384904978617894,1,56,4,0
0.0,0,56,4,0
0.539491140923579,1,56,4,0
0.539491140923579,1,56,4,0
0.384904978617894,1,56,4,0
0.384904978617894,1,56,4,0
0.686836059767626,0,56,4,0
0.539491140923579,0,56,4,0
0.0,1,56,4,0
0.539491140923579,1,56,4,0
0.686836059767626,1,56,4,0
0.0,0,56,4,0
0.0,0,56,4,0
0.0,0,56,4,0
0.384904978617894,1,56,4,0
0.0,1,56,4,0
0.0,0,56,4,0
0.0,0,56,4,0
0.0,0,56,4,0
0.0,0,56,4,0
0.539491140923579,1,56,4,0
0.384904978617894,1,56,4,0
0.0,0,56,4,0
0.686836059767626,1,56,4,0
0.0,0,56,4,0
0.0,0,56,4,0
0.686836059767626,1,56,4,0
0.384904978617894,1,56,4,0
0.0,0,56,4,0
0.0,0,56,4,0
0.539491140923579,1,56,4,0
0.539491140923579,1,56,4,0
0.539491140923579,1,56,4,0
0.384904978617894,0,56,4,0
0.0,0,56,4,0
0.539491140923579,1,56,4,0
0.384904978617894,1,56,4,0
0.0,0,56,4,0
0.539491140923579,1,56,4,0
0.384904978617894,1,56,4,0
0.0,0,56,4,0
0.0,0,56,4,0
0.686836059767626,1,56,4,0
0.686836059767626,1,56,4,0
0.539491140923579,1,56,4,0
0.0,0,56,4,0
0.0,0,56,4,0
0.0,0,56,4,0
0.0,0,56,4,0
0.384904978617894,0,56,4,0
0.539491140923579,1,56,4,0
0.0,0,56,4,0
0.0,0,56,4,0
0.384904978617894,1,56,4,0
0.0,0,56,4,0
0.0,0,56,4,0
0.0,0,56,4,0
0.384904978617894,0,56,4,0
0.0,0,56,4,0
0.384904978617894,1,56,4,0
0.384904978617894,1,56,4,0
0.0,0,56,4,0
0.0,0,56,4,0
0.539491140923579,0,56,4,0
0.0,0,56,4,0
0.539491140923579,1,56,4,0
0.539491140923579,1,56,4,0
0.686836059767626,1,56,4,0
0.384904978617894,1,56,4,0
0.0,0,56,4,0
0.0,0,56,4,0
0.0,0,56,4,0
0.539491140923579,1,56,4,0
0.686836059767626,1,56,4,0
