"detectprob","resp_binary","subject_nr","condition"
0.88236996099245,1,1,1
0.198358805941635,1,1,1
0.198358805941635,1,1,1
0.198358805941635,1,1,1
0.198358805941635,1,1,1
0.198358805941635,1,1,1
0.198358805941635,1,1,1
0.00809617726436496,1,1,1
0.00809617726436496,0,1,1
0.198358805941635,1,1,1
0,0,1,1
0.198358805941635,1,1,1
0.88236996099245,1,1,1
0.88236996099245,1,1,1
0.88236996099245,1,1,1
0,0,1,1
0.00809617726436496,1,1,1
0,0,1,1
0,0,1,1
0,0,1,1
0.198358805941635,1,1,1
0.88236996099245,1,1,1
0.88236996099245,1,1,1
0.00809617726436496,0,1,1
0,0,1,1
0,0,1,1
0.198358805941635,0,1,1
0,0,1,1
0.198358805941635,0,1,1
0.198358805941635,0,1,1
0.198358805941635,0,1,1
0.198358805941635,1,1,1
0.198358805941635,1,1,1
0,0,1,1
0.198358805941635,1,1,1
0,1,1,1
0.00809617726436496,1,1,1
0.88236996099245,1,1,1
0,0,1,1
0,0,1,1
0.198358805941635,1,1,1
0,0,1,1
0.198358805941635,1,1,1
0,0,1,1
0,0,1,1
0.88236996099245,1,1,1
0,0,1,1
0.00809617726436496,1,1,1
0,0,1,1
0.00809617726436496,0,1,1
0.198358805941635,0,1,1
0,0,1,1
0.00809617726436496,1,1,1
0.88236996099245,1,1,1
0.198358805941635,0,1,1
0.198358805941635,1,1,1
0.88236996099245,1,1,1
0,0,1,1
0,0,1,1
0,0,1,1
0,0,1,1
0,0,1,1
0.198358805941635,0,1,1
0,0,1,1
0,0,1,1
0.00809617726436496,0,1,1
0.198358805941635,0,1,1
0.88236996099245,0,1,1
0.00809617726436496,0,1,1
0.88236996099245,1,1,1
0,0,1,1
0,0,1,1
0,0,1,1
0,0,1,1
0,0,1,1
0.198358805941635,1,1,1
0,0,1,1
0.198358805941635,0,1,1
0.198358805941635,1,1,1
0,0,1,1
0.198358805941635,1,1,2
0,0,1,2
0.88236996099245,1,1,2
0.88236996099245,1,1,2
0.198358805941635,1,1,2
0.88236996099245,1,1,2
0,1,1,2
0.198358805941635,1,1,2
0.198358805941635,1,1,2
0.198358805941635,1,1,2
0.198358805941635,1,1,2
0.88236996099245,1,1,2
0.198358805941635,1,1,2
0.198358805941635,1,1,2
0.00809617726436496,1,1,2
0.00809617726436496,1,1,2
0,0,1,2
0.00809617726436496,1,1,2
0.88236996099245,1,1,2
0.198358805941635,1,1,2
0.198358805941635,1,1,2
0.00809617726436496,0,1,2
0,0,1,2
0,0,1,2
0.198358805941635,1,1,2
0,0,1,2
0,0,1,2
0.198358805941635,0,1,2
0.198358805941635,1,1,2
0.198358805941635,1,1,2
0.88236996099245,0,1,2
0,0,1,2
0,0,1,2
0.198358805941635,0,1,2
0,0,1,2
0.198358805941635,0,1,2
0,0,1,2
0.198358805941635,0,1,2
0,0,1,2
0,0,1,2
0.88236996099245,1,1,2
0,0,1,2
0.00809617726436496,1,1,2
0,0,1,2
0,0,1,2
0.88236996099245,1,1,2
0.198358805941635,0,1,2
0.00809617726436496,1,1,2
0,0,1,2
0,0,1,2
0,0,1,2
0.00809617726436496,0,1,2
0.198358805941635,0,1,2
0.198358805941635,1,1,2
0,0,1,2
0.198358805941635,1,1,2
0,0,1,2
0.88236996099245,1,1,2
0,0,1,2
0.198358805941635,1,1,2
0.88236996099245,1,1,2
0,0,1,2
0,1,1,2
0.00809617726436496,1,1,2
0.88236996099245,1,1,2
0.198358805941635,1,1,2
0,0,1,2
0.00809617726436496,1,1,2
0.198358805941635,1,1,2
0.198358805941635,1,1,2
0.198358805941635,1,1,2
0,1,1,2
0,0,1,2
0,1,1,2
0,0,1,2
0,0,1,2
0,0,1,2
0.88236996099245,1,1,2
0,0,1,2
0.00809617726436496,1,1,2
0.198358805941635,1,1,3
0.198358805941635,1,1,3
0.88236996099245,1,1,3
0.88236996099245,0,1,3
0,0,1,3
0.198358805941635,1,1,3
0.88236996099245,1,1,3
0,0,1,3
0.198358805941635,1,1,3
0.00809617726436496,1,1,3
0.00809617726436496,0,1,3
0.198358805941635,0,1,3
0.198358805941635,1,1,3
0.198358805941635,0,1,3
0.88236996099245,0,1,3
0.198358805941635,0,1,3
0,0,1,3
0,0,1,3
0,0,1,3
0.88236996099245,0,1,3
0.00809617726436496,0,1,3
0.198358805941635,0,1,3
0.198358805941635,0,1,3
0.88236996099245,0,1,3
0,0,1,3
0,0,1,3
0.198358805941635,0,1,3
0.198358805941635,0,1,3
0.00809617726436496,0,1,3
0.198358805941635,0,1,3
0,0,1,3
0.198358805941635,0,1,3
0,0,1,3
0.88236996099245,1,1,3
0.198358805941635,0,1,3
0,0,1,3
0,0,1,3
0,0,1,3
0.198358805941635,1,1,3
0.00809617726436496,0,1,3
0.198358805941635,0,1,3
0.00809617726436496,0,1,3
0,0,1,3
0,0,1,3
0.198358805941635,0,1,3
0.88236996099245,1,1,3
0,0,1,3
0,0,1,3
0.88236996099245,1,1,3
0.00809617726436496,0,1,3
0,0,1,3
0,0,1,3
0.198358805941635,1,1,3
0,0,1,3
0,0,1,3
0.198358805941635,1,1,3
0.00809617726436496,0,1,3
0,0,1,3
0,1,1,3
0.88236996099245,0,1,3
0,0,1,3
0.198358805941635,1,1,3
0.198358805941635,1,1,3
0,0,1,3
0.00809617726436496,1,1,3
0.198358805941635,1,1,3
0,0,1,3
0.198358805941635,1,1,3
0.88236996099245,1,1,3
0.88236996099245,1,1,3
0,0,1,3
0,0,1,3
0.198358805941635,1,1,3
0.00809617726436496,1,1,3
0,0,1,3
0,0,1,3
0,0,1,3
0.198358805941635,0,1,3
0,0,1,3
0,0,1,3
0,0,1,4
0.655297604611112,0,1,4
0,0,1,4
0.655297604611112,0,1,4
0.521143477084884,0,1,4
0.655297604611112,1,1,4
0.383868747967051,0,1,4
0.521143477084884,0,1,4
0.383868747967051,0,1,4
0.521143477084884,0,1,4
0.521143477084884,0,1,4
0.521143477084884,0,1,4
0.521143477084884,0,1,4
0.521143477084884,0,1,4
0.655297604611112,0,1,4
0.521143477084884,0,1,4
0.383868747967051,0,1,4
0.655297604611112,0,1,4
0.655297604611112,0,1,4
0,0,1,4
0.521143477084884,0,1,4
0.521143477084884,0,1,4
0,0,1,4
0.521143477084884,0,1,4
0.521143477084884,0,1,4
0.521143477084884,0,1,4
0.383868747967051,0,1,4
0,0,1,4
0.521143477084884,0,1,4
0,0,1,4
0,0,1,4
0,0,1,4
0,0,1,4
0,0,1,4
0,0,1,4
0.655297604611112,0,1,4
0,0,1,4
0.521143477084884,0,1,4
0.383868747967051,0,1,4
0,0,1,4
0,0,1,4
0.521143477084884,0,1,4
0.521143477084884,0,1,4
0,0,1,4
0,0,1,4
0.521143477084884,0,1,4
0.383868747967051,0,1,4
0.655297604611112,0,1,4
0,0,1,4
0,0,1,4
0,0,1,4
0.655297604611112,0,1,4
0,0,1,4
0.521143477084884,0,1,4
0.383868747967051,0,1,4
0,0,1,4
0,0,1,4
0,0,1,4
0.655297604611112,0,1,4
0,0,1,4
0.383868747967051,0,1,4
0.521143477084884,0,1,4
0.521143477084884,0,1,4
0.521143477084884,0,1,4
0,0,1,4
0.383868747967051,0,1,4
0,0,1,4
0,0,1,4
0.521143477084884,0,1,4
0.521143477084884,0,1,4
0.521143477084884,0,1,4
0,0,1,4
0.383868747967051,0,1,4
0.655297604611112,0,1,4
0.655297604611112,0,1,4
0,0,1,4
0,0,1,4
0,0,1,4
0,0,1,4
0.521143477084884,0,1,4
0.521143477084884,0,1,5
0.655297604611112,0,1,5
0.655297604611112,0,1,5
0.521143477084884,0,1,5
0.521143477084884,0,1,5
0.521143477084884,0,1,5
0.521143477084884,0,1,5
0.655297604611112,0,1,5
0.521143477084884,0,1,5
0.521143477084884,0,1,5
0,0,1,5
0.383868747967051,0,1,5
0.521143477084884,0,1,5
0.655297604611112,0,1,5
0,0,1,5
0.383868747967051,0,1,5
0.383868747967051,0,1,5
0,0,1,5
0.383868747967051,0,1,5
0,0,1,5
0.655297604611112,0,1,5
0.521143477084884,0,1,5
0,0,1,5
0,0,1,5
0,0,1,5
0.521143477084884,0,1,5
0.521143477084884,0,1,5
0.521143477084884,0,1,5
0,0,1,5
0.655297604611112,0,1,5
0.521143477084884,0,1,5
0.521143477084884,0,1,5
0.383868747967051,0,1,5
0,0,1,5
0,0,1,5
0,0,1,5
0.383868747967051,0,1,5
0.655297604611112,0,1,5
0,0,1,5
0.521143477084884,0,1,5
0.655297604611112,0,1,5
0,0,1,5
0,0,1,5
0.521143477084884,0,1,5
0,0,1,5
0,0,1,5
0.521143477084884,0,1,5
0.521143477084884,0,1,5
0.383868747967051,0,1,5
0.655297604611112,0,1,5
0,0,1,5
0,0,1,5
0.655297604611112,0,1,5
0,0,1,5
0,0,1,5
0.383868747967051,0,1,5
0,0,1,5
0.521143477084884,0,1,5
0,0,1,5
0.521143477084884,0,1,5
0,0,1,5
0,0,1,5
0.521143477084884,0,1,5
0.521143477084884,0,1,5
0,0,1,5
0.521143477084884,0,1,5
0.383868747967051,0,1,5
0.383868747967051,0,1,5
0,0,1,5
0.655297604611112,0,1,5
0,0,1,5
0,0,1,5
0,0,1,5
0.521143477084884,0,1,5
0,0,1,5
0.655297604611112,0,1,5
0,0,1,5
0.521143477084884,0,1,5
0,0,1,5
0.521143477084884,0,1,5
0.655297604611112,0,1,6
0.655297604611112,0,1,6
0.521143477084884,0,1,6
0,0,1,6
0.521143477084884,0,1,6
0.521143477084884,0,1,6
0.521143477084884,0,1,6
0.383868747967051,0,1,6
0.521143477084884,0,1,6
0.655297604611112,0,1,6
0.383868747967051,0,1,6
0.521143477084884,0,1,6
0.521143477084884,0,1,6
0.655297604611112,0,1,6
0,0,1,6
0.521143477084884,0,1,6
0,0,1,6
0.655297604611112,0,1,6
0.521143477084884,0,1,6
0.521143477084884,0,1,6
0,0,1,6
0.383868747967051,0,1,6
0,0,1,6
0,0,1,6
0.521143477084884,0,1,6
0,0,1,6
0,0,1,6
0.383868747967051,0,1,6
0.521143477084884,0,1,6
0.521143477084884,0,1,6
0.655297604611112,0,1,6
0.521143477084884,0,1,6
0.521143477084884,0,1,6
0.383868747967051,0,1,6
0,0,1,6
0.521143477084884,0,1,6
0.655297604611112,0,1,6
0.521143477084884,0,1,6
0.521143477084884,0,1,6
0.655297604611112,0,1,6
0,0,1,6
0,0,1,6
0.383868747967051,0,1,6
0,0,1,6
0,0,1,6
0,0,1,6
0,0,1,6
0,0,1,6
0.655297604611112,0,1,6
0,0,1,6
0,0,1,6
0.521143477084884,0,1,6
0.655297604611112,0,1,6
0,0,1,6
0,0,1,6
0,0,1,6
0.383868747967051,0,1,6
0.521143477084884,0,1,6
0.521143477084884,0,1,6
0.521143477084884,0,1,6
0,0,1,6
0,0,1,6
0,0,1,6
0.383868747967051,0,1,6
0.521143477084884,0,1,6
0,0,1,6
0,0,1,6
0,0,1,6
0,0,1,6
0.521143477084884,0,1,6
0.383868747967051,0,1,6
0.521143477084884,0,1,6
0.655297604611112,0,1,6
0,0,1,6
0.383868747967051,0,1,6
0.655297604611112,0,1,6
0,0,1,6
0,0,1,6
0,0,1,6
0.521143477084884,0,1,6
0.968892131604022,1,2,1
0.968892131604022,1,2,1
0.547473933804596,1,2,1
0.547473933804596,0,2,1
0.547473933804596,0,2,1
0.547473933804596,1,2,1
0.0448839094861044,1,2,1
0.547473933804596,1,2,1
0,0,2,1
0.968892131604022,1,2,1
0.547473933804596,1,2,1
0.0448839094861044,1,2,1
0.547473933804596,1,2,1
0,0,2,1
0.547473933804596,1,2,1
0.968892131604022,1,2,1
0,0,2,1
0.968892131604022,0,2,1
0.0448839094861044,0,2,1
0.547473933804596,1,2,1
0,0,2,1
0,0,2,1
0.0448839094861044,0,2,1
0.547473933804596,1,2,1
0.547473933804596,0,2,1
0,0,2,1
0.547473933804596,0,2,1
0.547473933804596,1,2,1
0,0,2,1
0.547473933804596,1,2,1
0.968892131604022,1,2,1
0,0,2,1
0,0,2,1
0,0,2,1
0.547473933804596,0,2,1
0.547473933804596,0,2,1
0,0,2,1
0.0448839094861044,0,2,1
0.547473933804596,0,2,1
0.968892131604022,0,2,1
0,0,2,1
0.547473933804596,0,2,1
0,0,2,1
0,0,2,1
0.968892131604022,1,2,1
0,0,2,1
0.0448839094861044,0,2,1
0,0,2,1
0,0,2,1
0.547473933804596,1,2,1
0,0,2,1
0.547473933804596,0,2,1
0.547473933804596,0,2,1
0.0448839094861044,1,2,1
0,0,2,1
0.0448839094861044,0,2,1
0,0,2,1
0.547473933804596,0,2,1
0,0,2,1
0,0,2,1
0,0,2,1
0.968892131604022,0,2,1
0.968892131604022,1,2,1
0,0,2,1
0.968892131604022,1,2,1
0.968892131604022,1,2,1
0,0,2,1
0.0448839094861044,1,2,1
0.547473933804596,0,2,1
0,0,2,1
0.547473933804596,0,2,1
0,0,2,1
0,0,2,1
0,0,2,1
0,0,2,1
0.0448839094861044,0,2,1
0,0,2,1
0.547473933804596,1,2,1
0.547473933804596,0,2,1
0,0,2,1
0.547473933804596,1,2,2
0.968892131604022,1,2,2
0.547473933804596,0,2,2
0.0448839094861044,0,2,2
0.968892131604022,1,2,2
0.968892131604022,1,2,2
0.547473933804596,0,2,2
0.968892131604022,0,2,2
0.547473933804596,1,2,2
0.547473933804596,1,2,2
0,0,2,2
0.547473933804596,1,2,2
0,0,2,2
0.0448839094861044,0,2,2
0.547473933804596,1,2,2
0.547473933804596,0,2,2
0.547473933804596,1,2,2
0,0,2,2
0,0,2,2
0,0,2,2
0.547473933804596,1,2,2
0.968892131604022,0,2,2
0.547473933804596,0,2,2
0.968892131604022,1,2,2
0,0,2,2
0.547473933804596,1,2,2
0.0448839094861044,0,2,2
0,0,2,2
0,0,2,2
0.547473933804596,1,2,2
0.547473933804596,1,2,2
0.0448839094861044,0,2,2
0.968892131604022,1,2,2
0,0,2,2
0,0,2,2
0,0,2,2
0,0,2,2
0.0448839094861044,0,2,2
0.968892131604022,1,2,2
0.547473933804596,0,2,2
0.547473933804596,1,2,2
0,0,2,2
0,0,2,2
0,0,2,2
0,0,2,2
0.547473933804596,1,2,2
0.0448839094861044,1,2,2
0.547473933804596,0,2,2
0,0,2,2
0.547473933804596,1,2,2
0.547473933804596,0,2,2
0.968892131604022,0,2,2
0.968892131604022,1,2,2
0,0,2,2
0.0448839094861044,0,2,2
0.547473933804596,0,2,2
0,0,2,2
0,0,2,2
0.547473933804596,1,2,2
0,0,2,2
0,0,2,2
0,0,2,2
0,0,2,2
0.0448839094861044,0,2,2
0,0,2,2
0,0,2,2
0,0,2,2
0.0448839094861044,0,2,2
0.968892131604022,1,2,2
0,0,2,2
0.0448839094861044,0,2,2
0,0,2,2
0,0,2,2
0,0,2,2
0.547473933804596,0,2,2
0.968892131604022,1,2,2
0,0,2,2
0.547473933804596,1,2,2
0.547473933804596,1,2,2
0.547473933804596,0,2,2
0.968892131604022,1,2,3
0.547473933804596,1,2,3
0.547473933804596,1,2,3
0.547473933804596,0,2,3
0.968892131604022,1,2,3
0,0,2,3
0.968892131604022,0,2,3
0.547473933804596,1,2,3
0.0448839094861044,0,2,3
0.547473933804596,1,2,3
0,0,2,3
0.547473933804596,1,2,3
0.968892131604022,0,2,3
0.547473933804596,0,2,3
0.0448839094861044,0,2,3
0.547473933804596,0,2,3
0.0448839094861044,1,2,3
0.547473933804596,0,2,3
0.547473933804596,0,2,3
0,0,2,3
0.968892131604022,1,2,3
0.547473933804596,0,2,3
0,0,2,3
0.0448839094861044,0,2,3
0,0,2,3
0.547473933804596,0,2,3
0,0,2,3
0,0,2,3
0.547473933804596,0,2,3
0.547473933804596,0,2,3
0.968892131604022,0,2,3
0,0,2,3
0.547473933804596,1,2,3
0,0,2,3
0.968892131604022,0,2,3
0.0448839094861044,0,2,3
0.0448839094861044,0,2,3
0,0,2,3
0.547473933804596,0,2,3
0,0,2,3
0.547473933804596,0,2,3
0,0,2,3
0,0,2,3
0.968892131604022,0,2,3
0,0,2,3
0,0,2,3
0,0,2,3
0.547473933804596,0,2,3
0.0448839094861044,1,2,3
0,0,2,3
0,0,2,3
0,0,2,3
0,0,2,3
0,0,2,3
0.547473933804596,0,2,3
0.547473933804596,0,2,3
0.0448839094861044,0,2,3
0.547473933804596,0,2,3
0.968892131604022,0,2,3
0.968892131604022,0,2,3
0.547473933804596,0,2,3
0,0,2,3
0,0,2,3
0,1,2,3
0,1,2,3
0.547473933804596,1,2,3
0,0,2,3
0.968892131604022,0,2,3
0,0,2,3
0.968892131604022,0,2,3
0.547473933804596,0,2,3
0.0448839094861044,0,2,3
0.547473933804596,0,2,3
0,0,2,3
0,0,2,3
0,0,2,3
0,0,2,3
0,0,2,3
0.0448839094861044,0,2,3
0.547473933804596,0,2,3
0.510981698596419,0,2,4
0.834703624431779,1,2,4
0.510981698596419,1,2,4
0.510981698596419,1,2,4
0.510981698596419,0,2,4
0,0,2,4
0.510981698596419,1,2,4
0,0,2,4
0.17777886641275,1,2,4
0.510981698596419,1,2,4
0.17777886641275,1,2,4
0.510981698596419,1,2,4
0.834703624431779,1,2,4
0.510981698596419,1,2,4
0.834703624431779,1,2,4
0.834703624431779,1,2,4
0.510981698596419,1,2,4
0.510981698596419,0,2,4
0,0,2,4
0,0,2,4
0.834703624431779,0,2,4
0.17777886641275,0,2,4
0.510981698596419,1,2,4
0.510981698596419,1,2,4
0.17777886641275,1,2,4
0.834703624431779,1,2,4
0,0,2,4
0.510981698596419,0,2,4
0,0,2,4
0,1,2,4
0,0,2,4
0.510981698596419,0,2,4
0,0,2,4
0.510981698596419,1,2,4
0,0,2,4
0.834703624431779,0,2,4
0,0,2,4
0,0,2,4
0,0,2,4
0.510981698596419,0,2,4
0.510981698596419,1,2,4
0.510981698596419,1,2,4
0.17777886641275,1,2,4
0,0,2,4
0.17777886641275,1,2,4
0,0,2,4
0,0,2,4
0.834703624431779,1,2,4
0.510981698596419,1,2,4
0.834703624431779,1,2,4
0,0,2,4
0.17777886641275,0,2,4
0,0,2,4
0,0,2,4
0,0,2,4
0,0,2,4
0,0,2,4
0.834703624431779,0,2,4
0.510981698596419,1,2,4
0.510981698596419,0,2,4
0.17777886641275,0,2,4
0,1,2,4
0,1,2,4
0.510981698596419,0,2,4
0,0,2,4
0,0,2,4
0.510981698596419,0,2,4
0.510981698596419,0,2,4
0,0,2,4
0,0,2,4
0,0,2,4
0.510981698596419,1,2,4
0.834703624431779,1,2,4
0.834703624431779,0,2,4
0.510981698596419,1,2,4
0.17777886641275,0,2,4
0,0,2,4
0,0,2,4
0.17777886641275,1,2,4
0,0,2,4
0.17777886641275,0,2,5
0.510981698596419,0,2,5
0.510981698596419,1,2,5
0,0,2,5
0.834703624431779,1,2,5
0,0,2,5
0.510981698596419,1,2,5
0.834703624431779,1,2,5
0.834703624431779,1,2,5
0.510981698596419,0,2,5
0.510981698596419,1,2,5
0.17777886641275,0,2,5
0.510981698596419,1,2,5
0.834703624431779,1,2,5
0.510981698596419,0,2,5
0.510981698596419,0,2,5
0,0,2,5
0.510981698596419,1,2,5
0.510981698596419,0,2,5
0.834703624431779,1,2,5
0,0,2,5
0.17777886641275,1,2,5
0,0,2,5
0,1,2,5
0,1,2,5
0,0,2,5
0.17777886641275,0,2,5
0.510981698596419,0,2,5
0.510981698596419,1,2,5
0.510981698596419,0,2,5
0.834703624431779,1,2,5
0.510981698596419,0,2,5
0,0,2,5
0.17777886641275,1,2,5
0.510981698596419,1,2,5
0.510981698596419,1,2,5
0,0,2,5
0.510981698596419,1,2,5
0,0,2,5
0,0,2,5
0.834703624431779,1,2,5
0,0,2,5
0.510981698596419,1,2,5
0.834703624431779,1,2,5
0,1,2,5
0.17777886641275,1,2,5
0,0,2,5
0,0,2,5
0,0,2,5
0.510981698596419,0,2,5
0,0,2,5
0,0,2,5
0.834703624431779,1,2,5
0.510981698596419,0,2,5
0.17777886641275,0,2,5
0.510981698596419,0,2,5
0,0,2,5
0,0,2,5
0.510981698596419,1,2,5
0,0,2,5
0,1,2,5
0,0,2,5
0.834703624431779,1,2,5
0.17777886641275,0,2,5
0.17777886641275,1,2,5
0.834703624431779,1,2,5
0,0,2,5
0.510981698596419,0,2,5
0,0,2,5
0,0,2,5
0.510981698596419,1,2,5
0,0,2,5
0.510981698596419,1,2,5
0,0,2,5
0,0,2,5
0,0,2,5
0.834703624431779,1,2,5
0.17777886641275,0,2,5
0.510981698596419,0,2,5
0,0,2,5
0.510981698596419,1,2,6
0.510981698596419,0,2,6
0.510981698596419,0,2,6
0.834703624431779,0,2,6
0,0,2,6
0.17777886641275,0,2,6
0.834703624431779,1,2,6
0.510981698596419,0,2,6
0,0,2,6
0.510981698596419,0,2,6
0.834703624431779,0,2,6
0.510981698596419,0,2,6
0.510981698596419,0,2,6
0.510981698596419,0,2,6
0.17777886641275,0,2,6
0.834703624431779,1,2,6
0,0,2,6
0,0,2,6
0.510981698596419,0,2,6
0.510981698596419,0,2,6
0,0,2,6
0.510981698596419,0,2,6
0.510981698596419,0,2,6
0.834703624431779,1,2,6
0.510981698596419,1,2,6
0.834703624431779,1,2,6
0,0,2,6
0.510981698596419,1,2,6
0.17777886641275,0,2,6
0,0,2,6
0,0,2,6
0.17777886641275,0,2,6
0.510981698596419,1,2,6
0.510981698596419,1,2,6
0.834703624431779,0,2,6
0,0,2,6
0.834703624431779,1,2,6
0.510981698596419,1,2,6
0,0,2,6
0,0,2,6
0.510981698596419,1,2,6
0,0,2,6
0,0,2,6
0.17777886641275,0,2,6
0,0,2,6
0,0,2,6
0.17777886641275,1,2,6
0,0,2,6
0.17777886641275,0,2,6
0.510981698596419,1,2,6
0.510981698596419,1,2,6
0,0,2,6
0.834703624431779,1,2,6
0.510981698596419,0,2,6
0,0,2,6
0,0,2,6
0.17777886641275,1,2,6
0,0,2,6
0,0,2,6
0,0,2,6
0.834703624431779,1,2,6
0.510981698596419,0,2,6
0,0,2,6
0,0,2,6
0.834703624431779,1,2,6
0,0,2,6
0.510981698596419,0,2,6
0,0,2,6
0.510981698596419,1,2,6
0,0,2,6
0,0,2,6
0,0,2,6
0.17777886641275,0,2,6
0.510981698596419,0,2,6
0,0,2,6
0.17777886641275,0,2,6
0.834703624431779,0,2,6
0,0,2,6
0,0,2,6
0.510981698596419,0,2,6
0.478869315265917,0,3,1
0,0,3,1
0.478869315265917,1,3,1
0.62599104986685,1,3,1
0.478869315265917,1,3,1
0.335323978604065,1,3,1
0,0,3,1
0.478869315265917,0,3,1
0.478869315265917,0,3,1
0.335323978604065,0,3,1
0.62599104986685,1,3,1
0.478869315265917,1,3,1
0.478869315265917,1,3,1
0.62599104986685,1,3,1
0.62599104986685,1,3,1
0.478869315265917,1,3,1
0.478869315265917,1,3,1
0.478869315265917,1,3,1
0,0,3,1
0.335323978604065,1,3,1
0.335323978604065,1,3,1
0.62599104986685,1,3,1
0,0,3,1
0,0,3,1
0,0,3,1
0.478869315265917,0,3,1
0,0,3,1
0.478869315265917,1,3,1
0,0,3,1
0.478869315265917,1,3,1
0.62599104986685,1,3,1
0.478869315265917,1,3,1
0,0,3,1
0,1,3,1
0.478869315265917,1,3,1
0.478869315265917,0,3,1
0.62599104986685,1,3,1
0,0,3,1
0.335323978604065,1,3,1
0.62599104986685,1,3,1
0,1,3,1
0,0,3,1
0,0,3,1
0,0,3,1
0.478869315265917,1,3,1
0,0,3,1
0.335323978604065,1,3,1
0.478869315265917,0,3,1
0,1,3,1
0,0,3,1
0.335323978604065,1,3,1
0,0,3,1
0,1,3,1
0.62599104986685,0,3,1
0.478869315265917,1,3,1
0.62599104986685,0,3,1
0.335323978604065,0,3,1
0,0,3,1
0,0,3,1
0,0,3,1
0.478869315265917,0,3,1
0.478869315265917,0,3,1
0.478869315265917,0,3,1
0,0,3,1
0,0,3,1
0,0,3,1
0.478869315265917,1,3,1
0.62599104986685,1,3,1
0.335323978604065,0,3,1
0.62599104986685,0,3,1
0,0,3,1
0.478869315265917,0,3,1
0,0,3,1
0,0,3,1
0,0,3,1
0.335323978604065,0,3,1
0.478869315265917,0,3,1
0.478869315265917,1,3,1
0,1,3,1
0,0,3,1
0,0,3,2
0.335323978604065,0,3,2
0.62599104986685,0,3,2
0.335323978604065,0,3,2
0.478869315265917,1,3,2
0.62599104986685,0,3,2
0.478869315265917,0,3,2
0.478869315265917,1,3,2
0,0,3,2
0.478869315265917,1,3,2
0.478869315265917,1,3,2
0.62599104986685,1,3,2
0.478869315265917,0,3,2
0.478869315265917,0,3,2
0.62599104986685,0,3,2
0.478869315265917,0,3,2
0,0,3,2
0.335323978604065,1,3,2
0,1,3,2
0,0,3,2
0.62599104986685,1,3,2
0,0,3,2
0.478869315265917,0,3,2
0.478869315265917,0,3,2
0.478869315265917,0,3,2
0,0,3,2
0.478869315265917,0,3,2
0.478869315265917,0,3,2
0.478869315265917,0,3,2
0.335323978604065,1,3,2
0,0,3,2
0.62599104986685,0,3,2
0,1,3,2
0,0,3,2
0,0,3,2
0.478869315265917,1,3,2
0.335323978604065,1,3,2
0.62599104986685,1,3,2
0.62599104986685,1,3,2
0.478869315265917,1,3,2
0,0,3,2
0,0,3,2
0,0,3,2
0.478869315265917,1,3,2
0,0,3,2
0.478869315265917,0,3,2
0.335323978604065,0,3,2
0,0,3,2
0.335323978604065,1,3,2
0.62599104986685,1,3,2
0,0,3,2
0,0,3,2
0,0,3,2
0,0,3,2
0.62599104986685,0,3,2
0.478869315265917,0,3,2
0.478869315265917,1,3,2
0,1,3,2
0,0,3,2
0,0,3,2
0.478869315265917,0,3,2
0.335323978604065,0,3,2
0,0,3,2
0.478869315265917,0,3,2
0.335323978604065,0,3,2
0.478869315265917,0,3,2
0,0,3,2
0.62599104986685,0,3,2
0,1,3,2
0.478869315265917,0,3,2
0,0,3,2
0.62599104986685,1,3,2
0.478869315265917,0,3,2
0.478869315265917,1,3,2
0,1,3,2
0,0,3,2
0,0,3,2
0,0,3,2
0,0,3,2
0.335323978604065,0,3,2
0.62599104986685,1,3,3
0.62599104986685,1,3,3
0.335323978604065,0,3,3
0.62599104986685,1,3,3
0.478869315265917,1,3,3
0.478869315265917,1,3,3
0,1,3,3
0.478869315265917,1,3,3
0.478869315265917,1,3,3
0.478869315265917,1,3,3
0.478869315265917,1,3,3
0.62599104986685,1,3,3
0.335323978604065,1,3,3
0.478869315265917,1,3,3
0.478869315265917,0,3,3
0,0,3,3
0,0,3,3
0.478869315265917,1,3,3
0.478869315265917,1,3,3
0.478869315265917,1,3,3
0,0,3,3
0.478869315265917,0,3,3
0,0,3,3
0,1,3,3
0,1,3,3
0.62599104986685,1,3,3
0.62599104986685,1,3,3
0.478869315265917,1,3,3
0,0,3,3
0.335323978604065,1,3,3
0.335323978604065,1,3,3
0.478869315265917,0,3,3
0.478869315265917,1,3,3
0,1,3,3
0.478869315265917,1,3,3
0.62599104986685,1,3,3
0.335323978604065,0,3,3
0,0,3,3
0.478869315265917,1,3,3
0.62599104986685,0,3,3
0.478869315265917,0,3,3
0,0,3,3
0,1,3,3
0,0,3,3
0,1,3,3
0,0,3,3
0.335323978604065,0,3,3
0,0,3,3
0.62599104986685,1,3,3
0.478869315265917,1,3,3
0.335323978604065,1,3,3
0.62599104986685,1,3,3
0,0,3,3
0,0,3,3
0,0,3,3
0,0,3,3
0.478869315265917,0,3,3
0,1,3,3
0.478869315265917,1,3,3
0,0,3,3
0.335323978604065,0,3,3
0.478869315265917,0,3,3
0,0,3,3
0,1,3,3
0.335323978604065,1,3,3
0,0,3,3
0,0,3,3
0,0,3,3
0,0,3,3
0,0,3,3
0,0,3,3
0.478869315265917,0,3,3
0.62599104986685,1,3,3
0.478869315265917,1,3,3
0.335323978604065,1,3,3
0.62599104986685,0,3,3
0.478869315265917,0,3,3
0,0,3,3
0,0,3,3
0.478869315265917,0,3,3
0,0,3,4
0.220882522302975,0,3,4
0.439567653231122,0,3,4
0.439567653231122,1,3,4
0.439567653231122,0,3,4
0.684536085419085,0,3,4
0.684536085419085,1,3,4
0.684536085419085,1,3,4
0.684536085419085,1,3,4
0.439567653231122,1,3,4
0.439567653231122,1,3,4
0.439567653231122,1,3,4
0,0,3,4
0.439567653231122,0,3,4
0.439567653231122,1,3,4
0.220882522302975,0,3,4
0.220882522302975,1,3,4
0.220882522302975,1,3,4
0.439567653231122,1,3,4
0.439567653231122,1,3,4
0.684536085419085,1,3,4
0,0,3,4
0.439567653231122,0,3,4
0.439567653231122,0,3,4
0,0,3,4
0,1,3,4
0.439567653231122,1,3,4
0,0,3,4
0.439567653231122,0,3,4
0.684536085419085,1,3,4
0,0,3,4
0,1,3,4
0,0,3,4
0.684536085419085,0,3,4
0,0,3,4
0,0,3,4
0,0,3,4
0,0,3,4
0.439567653231122,1,3,4
0,1,3,4
0.220882522302975,0,3,4
0.439567653231122,0,3,4
0.684536085419085,1,3,4
0.439567653231122,0,3,4
0,1,3,4
0.439567653231122,0,3,4
0.220882522302975,1,3,4
0,0,3,4
0.439567653231122,1,3,4
0,0,3,4
0,0,3,4
0,1,3,4
0.439567653231122,0,3,4
0,0,3,4
0.220882522302975,0,3,4
0,0,3,4
0.220882522302975,0,3,4
0,0,3,4
0,0,3,4
0.439567653231122,0,3,4
0.684536085419085,0,3,4
0.439567653231122,0,3,4
0.684536085419085,0,3,4
0,0,3,4
0.684536085419085,1,3,4
0,1,3,4
0,0,3,4
0.684536085419085,0,3,4
0,0,3,4
0,0,3,4
0.439567653231122,1,3,4
0,0,3,4
0.220882522302975,1,3,4
0.220882522302975,1,3,4
0.439567653231122,1,3,4
0.439567653231122,0,3,4
0,0,3,4
0,0,3,4
0,0,3,4
0.439567653231122,0,3,4
0.439567653231122,1,3,5
0.439567653231122,1,3,5
0.439567653231122,1,3,5
0.220882522302975,1,3,5
0.439567653231122,1,3,5
0.220882522302975,1,3,5
0.684536085419085,1,3,5
0.439567653231122,1,3,5
0.684536085419085,1,3,5
0.684536085419085,1,3,5
0.684536085419085,1,3,5
0,1,3,5
0,0,3,5
0.439567653231122,0,3,5
0.439567653231122,1,3,5
0.439567653231122,1,3,5
0.439567653231122,1,3,5
0,0,3,5
0.439567653231122,1,3,5
0.220882522302975,0,3,5
0.439567653231122,0,3,5
0,0,3,5
0.684536085419085,0,3,5
0,0,3,5
0,0,3,5
0,0,3,5
0,1,3,5
0.439567653231122,1,3,5
0.684536085419085,1,3,5
0.220882522302975,1,3,5
0.439567653231122,1,3,5
0.439567653231122,0,3,5
0,0,3,5
0.220882522302975,0,3,5
0.439567653231122,0,3,5
0,0,3,5
0.439567653231122,1,3,5
0,1,3,5
0.684536085419085,1,3,5
0,1,3,5
0,1,3,5
0,1,3,5
0.439567653231122,1,3,5
0.684536085419085,0,3,5
0.439567653231122,0,3,5
0.220882522302975,0,3,5
0,1,3,5
0,0,3,5
0,0,3,5
0,0,3,5
0,0,3,5
0,0,3,5
0.439567653231122,0,3,5
0.220882522302975,0,3,5
0.439567653231122,1,3,5
0.220882522302975,0,3,5
0.684536085419085,1,3,5
0,0,3,5
0,0,3,5
0,0,3,5
0.439567653231122,0,3,5
0.439567653231122,1,3,5
0.684536085419085,1,3,5
0,1,3,5
0,0,3,5
0.220882522302975,0,3,5
0.684536085419085,0,3,5
0,0,3,5
0.220882522302975,0,3,5
0.439567653231122,0,3,5
0.439567653231122,0,3,5
0,0,3,5
0.684536085419085,0,3,5
0,0,3,5
0,0,3,5
0,0,3,5
0,0,3,5
0.439567653231122,0,3,5
0.439567653231122,0,3,5
0,0,3,5
0.439567653231122,1,3,6
0.439567653231122,1,3,6
0,0,3,6
0.684536085419085,1,3,6
0.220882522302975,1,3,6
0.439567653231122,1,3,6
0.684536085419085,1,3,6
0.439567653231122,1,3,6
0.439567653231122,0,3,6
0,0,3,6
0.439567653231122,0,3,6
0.684536085419085,1,3,6
0.439567653231122,1,3,6
0.220882522302975,1,3,6
0.439567653231122,1,3,6
0.684536085419085,1,3,6
0,1,3,6
0.439567653231122,0,3,6
0.439567653231122,0,3,6
0.684536085419085,0,3,6
0.220882522302975,0,3,6
0.439567653231122,0,3,6
0.220882522302975,0,3,6
0.439567653231122,0,3,6
0,1,3,6
0,0,3,6
0,0,3,6
0.439567653231122,0,3,6
0,0,3,6
0,0,3,6
0.684536085419085,0,3,6
0.439567653231122,0,3,6
0,0,3,6
0,0,3,6
0.439567653231122,0,3,6
0,0,3,6
0,0,3,6
0.439567653231122,0,3,6
0,0,3,6
0.220882522302975,0,3,6
0.439567653231122,0,3,6
0.439567653231122,1,3,6
0.684536085419085,1,3,6
0.684536085419085,1,3,6
0,0,3,6
0.220882522302975,1,3,6
0,1,3,6
0,0,3,6
0,1,3,6
0.684536085419085,1,3,6
0,1,3,6
0.439567653231122,1,3,6
0.684536085419085,1,3,6
0.439567653231122,0,3,6
0,1,3,6
0.220882522302975,1,3,6
0,0,3,6
0,0,3,6
0.439567653231122,1,3,6
0,0,3,6
0.439567653231122,0,3,6
0,0,3,6
0.220882522302975,0,3,6
0,0,3,6
0,0,3,6
0.439567653231122,0,3,6
0,0,3,6
0.439567653231122,0,3,6
0,0,3,6
0.220882522302975,1,3,6
0.684536085419085,1,3,6
0,1,3,6
0,1,3,6
0,0,3,6
0,0,3,6
0.684536085419085,1,3,6
0,0,3,6
0.439567653231122,0,3,6
0.439567653231122,1,3,6
0.220882522302975,1,3,6
0.478577969068758,1,4,1
0.66719363799525,1,4,1
0.66719363799525,1,4,1
0.478577969068758,0,4,1
0.295878774141402,1,4,1
0.66719363799525,0,4,1
0.295878774141402,0,4,1
0.478577969068758,1,4,1
0.66719363799525,1,4,1
0,0,4,1
0.478577969068758,1,4,1
0.478577969068758,0,4,1
0.478577969068758,1,4,1
0,0,4,1
0.478577969068758,1,4,1
0.478577969068758,0,4,1
0,0,4,1
0.478577969068758,1,4,1
0,0,4,1
0,0,4,1
0,1,4,1
0.66719363799525,1,4,1
0,0,4,1
0.66719363799525,1,4,1
0.295878774141402,0,4,1
0,0,4,1
0.478577969068758,1,4,1
0.478577969068758,1,4,1
0.478577969068758,0,4,1
0.295878774141402,1,4,1
0.478577969068758,0,4,1
0.478577969068758,0,4,1
0,0,4,1
0.478577969068758,1,4,1
0.478577969068758,1,4,1
0.478577969068758,1,4,1
0,0,4,1
0,1,4,1
0,0,4,1
0,0,4,1
0,0,4,1
0.478577969068758,0,4,1
0.295878774141402,0,4,1
0,0,4,1
0.295878774141402,0,4,1
0.66719363799525,1,4,1
0.66719363799525,1,4,1
0,1,4,1
0,0,4,1
0,0,4,1
0.66719363799525,1,4,1
0.478577969068758,1,4,1
0.478577969068758,1,4,1
0.478577969068758,1,4,1
0,0,4,1
0,0,4,1
0.66719363799525,1,4,1
0.295878774141402,0,4,1
0,0,4,1
0,1,4,1
0,0,4,1
0.478577969068758,1,4,1
0.295878774141402,0,4,1
0,0,4,1
0.478577969068758,1,4,1
0,0,4,1
0.295878774141402,1,4,1
0,1,4,1
0,0,4,1
0,0,4,1
0.295878774141402,1,4,1
0,0,4,1
0.478577969068758,0,4,1
0,1,4,1
0.66719363799525,1,4,1
0,0,4,1
0.478577969068758,1,4,1
0.478577969068758,1,4,1
0.66719363799525,1,4,1
0,0,4,1
0.478577969068758,1,4,2
0.66719363799525,1,4,2
0.478577969068758,1,4,2
0.478577969068758,0,4,2
0.478577969068758,1,4,2
0.478577969068758,1,4,2
0.295878774141402,1,4,2
0,0,4,2
0,1,4,2
0.478577969068758,1,4,2
0.66719363799525,1,4,2
0.66719363799525,1,4,2
0.478577969068758,1,4,2
0.295878774141402,1,4,2
0.478577969068758,0,4,2
0.66719363799525,1,4,2
0.66719363799525,1,4,2
0,1,4,2
0,0,4,2
0,0,4,2
0.478577969068758,1,4,2
0.295878774141402,1,4,2
0,0,4,2
0.478577969068758,1,4,2
0,0,4,2
0,0,4,2
0.478577969068758,0,4,2
0.478577969068758,1,4,2
0.478577969068758,1,4,2
0.295878774141402,0,4,2
0.478577969068758,1,4,2
0.66719363799525,1,4,2
0,0,4,2
0,0,4,2
0,0,4,2
0.66719363799525,0,4,2
0.295878774141402,0,4,2
0.478577969068758,1,4,2
0.478577969068758,1,4,2
0,0,4,2
0.478577969068758,1,4,2
0.66719363799525,1,4,2
0.478577969068758,1,4,2
0,0,4,2
0,0,4,2
0.295878774141402,1,4,2
0,0,4,2
0,0,4,2
0,0,4,2
0.66719363799525,1,4,2
0,0,4,2
0,0,4,2
0,0,4,2
0,0,4,2
0,0,4,2
0.478577969068758,1,4,2
0.478577969068758,0,4,2
0,0,4,2
0.478577969068758,1,4,2
0.478577969068758,1,4,2
0.295878774141402,0,4,2
0.66719363799525,0,4,2
0.295878774141402,0,4,2
0,0,4,2
0,0,4,2
0,0,4,2
0,0,4,2
0.478577969068758,0,4,2
0,0,4,2
0.66719363799525,0,4,2
0.66719363799525,1,4,2
0.295878774141402,0,4,2
0,0,4,2
0,0,4,2
0.295878774141402,0,4,2
0.478577969068758,1,4,2
0,0,4,2
0.478577969068758,1,4,2
0.478577969068758,0,4,2
0,0,4,2
0,0,4,3
0.66719363799525,1,4,3
0.478577969068758,1,4,3
0.66719363799525,1,4,3
0.295878774141402,0,4,3
0.478577969068758,0,4,3
0.478577969068758,1,4,3
0.295878774141402,0,4,3
0.66719363799525,1,4,3
0,0,4,3
0.478577969068758,0,4,3
0.66719363799525,1,4,3
0.478577969068758,1,4,3
0.478577969068758,1,4,3
0.478577969068758,0,4,3
0.478577969068758,0,4,3
0.478577969068758,1,4,3
0.66719363799525,1,4,3
0,1,4,3
0.478577969068758,1,4,3
0.295878774141402,0,4,3
0,0,4,3
0,0,4,3
0.295878774141402,1,4,3
0,1,4,3
0.478577969068758,0,4,3
0.66719363799525,1,4,3
0.478577969068758,1,4,3
0,1,4,3
0.478577969068758,1,4,3
0,1,4,3
0.478577969068758,1,4,3
0,0,4,3
0,0,4,3
0.66719363799525,1,4,3
0.478577969068758,1,4,3
0.66719363799525,1,4,3
0.478577969068758,1,4,3
0,0,4,3
0,0,4,3
0,1,4,3
0.478577969068758,1,4,3
0,0,4,3
0.295878774141402,1,4,3
0,0,4,3
0.295878774141402,0,4,3
0.478577969068758,1,4,3
0,0,4,3
0,0,4,3
0.478577969068758,1,4,3
0.478577969068758,1,4,3
0,0,4,3
0.66719363799525,1,4,3
0,1,4,3
0.295878774141402,1,4,3
0.478577969068758,1,4,3
0.295878774141402,1,4,3
0,1,4,3
0,0,4,3
0,0,4,3
0,0,4,3
0,0,4,3
0.478577969068758,0,4,3
0.66719363799525,1,4,3
0.66719363799525,1,4,3
0.295878774141402,1,4,3
0.478577969068758,1,4,3
0.478577969068758,1,4,3
0,1,4,3
0,0,4,3
0,0,4,3
0.66719363799525,1,4,3
0.478577969068758,1,4,3
0,0,4,3
0,0,4,3
0,0,4,3
0,0,4,3
0.478577969068758,1,4,3
0,0,4,3
0.295878774141402,1,4,3
0.363766398427306,1,4,4
0.363766398427306,0,4,4
0,0,4,4
0.500298927219418,0,4,4
0.363766398427306,0,4,4
0.363766398427306,1,4,4
0.246140500215779,1,4,4
0,1,4,4
0.363766398427306,1,4,4
0.500298927219418,0,4,4
0.500298927219418,1,4,4
0.363766398427306,1,4,4
0.363766398427306,1,4,4
0.363766398427306,1,4,4
0.246140500215779,0,4,4
0.500298927219418,1,4,4
0.363766398427306,1,4,4
0.363766398427306,1,4,4
0,0,4,4
0.500298927219418,1,4,4
0,0,4,4
0,0,4,4
0.246140500215779,0,4,4
0,0,4,4
0.363766398427306,0,4,4
0.500298927219418,0,4,4
0.363766398427306,0,4,4
0.363766398427306,0,4,4
0.363766398427306,0,4,4
0,0,4,4
0,0,4,4
0.246140500215779,0,4,4
0,0,4,4
0.246140500215779,0,4,4
0,0,4,4
0.246140500215779,0,4,4
0,1,4,4
0,0,4,4
0,1,4,4
0.500298927219418,0,4,4
0,0,4,4
0.363766398427306,0,4,4
0,0,4,4
0,1,4,4
0.363766398427306,1,4,4
0.363766398427306,1,4,4
0.500298927219418,0,4,4
0.363766398427306,0,4,4
0,0,4,4
0.363766398427306,0,4,4
0,1,4,4
0,0,4,4
0,0,4,4
0.246140500215779,0,4,4
0,1,4,4
0,0,4,4
0.363766398427306,1,4,4
0.363766398427306,0,4,4
0.500298927219418,0,4,4
0,1,4,4
0.500298927219418,0,4,4
0,0,4,4
0.246140500215779,1,4,4
0.363766398427306,1,4,4
0,0,4,4
0.246140500215779,0,4,4
0,0,4,4
0,0,4,4
0.363766398427306,0,4,4
0.246140500215779,0,4,4
0.500298927219418,0,4,4
0,0,4,4
0.363766398427306,0,4,4
0,0,4,4
0.500298927219418,0,4,4
0.363766398427306,0,4,4
0,0,4,4
0.363766398427306,0,4,4
0,1,4,4
0,1,4,4
0.500298927219418,0,4,5
0.246140500215779,0,4,5
0.363766398427306,0,4,5
0.246140500215779,1,4,5
0.363766398427306,1,4,5
0.363766398427306,0,4,5
0.363766398427306,0,4,5
0.500298927219418,0,4,5
0,1,4,5
0.500298927219418,0,4,5
0.500298927219418,0,4,5
0.363766398427306,0,4,5
0.363766398427306,0,4,5
0.363766398427306,1,4,5
0,0,4,5
0.363766398427306,0,4,5
0,0,4,5
0.363766398427306,1,4,5
0,0,4,5
0.363766398427306,0,4,5
0.500298927219418,1,4,5
0,1,4,5
0.363766398427306,0,4,5
0,0,4,5
0.363766398427306,0,4,5
0.363766398427306,0,4,5
0.246140500215779,1,4,5
0,1,4,5
0,1,4,5
0.363766398427306,0,4,5
0.500298927219418,1,4,5
0.246140500215779,1,4,5
0,0,4,5
0,0,4,5
0.363766398427306,0,4,5
0.500298927219418,1,4,5
0.500298927219418,0,4,5
0.246140500215779,1,4,5
0.363766398427306,0,4,5
0,1,4,5
0.363766398427306,0,4,5
0,0,4,5
0.246140500215779,0,4,5
0.363766398427306,0,4,5
0,0,4,5
0,0,4,5
0,1,4,5
0,0,4,5
0.363766398427306,1,4,5
0,0,4,5
0,0,4,5
0.246140500215779,0,4,5
0,0,4,5
0.363766398427306,0,4,5
0,0,4,5
0.363766398427306,1,4,5
0,0,4,5
0,0,4,5
0.500298927219418,1,4,5
0.363766398427306,0,4,5
0,0,4,5
0.500298927219418,0,4,5
0.246140500215779,0,4,5
0,1,4,5
0,0,4,5
0,0,4,5
0,0,4,5
0.246140500215779,0,4,5
0,0,4,5
0.363766398427306,0,4,5
0.363766398427306,0,4,5
0.500298927219418,0,4,5
0,0,4,5
0.363766398427306,0,4,5
0.246140500215779,0,4,5
0.500298927219418,1,4,5
0,0,4,5
0,0,4,5
0.363766398427306,0,4,5
0,0,4,5
0.246140500215779,0,4,6
0.363766398427306,0,4,6
0.500298927219418,0,4,6
0.363766398427306,0,4,6
0.363766398427306,0,4,6
0.500298927219418,1,4,6
0,1,4,6
0.246140500215779,0,4,6
0.500298927219418,0,4,6
0.363766398427306,0,4,6
0,0,4,6
0.363766398427306,0,4,6
0.363766398427306,1,4,6
0.500298927219418,0,4,6
0.363766398427306,1,4,6
0.363766398427306,1,4,6
0.363766398427306,1,4,6
0.500298927219418,0,4,6
0.363766398427306,0,4,6
0.363766398427306,0,4,6
0.246140500215779,1,4,6
0,0,4,6
0,0,4,6
0,0,4,6
0,0,4,6
0.246140500215779,0,4,6
0,0,4,6
0.363766398427306,0,4,6
0.363766398427306,0,4,6
0.500298927219418,0,4,6
0.363766398427306,1,4,6
0,1,4,6
0.363766398427306,0,4,6
0,0,4,6
0,0,4,6
0,0,4,6
0,0,4,6
0,0,4,6
0.363766398427306,0,4,6
0,0,4,6
0,0,4,6
0.500298927219418,1,4,6
0.246140500215779,0,4,6
0,0,4,6
0.363766398427306,1,4,6
0.500298927219418,0,4,6
0.363766398427306,0,4,6
0.246140500215779,0,4,6
0.246140500215779,0,4,6
0.363766398427306,0,4,6
0,0,4,6
0,0,4,6
0.363766398427306,1,4,6
0,0,4,6
0.500298927219418,0,4,6
0,0,4,6
0,0,4,6
0,0,4,6
0.363766398427306,0,4,6
0,0,4,6
0.363766398427306,1,4,6
0.246140500215779,0,4,6
0.500298927219418,0,4,6
0,0,4,6
0,0,4,6
0.246140500215779,0,4,6
0.363766398427306,0,4,6
0,0,4,6
0,0,4,6
0.500298927219418,0,4,6
0.500298927219418,0,4,6
0,0,4,6
0,0,4,6
0.363766398427306,0,4,6
0,0,4,6
0,0,4,6
0.363766398427306,0,4,6
0,0,4,6
0.363766398427306,0,4,6
0.246140500215779,0,4,6
0.524199826356486,1,5,1
0.524199826356486,1,5,1
0.778245448197695,1,5,1
0.524199826356486,0,5,1
0.778245448197695,1,5,1
0,0,5,1
0.524199826356486,1,5,1
0.524199826356486,1,5,1
0.778245448197695,1,5,1
0.524199826356486,0,5,1
0.524199826356486,0,5,1
0.256980741273287,0,5,1
0.256980741273287,0,5,1
0.778245448197695,1,5,1
0,0,5,1
0.524199826356486,0,5,1
0.524199826356486,1,5,1
0,0,5,1
0.524199826356486,0,5,1
0.778245448197695,1,5,1
0,0,5,1
0.524199826356486,1,5,1
0.778245448197695,1,5,1
0.256980741273287,0,5,1
0,0,5,1
0.524199826356486,1,5,1
0.256980741273287,1,5,1
0,0,5,1
0.524199826356486,1,5,1
0.524199826356486,1,5,1
0,1,5,1
0,1,5,1
0,0,5,1
0,0,5,1
0,0,5,1
0.256980741273287,0,5,1
0,0,5,1
0,0,5,1
0.524199826356486,0,5,1
0.778245448197695,1,5,1
0,0,5,1
0.524199826356486,1,5,1
0.256980741273287,1,5,1
0,0,5,1
0.524199826356486,1,5,1
0,1,5,1
0.524199826356486,1,5,1
0.778245448197695,1,5,1
0.778245448197695,1,5,1
0.256980741273287,0,5,1
0.524199826356486,0,5,1
0,0,5,1
0.256980741273287,0,5,1
0,0,5,1
0,0,5,1
0.524199826356486,0,5,1
0,0,5,1
0,0,5,1
0,0,5,1
0.778245448197695,1,5,1
0.524199826356486,0,5,1
0,0,5,1
0,0,5,1
0.524199826356486,0,5,1
0,0,5,1
0.778245448197695,0,5,1
0,0,5,1
0,0,5,1
0,0,5,1
0.524199826356486,0,5,1
0.256980741273287,0,5,1
0,0,5,1
0.778245448197695,0,5,1
0,0,5,1
0,0,5,1
0.524199826356486,0,5,1
0,0,5,1
0.524199826356486,1,5,1
0.524199826356486,1,5,1
0.256980741273287,0,5,1
0.778245448197695,1,5,2
0.778245448197695,1,5,2
0.778245448197695,1,5,2
0.524199826356486,1,5,2
0.256980741273287,0,5,2
0.778245448197695,1,5,2
0.524199826356486,1,5,2
0.524199826356486,0,5,2
0.256980741273287,1,5,2
0.524199826356486,1,5,2
0.524199826356486,1,5,2
0.524199826356486,1,5,2
0.524199826356486,1,5,2
0.524199826356486,1,5,2
0,1,5,2
0,0,5,2
0,1,5,2
0,0,5,2
0.256980741273287,0,5,2
0,0,5,2
0,0,5,2
0,0,5,2
0.524199826356486,1,5,2
0.524199826356486,1,5,2
0.524199826356486,1,5,2
0.524199826356486,0,5,2
0.778245448197695,1,5,2
0.524199826356486,0,5,2
0.256980741273287,0,5,2
0,0,5,2
0.524199826356486,1,5,2
0.778245448197695,1,5,2
0,0,5,2
0.256980741273287,0,5,2
0,0,5,2
0,1,5,2
0.524199826356486,1,5,2
0.524199826356486,1,5,2
0,0,5,2
0,0,5,2
0.524199826356486,0,5,2
0.524199826356486,1,5,2
0.778245448197695,1,5,2
0.256980741273287,1,5,2
0.778245448197695,1,5,2
0,0,5,2
0,0,5,2
0,0,5,2
0.256980741273287,0,5,2
0,0,5,2
0.524199826356486,1,5,2
0,0,5,2
0,0,5,2
0,0,5,2
0,0,5,2
0.256980741273287,0,5,2
0.524199826356486,0,5,2
0,0,5,2
0.524199826356486,0,5,2
0.778245448197695,1,5,2
0.524199826356486,1,5,2
0,0,5,2
0.778245448197695,1,5,2
0,0,5,2
0.524199826356486,1,5,2
0,0,5,2
0,0,5,2
0.256980741273287,0,5,2
0.778245448197695,0,5,2
0.524199826356486,1,5,2
0,0,5,2
0.524199826356486,0,5,2
0.256980741273287,1,5,2
0,0,5,2
0.524199826356486,1,5,2
0.778245448197695,0,5,2
0,0,5,2
0,0,5,2
0,0,5,2
0,0,5,2
0.524199826356486,0,5,3
0.778245448197695,1,5,3
0,0,5,3
0.778245448197695,1,5,3
0.524199826356486,1,5,3
0.256980741273287,0,5,3
0.256980741273287,0,5,3
0.524199826356486,1,5,3
0,0,5,3
0.524199826356486,0,5,3
0.524199826356486,0,5,3
0.778245448197695,1,5,3
0.524199826356486,1,5,3
0.778245448197695,1,5,3
0.524199826356486,0,5,3
0.524199826356486,0,5,3
0,0,5,3
0,0,5,3
0.524199826356486,0,5,3
0,0,5,3
0.778245448197695,1,5,3
0,1,5,3
0.256980741273287,0,5,3
0.524199826356486,1,5,3
0.256980741273287,0,5,3
0,0,5,3
0.524199826356486,1,5,3
0.524199826356486,0,5,3
0.778245448197695,1,5,3
0,0,5,3
0.524199826356486,0,5,3
0.524199826356486,0,5,3
0.524199826356486,1,5,3
0,0,5,3
0,0,5,3
0,0,5,3
0.256980741273287,0,5,3
0,0,5,3
0.524199826356486,1,5,3
0.524199826356486,0,5,3
0.778245448197695,1,5,3
0,1,5,3
0.524199826356486,1,5,3
0,1,5,3
0.256980741273287,0,5,3
0.778245448197695,1,5,3
0,0,5,3
0,1,5,3
0.778245448197695,1,5,3
0,0,5,3
0.256980741273287,0,5,3
0,0,5,3
0.524199826356486,0,5,3
0,0,5,3
0.778245448197695,1,5,3
0,0,5,3
0.524199826356486,1,5,3
0,0,5,3
0.524199826356486,1,5,3
0.524199826356486,1,5,3
0.256980741273287,0,5,3
0,0,5,3
0,0,5,3
0,0,5,3
0.256980741273287,0,5,3
0.778245448197695,0,5,3
0,0,5,3
0,1,5,3
0,0,5,3
0,0,5,3
0.524199826356486,1,5,3
0,0,5,3
0,1,5,3
0.524199826356486,1,5,3
0,1,5,3
0,0,5,3
0.524199826356486,1,5,3
0.524199826356486,0,5,3
0.778245448197695,0,5,3
0.256980741273287,0,5,3
0,0,5,4
0.524042745791086,1,5,4
0.178767709315434,0,5,4
0.524042745791086,1,5,4
0.328663344890054,0,5,4
0.328663344890054,0,5,4
0.328663344890054,0,5,4
0.524042745791086,1,5,4
0,1,5,4
0.328663344890054,1,5,4
0.178767709315434,1,5,4
0.328663344890054,0,5,4
0.328663344890054,0,5,4
0.328663344890054,1,5,4
0.524042745791086,1,5,4
0.328663344890054,1,5,4
0.328663344890054,1,5,4
0,0,5,4
0.328663344890054,0,5,4
0.328663344890054,1,5,4
0.328663344890054,1,5,4
0,0,5,4
0.328663344890054,1,5,4
0.328663344890054,1,5,4
0,0,5,4
0.178767709315434,1,5,4
0,1,5,4
0.178767709315434,1,5,4
0,1,5,4
0,1,5,4
0.524042745791086,0,5,4
0.524042745791086,1,5,4
0,0,5,4
0,0,5,4
0.328663344890054,0,5,4
0,1,5,4
0,0,5,4
0.328663344890054,0,5,4
0,0,5,4
0.178767709315434,1,5,4
0,0,5,4
0.328663344890054,1,5,4
0.524042745791086,1,5,4
0,0,5,4
0.178767709315434,1,5,4
0.524042745791086,1,5,4
0,0,5,4
0.328663344890054,1,5,4
0,0,5,4
0.328663344890054,0,5,4
0.328663344890054,1,5,4
0,1,5,4
0,1,5,4
0.328663344890054,1,5,4
0.524042745791086,1,5,4
0.178767709315434,1,5,4
0,1,5,4
0,1,5,4
0,1,5,4
0,1,5,4
0.178767709315434,1,5,4
0.524042745791086,0,5,4
0.328663344890054,1,5,4
0,0,5,4
0,0,5,4
0,0,5,4
0,0,5,4
0.178767709315434,1,5,4
0,0,5,4
0,1,5,4
0.328663344890054,1,5,4
0.328663344890054,1,5,4
0.328663344890054,1,5,4
0,1,5,4
0.328663344890054,1,5,4
0.178767709315434,0,5,4
0,1,5,4
0,1,5,4
0.524042745791086,1,5,4
0.524042745791086,1,5,4
0.524042745791086,0,5,5
0,0,5,5
0.328663344890054,0,5,5
0.328663344890054,0,5,5
0,0,5,5
0.524042745791086,0,5,5
0.328663344890054,0,5,5
0.178767709315434,0,5,5
0.328663344890054,0,5,5
0.524042745791086,1,5,5
0.328663344890054,1,5,5
0.328663344890054,0,5,5
0.328663344890054,1,5,5
0.328663344890054,0,5,5
0.178767709315434,0,5,5
0.524042745791086,1,5,5
0,0,5,5
0.328663344890054,1,5,5
0.524042745791086,1,5,5
0,0,5,5
0.328663344890054,1,5,5
0.328663344890054,1,5,5
0.178767709315434,0,5,5
0,0,5,5
0,0,5,5
0.328663344890054,1,5,5
0.328663344890054,1,5,5
0,1,5,5
0.524042745791086,1,5,5
0,0,5,5
0.178767709315434,1,5,5
0.328663344890054,1,5,5
0,0,5,5
0.328663344890054,0,5,5
0.524042745791086,1,5,5
0,0,5,5
0.328663344890054,0,5,5
0,0,5,5
0,0,5,5
0.524042745791086,1,5,5
0,0,5,5
0.328663344890054,0,5,5
0.328663344890054,1,5,5
0,1,5,5
0.178767709315434,1,5,5
0,1,5,5
0,1,5,5
0.178767709315434,1,5,5
0,0,5,5
0,0,5,5
0,0,5,5
0.328663344890054,1,5,5
0.328663344890054,1,5,5
0,0,5,5
0.328663344890054,1,5,5
0.524042745791086,0,5,5
0.524042745791086,1,5,5
0.178767709315434,0,5,5
0,0,5,5
0,1,5,5
0.328663344890054,0,5,5
0.178767709315434,0,5,5
0,0,5,5
0,0,5,5
0.178767709315434,0,5,5
0.328663344890054,0,5,5
0,0,5,5
0.328663344890054,0,5,5
0,1,5,5
0.178767709315434,1,5,5
0,0,5,5
0,0,5,5
0,0,5,5
0.524042745791086,0,5,5
0,1,5,5
0.328663344890054,1,5,5
0.328663344890054,1,5,5
0.524042745791086,1,5,5
0,1,5,5
0,1,5,5
0.328663344890054,0,5,6
0.178767709315434,0,5,6
0.178767709315434,0,5,6
0.328663344890054,0,5,6
0.524042745791086,0,5,6
0.328663344890054,0,5,6
0.328663344890054,0,5,6
0,0,5,6
0.328663344890054,0,5,6
0.328663344890054,0,5,6
0.328663344890054,1,5,6
0.328663344890054,1,5,6
0.524042745791086,1,5,6
0,0,5,6
0.524042745791086,1,5,6
0.524042745791086,1,5,6
0.328663344890054,1,5,6
0,0,5,6
0.328663344890054,0,5,6
0.328663344890054,1,5,6
0,0,5,6
0.524042745791086,1,5,6
0,0,5,6
0.328663344890054,1,5,6
0.178767709315434,1,5,6
0,0,5,6
0,1,5,6
0,0,5,6
0.178767709315434,0,5,6
0.524042745791086,1,5,6
0.328663344890054,1,5,6
0.328663344890054,1,5,6
0,0,5,6
0.524042745791086,0,5,6
0,0,5,6
0,1,5,6
0,0,5,6
0,0,5,6
0,1,5,6
0,1,5,6
0.328663344890054,1,5,6
0,1,5,6
0.178767709315434,1,5,6
0.178767709315434,0,5,6
0.328663344890054,1,5,6
0.524042745791086,0,5,6
0.328663344890054,1,5,6
0.328663344890054,0,5,6
0,0,5,6
0,1,5,6
0,1,5,6
0,0,5,6
0,0,5,6
0.178767709315434,1,5,6
0.178767709315434,1,5,6
0.328663344890054,0,5,6
0.524042745791086,0,5,6
0.328663344890054,1,5,6
0.328663344890054,1,5,6
0,1,5,6
0,0,5,6
0.328663344890054,0,5,6
0,0,5,6
0.524042745791086,1,5,6
0,0,5,6
0.524042745791086,1,5,6
0.328663344890054,0,5,6
0.524042745791086,1,5,6
0.328663344890054,0,5,6
0,0,5,6
0,0,5,6
0,0,5,6
0.328663344890054,0,5,6
0,0,5,6
0,0,5,6
0.328663344890054,0,5,6
0,0,5,6
0,0,5,6
0.178767709315434,0,5,6
0.178767709315434,0,5,6
0.535172830861724,1,6,1
0.855322746391353,1,6,1
0.183153696412786,1,6,1
0.855322746391353,1,6,1
0.183153696412786,1,6,1
0.855322746391353,1,6,1
0.535172830861724,1,6,1
0.855322746391353,1,6,1
0.535172830861724,0,6,1
0.535172830861724,0,6,1
0.535172830861724,0,6,1
0.535172830861724,0,6,1
0,0,6,1
0.535172830861724,0,6,1
0,0,6,1
0.535172830861724,0,6,1
0.183153696412786,1,6,1
0,0,6,1
0.535172830861724,0,6,1
0,0,6,1
0,0,6,1
0,0,6,1
0.535172830861724,0,6,1
0,0,6,1
0.535172830861724,1,6,1
0.855322746391353,1,6,1
0.535172830861724,1,6,1
0.535172830861724,0,6,1
0,0,6,1
0.535172830861724,0,6,1
0.855322746391353,0,6,1
0.183153696412786,0,6,1
0,0,6,1
0.855322746391353,0,6,1
0,0,6,1
0,0,6,1
0.535172830861724,0,6,1
0.535172830861724,1,6,1
0.183153696412786,0,6,1
0,0,6,1
0,0,6,1
0,0,6,1
0,0,6,1
0.855322746391353,0,6,1
0.183153696412786,0,6,1
0.535172830861724,0,6,1
0.535172830861724,0,6,1
0,0,6,1
0,0,6,1
0.535172830861724,0,6,1
0,0,6,1
0,0,6,1
0,0,6,1
0.855322746391353,0,6,1
0,0,6,1
0,0,6,1
0.535172830861724,0,6,1
0,0,6,1
0,0,6,1
0.535172830861724,0,6,1
0.183153696412786,0,6,1
0.183153696412786,0,6,1
0.855322746391353,0,6,1
0.535172830861724,0,6,1
0.535172830861724,0,6,1
0,0,6,1
0,0,6,1
0,0,6,1
0,0,6,1
0.535172830861724,1,6,1
0,0,6,1
0.855322746391353,1,6,1
0.535172830861724,0,6,1
0,0,6,1
0.535172830861724,0,6,1
0.183153696412786,0,6,1
0,0,6,1
0.183153696412786,0,6,1
0,0,6,1
0.855322746391353,1,6,1
0.535172830861724,1,6,2
0.535172830861724,1,6,2
0.855322746391353,0,6,2
0.535172830861724,1,6,2
0,0,6,2
0.183153696412786,0,6,2
0.855322746391353,1,6,2
0.535172830861724,0,6,2
0.535172830861724,1,6,2
0.855322746391353,1,6,2
0,0,6,2
0.183153696412786,0,6,2
0.535172830861724,0,6,2
0.855322746391353,1,6,2
0.535172830861724,1,6,2
0.535172830861724,1,6,2
0,0,6,2
0.535172830861724,1,6,2
0.183153696412786,0,6,2
0.535172830861724,1,6,2
0,0,6,2
0.535172830861724,0,6,2
0.535172830861724,1,6,2
0.855322746391353,1,6,2
0,1,6,2
0.183153696412786,1,6,2
0.535172830861724,1,6,2
0.855322746391353,1,6,2
0,0,6,2
0.535172830861724,1,6,2
0,0,6,2
0,0,6,2
0.535172830861724,1,6,2
0,0,6,2
0,0,6,2
0.183153696412786,1,6,2
0.855322746391353,1,6,2
0.535172830861724,0,6,2
0,0,6,2
0.535172830861724,0,6,2
0,0,6,2
0.535172830861724,1,6,2
0,0,6,2
0,0,6,2
0.183153696412786,0,6,2
0,0,6,2
0.855322746391353,0,6,2
0,0,6,2
0.535172830861724,1,6,2
0.183153696412786,0,6,2
0.535172830861724,0,6,2
0.535172830861724,1,6,2
0,0,6,2
0,0,6,2
0,0,6,2
0,0,6,2
0.535172830861724,0,6,2
0.855322746391353,0,6,2
0,0,6,2
0,0,6,2
0,0,6,2
0,0,6,2
0.855322746391353,0,6,2
0.183153696412786,0,6,2
0.183153696412786,0,6,2
0.535172830861724,0,6,2
0.855322746391353,1,6,2
0.535172830861724,0,6,2
0,0,6,2
0,0,6,2
0.183153696412786,0,6,2
0.535172830861724,0,6,2
0,0,6,2
0.855322746391353,0,6,2
0,0,6,2
0,0,6,2
0,0,6,2
0,0,6,2
0.535172830861724,1,6,2
0,0,6,2
0.535172830861724,1,6,3
0.535172830861724,0,6,3
0.183153696412786,0,6,3
0.535172830861724,0,6,3
0.535172830861724,0,6,3
0.855322746391353,0,6,3
0.855322746391353,0,6,3
0.855322746391353,1,6,3
0,0,6,3
0.855322746391353,1,6,3
0.535172830861724,1,6,3
0,0,6,3
0.535172830861724,0,6,3
0.535172830861724,1,6,3
0.183153696412786,0,6,3
0.535172830861724,1,6,3
0,0,6,3
0.535172830861724,0,6,3
0.183153696412786,0,6,3
0.855322746391353,0,6,3
0,0,6,3
0,0,6,3
0,0,6,3
0.855322746391353,1,6,3
0,0,6,3
0.535172830861724,0,6,3
0.535172830861724,1,6,3
0.535172830861724,1,6,3
0.183153696412786,1,6,3
0.535172830861724,1,6,3
0.535172830861724,0,6,3
0,0,6,3
0,0,6,3
0.535172830861724,0,6,3
0,0,6,3
0,0,6,3
0.855322746391353,0,6,3
0,0,6,3
0.183153696412786,0,6,3
0,0,6,3
0.535172830861724,0,6,3
0.183153696412786,0,6,3
0,0,6,3
0,0,6,3
0.535172830861724,1,6,3
0.535172830861724,0,6,3
0.855322746391353,1,6,3
0,0,6,3
0,0,6,3
0,0,6,3
0,0,6,3
0.535172830861724,0,6,3
0.183153696412786,0,6,3
0.855322746391353,0,6,3
0,0,6,3
0,0,6,3
0.535172830861724,0,6,3
0.535172830861724,0,6,3
0,0,6,3
0.183153696412786,0,6,3
0.855322746391353,1,6,3
0,0,6,3
0,0,6,3
0.535172830861724,0,6,3
0.535172830861724,1,6,3
0.183153696412786,0,6,3
0.535172830861724,0,6,3
0.183153696412786,0,6,3
0.535172830861724,0,6,3
0,0,6,3
0,0,6,3
0.855322746391353,1,6,3
0.535172830861724,0,6,3
0,0,6,3
0,0,6,3
0,0,6,3
0,0,6,3
0.855322746391353,1,6,3
0,0,6,3
0,0,6,3
0.241012963766855,1,6,4
0.311058130192454,1,6,4
0.390973926586812,1,6,4
0.311058130192454,0,6,4
0.241012963766855,0,6,4
0.311058130192454,0,6,4
0,0,6,4
0.390973926586812,1,6,4
0.311058130192454,1,6,4
0.311058130192454,1,6,4
0.311058130192454,1,6,4
0,0,6,4
0.390973926586812,1,6,4
0.311058130192454,0,6,4
0.390973926586812,1,6,4
0.311058130192454,0,6,4
0,0,6,4
0,0,6,4
0,0,6,4
0.311058130192454,0,6,4
0,0,6,4
0.390973926586812,0,6,4
0.311058130192454,1,6,4
0.311058130192454,0,6,4
0.311058130192454,0,6,4
0.311058130192454,0,6,4
0,0,6,4
0.241012963766855,0,6,4
0.311058130192454,0,6,4
0.241012963766855,0,6,4
0.390973926586812,0,6,4
0,0,6,4
0,0,6,4
0.311058130192454,0,6,4
0,0,6,4
0.311058130192454,0,6,4
0,0,6,4
0,0,6,4
0.311058130192454,0,6,4
0,0,6,4
0.390973926586812,0,6,4
0,0,6,4
0.241012963766855,0,6,4
0.390973926586812,0,6,4
0.311058130192454,0,6,4
0.241012963766855,0,6,4
0,0,6,4
0,0,6,4
0.390973926586812,1,6,4
0.241012963766855,1,6,4
0.311058130192454,1,6,4
0,0,6,4
0.311058130192454,1,6,4
0,0,6,4
0.311058130192454,0,6,4
0,0,6,4
0,0,6,4
0.311058130192454,0,6,4
0.241012963766855,0,6,4
0.390973926586812,0,6,4
0,0,6,4
0,0,6,4
0,0,6,4
0,0,6,4
0,0,6,4
0.311058130192454,0,6,4
0.241012963766855,0,6,4
0,0,6,4
0,0,6,4
0,0,6,4
0.390973926586812,0,6,4
0,0,6,4
0.311058130192454,0,6,4
0,0,6,4
0.241012963766855,0,6,4
0.390973926586812,1,6,4
0.311058130192454,1,6,4
0,0,6,4
0,0,6,4
0.311058130192454,0,6,4
0,0,6,5
0.311058130192454,0,6,5
0.390973926586812,0,6,5
0.311058130192454,0,6,5
0.311058130192454,0,6,5
0.241012963766855,0,6,5
0.390973926586812,1,6,5
0.241012963766855,0,6,5
0.311058130192454,1,6,5
0.311058130192454,1,6,5
0.390973926586812,1,6,5
0,1,6,5
0.311058130192454,1,6,5
0.311058130192454,1,6,5
0.311058130192454,1,6,5
0.390973926586812,1,6,5
0,0,6,5
0,0,6,5
0.241012963766855,0,6,5
0.311058130192454,0,6,5
0,0,6,5
0.311058130192454,1,6,5
0.390973926586812,1,6,5
0,0,6,5
0,0,6,5
0.311058130192454,0,6,5
0,0,6,5
0.311058130192454,1,6,5
0.241012963766855,1,6,5
0.390973926586812,1,6,5
0.311058130192454,1,6,5
0.311058130192454,1,6,5
0.311058130192454,1,6,5
0.390973926586812,1,6,5
0,1,6,5
0,0,6,5
0.241012963766855,1,6,5
0,1,6,5
0,0,6,5
0.390973926586812,1,6,5
0,0,6,5
0.241012963766855,1,6,5
0,0,6,5
0,0,6,5
0.311058130192454,0,6,5
0.311058130192454,0,6,5
0,0,6,5
0.311058130192454,0,6,5
0.311058130192454,0,6,5
0,0,6,5
0,0,6,5
0.311058130192454,0,6,5
0,0,6,5
0,0,6,5
0.311058130192454,0,6,5
0,0,6,5
0.241012963766855,0,6,5
0,0,6,5
0.390973926586812,1,6,5
0,0,6,5
0.390973926586812,0,6,5
0.311058130192454,0,6,5
0,0,6,5
0.241012963766855,0,6,5
0.390973926586812,1,6,5
0.311058130192454,1,6,5
0.311058130192454,1,6,5
0,0,6,5
0,0,6,5
0,0,6,5
0.311058130192454,0,6,5
0,0,6,5
0,0,6,5
0.390973926586812,0,6,5
0.241012963766855,0,6,5
0,0,6,5
0,0,6,5
0.311058130192454,0,6,5
0.241012963766855,0,6,5
0,0,6,5
0.311058130192454,0,6,6
0.311058130192454,1,6,6
0.311058130192454,0,6,6
0,0,6,6
0,0,6,6
0.311058130192454,0,6,6
0.390973926586812,1,6,6
0.311058130192454,0,6,6
0.390973926586812,1,6,6
0.390973926586812,1,6,6
0.311058130192454,1,6,6
0.241012963766855,0,6,6
0.311058130192454,0,6,6
0.311058130192454,1,6,6
0.241012963766855,1,6,6
0.390973926586812,1,6,6
0.311058130192454,1,6,6
0.311058130192454,1,6,6
0.390973926586812,0,6,6
0.311058130192454,1,6,6
0.311058130192454,1,6,6
0.241012963766855,1,6,6
0,0,6,6
0,0,6,6
0.390973926586812,1,6,6
0,0,6,6
0,0,6,6
0.311058130192454,1,6,6
0,0,6,6
0.311058130192454,0,6,6
0,0,6,6
0.241012963766855,1,6,6
0.241012963766855,1,6,6
0.311058130192454,1,6,6
0,0,6,6
0.311058130192454,0,6,6
0,0,6,6
0,0,6,6
0,0,6,6
0.311058130192454,0,6,6
0.241012963766855,1,6,6
0,0,6,6
0.390973926586812,1,6,6
0.311058130192454,1,6,6
0,0,6,6
0.390973926586812,0,6,6
0,0,6,6
0,1,6,6
0.241012963766855,0,6,6
0.311058130192454,1,6,6
0.311058130192454,1,6,6
0,0,6,6
0,0,6,6
0.390973926586812,1,6,6
0.311058130192454,0,6,6
0.241012963766855,1,6,6
0,1,6,6
0,0,6,6
0.311058130192454,0,6,6
0,0,6,6
0,0,6,6
0,0,6,6
0,0,6,6
0.390973926586812,1,6,6
0,0,6,6
0.311058130192454,1,6,6
0,0,6,6
0.241012963766855,0,6,6
0.311058130192454,1,6,6
0,1,6,6
0,0,6,6
0.311058130192454,0,6,6
0,0,6,6
0.241012963766855,0,6,6
0.390973926586812,1,6,6
0,0,6,6
0.311058130192454,0,6,6
0.390973926586812,0,6,6
0,0,6,6
0,0,6,6
0.613972642070128,0,7,1
0.117900922996403,0,7,1
0.613972642070128,0,7,1
0.949814663946553,0,7,1
0.613972642070128,0,7,1
0,0,7,1
0.949814663946553,1,7,1
0.949814663946553,1,7,1
0,1,7,1
0.613972642070128,0,7,1
0.613972642070128,0,7,1
0.949814663946553,0,7,1
0.613972642070128,0,7,1
0.613972642070128,0,7,1
0.613972642070128,0,7,1
0.117900922996403,0,7,1
0.613972642070128,1,7,1
0,1,7,1
0.613972642070128,0,7,1
0,0,7,1
0,0,7,1
0.949814663946553,0,7,1
0.117900922996403,0,7,1
0.117900922996403,0,7,1
0.613972642070128,0,7,1
0,0,7,1
0,0,7,1
0,0,7,1
0.613972642070128,0,7,1
0.613972642070128,0,7,1
0.613972642070128,0,7,1
0.949814663946553,0,7,1
0,0,7,1
0,0,7,1
0,0,7,1
0.117900922996403,0,7,1
0.613972642070128,0,7,1
0,0,7,1
0,0,7,1
0.613972642070128,1,7,1
0.949814663946553,1,7,1
0.117900922996403,0,7,1
0.949814663946553,0,7,1
0,0,7,1
0.613972642070128,0,7,1
0,0,7,1
0,0,7,1
0.613972642070128,0,7,1
0,0,7,1
0,0,7,1
0.613972642070128,0,7,1
0.117900922996403,0,7,1
0,0,7,1
0,0,7,1
0.949814663946553,0,7,1
0.613972642070128,0,7,1
0.117900922996403,0,7,1
0,0,7,1
0.949814663946553,0,7,1
0.613972642070128,0,7,1
0.613972642070128,0,7,1
0,0,7,1
0,0,7,1
0,0,7,1
0,0,7,1
0.613972642070128,0,7,1
0.613972642070128,0,7,1
0.949814663946553,0,7,1
0,0,7,1
0.117900922996403,0,7,1
0,0,7,1
0,0,7,1
0.117900922996403,0,7,1
0,0,7,1
0.613972642070128,0,7,1
0.949814663946553,0,7,1
0,0,7,1
0,0,7,1
0.613972642070128,0,7,1
0,0,7,1
0.117900922996403,0,7,2
0.949814663946553,1,7,2
0,0,7,2
0.613972642070128,1,7,2
0.613972642070128,0,7,2
0.613972642070128,0,7,2
0,1,7,2
0.613972642070128,1,7,2
0.949814663946553,0,7,2
0.949814663946553,1,7,2
0.613972642070128,0,7,2
0.613972642070128,0,7,2
0.117900922996403,0,7,2
0.613972642070128,0,7,2
0.949814663946553,0,7,2
0.613972642070128,0,7,2
0.613972642070128,0,7,2
0.949814663946553,0,7,2
0,0,7,2
0,0,7,2
0.949814663946553,0,7,2
0,0,7,2
0.613972642070128,0,7,2
0,0,7,2
0.613972642070128,0,7,2
0,0,7,2
0.117900922996403,0,7,2
0.613972642070128,0,7,2
0.613972642070128,0,7,2
0.613972642070128,0,7,2
0.117900922996403,0,7,2
0,0,7,2
0,0,7,2
0,0,7,2
0.613972642070128,0,7,2
0.949814663946553,1,7,2
0,0,7,2
0,0,7,2
0.613972642070128,0,7,2
0.613972642070128,0,7,2
0.613972642070128,0,7,2
0.117900922996403,0,7,2
0,0,7,2
0,0,7,2
0.117900922996403,0,7,2
0,0,7,2
0.949814663946553,0,7,2
0,0,7,2
0,0,7,2
0.949814663946553,0,7,2
0.613972642070128,0,7,2
0.117900922996403,0,7,2
0,0,7,2
0.117900922996403,0,7,2
0,0,7,2
0,0,7,2
0.949814663946553,0,7,2
0.613972642070128,0,7,2
0.613972642070128,0,7,2
0,0,7,2
0,0,7,2
0,0,7,2
0.613972642070128,0,7,2
0,0,7,2
0,0,7,2
0,1,7,2
0.613972642070128,0,7,2
0,0,7,2
0.613972642070128,0,7,2
0,0,7,2
0,0,7,2
0.949814663946553,0,7,2
0.613972642070128,0,7,2
0,0,7,2
0.949814663946553,0,7,2
0,0,7,2
0.613972642070128,0,7,2
0.117900922996403,0,7,2
0,0,7,2
0.117900922996403,0,7,2
0,0,7,3
0.949814663946553,1,7,3
0.613972642070128,0,7,3
0.117900922996403,0,7,3
0.613972642070128,0,7,3
0.613972642070128,0,7,3
0.613972642070128,0,7,3
0.949814663946553,0,7,3
0.117900922996403,0,7,3
0.613972642070128,0,7,3
0.613972642070128,1,7,3
0.613972642070128,0,7,3
0.613972642070128,0,7,3
0.949814663946553,0,7,3
0.949814663946553,1,7,3
0,0,7,3
0,0,7,3
0.117900922996403,0,7,3
0.613972642070128,0,7,3
0.613972642070128,0,7,3
0,0,7,3
0.613972642070128,0,7,3
0.949814663946553,1,7,3
0,0,7,3
0,0,7,3
0,0,7,3
0.613972642070128,0,7,3
0.613972642070128,0,7,3
0.613972642070128,0,7,3
0,0,7,3
0.117900922996403,0,7,3
0.949814663946553,0,7,3
0,0,7,3
0.117900922996403,0,7,3
0.613972642070128,0,7,3
0,0,7,3
0.117900922996403,0,7,3
0,0,7,3
0,0,7,3
0.613972642070128,0,7,3
0.949814663946553,0,7,3
0,0,7,3
0,0,7,3
0.613972642070128,0,7,3
0.613972642070128,0,7,3
0.949814663946553,0,7,3
0,0,7,3
0,0,7,3
0.613972642070128,0,7,3
0.613972642070128,0,7,3
0,0,7,3
0,0,7,3
0,0,7,3
0.949814663946553,0,7,3
0,0,7,3
0.117900922996403,0,7,3
0.949814663946553,0,7,3
0,0,7,3
0,0,7,3
0.613972642070128,0,7,3
0.117900922996403,0,7,3
0.613972642070128,0,7,3
0,0,7,3
0,0,7,3
0.613972642070128,0,7,3
0.117900922996403,0,7,3
0,0,7,3
0.613972642070128,0,7,3
0,0,7,3
0.117900922996403,0,7,3
0,0,7,3
0,0,7,3
0.613972642070128,0,7,3
0.949814663946553,0,7,3
0,0,7,3
0,0,7,3
0.949814663946553,0,7,3
0,0,7,3
0.613972642070128,0,7,3
0,0,7,3
0.451198015080754,1,7,4
0.451198015080754,1,7,4
0.451198015080754,0,7,4
0,0,7,4
0,0,7,4
0.169755632358374,0,7,4
0.767758481015148,1,7,4
0.451198015080754,1,7,4
0.451198015080754,1,7,4
0.451198015080754,1,7,4
0.451198015080754,1,7,4
0.767758481015148,1,7,4
0.767758481015148,1,7,4
0.169755632358374,0,7,4
0.451198015080754,1,7,4
0.767758481015148,1,7,4
0.451198015080754,1,7,4
0.451198015080754,1,7,4
0,0,7,4
0.451198015080754,0,7,4
0,1,7,4
0,0,7,4
0.451198015080754,1,7,4
0.767758481015148,1,7,4
0.451198015080754,1,7,4
0.767758481015148,1,7,4
0,0,7,4
0.169755632358374,0,7,4
0,0,7,4
0.169755632358374,1,7,4
0,1,7,4
0.451198015080754,1,7,4
0,0,7,4
0.451198015080754,1,7,4
0.451198015080754,1,7,4
0.169755632358374,1,7,4
0.451198015080754,0,7,4
0.169755632358374,1,7,4
0.451198015080754,1,7,4
0,0,7,4
0.767758481015148,1,7,4
0,0,7,4
0,0,7,4
0,1,7,4
0,1,7,4
0,1,7,4
0.767758481015148,1,7,4
0,0,7,4
0,0,7,4
0,0,7,4
0.451198015080754,1,7,4
0.169755632358374,1,7,4
0,0,7,4
0,1,7,4
0.169755632358374,1,7,4
0.451198015080754,1,7,4
0.767758481015148,1,7,4
0.451198015080754,1,7,4
0.451198015080754,1,7,4
0,1,7,4
0,0,7,4
0,0,7,4
0.767758481015148,1,7,4
0,0,7,4
0.451198015080754,1,7,4
0.451198015080754,1,7,4
0,0,7,4
0.451198015080754,1,7,4
0.169755632358374,1,7,4
0,0,7,4
0.767758481015148,1,7,4
0,1,7,4
0.169755632358374,1,7,4
0,1,7,4
0,1,7,4
0.451198015080754,1,7,4
0,0,7,4
0,0,7,4
0,0,7,4
0.767758481015148,1,7,4
0.767758481015148,1,7,5
0.169755632358374,1,7,5
0.451198015080754,1,7,5
0.451198015080754,1,7,5
0.451198015080754,1,7,5
0.767758481015148,1,7,5
0.451198015080754,1,7,5
0,0,7,5
0.767758481015148,1,7,5
0.767758481015148,1,7,5
0.451198015080754,0,7,5
0.169755632358374,1,7,5
0,0,7,5
0.451198015080754,1,7,5
0.451198015080754,1,7,5
0.451198015080754,1,7,5
0,0,7,5
0,0,7,5
0.451198015080754,1,7,5
0.169755632358374,1,7,5
0.451198015080754,1,7,5
0.451198015080754,1,7,5
0,1,7,5
0,0,7,5
0.169755632358374,1,7,5
0,0,7,5
0.767758481015148,1,7,5
0.451198015080754,0,7,5
0,0,7,5
0.451198015080754,1,7,5
0.451198015080754,1,7,5
0.767758481015148,1,7,5
0,0,7,5
0,0,7,5
0,0,7,5
0,0,7,5
0.169755632358374,0,7,5
0,0,7,5
0,0,7,5
0.451198015080754,0,7,5
0,0,7,5
0.169755632358374,0,7,5
0.767758481015148,1,7,5
0,0,7,5
0.451198015080754,1,7,5
0.451198015080754,1,7,5
0.767758481015148,1,7,5
0.451198015080754,1,7,5
0.169755632358374,1,7,5
0,0,7,5
0,0,7,5
0.451198015080754,1,7,5
0,0,7,5
0.451198015080754,0,7,5
0,0,7,5
0.767758481015148,1,7,5
0,0,7,5
0.767758481015148,1,7,5
0,0,7,5
0,0,7,5
0.451198015080754,0,7,5
0.451198015080754,1,7,5
0.169755632358374,1,7,5
0,0,7,5
0,0,7,5
0.169755632358374,1,7,5
0,0,7,5
0.169755632358374,0,7,5
0.767758481015148,1,7,5
0.451198015080754,1,7,5
0.451198015080754,0,7,5
0.451198015080754,1,7,5
0,0,7,5
0.451198015080754,1,7,5
0.767758481015148,1,7,5
0,0,7,5
0,0,7,5
0,0,7,5
0,0,7,5
0,0,7,5
0.451198015080754,0,7,6
0.767758481015148,1,7,6
0.169755632358374,1,7,6
0.767758481015148,1,7,6
0.451198015080754,0,7,6
0.451198015080754,1,7,6
0.451198015080754,1,7,6
0.451198015080754,1,7,6
0.767758481015148,1,7,6
0.451198015080754,1,7,6
0.451198015080754,0,7,6
0.767758481015148,1,7,6
0.451198015080754,1,7,6
0.169755632358374,0,7,6
0,0,7,6
0,0,7,6
0.451198015080754,1,7,6
0.767758481015148,1,7,6
0.767758481015148,1,7,6
0,1,7,6
0.451198015080754,1,7,6
0,0,7,6
0,0,7,6
0.451198015080754,1,7,6
0,1,7,6
0.169755632358374,1,7,6
0.451198015080754,1,7,6
0,0,7,6
0.169755632358374,1,7,6
0.451198015080754,0,7,6
0,0,7,6
0.451198015080754,0,7,6
0,0,7,6
0.451198015080754,0,7,6
0,0,7,6
0,0,7,6
0.169755632358374,0,7,6
0,0,7,6
0.767758481015148,1,7,6
0.451198015080754,1,7,6
0.451198015080754,1,7,6
0.767758481015148,1,7,6
0,0,7,6
0,0,7,6
0.451198015080754,0,7,6
0,0,7,6
0.169755632358374,0,7,6
0,0,7,6
0,0,7,6
0.767758481015148,1,7,6
0,0,7,6
0.451198015080754,0,7,6
0,0,7,6
0.767758481015148,1,7,6
0,0,7,6
0.169755632358374,1,7,6
0,0,7,6
0.169755632358374,0,7,6
0,0,7,6
0.451198015080754,1,7,6
0.451198015080754,0,7,6
0,0,7,6
0.451198015080754,1,7,6
0,0,7,6
0,0,7,6
0,0,7,6
0.451198015080754,1,7,6
0,0,7,6
0,0,7,6
0,0,7,6
0.451198015080754,0,7,6
0.169755632358374,0,7,6
0.767758481015148,0,7,6
0,0,7,6
0.451198015080754,1,7,6
0.169755632358374,1,7,6
0.451198015080754,1,7,6
0,1,7,6
0,0,7,6
0.767758481015148,1,7,6
0.82438536668438,1,8,1
0.82438536668438,1,8,1
0,0,8,1
0.707961254887071,1,8,1
0.82438536668438,1,8,1
0.707961254887071,1,8,1
0,1,8,1
0.707961254887071,1,8,1
0.707961254887071,1,8,1
0.82438536668438,1,8,1
0.707961254887071,1,8,1
0.555929877424867,1,8,1
0.707961254887071,1,8,1
0.707961254887071,1,8,1
0.555929877424867,1,8,1
0.707961254887071,1,8,1
0,1,8,1
0.707961254887071,1,8,1
0,0,8,1
0.707961254887071,1,8,1
0.82438536668438,1,8,1
0,1,8,1
0.707961254887071,1,8,1
0.707961254887071,1,8,1
0,1,8,1
0.555929877424867,1,8,1
0.82438536668438,1,8,1
0,0,8,1
0.707961254887071,1,8,1
0.707961254887071,1,8,1
0,0,8,1
0.555929877424867,1,8,1
0.707961254887071,1,8,1
0.555929877424867,1,8,1
0.82438536668438,1,8,1
0.707961254887071,1,8,1
0,1,8,1
0.707961254887071,1,8,1
0,0,8,1
0,1,8,1
0,0,8,1
0,0,8,1
0.707961254887071,1,8,1
0.555929877424867,1,8,1
0,1,8,1
0.82438536668438,1,8,1
0,0,8,1
0,1,8,1
0.707961254887071,1,8,1
0,0,8,1
0.555929877424867,1,8,1
0.707961254887071,1,8,1
0.82438536668438,1,8,1
0.555929877424867,1,8,1
0,0,8,1
0,1,8,1
0,0,8,1
0,1,8,1
0,1,8,1
0.707961254887071,1,8,1
0,0,8,1
0.82438536668438,1,8,1
0.707961254887071,1,8,1
0,1,8,1
0.555929877424867,1,8,1
0.707961254887071,0,8,1
0.555929877424867,1,8,1
0,0,8,1
0,0,8,1
0,0,8,1
0,0,8,1
0,0,8,1
0.82438536668438,1,8,1
0.707961254887071,1,8,1
0,0,8,1
0.707961254887071,1,8,1
0,0,8,1
0.707961254887071,1,8,1
0.82438536668438,1,8,1
0,0,8,1
0.707961254887071,0,8,2
0.707961254887071,1,8,2
0.707961254887071,1,8,2
0.707961254887071,1,8,2
0.82438536668438,1,8,2
0.555929877424867,1,8,2
0,1,8,2
0.707961254887071,1,8,2
0.555929877424867,1,8,2
0,0,8,2
0.82438536668438,1,8,2
0.707961254887071,1,8,2
0.707961254887071,1,8,2
0.707961254887071,1,8,2
0.82438536668438,1,8,2
0.82438536668438,1,8,2
0.707961254887071,1,8,2
0.82438536668438,1,8,2
0.707961254887071,1,8,2
0.707961254887071,1,8,2
0.707961254887071,1,8,2
0,1,8,2
0,1,8,2
0.555929877424867,1,8,2
0.707961254887071,0,8,2
0,1,8,2
0.555929877424867,1,8,2
0,0,8,2
0.82438536668438,1,8,2
0,0,8,2
0,1,8,2
0.707961254887071,0,8,2
0.707961254887071,1,8,2
0.82438536668438,1,8,2
0,0,8,2
0.707961254887071,1,8,2
0.707961254887071,1,8,2
0.707961254887071,1,8,2
0,1,8,2
0,0,8,2
0.555929877424867,1,8,2
0,0,8,2
0,0,8,2
0,0,8,2
0,0,8,2
0.555929877424867,0,8,2
0.82438536668438,1,8,2
0,0,8,2
0,0,8,2
0.707961254887071,1,8,2
0.707961254887071,1,8,2
0,0,8,2
0,0,8,2
0,0,8,2
0,0,8,2
0,0,8,2
0.707961254887071,0,8,2
0,0,8,2
0.707961254887071,1,8,2
0.555929877424867,1,8,2
0.82438536668438,1,8,2
0.82438536668438,1,8,2
0.555929877424867,0,8,2
0,0,8,2
0.82438536668438,1,8,2
0.707961254887071,1,8,2
0,1,8,2
0,0,8,2
0.555929877424867,1,8,2
0.707961254887071,1,8,2
0,0,8,2
0.707961254887071,1,8,2
0,0,8,2
0.82438536668438,1,8,2
0,0,8,2
0,0,8,2
0.555929877424867,1,8,2
0,0,8,2
0,0,8,2
0.707961254887071,1,8,2
0.707961254887071,0,8,3
0.707961254887071,1,8,3
0.707961254887071,1,8,3
0,0,8,3
0.82438536668438,1,8,3
0.82438536668438,1,8,3
0.707961254887071,1,8,3
0.82438536668438,1,8,3
0.707961254887071,1,8,3
0,0,8,3
0.707961254887071,1,8,3
0.555929877424867,1,8,3
0.707961254887071,1,8,3
0.82438536668438,1,8,3
0.707961254887071,1,8,3
0.555929877424867,1,8,3
0.82438536668438,1,8,3
0.707961254887071,1,8,3
0.707961254887071,1,8,3
0.707961254887071,0,8,3
0,0,8,3
0.707961254887071,1,8,3
0.707961254887071,1,8,3
0,0,8,3
0.555929877424867,1,8,3
0,0,8,3
0,0,8,3
0.555929877424867,1,8,3
0.707961254887071,1,8,3
0.82438536668438,1,8,3
0,0,8,3
0,0,8,3
0,0,8,3
0.707961254887071,0,8,3
0,0,8,3
0,0,8,3
0.707961254887071,0,8,3
0,1,8,3
0.555929877424867,1,8,3
0.707961254887071,1,8,3
0.82438536668438,1,8,3
0,0,8,3
0.707961254887071,1,8,3
0,0,8,3
0.555929877424867,1,8,3
0.82438536668438,1,8,3
0,1,8,3
0,0,8,3
0.555929877424867,1,8,3
0,0,8,3
0,0,8,3
0,0,8,3
0,0,8,3
0.82438536668438,1,8,3
0.707961254887071,1,8,3
0.707961254887071,0,8,3
0,0,8,3
0,0,8,3
0.82438536668438,1,8,3
0.555929877424867,0,8,3
0,0,8,3
0.707961254887071,0,8,3
0.707961254887071,1,8,3
0,0,8,3
0,0,8,3
0.82438536668438,1,8,3
0,0,8,3
0,0,8,3
0.555929877424867,0,8,3
0.707961254887071,0,8,3
0,0,8,3
0,1,8,3
0.555929877424867,1,8,3
0,0,8,3
0,0,8,3
0.82438536668438,1,8,3
0,0,8,3
0.707961254887071,1,8,3
0.707961254887071,1,8,3
0.707961254887071,1,8,3
0.651988205641128,0,8,4
0.247744819225806,0,8,4
0.43993074724784,1,8,4
0.651988205641128,1,8,4
0.43993074724784,1,8,4
0.43993074724784,0,8,4
0.247744819225806,0,8,4
0.43993074724784,1,8,4
0.43993074724784,1,8,4
0.651988205641128,1,8,4
0,1,8,4
0,1,8,4
0.651988205641128,1,8,4
0.43993074724784,0,8,4
0.43993074724784,1,8,4
0.43993074724784,1,8,4
0.43993074724784,0,8,4
0.43993074724784,1,8,4
0,1,8,4
0.651988205641128,1,8,4
0,1,8,4
0.43993074724784,1,8,4
0.247744819225806,1,8,4
0,0,8,4
0,1,8,4
0.247744819225806,0,8,4
0.43993074724784,1,8,4
0.43993074724784,1,8,4
0,1,8,4
0.651988205641128,1,8,4
0,1,8,4
0.43993074724784,1,8,4
0.651988205641128,1,8,4
0.43993074724784,1,8,4
0,1,8,4
0.247744819225806,1,8,4
0,1,8,4
0,1,8,4
0,1,8,4
0.43993074724784,1,8,4
0,1,8,4
0,1,8,4
0.43993074724784,1,8,4
0.247744819225806,1,8,4
0,1,8,4
0.43993074724784,1,8,4
0.651988205641128,1,8,4
0,1,8,4
0.247744819225806,0,8,4
0.43993074724784,1,8,4
0.43993074724784,1,8,4
0.43993074724784,1,8,4
0.651988205641128,1,8,4
0,1,8,4
0,1,8,4
0,1,8,4
0.651988205641128,1,8,4
0,1,8,4
0,1,8,4
0,1,8,4
0,1,8,4
0.43993074724784,1,8,4
0,0,8,4
0.247744819225806,1,8,4
0,1,8,4
0,1,8,4
0.43993074724784,1,8,4
0,0,8,4
0.43993074724784,1,8,4
0,1,8,4
0.43993074724784,1,8,4
0.43993074724784,1,8,4
0.651988205641128,1,8,4
0,1,8,4
0,0,8,4
0,1,8,4
0.247744819225806,1,8,4
0.651988205641128,1,8,4
0.247744819225806,1,8,4
0,1,8,4
0.651988205641128,1,8,5
0.43993074724784,0,8,5
0.651988205641128,1,8,5
0.43993074724784,1,8,5
0.651988205641128,1,8,5
0.247744819225806,1,8,5
0.43993074724784,1,8,5
0.43993074724784,1,8,5
0,0,8,5
0.43993074724784,1,8,5
0.43993074724784,1,8,5
0.651988205641128,1,8,5
0.43993074724784,1,8,5
0.247744819225806,1,8,5
0.43993074724784,1,8,5
0,0,8,5
0.43993074724784,0,8,5
0.43993074724784,1,8,5
0.651988205641128,1,8,5
0.43993074724784,0,8,5
0.43993074724784,1,8,5
0,1,8,5
0.247744819225806,1,8,5
0,1,8,5
0,1,8,5
0.651988205641128,1,8,5
0,1,8,5
0.43993074724784,1,8,5
0,0,8,5
0.247744819225806,1,8,5
0.43993074724784,1,8,5
0,1,8,5
0,0,8,5
0.651988205641128,1,8,5
0,1,8,5
0.43993074724784,1,8,5
0,0,8,5
0.43993074724784,1,8,5
0,1,8,5
0.43993074724784,1,8,5
0,0,8,5
0.247744819225806,1,8,5
0.43993074724784,0,8,5
0,1,8,5
0,1,8,5
0,0,8,5
0.651988205641128,1,8,5
0.247744819225806,0,8,5
0.43993074724784,0,8,5
0.247744819225806,0,8,5
0,0,8,5
0,0,8,5
0,0,8,5
0,1,8,5
0.43993074724784,1,8,5
0,0,8,5
0,1,8,5
0.247744819225806,1,8,5
0.43993074724784,1,8,5
0.651988205641128,0,8,5
0,1,8,5
0.43993074724784,0,8,5
0.651988205641128,1,8,5
0,1,8,5
0.247744819225806,1,8,5
0.43993074724784,1,8,5
0.43993074724784,1,8,5
0,1,8,5
0,0,8,5
0.43993074724784,1,8,5
0,0,8,5
0.651988205641128,0,8,5
0.651988205641128,0,8,5
0.247744819225806,1,8,5
0,1,8,5
0,1,8,5
0,1,8,5
0,1,8,5
0,0,8,5
0.43993074724784,1,8,5
0.651988205641128,1,8,6
0.43993074724784,0,8,6
0.651988205641128,1,8,6
0.43993074724784,0,8,6
0.247744819225806,0,8,6
0.43993074724784,0,8,6
0.651988205641128,1,8,6
0.43993074724784,1,8,6
0.43993074724784,0,8,6
0.651988205641128,1,8,6
0.43993074724784,0,8,6
0,1,8,6
0.43993074724784,0,8,6
0,1,8,6
0.43993074724784,1,8,6
0.247744819225806,1,8,6
0.43993074724784,1,8,6
0.651988205641128,0,8,6
0,0,8,6
0,1,8,6
0.43993074724784,1,8,6
0.43993074724784,0,8,6
0,1,8,6
0,0,8,6
0.43993074724784,1,8,6
0.43993074724784,1,8,6
0.247744819225806,1,8,6
0.43993074724784,1,8,6
0.247744819225806,1,8,6
0,0,8,6
0.651988205641128,1,8,6
0,1,8,6
0.43993074724784,0,8,6
0.43993074724784,0,8,6
0,0,8,6
0,1,8,6
0,1,8,6
0,1,8,6
0,1,8,6
0,1,8,6
0,1,8,6
0.651988205641128,1,8,6
0.651988205641128,1,8,6
0.247744819225806,1,8,6
0.43993074724784,0,8,6
0.247744819225806,1,8,6
0,0,8,6
0.43993074724784,1,8,6
0,0,8,6
0,0,8,6
0.43993074724784,0,8,6
0.247744819225806,1,8,6
0.43993074724784,0,8,6
0,0,8,6
0,1,8,6
0,1,8,6
0.43993074724784,1,8,6
0,1,8,6
0.43993074724784,1,8,6
0,1,8,6
0.651988205641128,0,8,6
0,0,8,6
0.247744819225806,1,8,6
0.651988205641128,0,8,6
0.43993074724784,0,8,6
0,0,8,6
0.651988205641128,1,8,6
0.43993074724784,0,8,6
0.247744819225806,1,8,6
0,0,8,6
0,0,8,6
0,1,8,6
0,0,8,6
0.651988205641128,1,8,6
0.43993074724784,1,8,6
0,0,8,6
0.247744819225806,1,8,6
0,1,8,6
0,1,8,6
0.43993074724784,0,8,6
0.321016130903924,1,9,1
0.44029015423085,1,9,1
0.566880994259805,1,9,1
0.44029015423085,1,9,1
0.44029015423085,1,9,1
0.566880994259805,0,9,1
0.321016130903924,1,9,1
0.44029015423085,1,9,1
0,0,9,1
0,1,9,1
0.44029015423085,0,9,1
0.44029015423085,1,9,1
0.566880994259805,1,9,1
0.566880994259805,1,9,1
0.44029015423085,1,9,1
0.44029015423085,1,9,1
0,1,9,1
0.566880994259805,1,9,1
0.44029015423085,1,9,1
0.321016130903924,1,9,1
0.44029015423085,1,9,1
0.44029015423085,0,9,1
0,1,9,1
0,0,9,1
0.321016130903924,1,9,1
0,0,9,1
0.44029015423085,1,9,1
0.44029015423085,0,9,1
0.44029015423085,1,9,1
0.566880994259805,1,9,1
0,1,9,1
0,1,9,1
0,0,9,1
0,0,9,1
0,1,9,1
0,1,9,1
0.44029015423085,1,9,1
0.566880994259805,1,9,1
0.566880994259805,1,9,1
0.321016130903924,1,9,1
0,1,9,1
0,1,9,1
0.44029015423085,1,9,1
0,1,9,1
0.321016130903924,1,9,1
0.44029015423085,1,9,1
0.44029015423085,1,9,1
0,1,9,1
0.44029015423085,1,9,1
0,1,9,1
0.321016130903924,1,9,1
0,0,9,1
0.44029015423085,1,9,1
0.566880994259805,1,9,1
0.566880994259805,1,9,1
0,1,9,1
0.44029015423085,1,9,1
0.44029015423085,0,9,1
0.321016130903924,1,9,1
0,0,9,1
0,0,9,1
0,0,9,1
0,0,9,1
0,0,9,1
0,1,9,1
0,1,9,1
0,1,9,1
0,0,9,1
0,0,9,1
0.321016130903924,0,9,1
0,1,9,1
0.44029015423085,0,9,1
0.44029015423085,1,9,1
0,1,9,1
0,0,9,1
0.566880994259805,0,9,1
0.566880994259805,1,9,1
0.44029015423085,0,9,1
0.321016130903924,1,9,1
0.44029015423085,0,9,1
0.44029015423085,0,9,2
0.44029015423085,0,9,2
0,0,9,2
0.566880994259805,1,9,2
0.44029015423085,1,9,2
0.321016130903924,0,9,2
0.44029015423085,1,9,2
0.44029015423085,0,9,2
0,0,9,2
0.566880994259805,0,9,2
0.321016130903924,0,9,2
0.44029015423085,1,9,2
0.44029015423085,0,9,2
0.44029015423085,0,9,2
0.566880994259805,1,9,2
0.566880994259805,0,9,2
0.44029015423085,1,9,2
0.321016130903924,0,9,2
0.44029015423085,0,9,2
0.566880994259805,1,9,2
0,1,9,2
0.321016130903924,1,9,2
0.44029015423085,1,9,2
0,1,9,2
0.44029015423085,1,9,2
0.566880994259805,0,9,2
0.44029015423085,0,9,2
0,1,9,2
0,1,9,2
0,1,9,2
0,0,9,2
0.44029015423085,1,9,2
0,0,9,2
0.44029015423085,1,9,2
0,1,9,2
0.321016130903924,1,9,2
0.321016130903924,1,9,2
0,1,9,2
0,1,9,2
0.44029015423085,1,9,2
0,1,9,2
0.44029015423085,1,9,2
0.44029015423085,1,9,2
0,0,9,2
0.566880994259805,1,9,2
0.566880994259805,0,9,2
0,1,9,2
0,1,9,2
0,1,9,2
0,0,9,2
0,1,9,2
0.321016130903924,1,9,2
0,0,9,2
0.566880994259805,1,9,2
0.44029015423085,1,9,2
0,0,9,2
0.566880994259805,0,9,2
0.44029015423085,1,9,2
0,1,9,2
0,1,9,2
0.44029015423085,0,9,2
0.44029015423085,1,9,2
0.321016130903924,0,9,2
0,0,9,2
0,0,9,2
0.321016130903924,0,9,2
0.44029015423085,1,9,2
0.566880994259805,0,9,2
0.44029015423085,0,9,2
0.44029015423085,1,9,2
0,1,9,2
0,1,9,2
0.321016130903924,1,9,2
0,1,9,2
0.44029015423085,1,9,2
0,1,9,2
0,1,9,2
0,1,9,2
0.566880994259805,1,9,2
0,1,9,2
0.44029015423085,0,9,3
0.44029015423085,0,9,3
0.566880994259805,0,9,3
0.44029015423085,0,9,3
0.44029015423085,0,9,3
0.321016130903924,0,9,3
0.44029015423085,0,9,3
0.566880994259805,0,9,3
0.321016130903924,0,9,3
0.44029015423085,0,9,3
0,0,9,3
0.566880994259805,0,9,3
0.44029015423085,0,9,3
0,0,9,3
0.566880994259805,0,9,3
0.44029015423085,0,9,3
0.44029015423085,0,9,3
0,0,9,3
0,0,9,3
0,0,9,3
0.44029015423085,0,9,3
0.566880994259805,0,9,3
0,0,9,3
0,0,9,3
0.44029015423085,0,9,3
0.321016130903924,0,9,3
0.566880994259805,0,9,3
0.44029015423085,1,9,3
0,0,9,3
0.44029015423085,0,9,3
0.321016130903924,0,9,3
0.44029015423085,0,9,3
0.321016130903924,0,9,3
0,0,9,3
0.44029015423085,0,9,3
0,0,9,3
0,0,9,3
0,0,9,3
0.44029015423085,0,9,3
0.566880994259805,0,9,3
0,0,9,3
0.321016130903924,1,9,3
0.566880994259805,1,9,3
0,1,9,3
0,1,9,3
0.44029015423085,1,9,3
0.44029015423085,0,9,3
0,1,9,3
0,1,9,3
0.44029015423085,0,9,3
0,0,9,3
0,1,9,3
0.44029015423085,1,9,3
0,1,9,3
0.44029015423085,0,9,3
0.321016130903924,0,9,3
0,0,9,3
0,0,9,3
0.321016130903924,0,9,3
0,1,9,3
0.44029015423085,1,9,3
0.566880994259805,0,9,3
0.566880994259805,0,9,3
0,1,9,3
0,0,9,3
0.44029015423085,0,9,3
0,0,9,3
0.566880994259805,1,9,3
0,1,9,3
0,1,9,3
0.321016130903924,1,9,3
0.566880994259805,1,9,3
0.44029015423085,1,9,3
0.44029015423085,1,9,3
0,0,9,3
0.321016130903924,1,9,3
0,1,9,3
0.44029015423085,0,9,3
0,1,9,3
0,0,9,3
0.463522581894289,1,9,4
0.463522581894289,0,9,4
0.711122655531349,1,9,4
0.711122655531349,1,9,4
0.463522581894289,0,9,4
0.232690414708156,0,9,4
0.463522581894289,0,9,4
0.711122655531349,1,9,4
0.463522581894289,1,9,4
0.463522581894289,1,9,4
0.463522581894289,1,9,4
0.711122655531349,1,9,4
0.232690414708156,0,9,4
0.463522581894289,0,9,4
0,0,9,4
0,0,9,4
0.463522581894289,1,9,4
0,1,9,4
0.463522581894289,1,9,4
0.232690414708156,0,9,4
0.463522581894289,0,9,4
0.463522581894289,0,9,4
0,0,9,4
0,1,9,4
0.463522581894289,0,9,4
0.463522581894289,1,9,4
0,1,9,4
0.711122655531349,1,9,4
0.232690414708156,0,9,4
0,0,9,4
0.711122655531349,0,9,4
0,0,9,4
0.711122655531349,1,9,4
0,1,9,4
0,1,9,4
0,1,9,4
0,0,9,4
0.711122655531349,1,9,4
0.463522581894289,1,9,4
0,0,9,4
0,0,9,4
0.463522581894289,0,9,4
0.232690414708156,0,9,4
0.463522581894289,0,9,4
0.232690414708156,1,9,4
0,0,9,4
0.463522581894289,0,9,4
0,0,9,4
0,1,9,4
0,0,9,4
0.711122655531349,0,9,4
0.711122655531349,0,9,4
0.232690414708156,0,9,4
0.463522581894289,0,9,4
0.463522581894289,0,9,4
0,0,9,4
0,0,9,4
0.232690414708156,0,9,4
0,1,9,4
0.463522581894289,1,9,4
0,1,9,4
0,1,9,4
0.463522581894289,0,9,4
0,0,9,4
0,0,9,4
0,0,9,4
0.463522581894289,1,9,4
0.463522581894289,1,9,4
0.463522581894289,1,9,4
0,0,9,4
0,1,9,4
0,0,9,4
0.232690414708156,1,9,4
0.711122655531349,0,9,4
0.463522581894289,0,9,4
0,0,9,4
0.711122655531349,0,9,4
0,0,9,4
0.232690414708156,0,9,4
0,0,9,4
0.232690414708156,0,9,5
0.463522581894289,1,9,5
0.711122655531349,1,9,5
0.711122655531349,1,9,5
0.463522581894289,1,9,5
0.463522581894289,1,9,5
0.463522581894289,0,9,5
0.463522581894289,1,9,5
0.463522581894289,1,9,5
0,1,9,5
0.711122655531349,0,9,5
0.463522581894289,0,9,5
0.711122655531349,0,9,5
0.463522581894289,0,9,5
0,1,9,5
0.232690414708156,1,9,5
0,0,9,5
0,0,9,5
0,0,9,5
0,1,9,5
0.232690414708156,1,9,5
0.463522581894289,1,9,5
0.463522581894289,0,9,5
0.711122655531349,1,9,5
0.232690414708156,1,9,5
0.463522581894289,1,9,5
0,0,9,5
0.463522581894289,0,9,5
0.463522581894289,0,9,5
0,1,9,5
0.463522581894289,0,9,5
0.711122655531349,1,9,5
0.711122655531349,0,9,5
0.711122655531349,0,9,5
0.463522581894289,0,9,5
0,0,9,5
0.232690414708156,0,9,5
0,0,9,5
0,1,9,5
0,1,9,5
0.232690414708156,0,9,5
0.463522581894289,1,9,5
0,0,9,5
0,0,9,5
0.463522581894289,0,9,5
0.463522581894289,1,9,5
0,0,9,5
0,0,9,5
0,0,9,5
0.463522581894289,0,9,5
0,0,9,5
0.463522581894289,1,9,5
0.232690414708156,0,9,5
0.463522581894289,1,9,5
0.711122655531349,1,9,5
0.463522581894289,1,9,5
0,0,9,5
0,0,9,5
0,0,9,5
0.232690414708156,0,9,5
0,1,9,5
0,0,9,5
0,0,9,5
0.711122655531349,1,9,5
0,0,9,5
0.463522581894289,1,9,5
0.463522581894289,0,9,5
0,1,9,5
0,0,9,5
0.232690414708156,0,9,5
0.711122655531349,0,9,5
0,0,9,5
0.232690414708156,0,9,5
0,1,9,5
0,0,9,5
0.463522581894289,0,9,5
0,0,9,5
0,1,9,5
0.711122655531349,1,9,5
0.463522581894289,0,9,5
0.463522581894289,0,9,6
0.463522581894289,0,9,6
0.463522581894289,0,9,6
0.232690414708156,0,9,6
0.711122655531349,0,9,6
0.463522581894289,0,9,6
0.463522581894289,0,9,6
0.463522581894289,0,9,6
0.463522581894289,0,9,6
0.711122655531349,1,9,6
0.711122655531349,1,9,6
0.232690414708156,1,9,6
0.711122655531349,1,9,6
0,0,9,6
0,0,9,6
0.463522581894289,0,9,6
0.463522581894289,0,9,6
0.463522581894289,0,9,6
0,0,9,6
0.463522581894289,0,9,6
0.711122655531349,1,9,6
0.711122655531349,1,9,6
0.232690414708156,1,9,6
0,1,9,6
0.463522581894289,1,9,6
0.232690414708156,1,9,6
0,0,9,6
0,1,9,6
0.463522581894289,0,9,6
0,0,9,6
0,0,9,6
0.463522581894289,0,9,6
0.463522581894289,0,9,6
0,0,9,6
0.232690414708156,0,9,6
0.711122655531349,0,9,6
0.232690414708156,0,9,6
0,0,9,6
0.463522581894289,0,9,6
0,1,9,6
0.463522581894289,0,9,6
0,0,9,6
0,0,9,6
0.711122655531349,0,9,6
0,0,9,6
0,0,9,6
0.463522581894289,0,9,6
0,0,9,6
0.463522581894289,0,9,6
0,0,9,6
0,0,9,6
0,0,9,6
0,0,9,6
0,0,9,6
0,0,9,6
0,0,9,6
0.463522581894289,0,9,6
0,0,9,6
0.463522581894289,0,9,6
0.711122655531349,0,9,6
0.232690414708156,1,9,6
0.711122655531349,0,9,6
0.232690414708156,0,9,6
0.463522581894289,0,9,6
0,0,9,6
0,0,9,6
0.711122655531349,0,9,6
0,0,9,6
0.463522581894289,0,9,6
0.232690414708156,0,9,6
0,0,9,6
0.232690414708156,0,9,6
0.711122655531349,1,9,6
0,0,9,6
0.463522581894289,0,9,6
0.463522581894289,0,9,6
0,0,9,6
0,0,9,6
0,1,9,6
0.463522581894289,0,9,6
0.450288025772868,0,10,1
0.450288025772868,0,10,1
0.450288025772868,1,10,1
0.068623031159886,1,10,1
0.450288025772868,1,10,1
0,0,10,1
0.450288025772868,0,10,1
0.450288025772868,1,10,1
0.901056755381535,1,10,1
0.901056755381535,1,10,1
0.068623031159886,0,10,1
0.901056755381535,1,10,1
0.450288025772868,1,10,1
0.901056755381535,0,10,1
0,0,10,1
0.450288025772868,0,10,1
0.450288025772868,0,10,1
0.450288025772868,0,10,1
0.068623031159886,0,10,1
0.450288025772868,0,10,1
0.450288025772868,0,10,1
0.068623031159886,0,10,1
0,0,10,1
0,0,10,1
0,0,10,1
0,0,10,1
0.901056755381535,0,10,1
0.901056755381535,0,10,1
0.450288025772868,0,10,1
0,0,10,1
0.450288025772868,1,10,1
0,0,10,1
0,0,10,1
0.450288025772868,0,10,1
0,0,10,1
0.068623031159886,0,10,1
0.901056755381535,0,10,1
0,0,10,1
0,0,10,1
0,0,10,1
0,0,10,1
0.450288025772868,0,10,1
0.450288025772868,1,10,1
0.901056755381535,0,10,1
0,0,10,1
0,0,10,1
0.068623031159886,1,10,1
0.450288025772868,1,10,1
0,0,10,1
0.450288025772868,1,10,1
0,0,10,1
0,0,10,1
0.450288025772868,1,10,1
0.068623031159886,1,10,1
0.901056755381535,1,10,1
0,0,10,1
0.901056755381535,1,10,1
0,1,10,1
0.068623031159886,1,10,1
0.450288025772868,0,10,1
0,0,10,1
0,1,10,1
0.450288025772868,1,10,1
0,0,10,1
0,0,10,1
0,0,10,1
0.450288025772868,1,10,1
0,1,10,1
0.450288025772868,1,10,1
0,1,10,1
0.450288025772868,1,10,1
0,1,10,1
0.450288025772868,1,10,1
0.068623031159886,0,10,1
0.901056755381535,1,10,1
0,1,10,1
0,0,10,1
0.901056755381535,1,10,1
0.068623031159886,1,10,1
0,0,10,1
0.450288025772868,0,10,2
0.450288025772868,1,10,2
0.901056755381535,0,10,2
0.068623031159886,1,10,2
0,0,10,2
0.901056755381535,1,10,2
0.450288025772868,1,10,2
0.450288025772868,1,10,2
0.450288025772868,0,10,2
0.901056755381535,0,10,2
0.901056755381535,1,10,2
0,1,10,2
0.450288025772868,0,10,2
0.068623031159886,1,10,2
0.450288025772868,1,10,2
0.450288025772868,1,10,2
0.450288025772868,1,10,2
0,0,10,2
0,0,10,2
0.450288025772868,0,10,2
0.450288025772868,0,10,2
0.068623031159886,0,10,2
0,0,10,2
0.901056755381535,0,10,2
0.450288025772868,1,10,2
0.068623031159886,0,10,2
0.901056755381535,0,10,2
0,0,10,2
0,1,10,2
0.450288025772868,0,10,2
0,1,10,2
0.450288025772868,1,10,2
0,0,10,2
0.450288025772868,0,10,2
0,0,10,2
0.068623031159886,1,10,2
0.450288025772868,1,10,2
0,0,10,2
0,0,10,2
0.901056755381535,0,10,2
0.901056755381535,1,10,2
0,0,10,2
0.450288025772868,0,10,2
0,0,10,2
0.068623031159886,0,10,2
0,1,10,2
0,0,10,2
0.450288025772868,0,10,2
0,0,10,2
0,0,10,2
0.450288025772868,1,10,2
0.450288025772868,1,10,2
0.068623031159886,0,10,2
0.450288025772868,1,10,2
0.450288025772868,0,10,2
0,0,10,2
0,0,10,2
0.901056755381535,1,10,2
0,0,10,2
0.901056755381535,1,10,2
0,0,10,2
0.068623031159886,1,10,2
0,1,10,2
0,0,10,2
0,0,10,2
0.450288025772868,1,10,2
0.901056755381535,1,10,2
0.068623031159886,0,10,2
0.450288025772868,1,10,2
0.450288025772868,1,10,2
0,0,10,2
0,0,10,2
0,0,10,2
0,0,10,2
0,0,10,2
0,0,10,2
0.450288025772868,1,10,2
0.901056755381535,1,10,2
0.068623031159886,0,10,2
0,1,10,2
0.901056755381535,1,10,3
0,0,10,3
0.450288025772868,1,10,3
0.901056755381535,1,10,3
0.901056755381535,1,10,3
0.450288025772868,1,10,3
0.450288025772868,1,10,3
0.450288025772868,1,10,3
0,0,10,3
0.450288025772868,0,10,3
0.450288025772868,1,10,3
0.450288025772868,1,10,3
0.068623031159886,1,10,3
0.068623031159886,0,10,3
0.450288025772868,1,10,3
0.901056755381535,1,10,3
0.450288025772868,1,10,3
0.450288025772868,1,10,3
0,1,10,3
0.901056755381535,1,10,3
0.450288025772868,0,10,3
0,1,10,3
0,0,10,3
0.450288025772868,1,10,3
0.068623031159886,1,10,3
0,0,10,3
0.450288025772868,1,10,3
0.901056755381535,0,10,3
0.068623031159886,0,10,3
0,1,10,3
0.450288025772868,0,10,3
0,0,10,3
0,0,10,3
0,0,10,3
0.450288025772868,1,10,3
0.450288025772868,0,10,3
0.901056755381535,1,10,3
0,0,10,3
0.068623031159886,0,10,3
0.068623031159886,1,10,3
0,0,10,3
0,0,10,3
0.450288025772868,1,10,3
0.450288025772868,1,10,3
0,0,10,3
0.901056755381535,1,10,3
0,0,10,3
0,1,10,3
0,0,10,3
0,0,10,3
0.450288025772868,0,10,3
0.450288025772868,0,10,3
0,0,10,3
0.450288025772868,0,10,3
0.068623031159886,1,10,3
0,0,10,3
0.068623031159886,1,10,3
0,0,10,3
0,0,10,3
0.450288025772868,1,10,3
0,0,10,3
0.901056755381535,0,10,3
0.901056755381535,0,10,3
0,1,10,3
0,0,10,3
0.068623031159886,1,10,3
0.450288025772868,1,10,3
0.901056755381535,1,10,3
0.068623031159886,1,10,3
0,0,10,3
0,0,10,3
0,0,10,3
0.450288025772868,0,10,3
0,0,10,3
0,0,10,3
0.450288025772868,0,10,3
0,0,10,3
0,0,10,3
0.901056755381535,0,10,3
0.450288025772868,0,10,3
0.695691712085034,1,10,4
0.695691712085034,1,10,4
0.584640786050658,1,10,4
0.787827036019071,0,10,4
0.695691712085034,0,10,4
0.787827036019071,1,10,4
0.695691712085034,1,10,4
0.787827036019071,1,10,4
0.695691712085034,1,10,4
0.695691712085034,1,10,4
0.584640786050658,1,10,4
0.695691712085034,1,10,4
0.695691712085034,1,10,4
0,0,10,4
0.787827036019071,1,10,4
0,0,10,4
0.787827036019071,1,10,4
0.695691712085034,1,10,4
0,0,10,4
0.695691712085034,1,10,4
0,1,10,4
0,0,10,4
0.584640786050658,0,10,4
0.695691712085034,1,10,4
0.584640786050658,1,10,4
0,0,10,4
0.695691712085034,1,10,4
0.695691712085034,1,10,4
0,0,10,4
0.787827036019071,1,10,4
0,0,10,4
0.695691712085034,1,10,4
0.584640786050658,1,10,4
0,0,10,4
0.787827036019071,1,10,4
0,0,10,4
0,0,10,4
0,0,10,4
0,0,10,4
0.695691712085034,1,10,4
0.584640786050658,1,10,4
0.695691712085034,1,10,4
0.695691712085034,1,10,4
0.787827036019071,1,10,4
0,0,10,4
0,0,10,4
0.695691712085034,1,10,4
0,1,10,4
0,0,10,4
0.695691712085034,1,10,4
0.695691712085034,1,10,4
0.787827036019071,1,10,4
0,0,10,4
0.584640786050658,0,10,4
0,0,10,4
0,0,10,4
0.695691712085034,1,10,4
0.787827036019071,1,10,4
0,0,10,4
0.584640786050658,1,10,4
0.695691712085034,0,10,4
0,0,10,4
0,1,10,4
0,1,10,4
0,0,10,4
0.695691712085034,1,10,4
0.695691712085034,1,10,4
0,0,10,4
0.584640786050658,1,10,4
0.695691712085034,1,10,4
0.787827036019071,1,10,4
0.787827036019071,1,10,4
0,0,10,4
0,0,10,4
0.584640786050658,1,10,4
0,0,10,4
0.695691712085034,1,10,4
0,0,10,4
0,0,10,4
0,0,10,4
0,0,10,5
0.584640786050658,1,10,5
0.787827036019071,1,10,5
0.695691712085034,1,10,5
0.695691712085034,1,10,5
0.787827036019071,1,10,5
0.695691712085034,1,10,5
0.695691712085034,0,10,5
0.787827036019071,1,10,5
0.695691712085034,1,10,5
0.695691712085034,1,10,5
0,0,10,5
0.695691712085034,0,10,5
0.695691712085034,1,10,5
0.584640786050658,1,10,5
0.787827036019071,1,10,5
0,0,10,5
0.695691712085034,1,10,5
0.695691712085034,1,10,5
0.695691712085034,1,10,5
0,0,10,5
0.787827036019071,1,10,5
0,0,10,5
0.584640786050658,1,10,5
0,0,10,5
0.695691712085034,1,10,5
0.695691712085034,0,10,5
0.787827036019071,1,10,5
0,0,10,5
0.695691712085034,1,10,5
0.584640786050658,1,10,5
0,0,10,5
0,0,10,5
0,0,10,5
0,0,10,5
0.787827036019071,1,10,5
0,0,10,5
0.787827036019071,1,10,5
0,0,10,5
0.695691712085034,1,10,5
0,0,10,5
0.695691712085034,1,10,5
0.584640786050658,1,10,5
0,1,10,5
0.695691712085034,1,10,5
0.695691712085034,1,10,5
0,0,10,5
0.584640786050658,1,10,5
0,0,10,5
0,0,10,5
0.787827036019071,1,10,5
0,0,10,5
0,0,10,5
0,0,10,5
0.584640786050658,1,10,5
0.695691712085034,1,10,5
0.584640786050658,0,10,5
0,0,10,5
0.695691712085034,1,10,5
0,1,10,5
0.695691712085034,1,10,5
0.695691712085034,1,10,5
0,0,10,5
0.787827036019071,1,10,5
0.695691712085034,1,10,5
0.695691712085034,1,10,5
0,0,10,5
0.787827036019071,1,10,5
0,1,10,5
0,0,10,5
0.695691712085034,1,10,5
0,0,10,5
0,0,10,5
0.695691712085034,1,10,5
0,1,10,5
0.584640786050658,1,10,5
0,0,10,5
0,1,10,5
0.584640786050658,1,10,5
0.787827036019071,1,10,5
0.584640786050658,1,10,6
0.695691712085034,1,10,6
0.695691712085034,1,10,6
0.695691712085034,1,10,6
0.695691712085034,1,10,6
0.787827036019071,1,10,6
0.787827036019071,1,10,6
0.695691712085034,1,10,6
0.787827036019071,1,10,6
0.695691712085034,1,10,6
0.695691712085034,1,10,6
0.695691712085034,1,10,6
0,0,10,6
0.584640786050658,1,10,6
0,0,10,6
0.787827036019071,1,10,6
0.695691712085034,1,10,6
0.695691712085034,0,10,6
0.695691712085034,1,10,6
0,0,10,6
0,0,10,6
0.584640786050658,1,10,6
0,0,10,6
0.695691712085034,1,10,6
0.584640786050658,1,10,6
0.787827036019071,1,10,6
0.695691712085034,0,10,6
0,0,10,6
0.695691712085034,1,10,6
0.787827036019071,1,10,6
0,0,10,6
0,0,10,6
0,0,10,6
0,0,10,6
0.695691712085034,1,10,6
0.584640786050658,1,10,6
0,0,10,6
0,0,10,6
0.695691712085034,1,10,6
0,0,10,6
0.584640786050658,1,10,6
0,0,10,6
0,0,10,6
0.695691712085034,1,10,6
0.787827036019071,1,10,6
0,0,10,6
0.787827036019071,1,10,6
0.695691712085034,1,10,6
0,0,10,6
0,0,10,6
0.787827036019071,1,10,6
0,0,10,6
0.695691712085034,1,10,6
0,1,10,6
0,0,10,6
0,1,10,6
0.584640786050658,1,10,6
0.584640786050658,1,10,6
0,0,10,6
0.787827036019071,1,10,6
0,0,10,6
0.695691712085034,1,10,6
0.695691712085034,0,10,6
0.695691712085034,1,10,6
0,0,10,6
0.787827036019071,1,10,6
0,0,10,6
0.695691712085034,1,10,6
0.584640786050658,0,10,6
0,1,10,6
0.695691712085034,1,10,6
0,0,10,6
0.787827036019071,1,10,6
0,0,10,6
0.695691712085034,0,10,6
0.584640786050658,1,10,6
0.695691712085034,1,10,6
0,0,10,6
0,1,10,6
0,0,10,6
0.376179190637486,0,11,1
0,0,11,1
0.376179190637486,0,11,1
0.376179190637486,0,11,1
0.214985616252442,0,11,1
0.570412856506851,0,11,1
0.376179190637486,0,11,1
0.570412856506851,1,11,1
0,0,11,1
0.376179190637486,0,11,1
0.376179190637486,0,11,1
0.570412856506851,1,11,1
0.376179190637486,1,11,1
0.376179190637486,1,11,1
0.570412856506851,1,11,1
0.214985616252442,0,11,1
0.376179190637486,0,11,1
0.376179190637486,1,11,1
0.570412856506851,1,11,1
0.214985616252442,0,11,1
0,0,11,1
0,0,11,1
0.376179190637486,0,11,1
0.570412856506851,1,11,1
0.376179190637486,0,11,1
0.214985616252442,0,11,1
0,0,11,1
0.376179190637486,0,11,1
0,0,11,1
0.376179190637486,0,11,1
0,0,11,1
0,0,11,1
0,0,11,1
0,0,11,1
0.570412856506851,1,11,1
0,0,11,1
0.214985616252442,0,11,1
0,0,11,1
0.376179190637486,0,11,1
0,0,11,1
0.376179190637486,1,11,1
0.214985616252442,0,11,1
0.570412856506851,0,11,1
0,0,11,1
0.376179190637486,0,11,1
0.376179190637486,0,11,1
0,0,11,1
0,0,11,1
0,0,11,1
0.570412856506851,1,11,1
0.214985616252442,0,11,1
0.214985616252442,0,11,1
0,0,11,1
0,1,11,1
0,0,11,1
0.376179190637486,0,11,1
0.376179190637486,0,11,1
0.376179190637486,1,11,1
0,0,11,1
0.570412856506851,1,11,1
0,0,11,1
0.376179190637486,0,11,1
0,0,11,1
0,0,11,1
0.376179190637486,0,11,1
0,0,11,1
0.376179190637486,1,11,1
0.376179190637486,1,11,1
0.570412856506851,0,11,1
0.570412856506851,0,11,1
0.376179190637486,1,11,1
0,0,11,1
0.214985616252442,0,11,1
0,0,11,1
0,0,11,1
0,0,11,1
0,0,11,1
0,0,11,1
0,0,11,1
0.214985616252442,0,11,1
0.376179190637486,0,11,2
0.376179190637486,0,11,2
0.214985616252442,0,11,2
0.214985616252442,0,11,2
0.376179190637486,0,11,2
0,0,11,2
0.376179190637486,0,11,2
0,0,11,2
0.376179190637486,0,11,2
0.570412856506851,0,11,2
0.376179190637486,0,11,2
0.376179190637486,0,11,2
0.570412856506851,1,11,2
0.570412856506851,1,11,2
0.376179190637486,0,11,2
0.570412856506851,1,11,2
0,0,11,2
0.214985616252442,0,11,2
0.376179190637486,1,11,2
0,0,11,2
0.570412856506851,1,11,2
0.570412856506851,0,11,2
0.376179190637486,0,11,2
0,0,11,2
0.376179190637486,0,11,2
0.376179190637486,0,11,2
0.214985616252442,0,11,2
0,0,11,2
0,0,11,2
0,0,11,2
0.376179190637486,0,11,2
0.376179190637486,0,11,2
0,0,11,2
0,0,11,2
0.376179190637486,0,11,2
0.214985616252442,0,11,2
0,0,11,2
0.570412856506851,0,11,2
0.214985616252442,0,11,2
0,0,11,2
0,0,11,2
0.570412856506851,0,11,2
0,0,11,2
0.376179190637486,0,11,2
0.376179190637486,0,11,2
0,0,11,2
0,0,11,2
0.376179190637486,0,11,2
0,0,11,2
0.376179190637486,0,11,2
0.376179190637486,0,11,2
0,0,11,2
0.214985616252442,0,11,2
0,0,11,2
0.376179190637486,0,11,2
0.214985616252442,0,11,2
0.570412856506851,0,11,2
0,0,11,2
0,0,11,2
0,0,11,2
0,0,11,2
0.376179190637486,0,11,2
0.570412856506851,0,11,2
0,0,11,2
0.376179190637486,0,11,2
0.376179190637486,0,11,2
0,0,11,2
0.376179190637486,0,11,2
0,0,11,2
0.570412856506851,0,11,2
0,0,11,2
0.376179190637486,0,11,2
0,0,11,2
0,0,11,2
0,0,11,2
0.214985616252442,0,11,2
0.570412856506851,0,11,2
0,0,11,2
0,0,11,2
0.214985616252442,0,11,2
0.376179190637486,0,11,3
0.376179190637486,0,11,3
0.376179190637486,0,11,3
0.376179190637486,0,11,3
0.570412856506851,0,11,3
0.570412856506851,1,11,3
0,0,11,3
0,0,11,3
0.570412856506851,0,11,3
0.376179190637486,0,11,3
0.570412856506851,1,11,3
0.376179190637486,1,11,3
0.214985616252442,0,11,3
0.376179190637486,0,11,3
0.214985616252442,0,11,3
0.376179190637486,0,11,3
0.376179190637486,0,11,3
0,0,11,3
0,0,11,3
0,0,11,3
0,0,11,3
0.214985616252442,0,11,3
0.214985616252442,0,11,3
0.376179190637486,0,11,3
0.376179190637486,0,11,3
0.570412856506851,1,11,3
0,0,11,3
0.376179190637486,0,11,3
0.570412856506851,1,11,3
0.376179190637486,0,11,3
0,0,11,3
0.376179190637486,0,11,3
0,0,11,3
0,0,11,3
0,0,11,3
0.376179190637486,0,11,3
0,0,11,3
0.376179190637486,0,11,3
0.214985616252442,0,11,3
0,0,11,3
0.376179190637486,0,11,3
0.570412856506851,0,11,3
0,0,11,3
0.214985616252442,0,11,3
0,0,11,3
0.570412856506851,0,11,3
0.376179190637486,0,11,3
0,0,11,3
0,0,11,3
0,1,11,3
0.214985616252442,0,11,3
0,0,11,3
0,0,11,3
0.376179190637486,0,11,3
0.376179190637486,0,11,3
0.376179190637486,0,11,3
0,1,11,3
0,0,11,3
0.570412856506851,0,11,3
0.214985616252442,0,11,3
0,0,11,3
0.376179190637486,0,11,3
0.570412856506851,0,11,3
0,0,11,3
0.376179190637486,0,11,3
0,0,11,3
0,0,11,3
0.570412856506851,0,11,3
0,0,11,3
0.376179190637486,0,11,3
0,0,11,3
0.214985616252442,0,11,3
0,0,11,3
0,0,11,3
0.214985616252442,0,11,3
0,0,11,3
0.570412856506851,0,11,3
0.376179190637486,0,11,3
0,0,11,3
0.376179190637486,0,11,3
0.726219598512585,1,11,4
0.726219598512585,1,11,4
0.726219598512585,1,11,4
0.999999074924944,0,11,4
0.726219598512585,1,11,4
6.50887249121221e-06,0,11,4
0.726219598512585,1,11,4
0.999999074924944,1,11,4
0.999999074924944,1,11,4
0.999999074924944,1,11,4
0,0,11,4
0.726219598512585,1,11,4
6.50887249121221e-06,0,11,4
0.726219598512585,1,11,4
0.726219598512585,1,11,4
0,0,11,4
0,0,11,4
6.50887249121221e-06,0,11,4
0.726219598512585,1,11,4
0,0,11,4
0.999999074924944,1,11,4
0.999999074924944,1,11,4
0.726219598512585,0,11,4
0.726219598512585,1,11,4
0,0,11,4
0,0,11,4
0.726219598512585,1,11,4
0.726219598512585,1,11,4
6.50887249121221e-06,0,11,4
0,1,11,4
0.726219598512585,1,11,4
0,0,11,4
0.999999074924944,1,11,4
0,0,11,4
6.50887249121221e-06,0,11,4
0.999999074924944,1,11,4
0,0,11,4
0,0,11,4
0.726219598512585,0,11,4
0.726219598512585,1,11,4
0,0,11,4
6.50887249121221e-06,1,11,4
0,0,11,4
0,0,11,4
0,0,11,4
0,0,11,4
0.726219598512585,1,11,4
0.726219598512585,0,11,4
0,0,11,4
0,0,11,4
0.999999074924944,1,11,4
0,0,11,4
0.726219598512585,1,11,4
0.726219598512585,0,11,4
0.726219598512585,0,11,4
0,0,11,4
0,0,11,4
0,0,11,4
0,0,11,4
0.726219598512585,0,11,4
0.999999074924944,1,11,4
6.50887249121221e-06,1,11,4
6.50887249121221e-06,0,11,4
0,0,11,4
6.50887249121221e-06,1,11,4
0,0,11,4
0,0,11,4
0.999999074924944,1,11,4
0.726219598512585,1,11,4
0.726219598512585,1,11,4
0,0,11,4
0,0,11,4
0.999999074924944,1,11,4
0,0,11,4
0,0,11,4
0,0,11,4
0,0,11,4
0.726219598512585,0,11,4
0.726219598512585,0,11,4
6.50887249121221e-06,0,11,4
6.50887249121221e-06,0,11,5
6.50887249121221e-06,1,11,5
0.726219598512585,0,11,5
0.726219598512585,1,11,5
0.999999074924944,1,11,5
0.726219598512585,1,11,5
0.999999074924944,1,11,5
0,0,11,5
0,0,11,5
0.999999074924944,1,11,5
0.726219598512585,1,11,5
0.726219598512585,1,11,5
0.999999074924944,1,11,5
0.726219598512585,0,11,5
0.726219598512585,0,11,5
0.726219598512585,1,11,5
6.50887249121221e-06,1,11,5
0.726219598512585,1,11,5
0,0,11,5
0,0,11,5
0.999999074924944,1,11,5
0,0,11,5
0,0,11,5
0.726219598512585,0,11,5
0.999999074924944,0,11,5
6.50887249121221e-06,0,11,5
0,0,11,5
0.726219598512585,0,11,5
0.726219598512585,0,11,5
0,0,11,5
0.726219598512585,1,11,5
0.726219598512585,1,11,5
0.999999074924944,1,11,5
0,0,11,5
0,0,11,5
0,0,11,5
0,0,11,5
0.726219598512585,1,11,5
6.50887249121221e-06,0,11,5
0.999999074924944,0,11,5
0,0,11,5
0.726219598512585,0,11,5
0,0,11,5
0,0,11,5
0.726219598512585,0,11,5
0,0,11,5
0.726219598512585,1,11,5
6.50887249121221e-06,0,11,5
0,0,11,5
0,0,11,5
0.726219598512585,0,11,5
0,0,11,5
0,0,11,5
0.726219598512585,0,11,5
0.726219598512585,0,11,5
0.999999074924944,0,11,5
0,0,11,5
6.50887249121221e-06,1,11,5
0.726219598512585,0,11,5
0,0,11,5
0,0,11,5
0,0,11,5
0.999999074924944,1,11,5
6.50887249121221e-06,1,11,5
0,0,11,5
0.726219598512585,1,11,5
0,0,11,5
0.726219598512585,1,11,5
0.999999074924944,0,11,5
0.726219598512585,1,11,5
0.999999074924944,1,11,5
0,0,11,5
0,0,11,5
0,0,11,5
0,0,11,5
0,0,11,5
0.726219598512585,0,11,5
0,0,11,5
6.50887249121221e-06,0,11,5
6.50887249121221e-06,0,11,5
6.50887249121221e-06,0,11,6
0,0,11,6
0.726219598512585,0,11,6
0.726219598512585,0,11,6
0.726219598512585,0,11,6
0.726219598512585,0,11,6
0.999999074924944,1,11,6
0.999999074924944,1,11,6
6.50887249121221e-06,0,11,6
0,0,11,6
0.999999074924944,0,11,6
0.726219598512585,0,11,6
0.726219598512585,1,11,6
0.726219598512585,0,11,6
0.726219598512585,0,11,6
0.999999074924944,0,11,6
0,0,11,6
0.726219598512585,1,11,6
0.999999074924944,1,11,6
0,0,11,6
6.50887249121221e-06,1,11,6
0.726219598512585,1,11,6
0,0,11,6
0,0,11,6
6.50887249121221e-06,1,11,6
0.726219598512585,1,11,6
0.999999074924944,0,11,6
0,0,11,6
0.726219598512585,0,11,6
0.726219598512585,0,11,6
0,0,11,6
0.726219598512585,0,11,6
0,0,11,6
0,0,11,6
6.50887249121221e-06,0,11,6
0.999999074924944,0,11,6
0,0,11,6
0.726219598512585,1,11,6
0,0,11,6
0.999999074924944,1,11,6
0,0,11,6
0.726219598512585,0,11,6
0,0,11,6
0,0,11,6
6.50887249121221e-06,0,11,6
0.726219598512585,0,11,6
0,0,11,6
0.726219598512585,1,11,6
0.726219598512585,1,11,6
0,0,11,6
0,0,11,6
6.50887249121221e-06,1,11,6
0,0,11,6
0,0,11,6
0.726219598512585,0,11,6
0,0,11,6
6.50887249121221e-06,0,11,6
0,0,11,6
0,0,11,6
0.726219598512585,0,11,6
0.999999074924944,0,11,6
0,0,11,6
0.999999074924944,1,11,6
0.726219598512585,0,11,6
0.999999074924944,1,11,6
0,0,11,6
0.726219598512585,0,11,6
0.726219598512585,0,11,6
6.50887249121221e-06,0,11,6
0.999999074924944,1,11,6
0,0,11,6
6.50887249121221e-06,0,11,6
0,0,11,6
0,0,11,6
0.726219598512585,1,11,6
0,0,11,6
0,0,11,6
0,0,11,6
0.726219598512585,0,11,6
0,0,11,6
0.961811973647921,1,12,1
0.41300262362647,0,12,1
0.41300262362647,0,12,1
0.41300262362647,1,12,1
0,0,12,1
0.961811973647921,0,12,1
0.0192760096114064,0,12,1
0.41300262362647,0,12,1
0.961811973647921,1,12,1
0,0,12,1
0.41300262362647,0,12,1
0.41300262362647,0,12,1
0.41300262362647,1,12,1
0.41300262362647,0,12,1
0.961811973647921,1,12,1
0.0192760096114064,0,12,1
0.41300262362647,1,12,1
0,0,12,1
0,0,12,1
0,0,12,1
0.961811973647921,1,12,1
0.961811973647921,1,12,1
0.41300262362647,1,12,1
0.41300262362647,0,12,1
0,0,12,1
0.41300262362647,1,12,1
0.41300262362647,0,12,1
0.0192760096114064,1,12,1
0.0192760096114064,1,12,1
0.41300262362647,1,12,1
0,0,12,1
0,0,12,1
0,0,12,1
0.961811973647921,1,12,1
0.0192760096114064,1,12,1
0,0,12,1
0,0,12,1
0.41300262362647,1,12,1
0,0,12,1
0,0,12,1
0.41300262362647,1,12,1
0,0,12,1
0.961811973647921,1,12,1
0.41300262362647,1,12,1
0,1,12,1
0,0,12,1
0.0192760096114064,1,12,1
0.41300262362647,1,12,1
0.0192760096114064,0,12,1
0.41300262362647,1,12,1
0,0,12,1
0,0,12,1
0,0,12,1
0.961811973647921,1,12,1
0.0192760096114064,0,12,1
0.961811973647921,1,12,1
0.41300262362647,0,12,1
0,0,12,1
0,0,12,1
0.41300262362647,1,12,1
0,0,12,1
0.41300262362647,0,12,1
0,0,12,1
0,0,12,1
0.961811973647921,1,12,1
0,0,12,1
0,0,12,1
0,0,12,1
0,0,12,1
0,0,12,1
0,0,12,1
0.41300262362647,0,12,1
0,0,12,1
0.41300262362647,1,12,1
0,0,12,1
0.41300262362647,1,12,1
0.0192760096114064,0,12,1
0.41300262362647,1,12,1
0.961811973647921,0,12,1
0.0192760096114064,0,12,1
0.961811973647921,1,12,2
0.961811973647921,1,12,2
0.41300262362647,0,12,2
0.41300262362647,1,12,2
0.0192760096114064,1,12,2
0.0192760096114064,0,12,2
0.41300262362647,0,12,2
0.961811973647921,1,12,2
0.961811973647921,1,12,2
0,0,12,2
0.41300262362647,1,12,2
0.41300262362647,0,12,2
0.41300262362647,1,12,2
0.41300262362647,0,12,2
0.41300262362647,1,12,2
0,0,12,2
0,0,12,2
0.0192760096114064,0,12,2
0.0192760096114064,0,12,2
0.41300262362647,1,12,2
0,1,12,2
0.41300262362647,1,12,2
0,0,12,2
0.961811973647921,1,12,2
0,0,12,2
0.41300262362647,1,12,2
0.41300262362647,0,12,2
0,0,12,2
0,0,12,2
0.41300262362647,0,12,2
0.961811973647921,1,12,2
0.41300262362647,0,12,2
0.41300262362647,0,12,2
0,0,12,2
0,0,12,2
0.0192760096114064,0,12,2
0,0,12,2
0,0,12,2
0,0,12,2
0,0,12,2
0.41300262362647,1,12,2
0.0192760096114064,0,12,2
0.961811973647921,1,12,2
0.961811973647921,1,12,2
0.41300262362647,1,12,2
0.41300262362647,0,12,2
0,0,12,2
0,0,12,2
0,0,12,2
0,0,12,2
0.41300262362647,0,12,2
0.41300262362647,0,12,2
0.41300262362647,1,12,2
0.0192760096114064,0,12,2
0,0,12,2
0,0,12,2
0,0,12,2
0.961811973647921,1,12,2
0,0,12,2
0.41300262362647,1,12,2
0,0,12,2
0.961811973647921,1,12,2
0.0192760096114064,0,12,2
0,1,12,2
0.0192760096114064,0,12,2
0,0,12,2
0.961811973647921,1,12,2
0,0,12,2
0.0192760096114064,0,12,2
0,0,12,2
0,0,12,2
0,0,12,2
0.41300262362647,1,12,2
0,0,12,2
0.41300262362647,0,12,2
0,1,12,2
0.41300262362647,1,12,2
0,0,12,2
0.961811973647921,0,12,2
0.41300262362647,0,12,2
0,0,12,3
0.41300262362647,0,12,3
0.961811973647921,1,12,3
0.41300262362647,0,12,3
0.41300262362647,1,12,3
0,0,12,3
0.41300262362647,1,12,3
0.961811973647921,0,12,3
0.41300262362647,0,12,3
0.0192760096114064,0,12,3
0.41300262362647,0,12,3
0.41300262362647,1,12,3
0.961811973647921,1,12,3
0.961811973647921,1,12,3
0.41300262362647,0,12,3
0.0192760096114064,0,12,3
0.961811973647921,1,12,3
0,0,12,3
0.41300262362647,0,12,3
0,0,12,3
0.0192760096114064,1,12,3
0,0,12,3
0.41300262362647,0,12,3
0.0192760096114064,1,12,3
0,0,12,3
0,0,12,3
0,0,12,3
0.41300262362647,0,12,3
0.41300262362647,0,12,3
0.41300262362647,0,12,3
0.961811973647921,0,12,3
0.41300262362647,1,12,3
0.41300262362647,1,12,3
0.0192760096114064,0,12,3
0,0,12,3
0.961811973647921,1,12,3
0.41300262362647,0,12,3
0.41300262362647,0,12,3
0.961811973647921,1,12,3
0,0,12,3
0,0,12,3
0,0,12,3
0.0192760096114064,1,12,3
0,0,12,3
0,0,12,3
0,0,12,3
0.41300262362647,0,12,3
0,0,12,3
0.41300262362647,1,12,3
0,0,12,3
0.0192760096114064,0,12,3
0.961811973647921,1,12,3
0,0,12,3
0.41300262362647,1,12,3
0,0,12,3
0,0,12,3
0,0,12,3
0,0,12,3
0.41300262362647,0,12,3
0.41300262362647,1,12,3
0.961811973647921,1,12,3
0.0192760096114064,0,12,3
0,0,12,3
0,0,12,3
0,0,12,3
0.0192760096114064,0,12,3
0.0192760096114064,1,12,3
0.41300262362647,1,12,3
0.961811973647921,0,12,3
0,0,12,3
0,0,12,3
0.41300262362647,1,12,3
0,0,12,3
0,0,12,3
0,1,12,3
0,0,12,3
0.41300262362647,1,12,3
0.41300262362647,0,12,3
0.961811973647921,0,12,3
0,0,12,3
0.500888172949722,1,12,4
0.752089070755203,0,12,4
0.500888172949722,0,12,4
0.752089070755203,1,12,4
0,0,12,4
0.249238108877906,0,12,4
0.500888172949722,1,12,4
0.500888172949722,0,12,4
0.249238108877906,0,12,4
0.752089070755203,1,12,4
0.500888172949722,1,12,4
0.500888172949722,0,12,4
0.752089070755203,1,12,4
0.500888172949722,0,12,4
0.500888172949722,0,12,4
0,0,12,4
0,0,12,4
0.249238108877906,1,12,4
0,1,12,4
0,0,12,4
0.500888172949722,0,12,4
0.752089070755203,0,12,4
0.500888172949722,0,12,4
0.500888172949722,0,12,4
0.500888172949722,0,12,4
0,0,12,4
0,0,12,4
0.752089070755203,1,12,4
0.249238108877906,1,12,4
0.500888172949722,1,12,4
0.500888172949722,1,12,4
0,0,12,4
0.500888172949722,1,12,4
0.500888172949722,0,12,4
0.500888172949722,0,12,4
0,0,12,4
0.752089070755203,0,12,4
0,0,12,4
0,0,12,4
0,0,12,4
0,0,12,4
0,0,12,4
0.249238108877906,1,12,4
0.249238108877906,1,12,4
0,0,12,4
0,0,12,4
0.752089070755203,1,12,4
0.500888172949722,0,12,4
0,0,12,4
0,1,12,4
0,0,12,4
0,0,12,4
0,0,12,4
0,0,12,4
0,0,12,4
0.752089070755203,1,12,4
0.249238108877906,0,12,4
0.500888172949722,0,12,4
0.500888172949722,1,12,4
0.500888172949722,1,12,4
0.752089070755203,0,12,4
0.249238108877906,0,12,4
0,0,12,4
0.500888172949722,0,12,4
0.500888172949722,1,12,4
0,1,12,4
0.249238108877906,0,12,4
0,0,12,4
0,0,12,4
0,0,12,4
0,1,12,4
0.752089070755203,1,12,4
0,0,12,4
0.500888172949722,1,12,4
0,0,12,4
0.500888172949722,1,12,4
0.249238108877906,0,12,4
0.752089070755203,1,12,4
0,0,12,4
0.500888172949722,1,12,4
0.752089070755203,1,12,5
0.500888172949722,1,12,5
0.500888172949722,0,12,5
0.752089070755203,0,12,5
0.500888172949722,0,12,5
0.752089070755203,1,12,5
0.500888172949722,0,12,5
0,0,12,5
0.249238108877906,1,12,5
0.500888172949722,0,12,5
0,0,12,5
0.500888172949722,0,12,5
0.249238108877906,0,12,5
0.752089070755203,0,12,5
0.500888172949722,0,12,5
0.500888172949722,0,12,5
0.500888172949722,1,12,5
0,0,12,5
0.500888172949722,0,12,5
0.752089070755203,0,12,5
0.752089070755203,0,12,5
0.249238108877906,0,12,5
0.500888172949722,0,12,5
0,0,12,5
0,0,12,5
0,0,12,5
0.249238108877906,0,12,5
0.500888172949722,0,12,5
0.500888172949722,1,12,5
0.500888172949722,1,12,5
0,1,12,5
0,0,12,5
0,1,12,5
0.752089070755203,1,12,5
0,0,12,5
0,0,12,5
0.249238108877906,1,12,5
0.500888172949722,0,12,5
0,0,12,5
0,0,12,5
0,0,12,5
0.500888172949722,1,12,5
0.500888172949722,1,12,5
0.249238108877906,1,12,5
0,0,12,5
0,0,12,5
0.752089070755203,0,12,5
0.500888172949722,0,12,5
0,0,12,5
0,0,12,5
0.752089070755203,1,12,5
0.500888172949722,0,12,5
0,0,12,5
0,0,12,5
0,0,12,5
0.500888172949722,0,12,5
0.500888172949722,0,12,5
0,0,12,5
0,0,12,5
0.500888172949722,0,12,5
0,0,12,5
0.249238108877906,0,12,5
0.752089070755203,1,12,5
0.249238108877906,0,12,5
0.249238108877906,0,12,5
0,0,12,5
0.500888172949722,0,12,5
0,0,12,5
0,0,12,5
0.752089070755203,0,12,5
0,0,12,5
0,0,12,5
0.500888172949722,0,12,5
0,0,12,5
0.500888172949722,0,12,5
0.500888172949722,0,12,5
0.752089070755203,0,12,5
0,0,12,5
0.249238108877906,0,12,5
0,0,12,5
0.500888172949722,0,12,6
0.500888172949722,1,12,6
0,0,12,6
0.752089070755203,0,12,6
0,0,12,6
0.249238108877906,0,12,6
0.500888172949722,1,12,6
0.500888172949722,0,12,6
0.500888172949722,0,12,6
0.500888172949722,1,12,6
0.249238108877906,1,12,6
0.752089070755203,1,12,6
0.500888172949722,0,12,6
0.752089070755203,1,12,6
0.752089070755203,1,12,6
0.500888172949722,0,12,6
0.500888172949722,1,12,6
0.752089070755203,1,12,6
0.500888172949722,0,12,6
0.500888172949722,0,12,6
0,0,12,6
0,0,12,6
0.500888172949722,1,12,6
0,0,12,6
0,0,12,6
0.752089070755203,1,12,6
0.500888172949722,0,12,6
0.500888172949722,0,12,6
0,0,12,6
0.249238108877906,0,12,6
0.249238108877906,1,12,6
0,0,12,6
0.500888172949722,1,12,6
0.500888172949722,0,12,6
0.500888172949722,0,12,6
0.500888172949722,0,12,6
0.752089070755203,0,12,6
0.249238108877906,0,12,6
0.249238108877906,0,12,6
0,0,12,6
0,0,12,6
0,0,12,6
0,0,12,6
0.752089070755203,1,12,6
0,0,12,6
0,0,12,6
0,0,12,6
0,0,12,6
0.249238108877906,1,12,6
0,0,12,6
0.752089070755203,0,12,6
0,0,12,6
0,0,12,6
0,0,12,6
0.500888172949722,0,12,6
0.500888172949722,1,12,6
0,0,12,6
0,0,12,6
0.500888172949722,0,12,6
0.752089070755203,1,12,6
0.249238108877906,0,12,6
0,0,12,6
0.500888172949722,1,12,6
0,0,12,6
0,0,12,6
0,0,12,6
0.752089070755203,0,12,6
0,1,12,6
0.249238108877906,0,12,6
0,1,12,6
0,0,12,6
0,0,12,6
0.500888172949722,0,12,6
0.752089070755203,1,12,6
0,0,12,6
0.500888172949722,0,12,6
0,0,12,6
0.500888172949722,0,12,6
0.500888172949722,0,12,6
0.249238108877906,0,12,6
0.467601827751757,0,13,1
0.467601827751757,1,13,1
0.550917031302079,1,13,1
0.467601827751757,1,13,1
0.386054978152502,0,13,1
0.550917031302079,1,13,1
0.550917031302079,1,13,1
0.467601827751757,0,13,1
0.467601827751757,1,13,1
0,0,13,1
0,0,13,1
0.467601827751757,1,13,1
0.550917031302079,0,13,1
0.386054978152502,0,13,1
0.467601827751757,0,13,1
0.467601827751757,0,13,1
0.467601827751757,1,13,1
0.550917031302079,0,13,1
0.386054978152502,0,13,1
0,0,13,1
0.550917031302079,0,13,1
0.467601827751757,1,13,1
0,0,13,1
0,0,13,1
0,0,13,1
0.467601827751757,0,13,1
0,0,13,1
0.467601827751757,1,13,1
0,0,13,1
0.386054978152502,0,13,1
0.467601827751757,0,13,1
0.467601827751757,1,13,1
0.467601827751757,1,13,1
0,0,13,1
0.467601827751757,1,13,1
0.550917031302079,1,13,1
0,0,13,1
0,0,13,1
0,0,13,1
0.467601827751757,0,13,1
0.386054978152502,1,13,1
0.386054978152502,0,13,1
0,0,13,1
0,0,13,1
0,0,13,1
0,0,13,1
0.550917031302079,1,13,1
0.467601827751757,0,13,1
0.467601827751757,1,13,1
0,0,13,1
0.550917031302079,0,13,1
0,0,13,1
0,0,13,1
0,0,13,1
0.467601827751757,0,13,1
0,0,13,1
0.550917031302079,1,13,1
0,0,13,1
0.467601827751757,0,13,1
0.386054978152502,0,13,1
0,0,13,1
0.386054978152502,1,13,1
0,0,13,1
0.467601827751757,0,13,1
0,0,13,1
0.467601827751757,1,13,1
0.550917031302079,1,13,1
0.386054978152502,1,13,1
0,0,13,1
0.467601827751757,0,13,1
0,0,13,1
0,1,13,1
0.467601827751757,0,13,1
0,0,13,1
0.467601827751757,1,13,1
0.550917031302079,0,13,1
0,0,13,1
0,1,13,1
0,0,13,1
0.386054978152502,1,13,1
0.467601827751757,1,13,2
0.550917031302079,0,13,2
0.467601827751757,0,13,2
0.386054978152502,1,13,2
0.467601827751757,1,13,2
0,0,13,2
0.467601827751757,1,13,2
0.550917031302079,0,13,2
0.550917031302079,1,13,2
0.386054978152502,0,13,2
0.550917031302079,1,13,2
0.467601827751757,0,13,2
0.467601827751757,0,13,2
0.467601827751757,1,13,2
0,0,13,2
0.467601827751757,0,13,2
0.550917031302079,1,13,2
0.467601827751757,0,13,2
0,0,13,2
0,0,13,2
0.467601827751757,0,13,2
0.550917031302079,1,13,2
0.467601827751757,1,13,2
0,0,13,2
0.467601827751757,1,13,2
0.386054978152502,1,13,2
0,0,13,2
0,0,13,2
0.467601827751757,1,13,2
0.467601827751757,0,13,2
0.386054978152502,1,13,2
0,0,13,2
0,0,13,2
0,0,13,2
0,0,13,2
0.467601827751757,1,13,2
0,1,13,2
0,0,13,2
0.467601827751757,1,13,2
0,0,13,2
0.550917031302079,1,13,2
0.386054978152502,1,13,2
0.386054978152502,0,13,2
0.467601827751757,0,13,2
0.467601827751757,1,13,2
0.550917031302079,1,13,2
0,1,13,2
0,1,13,2
0,0,13,2
0,0,13,2
0.386054978152502,0,13,2
0,0,13,2
0.467601827751757,0,13,2
0,0,13,2
0,0,13,2
0.550917031302079,1,13,2
0.386054978152502,0,13,2
0.550917031302079,1,13,2
0,0,13,2
0,0,13,2
0.467601827751757,0,13,2
0.467601827751757,1,13,2
0,0,13,2
0.467601827751757,1,13,2
0,0,13,2
0.467601827751757,1,13,2
0.467601827751757,0,13,2
0.386054978152502,0,13,2
0,0,13,2
0,0,13,2
0.386054978152502,0,13,2
0,0,13,2
0.467601827751757,0,13,2
0,0,13,2
0.550917031302079,0,13,2
0,0,13,2
0,0,13,2
0.550917031302079,1,13,2
0.467601827751757,1,13,2
0,0,13,2
0.467601827751757,0,13,3
0.386054978152502,0,13,3
0.467601827751757,0,13,3
0,0,13,3
0.550917031302079,1,13,3
0.467601827751757,1,13,3
0.467601827751757,0,13,3
0.467601827751757,0,13,3
0.386054978152502,0,13,3
0.550917031302079,1,13,3
0.550917031302079,1,13,3
0.467601827751757,0,13,3
0.467601827751757,1,13,3
0.467601827751757,1,13,3
0.550917031302079,1,13,3
0,1,13,3
0.467601827751757,1,13,3
0.550917031302079,1,13,3
0.386054978152502,0,13,3
0.467601827751757,1,13,3
0,0,13,3
0,0,13,3
0,0,13,3
0,0,13,3
0,0,13,3
0.467601827751757,0,13,3
0.467601827751757,1,13,3
0.467601827751757,0,13,3
0.386054978152502,1,13,3
0.467601827751757,0,13,3
0,0,13,3
0.550917031302079,0,13,3
0.467601827751757,1,13,3
0.550917031302079,1,13,3
0.386054978152502,0,13,3
0,0,13,3
0.467601827751757,0,13,3
0,0,13,3
0.386054978152502,1,13,3
0,0,13,3
0.550917031302079,0,13,3
0,0,13,3
0,0,13,3
0,0,13,3
0,0,13,3
0.467601827751757,1,13,3
0,0,13,3
0.467601827751757,1,13,3
0.467601827751757,1,13,3
0.467601827751757,0,13,3
0,0,13,3
0.550917031302079,1,13,3
0.386054978152502,0,13,3
0,0,13,3
0,0,13,3
0.550917031302079,0,13,3
0,0,13,3
0.467601827751757,1,13,3
0,0,13,3
0.467601827751757,0,13,3
0,0,13,3
0,0,13,3
0.386054978152502,1,13,3
0,0,13,3
0,0,13,3
0,0,13,3
0,1,13,3
0.386054978152502,0,13,3
0.386054978152502,1,13,3
0,0,13,3
0,0,13,3
0.550917031302079,0,13,3
0.467601827751757,0,13,3
0.467601827751757,1,13,3
0.467601827751757,1,13,3
0,0,13,3
0.467601827751757,0,13,3
0.550917031302079,0,13,3
0,0,13,3
0,0,13,3
0.444940428074871,0,13,4
0.541131426913688,1,13,4
0.541131426913688,1,13,4
0,1,13,4
0.634351733514317,1,13,4
0.541131426913688,0,13,4
0.541131426913688,1,13,4
0.634351733514317,1,13,4
0.541131426913688,1,13,4
0.541131426913688,1,13,4
0,0,13,4
0.634351733514317,1,13,4
0.634351733514317,1,13,4
0.444940428074871,0,13,4
0.541131426913688,1,13,4
0.541131426913688,1,13,4
0.541131426913688,1,13,4
0.634351733514317,1,13,4
0,0,13,4
0,0,13,4
0.444940428074871,1,13,4
0.444940428074871,1,13,4
0.541131426913688,0,13,4
0.541131426913688,1,13,4
0.541131426913688,1,13,4
0,1,13,4
0,0,13,4
0,0,13,4
0,0,13,4
0.541131426913688,0,13,4
0.634351733514317,1,13,4
0.541131426913688,1,13,4
0.444940428074871,1,13,4
0,0,13,4
0.541131426913688,0,13,4
0,0,13,4
0.541131426913688,1,13,4
0,1,13,4
0,1,13,4
0.634351733514317,1,13,4
0.444940428074871,1,13,4
0,1,13,4
0.634351733514317,1,13,4
0,0,13,4
0,1,13,4
0,1,13,4
0.541131426913688,1,13,4
0.541131426913688,1,13,4
0.444940428074871,1,13,4
0,0,13,4
0.541131426913688,1,13,4
0.541131426913688,1,13,4
0,0,13,4
0.634351733514317,1,13,4
0,1,13,4
0,1,13,4
0.541131426913688,1,13,4
0,1,13,4
0,1,13,4
0.634351733514317,1,13,4
0,0,13,4
0.444940428074871,1,13,4
0.541131426913688,1,13,4
0,0,13,4
0,1,13,4
0.541131426913688,1,13,4
0.541131426913688,0,13,4
0,1,13,4
0.541131426913688,1,13,4
0.541131426913688,1,13,4
0.444940428074871,1,13,4
0,0,13,4
0,1,13,4
0.444940428074871,0,13,4
0,0,13,4
0,0,13,4
0,1,13,4
0,0,13,4
0.634351733514317,1,13,4
0.634351733514317,1,13,4
0.634351733514317,0,13,5
0.444940428074871,1,13,5
0,0,13,5
0.634351733514317,1,13,5
0.541131426913688,1,13,5
0.541131426913688,1,13,5
0.541131426913688,1,13,5
0.541131426913688,1,13,5
0.541131426913688,0,13,5
0,0,13,5
0.634351733514317,1,13,5
0.634351733514317,0,13,5
0.541131426913688,0,13,5
0.541131426913688,1,13,5
0.444940428074871,0,13,5
0.541131426913688,1,13,5
0.541131426913688,1,13,5
0,0,13,5
0.541131426913688,1,13,5
0.541131426913688,1,13,5
0,0,13,5
0.444940428074871,1,13,5
0,0,13,5
0.634351733514317,0,13,5
0.541131426913688,1,13,5
0.634351733514317,0,13,5
0,0,13,5
0.541131426913688,1,13,5
0,0,13,5
0.444940428074871,1,13,5
0.541131426913688,1,13,5
0,1,13,5
0.444940428074871,1,13,5
0.634351733514317,0,13,5
0,0,13,5
0.541131426913688,0,13,5
0,0,13,5
0,0,13,5
0,0,13,5
0.634351733514317,1,13,5
0.444940428074871,0,13,5
0.541131426913688,0,13,5
0.541131426913688,1,13,5
0,1,13,5
0,1,13,5
0.541131426913688,1,13,5
0,1,13,5
0,1,13,5
0,1,13,5
0,0,13,5
0.444940428074871,0,13,5
0,0,13,5
0.634351733514317,1,13,5
0,0,13,5
0.634351733514317,1,13,5
0,1,13,5
0.541131426913688,1,13,5
0.541131426913688,0,13,5
0.444940428074871,1,13,5
0,0,13,5
0,0,13,5
0.541131426913688,0,13,5
0,0,13,5
0.541131426913688,0,13,5
0,1,13,5
0.444940428074871,0,13,5
0.634351733514317,1,13,5
0,0,13,5
0.444940428074871,0,13,5
0,0,13,5
0.541131426913688,0,13,5
0,0,13,5
0,1,13,5
0.541131426913688,0,13,5
0,0,13,5
0,0,13,5
0.634351733514317,0,13,5
0.541131426913688,1,13,5
0.541131426913688,1,13,5
0,0,13,5
0.444940428074871,0,13,6
0.541131426913688,1,13,6
0.634351733514317,1,13,6
0.541131426913688,1,13,6
0.541131426913688,1,13,6
0.634351733514317,1,13,6
0.541131426913688,1,13,6
0.634351733514317,0,13,6
0.634351733514317,1,13,6
0,1,13,6
0.444940428074871,1,13,6
0,0,13,6
0.541131426913688,0,13,6
0.541131426913688,1,13,6
0.541131426913688,0,13,6
0.541131426913688,1,13,6
0.541131426913688,1,13,6
0.541131426913688,0,13,6
0,0,13,6
0.634351733514317,0,13,6
0.444940428074871,1,13,6
0,0,13,6
0,0,13,6
0.541131426913688,0,13,6
0,0,13,6
0.634351733514317,0,13,6
0.541131426913688,1,13,6
0,0,13,6
0.444940428074871,0,13,6
0.541131426913688,0,13,6
0.541131426913688,0,13,6
0,0,13,6
0.541131426913688,1,13,6
0,0,13,6
0.541131426913688,1,13,6
0,1,13,6
0.634351733514317,1,13,6
0.634351733514317,1,13,6
0.444940428074871,0,13,6
0,0,13,6
0.541131426913688,1,13,6
0,0,13,6
0,0,13,6
0,1,13,6
0.444940428074871,1,13,6
0,0,13,6
0,0,13,6
0.541131426913688,0,13,6
0.541131426913688,1,13,6
0.634351733514317,0,13,6
0,0,13,6
0.541131426913688,0,13,6
0.541131426913688,0,13,6
0.444940428074871,0,13,6
0,0,13,6
0,0,13,6
0,0,13,6
0.634351733514317,0,13,6
0,0,13,6
0,0,13,6
0.541131426913688,1,13,6
0,0,13,6
0,0,13,6
0.444940428074871,1,13,6
0,1,13,6
0,1,13,6
0.541131426913688,0,13,6
0.541131426913688,1,13,6
0,0,13,6
0,0,13,6
0.444940428074871,1,13,6
0.634351733514317,1,13,6
0,0,13,6
0,0,13,6
0,0,13,6
0.634351733514317,1,13,6
0.444940428074871,0,13,6
0.541131426913688,1,13,6
0.541131426913688,1,13,6
0,0,13,6
0.440087600602016,0,14,1
0.440087600602016,0,14,1
0.847418899670102,1,14,1
0.440087600602016,1,14,1
0.847418899670102,1,14,1
0.847418899670102,1,14,1
0.440087600602016,0,14,1
0.440087600602016,0,14,1
0.100100179604576,0,14,1
0.100100179604576,0,14,1
0.847418899670102,1,14,1
0,0,14,1
0.440087600602016,0,14,1
0.440087600602016,0,14,1
0,0,14,1
0.440087600602016,0,14,1
0.847418899670102,1,14,1
0.847418899670102,0,14,1
0,0,14,1
0,0,14,1
0.440087600602016,0,14,1
0,0,14,1
0.100100179604576,0,14,1
0.440087600602016,0,14,1
0.440087600602016,0,14,1
0,0,14,1
0,0,14,1
0.100100179604576,0,14,1
0,0,14,1
0.440087600602016,0,14,1
0.440087600602016,0,14,1
0.440087600602016,0,14,1
0,0,14,1
0,0,14,1
0,0,14,1
0,0,14,1
0,0,14,1
0.847418899670102,0,14,1
0.100100179604576,0,14,1
0,0,14,1
0.440087600602016,1,14,1
0,0,14,1
0.100100179604576,1,14,1
0.847418899670102,0,14,1
0.440087600602016,0,14,1
0,0,14,1
0.440087600602016,0,14,1
0.440087600602016,0,14,1
0.847418899670102,1,14,1
0,0,14,1
0.440087600602016,0,14,1
0,0,14,1
0,0,14,1
0,0,14,1
0.440087600602016,0,14,1
0.100100179604576,0,14,1
0,0,14,1
0.847418899670102,0,14,1
0,0,14,1
0.440087600602016,0,14,1
0,0,14,1
0.100100179604576,0,14,1
0.440087600602016,0,14,1
0,0,14,1
0.100100179604576,0,14,1
0.440087600602016,1,14,1
0.440087600602016,0,14,1
0,0,14,1
0,0,14,1
0,0,14,1
0,0,14,1
0.440087600602016,0,14,1
0,0,14,1
0.847418899670102,0,14,1
0.100100179604576,0,14,1
0,0,14,1
0.440087600602016,0,14,1
0,0,14,1
0,0,14,1
0.847418899670102,0,14,1
0.440087600602016,0,14,2
0.440087600602016,0,14,2
0,0,14,2
0,0,14,2
0.440087600602016,0,14,2
0.440087600602016,0,14,2
0.440087600602016,0,14,2
0.440087600602016,0,14,2
0.100100179604576,0,14,2
0.847418899670102,0,14,2
0.440087600602016,0,14,2
0.100100179604576,0,14,2
0.847418899670102,0,14,2
0.847418899670102,1,14,2
0.440087600602016,0,14,2
0.847418899670102,1,14,2
0.440087600602016,1,14,2
0,0,14,2
0.440087600602016,0,14,2
0.100100179604576,0,14,2
0,1,14,2
0.100100179604576,0,14,2
0.440087600602016,0,14,2
0,0,14,2
0.440087600602016,0,14,2
0,0,14,2
0.847418899670102,0,14,2
0.847418899670102,0,14,2
0.440087600602016,0,14,2
0.440087600602016,0,14,2
0,0,14,2
0,0,14,2
0,0,14,2
0,0,14,2
0.440087600602016,0,14,2
0.440087600602016,0,14,2
0.847418899670102,0,14,2
0,0,14,2
0,0,14,2
0,0,14,2
0.100100179604576,0,14,2
0,0,14,2
0,0,14,2
0.847418899670102,0,14,2
0.440087600602016,0,14,2
0.440087600602016,0,14,2
0,0,14,2
0.100100179604576,0,14,2
0,0,14,2
0,0,14,2
0,0,14,2
0,0,14,2
0.100100179604576,0,14,2
0.847418899670102,0,14,2
0,0,14,2
0.100100179604576,0,14,2
0.847418899670102,0,14,2
0,0,14,2
0.440087600602016,0,14,2
0,0,14,2
0.440087600602016,0,14,2
0.440087600602016,0,14,2
0,0,14,2
0.440087600602016,0,14,2
0,0,14,2
0,0,14,2
0,0,14,2
0.100100179604576,0,14,2
0.100100179604576,0,14,2
0.440087600602016,0,14,2
0.440087600602016,0,14,2
0,0,14,2
0.440087600602016,0,14,2
0.847418899670102,0,14,2
0.847418899670102,0,14,2
0,0,14,2
0.440087600602016,0,14,2
0,0,14,2
0,0,14,2
0,0,14,2
0.440087600602016,1,14,3
0.847418899670102,1,14,3
0.847418899670102,1,14,3
0.440087600602016,1,14,3
0.440087600602016,0,14,3
0.440087600602016,0,14,3
0,0,14,3
0.440087600602016,0,14,3
0.847418899670102,0,14,3
0.100100179604576,0,14,3
0.100100179604576,0,14,3
0.847418899670102,1,14,3
0.440087600602016,0,14,3
0.440087600602016,0,14,3
0,0,14,3
0.440087600602016,0,14,3
0.440087600602016,1,14,3
0,0,14,3
0.100100179604576,0,14,3
0.100100179604576,0,14,3
0,0,14,3
0.440087600602016,0,14,3
0,0,14,3
0,0,14,3
0.440087600602016,0,14,3
0.440087600602016,0,14,3
0.440087600602016,0,14,3
0.440087600602016,0,14,3
0,0,14,3
0.847418899670102,0,14,3
0,0,14,3
0.847418899670102,0,14,3
0.847418899670102,0,14,3
0.100100179604576,0,14,3
0.847418899670102,0,14,3
0.100100179604576,0,14,3
0,0,14,3
0,0,14,3
0,0,14,3
0.440087600602016,0,14,3
0,0,14,3
0.440087600602016,0,14,3
0,0,14,3
0,0,14,3
0,0,14,3
0.440087600602016,0,14,3
0.440087600602016,0,14,3
0,0,14,3
0.440087600602016,0,14,3
0,0,14,3
0.440087600602016,0,14,3
0,0,14,3
0.847418899670102,0,14,3
0,0,14,3
0,0,14,3
0,0,14,3
0,0,14,3
0.847418899670102,0,14,3
0.440087600602016,0,14,3
0.100100179604576,0,14,3
0,0,14,3
0.100100179604576,0,14,3
0.440087600602016,0,14,3
0,0,14,3
0.847418899670102,0,14,3
0.100100179604576,0,14,3
0.100100179604576,0,14,3
0.440087600602016,0,14,3
0,0,14,3
0,0,14,3
0.440087600602016,0,14,3
0,0,14,3
0.440087600602016,0,14,3
0,0,14,3
0,0,14,3
0,0,14,3
0.847418899670102,0,14,3
0,0,14,3
0,0,14,3
0.440087600602016,0,14,3
0.281609776820603,1,14,4
0.281609776820603,1,14,4
0.153568001797751,1,14,4
0.153568001797751,0,14,4
0.153568001797751,1,14,4
0,0,14,4
0.153568001797751,1,14,4
0.153568001797751,0,14,4
0.077466206554275,0,14,4
0.281609776820603,0,14,4
0,0,14,4
0.153568001797751,0,14,4
0.077466206554275,0,14,4
0.153568001797751,1,14,4
0.281609776820603,1,14,4
0.153568001797751,0,14,4
0.153568001797751,0,14,4
0.153568001797751,1,14,4
0.281609776820603,1,14,4
0,0,14,4
0.153568001797751,0,14,4
0,0,14,4
0.153568001797751,0,14,4
0.281609776820603,0,14,4
0,0,14,4
0.077466206554275,0,14,4
0.153568001797751,0,14,4
0.077466206554275,0,14,4
0.153568001797751,0,14,4
0,0,14,4
0,0,14,4
0,0,14,4
0,0,14,4
0.153568001797751,1,14,4
0,0,14,4
0.077466206554275,0,14,4
0,0,14,4
0,0,14,4
0,0,14,4
0.153568001797751,0,14,4
0,0,14,4
0.153568001797751,0,14,4
0.281609776820603,0,14,4
0,0,14,4
0.281609776820603,0,14,4
0,0,14,4
0.077466206554275,0,14,4
0.153568001797751,1,14,4
0.153568001797751,0,14,4
0.153568001797751,1,14,4
0,0,14,4
0.077466206554275,0,14,4
0.153568001797751,0,14,4
0,0,14,4
0,0,14,4
0,0,14,4
0,0,14,4
0.281609776820603,0,14,4
0.077466206554275,0,14,4
0,0,14,4
0.153568001797751,0,14,4
0,0,14,4
0,0,14,4
0.281609776820603,0,14,4
0.153568001797751,0,14,4
0,0,14,4
0,0,14,4
0,0,14,4
0,0,14,4
0.077466206554275,0,14,4
0,0,14,4
0,0,14,4
0.153568001797751,0,14,4
0.077466206554275,1,14,4
0.153568001797751,0,14,4
0.153568001797751,0,14,4
0.281609776820603,0,14,4
0,0,14,4
0.281609776820603,0,14,4
0,0,14,4
0.281609776820603,0,14,5
0.153568001797751,0,14,5
0.153568001797751,0,14,5
0.153568001797751,0,14,5
0,0,14,5
0.153568001797751,0,14,5
0.153568001797751,0,14,5
0.281609776820603,0,14,5
0.153568001797751,0,14,5
0.153568001797751,0,14,5
0.077466206554275,0,14,5
0.077466206554275,0,14,5
0.281609776820603,0,14,5
0.281609776820603,0,14,5
0,0,14,5
0.153568001797751,0,14,5
0.153568001797751,0,14,5
0.077466206554275,0,14,5
0.153568001797751,0,14,5
0,0,14,5
0.281609776820603,0,14,5
0.153568001797751,0,14,5
0.077466206554275,0,14,5
0.153568001797751,0,14,5
0.281609776820603,0,14,5
0.153568001797751,0,14,5
0,0,14,5
0,0,14,5
0,0,14,5
0,0,14,5
0,0,14,5
0.153568001797751,0,14,5
0.153568001797751,0,14,5
0.281609776820603,0,14,5
0.077466206554275,0,14,5
0.153568001797751,0,14,5
0,0,14,5
0,0,14,5
0.153568001797751,0,14,5
0,0,14,5
0,0,14,5
0,0,14,5
0.077466206554275,0,14,5
0,0,14,5
0,0,14,5
0.153568001797751,0,14,5
0.281609776820603,0,14,5
0,0,14,5
0,0,14,5
0.077466206554275,0,14,5
0,0,14,5
0.077466206554275,0,14,5
0,0,14,5
0,0,14,5
0.153568001797751,0,14,5
0,0,14,5
0.153568001797751,0,14,5
0,0,14,5
0.153568001797751,0,14,5
0.153568001797751,0,14,5
0.281609776820603,0,14,5
0.281609776820603,0,14,5
0,0,14,5
0,0,14,5
0.153568001797751,0,14,5
0,0,14,5
0,0,14,5
0,0,14,5
0.153568001797751,0,14,5
0,0,14,5
0,0,14,5
0,0,14,5
0,0,14,5
0.153568001797751,0,14,5
0.281609776820603,0,14,5
0.153568001797751,0,14,5
0.077466206554275,0,14,5
0.281609776820603,0,14,5
0.077466206554275,0,14,5
0,0,14,5
0,0,14,6
0.153568001797751,0,14,6
0,0,14,6
0.281609776820603,0,14,6
0.281609776820603,0,14,6
0.153568001797751,0,14,6
0.281609776820603,0,14,6
0.153568001797751,0,14,6
0.153568001797751,0,14,6
0.281609776820603,0,14,6
0.077466206554275,0,14,6
0.153568001797751,0,14,6
0.153568001797751,0,14,6
0.077466206554275,0,14,6
0.153568001797751,0,14,6
0.153568001797751,0,14,6
0.153568001797751,0,14,6
0,0,14,6
0.153568001797751,0,14,6
0,0,14,6
0,0,14,6
0.153568001797751,0,14,6
0,0,14,6
0.077466206554275,0,14,6
0.153568001797751,0,14,6
0.077466206554275,0,14,6
0.281609776820603,0,14,6
0,0,14,6
0.153568001797751,0,14,6
0.153568001797751,0,14,6
0.281609776820603,0,14,6
0,0,14,6
0.153568001797751,0,14,6
0,0,14,6
0,0,14,6
0.153568001797751,0,14,6
0,0,14,6
0,0,14,6
0,0,14,6
0,0,14,6
0.077466206554275,0,14,6
0.281609776820603,0,14,6
0.153568001797751,0,14,6
0,0,14,6
0.153568001797751,0,14,6
0.077466206554275,0,14,6
0,0,14,6
0.281609776820603,0,14,6
0.077466206554275,0,14,6
0,0,14,6
0.153568001797751,0,14,6
0.281609776820603,0,14,6
0,0,14,6
0.153568001797751,0,14,6
0.153568001797751,0,14,6
0,0,14,6
0.153568001797751,0,14,6
0.077466206554275,0,14,6
0,0,14,6
0,0,14,6
0,0,14,6
0,0,14,6
0.281609776820603,0,14,6
0,0,14,6
0,0,14,6
0.281609776820603,0,14,6
0.077466206554275,0,14,6
0.153568001797751,0,14,6
0.281609776820603,0,14,6
0,0,14,6
0,0,14,6
0.153568001797751,0,14,6
0.153568001797751,0,14,6
0,0,14,6
0,0,14,6
0,0,14,6
0,0,14,6
0.077466206554275,0,14,6
0,0,14,6
0.153568001797751,0,14,6
0.73571020062919,1,15,1
0.48858355631084,1,15,1
0.48858355631084,0,15,1
0.48858355631084,1,15,1
0.246914342343683,0,15,1
0.48858355631084,0,15,1
0,0,15,1
0.48858355631084,0,15,1
0,0,15,1
0.73571020062919,1,15,1
0.48858355631084,0,15,1
0.73571020062919,1,15,1
0.48858355631084,1,15,1
0.246914342343683,1,15,1
0.73571020062919,1,15,1
0.48858355631084,0,15,1
0,0,15,1
0.246914342343683,1,15,1
0,0,15,1
0.48858355631084,0,15,1
0.48858355631084,0,15,1
0,0,15,1
0.48858355631084,1,15,1
0,0,15,1
0,0,15,1
0.48858355631084,0,15,1
0.48858355631084,1,15,1
0,0,15,1
0.73571020062919,0,15,1
0.48858355631084,1,15,1
0.73571020062919,1,15,1
0.246914342343683,0,15,1
0.48858355631084,0,15,1
0.73571020062919,0,15,1
0,0,15,1
0.48858355631084,0,15,1
0,1,15,1
0,0,15,1
0,0,15,1
0.246914342343683,0,15,1
0,0,15,1
0,0,15,1
0,0,15,1
0.48858355631084,0,15,1
0.246914342343683,0,15,1
0,0,15,1
0.48858355631084,1,15,1
0.73571020062919,1,15,1
0.73571020062919,1,15,1
0,1,15,1
0.48858355631084,1,15,1
0,0,15,1
0.48858355631084,1,15,1
0.246914342343683,0,15,1
0,0,15,1
0.48858355631084,0,15,1
0,0,15,1
0,0,15,1
0.246914342343683,0,15,1
0,0,15,1
0.48858355631084,0,15,1
0.73571020062919,0,15,1
0,0,15,1
0,0,15,1
0,0,15,1
0.73571020062919,1,15,1
0,0,15,1
0,0,15,1
0,0,15,1
0,0,15,1
0,0,15,1
0.246914342343683,0,15,1
0.246914342343683,0,15,1
0.73571020062919,0,15,1
0.48858355631084,0,15,1
0,0,15,1
0.48858355631084,0,15,1
0.48858355631084,0,15,1
0,0,15,1
0.48858355631084,0,15,1
0.48858355631084,0,15,2
0.73571020062919,1,15,2
0.73571020062919,0,15,2
0.246914342343683,1,15,2
0.48858355631084,0,15,2
0.48858355631084,0,15,2
0.48858355631084,0,15,2
0.246914342343683,1,15,2
0.73571020062919,0,15,2
0.48858355631084,1,15,2
0,0,15,2
0,0,15,2
0.48858355631084,0,15,2
0.48858355631084,0,15,2
0.73571020062919,1,15,2
0.48858355631084,0,15,2
0.246914342343683,0,15,2
0,0,15,2
0.48858355631084,0,15,2
0.246914342343683,0,15,2
0,0,15,2
0,0,15,2
0.48858355631084,0,15,2
0.48858355631084,0,15,2
0,0,15,2
0.73571020062919,0,15,2
0.48858355631084,0,15,2
0,0,15,2
0.73571020062919,0,15,2
0.48858355631084,0,15,2
0.48858355631084,0,15,2
0,0,15,2
0,0,15,2
0,0,15,2
0.48858355631084,0,15,2
0,0,15,2
0,0,15,2
0,0,15,2
0,0,15,2
0.73571020062919,0,15,2
0.73571020062919,1,15,2
0.48858355631084,1,15,2
0.246914342343683,0,15,2
0.48858355631084,0,15,2
0,0,15,2
0.48858355631084,1,15,2
0.246914342343683,0,15,2
0,0,15,2
0,0,15,2
0.73571020062919,1,15,2
0.246914342343683,0,15,2
0.73571020062919,1,15,2
0,0,15,2
0,0,15,2
0.246914342343683,0,15,2
0,0,15,2
0,0,15,2
0.48858355631084,0,15,2
0.48858355631084,0,15,2
0.48858355631084,0,15,2
0,0,15,2
0,0,15,2
0.48858355631084,0,15,2
0,0,15,2
0.246914342343683,0,15,2
0,0,15,2
0,0,15,2
0.48858355631084,0,15,2
0,0,15,2
0,0,15,2
0,0,15,2
0.48858355631084,0,15,2
0.73571020062919,0,15,2
0.48858355631084,0,15,2
0,0,15,2
0.48858355631084,0,15,2
0.73571020062919,0,15,2
0,0,15,2
0.246914342343683,0,15,2
0,0,15,2
0.73571020062919,1,15,3
0.48858355631084,1,15,3
0.73571020062919,1,15,3
0.246914342343683,0,15,3
0.48858355631084,1,15,3
0.48858355631084,1,15,3
0.48858355631084,1,15,3
0.73571020062919,1,15,3
0.73571020062919,0,15,3
0.246914342343683,0,15,3
0.48858355631084,1,15,3
0.48858355631084,1,15,3
0.48858355631084,1,15,3
0,0,15,3
0,0,15,3
0.48858355631084,1,15,3
0.48858355631084,1,15,3
0.48858355631084,1,15,3
0.48858355631084,0,15,3
0.73571020062919,1,15,3
0.48858355631084,0,15,3
0,1,15,3
0.246914342343683,0,15,3
0,0,15,3
0.246914342343683,0,15,3
0.48858355631084,1,15,3
0,0,15,3
0,0,15,3
0.48858355631084,0,15,3
0,0,15,3
0.73571020062919,1,15,3
0,1,15,3
0.73571020062919,1,15,3
0,1,15,3
0.48858355631084,1,15,3
0,0,15,3
0,1,15,3
0,0,15,3
0,1,15,3
0,1,15,3
0.48858355631084,1,15,3
0.246914342343683,1,15,3
0,0,15,3
0.246914342343683,0,15,3
0.48858355631084,0,15,3
0,0,15,3
0.73571020062919,1,15,3
0.48858355631084,1,15,3
0.73571020062919,1,15,3
0,0,15,3
0,0,15,3
0.48858355631084,0,15,3
0.48858355631084,0,15,3
0.246914342343683,0,15,3
0.73571020062919,0,15,3
0,0,15,3
0,0,15,3
0.48858355631084,0,15,3
0,0,15,3
0.48858355631084,0,15,3
0.246914342343683,0,15,3
0,0,15,3
0,0,15,3
0,0,15,3
0,0,15,3
0.73571020062919,1,15,3
0,0,15,3
0,0,15,3
0.48858355631084,0,15,3
0,0,15,3
0.246914342343683,0,15,3
0.48858355631084,0,15,3
0.48858355631084,0,15,3
0.73571020062919,0,15,3
0,0,15,3
0,0,15,3
0.48858355631084,0,15,3
0.246914342343683,0,15,3
0,0,15,3
0,0,15,3
0.71562523082686,1,15,4
0.471701827552257,0,15,4
0.71562523082686,1,15,4
0,0,15,4
0.471701827552257,1,15,4
0,0,15,4
0.471701827552257,1,15,4
0.71562523082686,1,15,4
0.71562523082686,1,15,4
0.471701827552257,1,15,4
0.240582031245616,0,15,4
0.471701827552257,0,15,4
0.471701827552257,1,15,4
0.240582031245616,0,15,4
0.471701827552257,1,15,4
0.471701827552257,1,15,4
0.240582031245616,0,15,4
0,0,15,4
0,0,15,4
0.471701827552257,0,15,4
0.471701827552257,0,15,4
0.471701827552257,1,15,4
0,0,15,4
0.471701827552257,0,15,4
0.471701827552257,1,15,4
0.71562523082686,1,15,4
0,0,15,4
0,0,15,4
0.471701827552257,0,15,4
0.240582031245616,0,15,4
0,0,15,4
0.71562523082686,1,15,4
0.240582031245616,0,15,4
0.471701827552257,0,15,4
0.471701827552257,0,15,4
0.240582031245616,1,15,4
0.471701827552257,0,15,4
0,0,15,4
0,0,15,4
0,0,15,4
0,0,15,4
0.471701827552257,1,15,4
0,0,15,4
0,0,15,4
0,0,15,4
0,0,15,4
0.71562523082686,0,15,4
0.71562523082686,1,15,4
0,0,15,4
0,0,15,4
0,0,15,4
0.71562523082686,1,15,4
0,0,15,4
0.471701827552257,1,15,4
0.71562523082686,1,15,4
0,0,15,4
0,0,15,4
0.471701827552257,0,15,4
0.240582031245616,0,15,4
0,0,15,4
0,0,15,4
0.471701827552257,0,15,4
0.471701827552257,0,15,4
0.240582031245616,0,15,4
0.471701827552257,0,15,4
0,0,15,4
0.471701827552257,0,15,4
0,0,15,4
0.471701827552257,0,15,4
0.71562523082686,0,15,4
0.71562523082686,0,15,4
0.240582031245616,0,15,4
0,0,15,4
0,0,15,4
0.471701827552257,0,15,4
0,0,15,4
0.240582031245616,0,15,4
0,0,15,4
0,0,15,4
0,0,15,4
0.240582031245616,0,15,5
0.71562523082686,0,15,5
0,0,15,5
0.471701827552257,0,15,5
0.240582031245616,0,15,5
0.471701827552257,0,15,5
0.471701827552257,0,15,5
0.471701827552257,0,15,5
0,0,15,5
0.71562523082686,1,15,5
0.471701827552257,1,15,5
0.471701827552257,1,15,5
0.471701827552257,1,15,5
0.471701827552257,1,15,5
0.71562523082686,1,15,5
0.71562523082686,1,15,5
0.471701827552257,1,15,5
0,1,15,5
0.471701827552257,0,15,5
0.471701827552257,0,15,5
0,0,15,5
0.240582031245616,0,15,5
0,0,15,5
0.471701827552257,0,15,5
0,0,15,5
0.240582031245616,0,15,5
0.71562523082686,1,15,5
0,0,15,5
0.471701827552257,1,15,5
0,0,15,5
0.71562523082686,1,15,5
0.471701827552257,0,15,5
0,0,15,5
0,0,15,5
0.471701827552257,0,15,5
0.240582031245616,0,15,5
0,0,15,5
0.471701827552257,0,15,5
0,0,15,5
0.240582031245616,0,15,5
0.71562523082686,1,15,5
0.471701827552257,1,15,5
0,0,15,5
0.71562523082686,1,15,5
0,0,15,5
0.471701827552257,0,15,5
0,0,15,5
0,0,15,5
0,0,15,5
0.471701827552257,0,15,5
0.471701827552257,0,15,5
0,0,15,5
0,0,15,5
0.71562523082686,0,15,5
0,0,15,5
0.71562523082686,0,15,5
0,0,15,5
0.471701827552257,0,15,5
0,0,15,5
0,0,15,5
0.471701827552257,0,15,5
0.240582031245616,0,15,5
0.240582031245616,0,15,5
0,0,15,5
0,0,15,5
0.471701827552257,0,15,5
0.240582031245616,0,15,5
0.471701827552257,0,15,5
0,0,15,5
0,0,15,5
0.471701827552257,0,15,5
0,0,15,5
0,0,15,5
0.471701827552257,0,15,5
0,0,15,5
0.240582031245616,0,15,5
0.71562523082686,0,15,5
0.71562523082686,0,15,5
0,0,15,5
0,0,15,5
0.471701827552257,0,15,6
0.71562523082686,0,15,6
0.471701827552257,0,15,6
0.240582031245616,0,15,6
0.240582031245616,0,15,6
0.471701827552257,0,15,6
0,0,15,6
0.71562523082686,0,15,6
0.71562523082686,1,15,6
0.471701827552257,1,15,6
0.71562523082686,1,15,6
0,0,15,6
0.471701827552257,1,15,6
0.471701827552257,0,15,6
0.471701827552257,0,15,6
0.471701827552257,1,15,6
0,0,15,6
0.471701827552257,0,15,6
0.471701827552257,0,15,6
0,0,15,6
0.240582031245616,0,15,6
0,0,15,6
0.471701827552257,0,15,6
0.471701827552257,0,15,6
0.471701827552257,0,15,6
0.71562523082686,1,15,6
0.471701827552257,1,15,6
0,0,15,6
0,0,15,6
0.71562523082686,1,15,6
0,0,15,6
0.240582031245616,0,15,6
0,0,15,6
0.471701827552257,0,15,6
0,0,15,6
0.240582031245616,0,15,6
0.471701827552257,0,15,6
0.71562523082686,0,15,6
0,0,15,6
0.71562523082686,1,15,6
0,0,15,6
0.471701827552257,0,15,6
0,0,15,6
0.240582031245616,0,15,6
0.471701827552257,0,15,6
0,0,15,6
0,0,15,6
0,0,15,6
0.71562523082686,0,15,6
0.471701827552257,0,15,6
0,0,15,6
0,0,15,6
0,0,15,6
0,0,15,6
0.471701827552257,0,15,6
0.471701827552257,0,15,6
0.240582031245616,0,15,6
0.471701827552257,0,15,6
0.240582031245616,0,15,6
0.71562523082686,0,15,6
0,0,15,6
0,0,15,6
0,0,15,6
0,0,15,6
0,0,15,6
0.471701827552257,0,15,6
0,0,15,6
0.240582031245616,0,15,6
0,0,15,6
0.71562523082686,0,15,6
0.471701827552257,0,15,6
0.240582031245616,0,15,6
0.71562523082686,0,15,6
0,0,15,6
0.471701827552257,0,15,6
0,0,15,6
0,0,15,6
0,0,15,6
0.471701827552257,0,15,6
0,0,15,6
0.552427708031013,0,16,1
0.853664355915164,1,16,1
0.728506795095798,1,16,1
0.853664355915164,1,16,1
0,0,16,1
0.728506795095798,0,16,1
0.728506795095798,0,16,1
0.728506795095798,0,16,1
0.853664355915164,1,16,1
0.853664355915164,1,16,1
0.728506795095798,1,16,1
0.728506795095798,1,16,1
0.728506795095798,1,16,1
0,0,16,1
0.728506795095798,0,16,1
0.552427708031013,0,16,1
0.552427708031013,1,16,1
0.728506795095798,1,16,1
0,0,16,1
0.728506795095798,0,16,1
0.728506795095798,1,16,1
0,0,16,1
0,0,16,1
0.728506795095798,0,16,1
0.853664355915164,0,16,1
0.552427708031013,0,16,1
0.728506795095798,0,16,1
0,0,16,1
0,0,16,1
0,0,16,1
0.728506795095798,0,16,1
0.853664355915164,1,16,1
0,1,16,1
0,1,16,1
0.728506795095798,1,16,1
0.728506795095798,1,16,1
0.853664355915164,1,16,1
0.728506795095798,1,16,1
0.853664355915164,1,16,1
0,1,16,1
0.552427708031013,1,16,1
0,1,16,1
0,1,16,1
0,0,16,1
0.552427708031013,1,16,1
0,0,16,1
0,0,16,1
0.728506795095798,0,16,1
0.552427708031013,0,16,1
0,0,16,1
0,0,16,1
0.728506795095798,0,16,1
0,0,16,1
0,0,16,1
0,0,16,1
0.728506795095798,0,16,1
0.853664355915164,0,16,1
0.728506795095798,0,16,1
0,0,16,1
0,0,16,1
0,0,16,1
0.728506795095798,0,16,1
0.853664355915164,0,16,1
0.552427708031013,0,16,1
0.853664355915164,1,16,1
0,1,16,1
0.552427708031013,1,16,1
0.728506795095798,1,16,1
0,0,16,1
0,0,16,1
0,0,16,1
0.728506795095798,0,16,1
0.728506795095798,0,16,1
0.853664355915164,0,16,1
0,0,16,1
0,0,16,1
0.728506795095798,1,16,1
0,0,16,1
0.552427708031013,0,16,1
0,0,16,1
0.853664355915164,1,16,2
0,1,16,2
0.552427708031013,1,16,2
0.728506795095798,1,16,2
0.728506795095798,1,16,2
0.552427708031013,0,16,2
0.853664355915164,1,16,2
0.728506795095798,0,16,2
0.853664355915164,0,16,2
0,0,16,2
0.728506795095798,0,16,2
0.728506795095798,0,16,2
0.728506795095798,0,16,2
0.728506795095798,0,16,2
0.728506795095798,1,16,2
0.853664355915164,1,16,2
0.552427708031013,1,16,2
0,0,16,2
0.728506795095798,1,16,2
0,1,16,2
0,0,16,2
0.728506795095798,0,16,2
0.853664355915164,1,16,2
0.728506795095798,1,16,2
0.853664355915164,0,16,2
0,1,16,2
0.552427708031013,1,16,2
0,1,16,2
0.728506795095798,1,16,2
0.728506795095798,1,16,2
0,1,16,2
0.728506795095798,1,16,2
0,0,16,2
0.728506795095798,0,16,2
0.552427708031013,1,16,2
0,1,16,2
0.552427708031013,1,16,2
0.728506795095798,1,16,2
0,1,16,2
0,0,16,2
0.728506795095798,0,16,2
0,0,16,2
0.853664355915164,0,16,2
0.853664355915164,0,16,2
0,0,16,2
0.728506795095798,0,16,2
0,1,16,2
0,0,16,2
0,0,16,2
0,0,16,2
0.853664355915164,1,16,2
0,1,16,2
0,1,16,2
0,0,16,2
0.728506795095798,1,16,2
0,0,16,2
0.728506795095798,0,16,2
0.728506795095798,0,16,2
0.552427708031013,0,16,2
0.728506795095798,0,16,2
0.552427708031013,1,16,2
0.853664355915164,1,16,2
0,1,16,2
0,1,16,2
0,0,16,2
0.552427708031013,0,16,2
0.728506795095798,0,16,2
0,0,16,2
0,0,16,2
0.552427708031013,0,16,2
0,0,16,2
0.728506795095798,0,16,2
0.853664355915164,0,16,2
0,0,16,2
0.728506795095798,0,16,2
0.728506795095798,0,16,2
0,0,16,2
0,0,16,2
0.853664355915164,0,16,2
0,0,16,2
0.728506795095798,1,16,3
0.728506795095798,1,16,3
0.728506795095798,1,16,3
0.853664355915164,1,16,3
0.552427708031013,1,16,3
0.728506795095798,0,16,3
0.552427708031013,0,16,3
0.728506795095798,0,16,3
0.728506795095798,1,16,3
0,1,16,3
0.853664355915164,1,16,3
0.853664355915164,1,16,3
0.728506795095798,1,16,3
0,1,16,3
0.853664355915164,1,16,3
0.728506795095798,1,16,3
0,1,16,3
0.552427708031013,1,16,3
0,0,16,3
0.853664355915164,0,16,3
0.728506795095798,1,16,3
0.552427708031013,1,16,3
0.728506795095798,0,16,3
0,0,16,3
0,0,16,3
0.728506795095798,0,16,3
0.728506795095798,0,16,3
0.853664355915164,0,16,3
0.728506795095798,1,16,3
0,1,16,3
0,1,16,3
0.728506795095798,1,16,3
0.728506795095798,1,16,3
0.853664355915164,1,16,3
0.728506795095798,0,16,3
0.728506795095798,0,16,3
0.728506795095798,1,16,3
0.853664355915164,1,16,3
0.552427708031013,1,16,3
0,1,16,3
0,1,16,3
0,0,16,3
0,0,16,3
0,1,16,3
0,0,16,3
0.552427708031013,0,16,3
0,1,16,3
0,0,16,3
0.552427708031013,1,16,3
0.728506795095798,0,16,3
0.728506795095798,1,16,3
0.728506795095798,1,16,3
0,1,16,3
0,1,16,3
0.728506795095798,1,16,3
0,1,16,3
0,1,16,3
0.552427708031013,1,16,3
0.853664355915164,0,16,3
0.853664355915164,1,16,3
0,1,16,3
0,1,16,3
0,0,16,3
0,0,16,3
0.552427708031013,1,16,3
0.552427708031013,0,16,3
0.853664355915164,0,16,3
0,0,16,3
0,0,16,3
0.728506795095798,0,16,3
0.728506795095798,1,16,3
0.728506795095798,0,16,3
0,0,16,3
0,0,16,3
0,0,16,3
0.728506795095798,1,16,3
0.853664355915164,1,16,3
0,1,16,3
0,0,16,3
0,0,16,3
0.599179419998216,1,16,4
0,1,16,4
0.599179419998216,1,16,4
0.599179419998216,0,16,4
0.768200965561184,1,16,4
0.599179419998216,1,16,4
0.599179419998216,1,16,4
0.768200965561184,1,16,4
0.402734012891742,1,16,4
0.402734012891742,0,16,4
0,0,16,4
0.768200965561184,1,16,4
0.599179419998216,1,16,4
0.599179419998216,0,16,4
0.768200965561184,1,16,4
0.599179419998216,1,16,4
0.599179419998216,1,16,4
0,0,16,4
0.768200965561184,1,16,4
0.768200965561184,1,16,4
0,0,16,4
0.599179419998216,0,16,4
0,0,16,4
0.402734012891742,0,16,4
0.599179419998216,1,16,4
0.599179419998216,1,16,4
0,0,16,4
0.402734012891742,0,16,4
0,0,16,4
0,0,16,4
0.599179419998216,0,16,4
0.599179419998216,0,16,4
0,0,16,4
0,0,16,4
0.768200965561184,1,16,4
0.599179419998216,1,16,4
0,0,16,4
0.599179419998216,1,16,4
0.768200965561184,1,16,4
0,0,16,4
0,0,16,4
0.599179419998216,0,16,4
0,0,16,4
0,0,16,4
0.599179419998216,0,16,4
0.402734012891742,1,16,4
0,0,16,4
0.402734012891742,1,16,4
0,0,16,4
0.599179419998216,1,16,4
0.402734012891742,1,16,4
0.599179419998216,1,16,4
0,1,16,4
0,0,16,4
0,0,16,4
0,0,16,4
0,0,16,4
0.768200965561184,1,16,4
0.402734012891742,1,16,4
0,0,16,4
0.599179419998216,1,16,4
0,1,16,4
0.599179419998216,1,16,4
0.768200965561184,1,16,4
0.599179419998216,1,16,4
0.599179419998216,1,16,4
0.402734012891742,0,16,4
0,0,16,4
0.402734012891742,0,16,4
0,0,16,4
0.599179419998216,1,16,4
0.768200965561184,1,16,4
0.599179419998216,1,16,4
0,0,16,4
0,0,16,4
0,0,16,4
0,0,16,4
0,0,16,4
0,0,16,4
0.768200965561184,0,16,4
0.599179419998216,1,16,5
0.599179419998216,1,16,5
0,1,16,5
0.402734012891742,1,16,5
0.599179419998216,1,16,5
0.599179419998216,1,16,5
0.768200965561184,1,16,5
0.402734012891742,1,16,5
0.768200965561184,1,16,5
0.768200965561184,1,16,5
0,1,16,5
0.599179419998216,1,16,5
0.599179419998216,1,16,5
0.599179419998216,1,16,5
0.599179419998216,1,16,5
0.768200965561184,1,16,5
0.599179419998216,1,16,5
0.402734012891742,0,16,5
0,0,16,5
0.768200965561184,0,16,5
0,1,16,5
0,0,16,5
0.402734012891742,1,16,5
0.599179419998216,1,16,5
0,1,16,5
0.599179419998216,1,16,5
0.599179419998216,1,16,5
0.599179419998216,1,16,5
0,1,16,5
0.768200965561184,1,16,5
0.599179419998216,1,16,5
0,1,16,5
0,0,16,5
0,0,16,5
0.599179419998216,0,16,5
0,0,16,5
0,0,16,5
0,1,16,5
0,0,16,5
0,1,16,5
0.599179419998216,1,16,5
0.599179419998216,1,16,5
0.768200965561184,1,16,5
0,1,16,5
0.402734012891742,1,16,5
0.402734012891742,1,16,5
0.768200965561184,1,16,5
0.599179419998216,1,16,5
0,1,16,5
0.599179419998216,0,16,5
0.599179419998216,0,16,5
0,0,16,5
0.599179419998216,1,16,5
0.402734012891742,1,16,5
0,0,16,5
0.768200965561184,0,16,5
0.402734012891742,1,16,5
0,1,16,5
0,1,16,5
0,1,16,5
0,0,16,5
0,0,16,5
0.599179419998216,0,16,5
0.768200965561184,0,16,5
0.599179419998216,0,16,5
0,1,16,5
0,0,16,5
0,0,16,5
0,0,16,5
0.768200965561184,0,16,5
0,0,16,5
0.599179419998216,1,16,5
0.402734012891742,0,16,5
0.768200965561184,1,16,5
0,1,16,5
0.599179419998216,1,16,5
0,0,16,5
0.599179419998216,0,16,5
0.402734012891742,1,16,5
0,0,16,5
0.599179419998216,0,16,6
0.768200965561184,1,16,6
0.768200965561184,1,16,6
0.599179419998216,1,16,6
0.599179419998216,0,16,6
0.402734012891742,0,16,6
0.768200965561184,1,16,6
0,1,16,6
0.599179419998216,1,16,6
0,0,16,6
0.599179419998216,0,16,6
0.599179419998216,0,16,6
0.402734012891742,1,16,6
0.599179419998216,1,16,6
0.599179419998216,1,16,6
0.768200965561184,1,16,6
0.402734012891742,1,16,6
0,0,16,6
0.599179419998216,1,16,6
0.599179419998216,1,16,6
0,1,16,6
0.768200965561184,1,16,6
0,1,16,6
0.599179419998216,1,16,6
0.599179419998216,0,16,6
0,0,16,6
0,1,16,6
0.599179419998216,0,16,6
0.599179419998216,0,16,6
0.768200965561184,0,16,6
0.402734012891742,0,16,6
0,0,16,6
0,1,16,6
0.768200965561184,1,16,6
0,0,16,6
0.599179419998216,1,16,6
0,1,16,6
0,0,16,6
0,0,16,6
0,0,16,6
0.599179419998216,0,16,6
0,0,16,6
0.599179419998216,0,16,6
0.599179419998216,1,16,6
0,1,16,6
0.768200965561184,0,16,6
0.402734012891742,0,16,6
0.402734012891742,0,16,6
0,1,16,6
0.599179419998216,0,16,6
0,0,16,6
0,0,16,6
0.599179419998216,0,16,6
0.402734012891742,0,16,6
0.768200965561184,0,16,6
0.599179419998216,0,16,6
0.402734012891742,0,16,6
0.768200965561184,0,16,6
0,0,16,6
0,0,16,6
0,0,16,6
0,0,16,6
0,0,16,6
0.599179419998216,0,16,6
0,0,16,6
0.768200965561184,0,16,6
0.599179419998216,1,16,6
0,1,16,6
0.768200965561184,1,16,6
0,1,16,6
0.599179419998216,0,16,6
0,0,16,6
0.402734012891742,0,16,6
0.402734012891742,0,16,6
0.599179419998216,0,16,6
0,0,16,6
0,0,16,6
0,0,16,6
0,0,16,6
0.599179419998216,0,16,6
0.45534479257722,1,101,1
0.45534479257722,1,101,1
0.606477350346775,1,101,1
0.45534479257722,1,101,1
0.45534479257722,1,101,1
0.45534479257722,1,101,1
0.312013058453384,0,101,1
0.45534479257722,1,101,1
0.606477350346775,0,101,1
0.45534479257722,1,101,1
0.45534479257722,1,101,1
0.312013058453384,1,101,1
0,1,101,1
0.606477350346775,1,101,1
0.606477350346775,1,101,1
0,0,101,1
0.45534479257722,1,101,1
0,0,101,1
0,0,101,1
0,0,101,1
0,0,101,1
0.45534479257722,0,101,1
0.45534479257722,1,101,1
0.45534479257722,1,101,1
0.606477350346775,0,101,1
0,0,101,1
0.45534479257722,0,101,1
0.606477350346775,1,101,1
0.45534479257722,1,101,1
0.312013058453384,0,101,1
0,0,101,1
0.312013058453384,0,101,1
0.45534479257722,1,101,1
0.312013058453384,1,101,1
0.312013058453384,0,101,1
0.45534479257722,0,101,1
0.45534479257722,0,101,1
0.45534479257722,1,101,1
0.606477350346775,1,101,1
0,0,101,1
0.606477350346775,1,101,1
0,0,101,1
0,1,101,1
0,0,101,1
0,0,101,1
0,0,101,1
0,0,101,1
0,0,101,1
0.312013058453384,0,101,1
0.45534479257722,0,101,1
0,0,101,1
0,0,101,1
0,0,101,1
0.606477350346775,1,101,1
0.45534479257722,0,101,1
0,0,101,1
0.312013058453384,1,101,1
0.45534479257722,1,101,1
0.606477350346775,1,101,1
0,0,101,1
0,0,101,1
0,0,101,1
0.45534479257722,1,101,1
0,0,101,1
0.45534479257722,1,101,1
0,0,101,1
0,0,101,1
0,0,101,1
0.45534479257722,0,101,1
0,0,101,1
0,0,101,1
0.312013058453384,0,101,1
0.312013058453384,1,101,1
0.606477350346775,1,101,1
0,0,101,1
0,0,101,1
0,0,101,1
0.606477350346775,1,101,1
0.45534479257722,1,101,1
0.45534479257722,1,101,1
0.606477350346775,1,101,2
0.45534479257722,0,101,2
0.45534479257722,0,101,2
0.45534479257722,0,101,2
0.45534479257722,1,101,2
0.606477350346775,1,101,2
0.45534479257722,0,101,2
0.45534479257722,1,101,2
0.606477350346775,0,101,2
0.606477350346775,1,101,2
0.45534479257722,0,101,2
0.45534479257722,1,101,2
0,0,101,2
0.312013058453384,0,101,2
0,0,101,2
0.312013058453384,0,101,2
0,0,101,2
0,0,101,2
0.45534479257722,1,101,2
0.606477350346775,1,101,2
0,0,101,2
0,0,101,2
0,0,101,2
0,0,101,2
0.45534479257722,0,101,2
0.45534479257722,0,101,2
0.312013058453384,1,101,2
0.45534479257722,1,101,2
0.45534479257722,1,101,2
0.606477350346775,1,101,2
0.312013058453384,1,101,2
0.45534479257722,1,101,2
0,0,101,2
0,0,101,2
0.45534479257722,1,101,2
0,0,101,2
0.312013058453384,1,101,2
0.606477350346775,1,101,2
0.45534479257722,1,101,2
0.312013058453384,1,101,2
0,0,101,2
0.45534479257722,0,101,2
0,0,101,2
0,0,101,2
0.606477350346775,0,101,2
0,0,101,2
0.45534479257722,0,101,2
0,0,101,2
0,0,101,2
0.45534479257722,0,101,2
0.606477350346775,1,101,2
0,0,101,2
0.45534479257722,1,101,2
0,0,101,2
0,0,101,2
0,0,101,2
0.45534479257722,0,101,2
0.606477350346775,0,101,2
0.312013058453384,0,101,2
0,0,101,2
0,0,101,2
0.45534479257722,0,101,2
0,0,101,2
0.312013058453384,0,101,2
0.312013058453384,0,101,2
0,0,101,2
0,0,101,2
0.45534479257722,0,101,2
0,0,101,2
0.606477350346775,1,101,2
0.606477350346775,1,101,2
0.45534479257722,1,101,2
0.45534479257722,1,101,2
0.45534479257722,0,101,2
0,0,101,2
0.312013058453384,0,101,2
0,0,101,2
0,0,101,2
0,0,101,2
0,0,101,2
0.45534479257722,1,101,3
0.45534479257722,0,101,3
0.45534479257722,1,101,3
0.606477350346775,1,101,3
0.312013058453384,0,101,3
0,0,101,3
0.45534479257722,0,101,3
0.45534479257722,1,101,3
0.45534479257722,1,101,3
0.45534479257722,1,101,3
0.606477350346775,1,101,3
0.45534479257722,0,101,3
0.606477350346775,1,101,3
0,0,101,3
0.312013058453384,0,101,3
0.606477350346775,0,101,3
0.45534479257722,1,101,3
0.606477350346775,1,101,3
0.45534479257722,1,101,3
0.312013058453384,1,101,3
0,0,101,3
0.45534479257722,0,101,3
0.312013058453384,0,101,3
0,0,101,3
0.606477350346775,0,101,3
0.45534479257722,0,101,3
0,0,101,3
0.45534479257722,0,101,3
0.45534479257722,1,101,3
0,0,101,3
0,0,101,3
0,0,101,3
0,0,101,3
0,0,101,3
0,0,101,3
0.45534479257722,0,101,3
0.312013058453384,0,101,3
0,0,101,3
0,0,101,3
0,0,101,3
0.45534479257722,0,101,3
0.606477350346775,1,101,3
0.45534479257722,1,101,3
0.45534479257722,1,101,3
0,0,101,3
0.606477350346775,0,101,3
0.312013058453384,1,101,3
0,0,101,3
0.45534479257722,1,101,3
0,0,101,3
0,0,101,3
0.45534479257722,0,101,3
0.312013058453384,1,101,3
0.45534479257722,0,101,3
0,0,101,3
0.606477350346775,1,101,3
0,0,101,3
0.606477350346775,1,101,3
0,0,101,3
0,1,101,3
0.312013058453384,0,101,3
0,0,101,3
0.45534479257722,1,101,3
0,0,101,3
0.45534479257722,1,101,3
0.312013058453384,0,101,3
0,0,101,3
0,0,101,3
0.606477350346775,1,101,3
0,0,101,3
0.312013058453384,0,101,3
0.45534479257722,1,101,3
0,0,101,3
0.45534479257722,1,101,3
0,0,101,3
0.606477350346775,1,101,3
0,0,101,3
0,0,101,3
0.45534479257722,0,101,3
0,0,101,3
0,0,101,4
0.404368619135823,0,101,4
0.404368619135823,0,101,4
0.404368619135823,0,101,4
0.319543178911326,0,101,4
0.495320575384235,1,101,4
0.319543178911326,0,101,4
0.495320575384235,1,101,4
0.404368619135823,0,101,4
0.404368619135823,1,101,4
0.404368619135823,0,101,4
0.495320575384235,0,101,4
0.495320575384235,1,101,4
0.404368619135823,0,101,4
0.404368619135823,0,101,4
0,0,101,4
0,0,101,4
0.404368619135823,1,101,4
0,0,101,4
0,0,101,4
0.404368619135823,0,101,4
0.404368619135823,0,101,4
0,0,101,4
0,0,101,4
0.319543178911326,1,101,4
0.404368619135823,0,101,4
0.495320575384235,1,101,4
0.404368619135823,0,101,4
0.495320575384235,1,101,4
0.404368619135823,0,101,4
0.319543178911326,0,101,4
0,0,101,4
0.495320575384235,1,101,4
0.404368619135823,0,101,4
0,0,101,4
0.404368619135823,1,101,4
0,0,101,4
0,0,101,4
0.319543178911326,0,101,4
0.404368619135823,1,101,4
0,0,101,4
0,0,101,4
0.319543178911326,0,101,4
0,0,101,4
0.404368619135823,0,101,4
0,0,101,4
0,0,101,4
0.495320575384235,0,101,4
0,0,101,4
0.404368619135823,0,101,4
0.495320575384235,0,101,4
0,0,101,4
0.319543178911326,0,101,4
0,0,101,4
0.404368619135823,0,101,4
0.319543178911326,0,101,4
0,0,101,4
0.404368619135823,0,101,4
0.404368619135823,0,101,4
0,0,101,4
0,0,101,4
0.495320575384235,0,101,4
0,0,101,4
0,0,101,4
0,0,101,4
0,0,101,4
0.495320575384235,0,101,4
0,0,101,4
0.404368619135823,0,101,4
0.495320575384235,0,101,4
0,0,101,4
0.404368619135823,0,101,4
0,0,101,4
0,0,101,4
0.404368619135823,0,101,4
0.319543178911326,1,101,4
0,1,101,4
0.404368619135823,0,101,4
0.319543178911326,0,101,4
0,0,101,4
0.495320575384235,1,101,5
0.404368619135823,1,101,5
0.404368619135823,0,101,5
0.319543178911326,0,101,5
0.404368619135823,0,101,5
0,1,101,5
0.495320575384235,0,101,5
0.404368619135823,0,101,5
0.404368619135823,0,101,5
0,0,101,5
0.495320575384235,0,101,5
0.404368619135823,0,101,5
0.495320575384235,0,101,5
0.319543178911326,0,101,5
0.404368619135823,0,101,5
0.404368619135823,1,101,5
0.404368619135823,1,101,5
0,0,101,5
0,0,101,5
0.404368619135823,0,101,5
0.404368619135823,0,101,5
0,0,101,5
0,0,101,5
0.495320575384235,1,101,5
0,0,101,5
0.319543178911326,0,101,5
0.404368619135823,0,101,5
0,0,101,5
0.319543178911326,0,101,5
0.404368619135823,0,101,5
0.495320575384235,0,101,5
0.404368619135823,0,101,5
0.404368619135823,1,101,5
0,0,101,5
0.404368619135823,0,101,5
0.404368619135823,0,101,5
0.319543178911326,0,101,5
0.319543178911326,0,101,5
0,0,101,5
0,1,101,5
0,1,101,5
0,0,101,5
0,0,101,5
0.404368619135823,0,101,5
0,0,101,5
0,0,101,5
0.495320575384235,0,101,5
0.495320575384235,1,101,5
0,0,101,5
0.404368619135823,1,101,5
0,0,101,5
0.319543178911326,0,101,5
0,0,101,5
0,0,101,5
0,0,101,5
0.319543178911326,0,101,5
0.495320575384235,0,101,5
0.495320575384235,0,101,5
0,1,101,5
0.404368619135823,1,101,5
0,0,101,5
0.404368619135823,0,101,5
0.404368619135823,0,101,5
0,0,101,5
0,0,101,5
0,0,101,5
0.319543178911326,1,101,5
0.404368619135823,1,101,5
0,0,101,5
0,0,101,5
0,0,101,5
0.495320575384235,0,101,5
0,0,101,5
0.319543178911326,0,101,5
0.404368619135823,0,101,5
0.495320575384235,0,101,5
0,0,101,5
0,0,101,5
0.404368619135823,1,101,5
0.404368619135823,0,101,5
0.404368619135823,0,101,6
0.319543178911326,0,101,6
0.495320575384235,1,101,6
0.319543178911326,1,101,6
0.404368619135823,0,101,6
0.404368619135823,0,101,6
0.495320575384235,1,101,6
0.404368619135823,1,101,6
0.495320575384235,0,101,6
0,0,101,6
0.404368619135823,0,101,6
0.404368619135823,0,101,6
0.495320575384235,0,101,6
0.404368619135823,1,101,6
0,0,101,6
0.404368619135823,0,101,6
0.319543178911326,1,101,6
0.404368619135823,0,101,6
0.404368619135823,0,101,6
0,0,101,6
0,0,101,6
0.404368619135823,1,101,6
0,0,101,6
0,0,101,6
0,0,101,6
0.495320575384235,0,101,6
0.404368619135823,0,101,6
0.495320575384235,1,101,6
0,0,101,6
0.404368619135823,0,101,6
0.319543178911326,0,101,6
0.404368619135823,0,101,6
0.495320575384235,1,101,6
0.495320575384235,1,101,6
0,0,101,6
0,0,101,6
0.404368619135823,0,101,6
0,0,101,6
0,0,101,6
0.404368619135823,0,101,6
0.404368619135823,0,101,6
0.319543178911326,0,101,6
0.404368619135823,0,101,6
0,0,101,6
0,0,101,6
0,0,101,6
0.319543178911326,0,101,6
0,0,101,6
0,1,101,6
0,1,101,6
0,0,101,6
0.404368619135823,0,101,6
0.404368619135823,0,101,6
0,1,101,6
0.319543178911326,0,101,6
0,0,101,6
0.319543178911326,0,101,6
0.495320575384235,0,101,6
0,0,101,6
0.404368619135823,0,101,6
0,0,101,6
0.495320575384235,0,101,6
0.404368619135823,0,101,6
0,1,101,6
0.495320575384235,0,101,6
0,0,101,6
0,0,101,6
0,0,101,6
0,0,101,6
0,0,101,6
0.404368619135823,1,101,6
0.495320575384235,0,101,6
0.404368619135823,0,101,6
0.319543178911326,0,101,6
0.319543178911326,0,101,6
0,0,101,6
0,0,101,6
0,0,101,6
0.404368619135823,0,101,6
0.404368619135823,0,101,6
0.753544687478317,1,102,1
0.445301299458353,1,102,1
0,0,102,1
0.174083941117958,1,102,1
0.445301299458353,1,102,1
0.753544687478317,1,102,1
0.174083941117958,1,102,1
0.445301299458353,1,102,1
0.445301299458353,1,102,1
0,0,102,1
0.753544687478317,1,102,1
0.445301299458353,1,102,1
0.445301299458353,0,102,1
0.753544687478317,1,102,1
0.445301299458353,1,102,1
0.445301299458353,1,102,1
0,0,102,1
0.174083941117958,1,102,1
0,0,102,1
0.753544687478317,1,102,1
0.174083941117958,0,102,1
0.445301299458353,1,102,1
0,0,102,1
0.753544687478317,1,102,1
0.445301299458353,1,102,1
0.445301299458353,0,102,1
0,0,102,1
0.445301299458353,0,102,1
0,0,102,1
0,0,102,1
0.445301299458353,0,102,1
0.445301299458353,0,102,1
0,0,102,1
0.445301299458353,0,102,1
0,0,102,1
0,0,102,1
0,0,102,1
0.174083941117958,0,102,1
0.753544687478317,0,102,1
0.445301299458353,0,102,1
0,0,102,1
0.174083941117958,0,102,1
0,0,102,1
0,0,102,1
0,0,102,1
0.753544687478317,0,102,1
0.445301299458353,0,102,1
0.445301299458353,0,102,1
0,0,102,1
0.753544687478317,0,102,1
0,0,102,1
0.445301299458353,0,102,1
0,0,102,1
0,0,102,1
0,0,102,1
0,0,102,1
0.445301299458353,0,102,1
0.174083941117958,0,102,1
0,0,102,1
0.753544687478317,1,102,1
0,0,102,1
0.174083941117958,0,102,1
0.445301299458353,0,102,1
0.445301299458353,1,102,1
0.174083941117958,1,102,1
0.753544687478317,1,102,1
0,1,102,1
0,0,102,1
0,0,102,1
0,0,102,1
0.445301299458353,1,102,1
0,0,102,1
0.753544687478317,1,102,1
0.445301299458353,1,102,1
0,0,102,1
0,0,102,1
0.174083941117958,1,102,1
0.445301299458353,1,102,1
0.445301299458353,1,102,1
0,0,102,1
0.445301299458353,0,102,2
0.174083941117958,0,102,2
0.174083941117958,1,102,2
0.445301299458353,1,102,2
0.445301299458353,1,102,2
0.753544687478317,1,102,2
0.753544687478317,1,102,2
0.753544687478317,1,102,2
0.445301299458353,0,102,2
0.445301299458353,0,102,2
0,0,102,2
0.753544687478317,0,102,2
0,0,102,2
0.445301299458353,0,102,2
0.445301299458353,1,102,2
0.445301299458353,1,102,2
0.174083941117958,1,102,2
0.753544687478317,1,102,2
0.174083941117958,0,102,2
0,0,102,2
0.445301299458353,1,102,2
0.445301299458353,1,102,2
0,0,102,2
0,0,102,2
0.445301299458353,0,102,2
0,0,102,2
0.445301299458353,1,102,2
0,0,102,2
0.445301299458353,0,102,2
0.445301299458353,0,102,2
0.753544687478317,1,102,2
0,0,102,2
0,0,102,2
0,0,102,2
0.445301299458353,1,102,2
0.753544687478317,1,102,2
0,0,102,2
0,0,102,2
0.445301299458353,1,102,2
0.174083941117958,0,102,2
0,0,102,2
0,0,102,2
0,0,102,2
0.445301299458353,1,102,2
0.753544687478317,1,102,2
0.445301299458353,1,102,2
0.174083941117958,0,102,2
0,1,102,2
0.753544687478317,1,102,2
0,0,102,2
0,0,102,2
0.174083941117958,0,102,2
0.753544687478317,1,102,2
0,0,102,2
0.445301299458353,0,102,2
0.445301299458353,0,102,2
0.174083941117958,1,102,2
0,0,102,2
0,0,102,2
0,0,102,2
0,0,102,2
0.445301299458353,1,102,2
0.445301299458353,1,102,2
0,0,102,2
0.174083941117958,1,102,2
0.445301299458353,1,102,2
0,0,102,2
0,0,102,2
0.753544687478317,1,102,2
0,0,102,2
0.445301299458353,1,102,2
0,0,102,2
0.174083941117958,1,102,2
0,0,102,2
0,0,102,2
0.445301299458353,1,102,2
0.445301299458353,1,102,2
0.753544687478317,1,102,2
0,0,102,2
0,0,102,2
0.445301299458353,0,102,3
0.753544687478317,1,102,3
0.753544687478317,1,102,3
0.445301299458353,0,102,3
0.445301299458353,1,102,3
0.445301299458353,1,102,3
0.445301299458353,1,102,3
0.445301299458353,1,102,3
0.753544687478317,1,102,3
0.445301299458353,1,102,3
0,0,102,3
0.174083941117958,0,102,3
0.174083941117958,1,102,3
0.445301299458353,1,102,3
0.753544687478317,1,102,3
0,0,102,3
0.753544687478317,1,102,3
0.174083941117958,1,102,3
0,0,102,3
0.753544687478317,1,102,3
0.445301299458353,1,102,3
0.445301299458353,1,102,3
0,0,102,3
0.445301299458353,1,102,3
0.445301299458353,0,102,3
0.174083941117958,0,102,3
0,0,102,3
0.445301299458353,1,102,3
0,0,102,3
0,0,102,3
0,0,102,3
0.445301299458353,1,102,3
0.174083941117958,0,102,3
0,0,102,3
0,0,102,3
0,0,102,3
0.753544687478317,0,102,3
0,0,102,3
0.445301299458353,0,102,3
0,0,102,3
0.753544687478317,0,102,3
0,0,102,3
0,0,102,3
0,0,102,3
0.445301299458353,0,102,3
0.445301299458353,1,102,3
0.174083941117958,0,102,3
0.445301299458353,0,102,3
0,0,102,3
0.445301299458353,0,102,3
0,0,102,3
0.174083941117958,0,102,3
0.445301299458353,1,102,3
0.445301299458353,0,102,3
0.753544687478317,1,102,3
0,0,102,3
0,0,102,3
0.174083941117958,0,102,3
0,0,102,3
0,0,102,3
0.753544687478317,1,102,3
0.445301299458353,1,102,3
0,0,102,3
0,0,102,3
0.174083941117958,1,102,3
0,0,102,3
0,0,102,3
0,0,102,3
0,0,102,3
0.445301299458353,1,102,3
0.174083941117958,1,102,3
0,0,102,3
0.445301299458353,1,102,3
0.753544687478317,0,102,3
0,0,102,3
0.753544687478317,1,102,3
0.445301299458353,1,102,3
0,1,102,3
0.445301299458353,0,102,3
0,0,102,3
0.475196891329748,1,102,4
0.244887513263738,1,102,4
0.475196891329748,1,102,4
0.475196891329748,1,102,4
0.475196891329748,0,102,4
0.475196891329748,0,102,4
0.475196891329748,0,102,4
0.244887513263738,0,102,4
0.475196891329748,1,102,4
0,0,102,4
0.716563728558549,0,102,4
0,0,102,4
0.716563728558549,1,102,4
0.716563728558549,1,102,4
0.475196891329748,0,102,4
0.716563728558549,1,102,4
0.716563728558549,1,102,4
0.475196891329748,0,102,4
0.475196891329748,1,102,4
0,1,102,4
0,0,102,4
0,0,102,4
0.475196891329748,1,102,4
0,0,102,4
0.244887513263738,1,102,4
0.475196891329748,0,102,4
0.716563728558549,1,102,4
0.475196891329748,1,102,4
0,1,102,4
0.244887513263738,0,102,4
0.475196891329748,0,102,4
0,0,102,4
0,0,102,4
0.716563728558549,0,102,4
0.244887513263738,0,102,4
0.716563728558549,0,102,4
0,0,102,4
0,0,102,4
0,0,102,4
0,0,102,4
0.475196891329748,1,102,4
0.475196891329748,0,102,4
0.475196891329748,0,102,4
0,0,102,4
0.475196891329748,0,102,4
0,0,102,4
0,0,102,4
0.244887513263738,0,102,4
0.716563728558549,1,102,4
0.244887513263738,0,102,4
0.716563728558549,0,102,4
0.475196891329748,0,102,4
0,0,102,4
0,0,102,4
0,0,102,4
0.475196891329748,1,102,4
0,0,102,4
0,0,102,4
0.475196891329748,1,102,4
0,0,102,4
0.244887513263738,0,102,4
0,0,102,4
0.475196891329748,1,102,4
0,0,102,4
0.475196891329748,1,102,4
0,0,102,4
0.475196891329748,0,102,4
0.716563728558549,1,102,4
0.475196891329748,1,102,4
0.716563728558549,1,102,4
0.244887513263738,0,102,4
0,0,102,4
0,0,102,4
0,0,102,4
0.244887513263738,1,102,4
0,0,102,4
0,0,102,4
0.475196891329748,1,102,4
0,0,102,4
0,0,102,4
0.475196891329748,0,102,5
0,0,102,5
0.716563728558549,0,102,5
0,0,102,5
0.475196891329748,0,102,5
0.475196891329748,0,102,5
0.716563728558549,1,102,5
0.475196891329748,1,102,5
0.475196891329748,0,102,5
0.716563728558549,1,102,5
0.716563728558549,1,102,5
0.244887513263738,1,102,5
0.244887513263738,1,102,5
0.475196891329748,0,102,5
0.475196891329748,0,102,5
0.475196891329748,1,102,5
0.475196891329748,0,102,5
0.244887513263738,0,102,5
0,0,102,5
0.475196891329748,1,102,5
0.716563728558549,1,102,5
0.244887513263738,0,102,5
0,0,102,5
0.475196891329748,0,102,5
0.475196891329748,0,102,5
0,0,102,5
0,0,102,5
0.475196891329748,0,102,5
0.716563728558549,0,102,5
0.475196891329748,0,102,5
0,0,102,5
0,0,102,5
0,0,102,5
0.475196891329748,1,102,5
0,0,102,5
0.475196891329748,0,102,5
0.475196891329748,0,102,5
0,0,102,5
0,0,102,5
0,0,102,5
0.244887513263738,0,102,5
0,1,102,5
0,0,102,5
0.475196891329748,0,102,5
0.716563728558549,1,102,5
0.716563728558549,0,102,5
0,0,102,5
0.244887513263738,0,102,5
0.475196891329748,1,102,5
0.716563728558549,1,102,5
0,1,102,5
0,0,102,5
0.244887513263738,0,102,5
0,0,102,5
0.244887513263738,0,102,5
0,0,102,5
0,0,102,5
0.475196891329748,0,102,5
0.475196891329748,0,102,5
0.475196891329748,1,102,5
0,0,102,5
0,0,102,5
0,0,102,5
0.716563728558549,0,102,5
0.244887513263738,0,102,5
0.716563728558549,1,102,5
0,0,102,5
0,0,102,5
0.475196891329748,0,102,5
0.475196891329748,0,102,5
0,0,102,5
0,0,102,5
0.475196891329748,0,102,5
0,0,102,5
0,0,102,5
0.244887513263738,0,102,5
0,0,102,5
0,0,102,5
0.716563728558549,0,102,5
0.475196891329748,0,102,5
0.716563728558549,0,102,6
0.475196891329748,0,102,6
0.475196891329748,0,102,6
0.244887513263738,0,102,6
0.475196891329748,0,102,6
0.475196891329748,0,102,6
0.716563728558549,1,102,6
0,0,102,6
0.475196891329748,0,102,6
0.475196891329748,0,102,6
0.475196891329748,0,102,6
0.244887513263738,0,102,6
0,0,102,6
0.716563728558549,0,102,6
0.475196891329748,0,102,6
0.716563728558549,1,102,6
0.716563728558549,1,102,6
0,1,102,6
0,0,102,6
0.475196891329748,1,102,6
0,0,102,6
0.475196891329748,1,102,6
0.244887513263738,1,102,6
0.475196891329748,1,102,6
0,0,102,6
0.244887513263738,0,102,6
0,0,102,6
0.716563728558549,1,102,6
0.475196891329748,0,102,6
0,0,102,6
0.475196891329748,1,102,6
0.475196891329748,0,102,6
0.475196891329748,1,102,6
0,0,102,6
0.716563728558549,1,102,6
0.716563728558549,1,102,6
0,0,102,6
0.475196891329748,1,102,6
0,0,102,6
0,0,102,6
0,0,102,6
0.244887513263738,0,102,6
0,0,102,6
0.475196891329748,0,102,6
0,0,102,6
0.475196891329748,0,102,6
0,0,102,6
0.244887513263738,0,102,6
0.244887513263738,1,102,6
0.475196891329748,1,102,6
0,0,102,6
0,1,102,6
0,0,102,6
0.716563728558549,0,102,6
0.475196891329748,0,102,6
0,1,102,6
0.475196891329748,1,102,6
0.475196891329748,1,102,6
0,0,102,6
0,0,102,6
0.716563728558549,1,102,6
0,0,102,6
0.244887513263738,1,102,6
0,0,102,6
0,0,102,6
0,0,102,6
0.716563728558549,1,102,6
0,0,102,6
0.475196891329748,0,102,6
0,1,102,6
0.475196891329748,0,102,6
0.244887513263738,0,102,6
0.475196891329748,0,102,6
0.244887513263738,0,102,6
0,0,102,6
0,0,102,6
0,0,102,6
0.475196891329748,1,102,6
0.716563728558549,0,102,6
0,0,102,6
0,0,103,1
0.96137386329396,1,103,1
0.528900046853725,1,103,1
0.96137386329396,1,103,1
0.528900046853725,1,103,1
0.528900046853725,1,103,1
0.528900046853725,1,103,1
0.528900046853725,1,103,1
0.528900046853725,1,103,1
0.96137386329396,1,103,1
0,0,103,1
0.528900046853725,1,103,1
0.96137386329396,1,103,1
0.048200920457397,0,103,1
0.048200920457397,1,103,1
0.528900046853725,1,103,1
0,0,103,1
0,0,103,1
0.528900046853725,1,103,1
0,0,103,1
0.528900046853725,1,103,1
0,0,103,1
0.528900046853725,1,103,1
0.528900046853725,1,103,1
0.96137386329396,1,103,1
0,0,103,1
0.528900046853725,1,103,1
0.048200920457397,1,103,1
0.528900046853725,0,103,1
0,0,103,1
0.96137386329396,1,103,1
0.048200920457397,1,103,1
0,0,103,1
0.528900046853725,1,103,1
0.048200920457397,1,103,1
0,0,103,1
0,0,103,1
0,0,103,1
0.96137386329396,1,103,1
0.528900046853725,1,103,1
0.528900046853725,1,103,1
0,0,103,1
0.048200920457397,1,103,1
0,0,103,1
0,0,103,1
0.528900046853725,1,103,1
0.96137386329396,1,103,1
0,0,103,1
0,0,103,1
0,0,103,1
0,0,103,1
0.96137386329396,1,103,1
0.528900046853725,1,103,1
0.528900046853725,1,103,1
0.96137386329396,1,103,1
0.528900046853725,1,103,1
0.048200920457397,0,103,1
0,0,103,1
0,0,103,1
0,0,103,1
0.528900046853725,0,103,1
0,0,103,1
0.048200920457397,0,103,1
0,0,103,1
0.528900046853725,1,103,1
0.96137386329396,1,103,1
0.048200920457397,1,103,1
0,0,103,1
0,0,103,1
0,0,103,1
0,0,103,1
0.528900046853725,0,103,1
0,0,103,1
0.528900046853725,1,103,1
0.96137386329396,1,103,1
0,0,103,1
0,0,103,1
0.528900046853725,1,103,1
0,0,103,1
0.048200920457397,0,103,1
0.528900046853725,0,103,2
0.528900046853725,0,103,2
0,1,103,2
0.96137386329396,1,103,2
0.96137386329396,1,103,2
0.048200920457397,1,103,2
0.048200920457397,1,103,2
0.96137386329396,0,103,2
0.528900046853725,1,103,2
0.528900046853725,1,103,2
0.528900046853725,1,103,2
0,0,103,2
0.96137386329396,1,103,2
0.528900046853725,1,103,2
0.528900046853725,1,103,2
0.528900046853725,1,103,2
0.528900046853725,1,103,2
0.96137386329396,1,103,2
0.528900046853725,0,103,2
0.528900046853725,1,103,2
0,0,103,2
0.528900046853725,1,103,2
0,0,103,2
0.96137386329396,1,103,2
0,0,103,2
0.048200920457397,1,103,2
0,0,103,2
0.528900046853725,1,103,2
0.528900046853725,1,103,2
0.048200920457397,1,103,2
0,0,103,2
0,0,103,2
0,0,103,2
0,0,103,2
0.96137386329396,1,103,2
0,0,103,2
0.96137386329396,0,103,2
0.048200920457397,0,103,2
0.528900046853725,1,103,2
0,0,103,2
0.048200920457397,1,103,2
0.528900046853725,1,103,2
0.528900046853725,1,103,2
0,0,103,2
0,0,103,2
0,0,103,2
0,0,103,2
0.528900046853725,1,103,2
0.528900046853725,1,103,2
0,0,103,2
0,0,103,2
0,0,103,2
0.96137386329396,1,103,2
0,0,103,2
0,0,103,2
0.048200920457397,1,103,2
0.528900046853725,1,103,2
0.528900046853725,1,103,2
0.048200920457397,1,103,2
0,0,103,2
0.96137386329396,0,103,2
0.528900046853725,1,103,2
0,0,103,2
0,0,103,2
0.528900046853725,1,103,2
0,0,103,2
0,0,103,2
0,0,103,2
0.048200920457397,1,103,2
0,0,103,2
0,0,103,2
0.528900046853725,1,103,2
0.528900046853725,0,103,2
0,0,103,2
0.528900046853725,1,103,2
0.048200920457397,0,103,2
0,0,103,2
0.96137386329396,0,103,2
0,0,103,2
0.96137386329396,1,103,2
0.048200920457397,1,103,3
0,0,103,3
0.528900046853725,1,103,3
0.528900046853725,1,103,3
0.528900046853725,1,103,3
0.528900046853725,1,103,3
0.96137386329396,1,103,3
0.528900046853725,1,103,3
0.528900046853725,1,103,3
0.96137386329396,1,103,3
0.528900046853725,1,103,3
0.96137386329396,1,103,3
0.528900046853725,1,103,3
0.048200920457397,1,103,3
0,0,103,3
0.96137386329396,1,103,3
0.96137386329396,1,103,3
0.528900046853725,0,103,3
0,1,103,3
0.528900046853725,1,103,3
0,0,103,3
0.048200920457397,1,103,3
0,0,103,3
0,0,103,3
0.528900046853725,1,103,3
0.048200920457397,0,103,3
0.528900046853725,1,103,3
0.528900046853725,1,103,3
0.96137386329396,1,103,3
0,0,103,3
0.528900046853725,1,103,3
0,0,103,3
0,0,103,3
0.528900046853725,0,103,3
0,0,103,3
0.96137386329396,1,103,3
0.528900046853725,1,103,3
0,0,103,3
0.528900046853725,1,103,3
0,0,103,3
0,0,103,3
0.528900046853725,1,103,3
0,0,103,3
0,0,103,3
0.048200920457397,0,103,3
0,0,103,3
0.048200920457397,1,103,3
0.96137386329396,1,103,3
0.528900046853725,1,103,3
0,0,103,3
0.528900046853725,0,103,3
0,1,103,3
0.048200920457397,1,103,3
0,0,103,3
0.528900046853725,1,103,3
0.96137386329396,1,103,3
0,0,103,3
0,0,103,3
0,0,103,3
0.96137386329396,1,103,3
0,0,103,3
0.048200920457397,0,103,3
0.528900046853725,1,103,3
0,0,103,3
0,0,103,3
0,0,103,3
0,0,103,3
0.528900046853725,1,103,3
0,0,103,3
0,0,103,3
0.048200920457397,0,103,3
0,0,103,3
0,1,103,3
0.528900046853725,1,103,3
0.528900046853725,1,103,3
0.96137386329396,1,103,3
0.96137386329396,1,103,3
0,1,103,3
0.528900046853725,1,103,3
0.048200920457397,1,103,3
0.557399106985526,1,103,4
0,0,103,4
0.73718808837666,1,103,4
0.73718808837666,0,103,4
0.73718808837666,1,103,4
0.557399106985526,1,103,4
0,1,103,4
0.361195679227838,1,103,4
0.361195679227838,1,103,4
0.557399106985526,1,103,4
0.557399106985526,0,103,4
0.557399106985526,0,103,4
0.557399106985526,0,103,4
0.73718808837666,1,103,4
0.557399106985526,1,103,4
0.557399106985526,1,103,4
0,0,103,4
0.361195679227838,1,103,4
0.557399106985526,1,103,4
0.73718808837666,1,103,4
0.557399106985526,1,103,4
0,0,103,4
0.557399106985526,1,103,4
0.361195679227838,1,103,4
0,0,103,4
0,0,103,4
0,0,103,4
0.557399106985526,0,103,4
0.557399106985526,1,103,4
0.557399106985526,1,103,4
0.73718808837666,1,103,4
0,0,103,4
0.557399106985526,1,103,4
0.557399106985526,0,103,4
0.557399106985526,1,103,4
0,0,103,4
0.361195679227838,0,103,4
0,0,103,4
0,0,103,4
0,0,103,4
0,0,103,4
0.73718808837666,0,103,4
0,0,103,4
0,0,103,4
0.361195679227838,0,103,4
0.557399106985526,1,103,4
0.73718808837666,1,103,4
0,0,103,4
0,0,103,4
0.73718808837666,0,103,4
0,0,103,4
0.557399106985526,0,103,4
0.557399106985526,1,103,4
0.73718808837666,0,103,4
0,0,103,4
0,0,103,4
0,0,103,4
0,0,103,4
0,0,103,4
0.557399106985526,0,103,4
0,0,103,4
0.361195679227838,1,103,4
0.557399106985526,0,103,4
0.361195679227838,0,103,4
0.73718808837666,0,103,4
0,0,103,4
0.73718808837666,0,103,4
0.361195679227838,1,103,4
0.361195679227838,1,103,4
0,0,103,4
0.557399106985526,1,103,4
0,1,103,4
0,0,103,4
0,0,103,4
0.557399106985526,0,103,4
0,0,103,4
0.557399106985526,0,103,4
0,0,103,4
0,0,103,4
0.557399106985526,0,103,4
0.73718808837666,1,103,5
0.557399106985526,1,103,5
0.557399106985526,1,103,5
0.557399106985526,1,103,5
0.73718808837666,1,103,5
0.557399106985526,1,103,5
0.557399106985526,1,103,5
0,0,103,5
0.361195679227838,0,103,5
0,0,103,5
0.73718808837666,1,103,5
0.557399106985526,1,103,5
0.73718808837666,1,103,5
0.361195679227838,1,103,5
0.557399106985526,1,103,5
0.557399106985526,1,103,5
0.73718808837666,1,103,5
0.557399106985526,1,103,5
0,1,103,5
0.361195679227838,1,103,5
0,0,103,5
0,1,103,5
0.73718808837666,1,103,5
0,1,103,5
0,0,103,5
0.361195679227838,0,103,5
0.557399106985526,1,103,5
0.557399106985526,1,103,5
0.557399106985526,1,103,5
0.557399106985526,1,103,5
0,0,103,5
0.557399106985526,1,103,5
0,0,103,5
0,0,103,5
0.361195679227838,1,103,5
0.361195679227838,1,103,5
0,0,103,5
0,0,103,5
0,0,103,5
0,0,103,5
0.557399106985526,1,103,5
0,0,103,5
0.557399106985526,0,103,5
0.73718808837666,1,103,5
0.557399106985526,1,103,5
0.73718808837666,1,103,5
0.557399106985526,0,103,5
0,0,103,5
0.557399106985526,1,103,5
0.361195679227838,1,103,5
0.557399106985526,0,103,5
0,1,103,5
0,0,103,5
0.361195679227838,0,103,5
0.73718808837666,1,103,5
0,0,103,5
0.73718808837666,0,103,5
0,0,103,5
0,0,103,5
0,0,103,5
0,0,103,5
0.557399106985526,1,103,5
0,1,103,5
0.557399106985526,1,103,5
0,0,103,5
0.73718808837666,0,103,5
0,0,103,5
0.73718808837666,1,103,5
0,0,103,5
0.557399106985526,1,103,5
0.361195679227838,1,103,5
0,0,103,5
0,0,103,5
0,0,103,5
0.557399106985526,0,103,5
0,0,103,5
0,0,103,5
0.557399106985526,0,103,5
0.361195679227838,0,103,5
0.557399106985526,1,103,5
0.557399106985526,1,103,6
0,0,103,6
0.73718808837666,1,103,6
0.557399106985526,1,103,6
0.557399106985526,1,103,6
0.557399106985526,1,103,6
0.73718808837666,1,103,6
0.557399106985526,1,103,6
0.361195679227838,0,103,6
0.557399106985526,1,103,6
0.361195679227838,1,103,6
0.73718808837666,1,103,6
0,1,103,6
0.557399106985526,1,103,6
0.73718808837666,1,103,6
0.557399106985526,1,103,6
0.557399106985526,1,103,6
0.557399106985526,1,103,6
0.557399106985526,1,103,6
0.73718808837666,0,103,6
0.557399106985526,0,103,6
0.557399106985526,0,103,6
0,0,103,6
0,1,103,6
0,1,103,6
0,1,103,6
0.361195679227838,0,103,6
0.361195679227838,0,103,6
0.557399106985526,0,103,6
0,0,103,6
0.73718808837666,0,103,6
0,0,103,6
0.361195679227838,1,103,6
0,0,103,6
0,0,103,6
0.557399106985526,1,103,6
0.557399106985526,1,103,6
0.557399106985526,1,103,6
0,0,103,6
0,1,103,6
0,1,103,6
0.557399106985526,1,103,6
0.73718808837666,0,103,6
0.73718808837666,1,103,6
0,0,103,6
0,0,103,6
0,0,103,6
0.361195679227838,0,103,6
0.73718808837666,1,103,6
0.557399106985526,1,103,6
0.73718808837666,1,103,6
0,0,103,6
0,0,103,6
0,0,103,6
0.361195679227838,0,103,6
0.557399106985526,1,103,6
0,1,103,6
0,1,103,6
0,0,103,6
0,0,103,6
0.557399106985526,0,103,6
0.361195679227838,1,103,6
0,1,103,6
0.557399106985526,1,103,6
0,0,103,6
0.73718808837666,1,103,6
0,0,103,6
0.557399106985526,0,103,6
0,1,103,6
0,0,103,6
0.557399106985526,1,103,6
0.557399106985526,1,103,6
0.73718808837666,0,103,6
0,0,103,6
0,0,103,6
0,0,103,6
0.361195679227838,0,103,6
0.361195679227838,1,103,6
0,1,103,6
0.557399106985526,1,103,6
0.535139321284049,1,104,1
0.201742638014687,1,104,1
0.839837164478414,1,104,1
0.535139321284049,1,104,1
0.535139321284049,1,104,1
0.839837164478414,1,104,1
0.535139321284049,1,104,1
0.201742638014687,0,104,1
0.839837164478414,1,104,1
0.535139321284049,1,104,1
0,0,104,1
0.839837164478414,1,104,1
0,0,104,1
0.535139321284049,0,104,1
0.535139321284049,1,104,1
0.535139321284049,1,104,1
0,0,104,1
0.535139321284049,1,104,1
0.201742638014687,1,104,1
0.201742638014687,1,104,1
0.535139321284049,0,104,1
0,0,104,1
0.535139321284049,0,104,1
0.839837164478414,0,104,1
0.535139321284049,0,104,1
0,0,104,1
0.839837164478414,1,104,1
0,0,104,1
0,0,104,1
0.535139321284049,1,104,1
0,0,104,1
0.535139321284049,1,104,1
0.839837164478414,1,104,1
0,1,104,1
0.201742638014687,0,104,1
0,0,104,1
0,0,104,1
0,0,104,1
0.535139321284049,1,104,1
0.201742638014687,1,104,1
0,0,104,1
0,0,104,1
0,0,104,1
0,0,104,1
0.535139321284049,1,104,1
0.535139321284049,1,104,1
0.839837164478414,1,104,1
0.535139321284049,1,104,1
0,0,104,1
0,0,104,1
0,0,104,1
0,0,104,1
0,0,104,1
0.535139321284049,1,104,1
0.201742638014687,1,104,1
0.201742638014687,0,104,1
0,0,104,1
0.839837164478414,1,104,1
0.839837164478414,0,104,1
0,0,104,1
0.535139321284049,1,104,1
0,1,104,1
0.535139321284049,1,104,1
0.535139321284049,1,104,1
0,0,104,1
0,0,104,1
0.535139321284049,1,104,1
0,0,104,1
0.535139321284049,1,104,1
0,1,104,1
0.535139321284049,1,104,1
0.535139321284049,0,104,1
0,0,104,1
0,0,104,1
0.201742638014687,1,104,1
0.839837164478414,0,104,1
0.201742638014687,1,104,1
0.839837164478414,1,104,1
0,0,104,1
0,0,104,1
0.839837164478414,0,104,2
0,0,104,2
0.201742638014687,0,104,2
0.839837164478414,1,104,2
0.535139321284049,1,104,2
0.535139321284049,1,104,2
0.839837164478414,1,104,2
0.201742638014687,1,104,2
0.839837164478414,1,104,2
0,0,104,2
0.535139321284049,1,104,2
0.535139321284049,1,104,2
0.535139321284049,1,104,2
0.535139321284049,1,104,2
0.535139321284049,1,104,2
0.535139321284049,1,104,2
0,0,104,2
0.535139321284049,0,104,2
0,0,104,2
0.839837164478414,1,104,2
0.535139321284049,1,104,2
0.535139321284049,1,104,2
0.201742638014687,1,104,2
0,0,104,2
0,0,104,2
0,1,104,2
0.535139321284049,1,104,2
0.839837164478414,1,104,2
0.535139321284049,1,104,2
0.535139321284049,0,104,2
0,0,104,2
0.201742638014687,0,104,2
0.535139321284049,1,104,2
0,0,104,2
0,0,104,2
0.535139321284049,1,104,2
0.535139321284049,1,104,2
0.201742638014687,0,104,2
0,0,104,2
0.201742638014687,1,104,2
0,0,104,2
0,0,104,2
0.839837164478414,1,104,2
0.535139321284049,0,104,2
0,0,104,2
0,0,104,2
0,0,104,2
0.839837164478414,1,104,2
0.201742638014687,1,104,2
0,1,104,2
0.535139321284049,1,104,2
0,0,104,2
0,0,104,2
0.839837164478414,1,104,2
0.839837164478414,1,104,2
0,0,104,2
0,0,104,2
0,0,104,2
0.201742638014687,0,104,2
0.535139321284049,1,104,2
0.535139321284049,1,104,2
0,1,104,2
0,1,104,2
0.535139321284049,0,104,2
0.839837164478414,0,104,2
0,0,104,2
0,0,104,2
0.535139321284049,1,104,2
0.201742638014687,1,104,2
0,0,104,2
0.839837164478414,1,104,2
0,0,104,2
0,0,104,2
0.535139321284049,0,104,2
0.201742638014687,0,104,2
0.535139321284049,1,104,2
0,0,104,2
0,0,104,2
0.535139321284049,1,104,2
0,1,104,2
0,0,104,3
0.839837164478414,0,104,3
0.201742638014687,1,104,3
0.839837164478414,1,104,3
0.535139321284049,1,104,3
0.535139321284049,0,104,3
0.535139321284049,1,104,3
0.535139321284049,1,104,3
0,0,104,3
0.535139321284049,1,104,3
0.201742638014687,1,104,3
0.535139321284049,1,104,3
0.839837164478414,1,104,3
0.839837164478414,1,104,3
0.535139321284049,1,104,3
0.535139321284049,1,104,3
0,0,104,3
0,0,104,3
0,1,104,3
0.535139321284049,0,104,3
0,0,104,3
0,0,104,3
0.839837164478414,0,104,3
0.535139321284049,1,104,3
0.535139321284049,0,104,3
0,0,104,3
0.535139321284049,1,104,3
0.535139321284049,1,104,3
0.839837164478414,1,104,3
0.535139321284049,1,104,3
0.201742638014687,1,104,3
0.201742638014687,1,104,3
0.201742638014687,0,104,3
0.839837164478414,1,104,3
0.535139321284049,1,104,3
0,0,104,3
0,1,104,3
0.535139321284049,1,104,3
0,0,104,3
0,0,104,3
0.535139321284049,1,104,3
0,0,104,3
0.839837164478414,1,104,3
0.535139321284049,0,104,3
0,0,104,3
0.201742638014687,1,104,3
0,0,104,3
0,0,104,3
0,0,104,3
0,0,104,3
0.535139321284049,1,104,3
0,0,104,3
0.535139321284049,0,104,3
0.201742638014687,1,104,3
0,1,104,3
0,0,104,3
0.535139321284049,0,104,3
0,0,104,3
0.535139321284049,1,104,3
0.839837164478414,1,104,3
0.839837164478414,1,104,3
0,0,104,3
0,1,104,3
0.201742638014687,1,104,3
0.535139321284049,1,104,3
0.535139321284049,1,104,3
0,0,104,3
0,0,104,3
0,0,104,3
0,0,104,3
0.201742638014687,0,104,3
0,0,104,3
0,0,104,3
0.839837164478414,1,104,3
0.535139321284049,1,104,3
0.535139321284049,1,104,3
0,0,104,3
0.839837164478414,1,104,3
0,1,104,3
0.201742638014687,0,104,3
0.410289049607937,1,104,4
0.410289049607937,1,104,4
0.553277255939727,0,104,4
0,0,104,4
0.281008971527334,1,104,4
0.410289049607937,1,104,4
0.553277255939727,1,104,4
0.410289049607937,1,104,4
0,0,104,4
0.553277255939727,1,104,4
0.553277255939727,1,104,4
0.410289049607937,1,104,4
0.410289049607937,1,104,4
0.281008971527334,0,104,4
0.410289049607937,0,104,4
0.410289049607937,1,104,4
0,0,104,4
0.553277255939727,0,104,4
0.410289049607937,0,104,4
0.410289049607937,1,104,4
0.410289049607937,1,104,4
0.553277255939727,1,104,4
0,1,104,4
0.281008971527334,1,104,4
0,0,104,4
0.410289049607937,1,104,4
0.410289049607937,0,104,4
0.410289049607937,1,104,4
0.281008971527334,1,104,4
0,0,104,4
0,0,104,4
0,1,104,4
0,0,104,4
0.281008971527334,1,104,4
0.410289049607937,1,104,4
0,0,104,4
0,0,104,4
0.410289049607937,1,104,4
0.410289049607937,1,104,4
0.553277255939727,0,104,4
0.281008971527334,0,104,4
0,0,104,4
0.410289049607937,1,104,4
0.553277255939727,1,104,4
0,1,104,4
0,0,104,4
0,0,104,4
0,0,104,4
0,0,104,4
0.553277255939727,0,104,4
0,0,104,4
0,0,104,4
0.410289049607937,1,104,4
0.281008971527334,0,104,4
0,0,104,4
0,0,104,4
0,0,104,4
0.410289049607937,1,104,4
0.281008971527334,1,104,4
0.410289049607937,1,104,4
0.410289049607937,1,104,4
0,0,104,4
0,1,104,4
0.553277255939727,1,104,4
0,0,104,4
0.410289049607937,1,104,4
0.553277255939727,1,104,4
0.281008971527334,1,104,4
0,0,104,4
0.410289049607937,1,104,4
0,0,104,4
0.410289049607937,1,104,4
0.281008971527334,1,104,4
0,0,104,4
0.553277255939727,1,104,4
0,1,104,4
0,0,104,4
0,0,104,4
0,0,104,4
0.410289049607937,1,104,4
0.410289049607937,1,104,5
0.410289049607937,1,104,5
0.410289049607937,1,104,5
0.553277255939727,1,104,5
0.410289049607937,1,104,5
0.410289049607937,1,104,5
0.553277255939727,1,104,5
0,0,104,5
0,0,104,5
0.281008971527334,1,104,5
0.410289049607937,0,104,5
0.281008971527334,1,104,5
0.553277255939727,0,104,5
0.410289049607937,0,104,5
0.553277255939727,1,104,5
0.410289049607937,1,104,5
0.410289049607937,1,104,5
0,1,104,5
0.410289049607937,0,104,5
0,0,104,5
0.410289049607937,0,104,5
0,0,104,5
0.281008971527334,0,104,5
0.410289049607937,1,104,5
0.553277255939727,1,104,5
0.410289049607937,1,104,5
0,0,104,5
0.281008971527334,0,104,5
0,0,104,5
0.553277255939727,1,104,5
0,0,104,5
0.410289049607937,1,104,5
0.553277255939727,1,104,5
0.410289049607937,1,104,5
0,0,104,5
0.281008971527334,0,104,5
0.410289049607937,1,104,5
0,0,104,5
0,0,104,5
0.410289049607937,0,104,5
0.553277255939727,1,104,5
0.281008971527334,1,104,5
0,0,104,5
0,0,104,5
0,0,104,5
0.410289049607937,1,104,5
0,0,104,5
0,0,104,5
0.281008971527334,0,104,5
0.281008971527334,1,104,5
0,0,104,5
0.410289049607937,0,104,5
0,0,104,5
0,0,104,5
0.410289049607937,0,104,5
0,0,104,5
0.553277255939727,1,104,5
0.553277255939727,1,104,5
0,0,104,5
0.410289049607937,0,104,5
0,1,104,5
0,0,104,5
0,1,104,5
0.410289049607937,1,104,5
0.410289049607937,1,104,5
0.281008971527334,0,104,5
0,0,104,5
0.410289049607937,0,104,5
0,0,104,5
0,0,104,5
0.281008971527334,1,104,5
0.553277255939727,1,104,5
0,0,104,5
0,0,104,5
0.410289049607937,0,104,5
0.553277255939727,0,104,5
0.410289049607937,0,104,5
0,0,104,5
0,0,104,5
0,0,104,5
0.410289049607937,0,104,6
0.410289049607937,1,104,6
0.553277255939727,1,104,6
0.553277255939727,1,104,6
0.553277255939727,1,104,6
0.410289049607937,1,104,6
0.553277255939727,1,104,6
0.410289049607937,1,104,6
0,0,104,6
0.410289049607937,0,104,6
0.410289049607937,1,104,6
0.281008971527334,1,104,6
0.281008971527334,0,104,6
0,0,104,6
0.410289049607937,1,104,6
0.410289049607937,1,104,6
0.410289049607937,1,104,6
0,1,104,6
0.553277255939727,1,104,6
0.281008971527334,1,104,6
0,0,104,6
0.281008971527334,1,104,6
0.410289049607937,1,104,6
0,0,104,6
0.410289049607937,0,104,6
0.553277255939727,1,104,6
0,1,104,6
0,0,104,6
0,0,104,6
0.410289049607937,1,104,6
0.410289049607937,1,104,6
0.410289049607937,1,104,6
0.410289049607937,0,104,6
0,0,104,6
0,0,104,6
0,0,104,6
0,1,104,6
0.410289049607937,1,104,6
0,0,104,6
0.553277255939727,0,104,6
0.553277255939727,1,104,6
0.410289049607937,1,104,6
0,0,104,6
0.281008971527334,0,104,6
0,0,104,6
0,0,104,6
0.410289049607937,1,104,6
0.281008971527334,0,104,6
0,0,104,6
0.410289049607937,1,104,6
0,0,104,6
0.553277255939727,1,104,6
0.410289049607937,1,104,6
0,0,104,6
0,0,104,6
0,0,104,6
0.410289049607937,0,104,6
0,0,104,6
0,1,104,6
0,0,104,6
0.281008971527334,0,104,6
0.410289049607937,1,104,6
0.553277255939727,1,104,6
0.281008971527334,1,104,6
0,0,104,6
0.281008971527334,0,104,6
0,0,104,6
0,0,104,6
0.410289049607937,0,104,6
0,1,104,6
0.410289049607937,0,104,6
0,0,104,6
0,1,104,6
0.410289049607937,0,104,6
0,0,104,6
0.410289049607937,0,104,6
0.281008971527334,1,104,6
0.553277255939727,1,104,6
0.553277255939727,1,104,6
0,0,104,6
0.469330660065729,0,105,1
0,0,105,1
0.664904466273568,1,105,1
0.469330660065729,0,105,1
0.282744019286396,1,105,1
0,0,105,1
0.664904466273568,1,105,1
0.469330660065729,1,105,1
0.469330660065729,0,105,1
0.469330660065729,1,105,1
0.664904466273568,0,105,1
0.469330660065729,1,105,1
0.469330660065729,1,105,1
0.469330660065729,0,105,1
0.282744019286396,0,105,1
0.664904466273568,0,105,1
0.469330660065729,1,105,1
0.664904466273568,0,105,1
0.469330660065729,0,105,1
0.664904466273568,1,105,1
0,0,105,1
0,0,105,1
0.469330660065729,0,105,1
0,0,105,1
0,0,105,1
0.469330660065729,1,105,1
0,0,105,1
0.282744019286396,0,105,1
0.469330660065729,0,105,1
0.469330660065729,0,105,1
0.282744019286396,0,105,1
0,0,105,1
0,0,105,1
0,0,105,1
0.282744019286396,0,105,1
0,0,105,1
0,0,105,1
0,0,105,1
0.469330660065729,1,105,1
0.282744019286396,0,105,1
0.664904466273568,0,105,1
0,1,105,1
0.469330660065729,1,105,1
0.469330660065729,1,105,1
0,0,105,1
0.469330660065729,0,105,1
0,0,105,1
0.664904466273568,1,105,1
0.469330660065729,1,105,1
0.282744019286396,0,105,1
0,0,105,1
0,0,105,1
0.282744019286396,1,105,1
0,0,105,1
0.664904466273568,0,105,1
0.469330660065729,0,105,1
0,0,105,1
0,0,105,1
0.469330660065729,0,105,1
0.664904466273568,1,105,1
0,0,105,1
0,0,105,1
0,0,105,1
0.469330660065729,0,105,1
0.469330660065729,1,105,1
0,0,105,1
0.282744019286396,0,105,1
0,0,105,1
0,1,105,1
0.664904466273568,0,105,1
0,0,105,1
0,0,105,1
0.282744019286396,1,105,1
0,0,105,1
0.469330660065729,0,105,1
0,0,105,1
0.664904466273568,1,105,1
0.469330660065729,1,105,1
0,0,105,1
0.469330660065729,1,105,1
0.664904466273568,1,105,2
0.282744019286396,0,105,2
0.469330660065729,0,105,2
0.469330660065729,0,105,2
0.664904466273568,1,105,2
0.282744019286396,0,105,2
0,0,105,2
0.469330660065729,1,105,2
0.469330660065729,0,105,2
0.469330660065729,1,105,2
0.469330660065729,1,105,2
0.664904466273568,1,105,2
0.469330660065729,1,105,2
0.664904466273568,1,105,2
0.469330660065729,0,105,2
0,0,105,2
0,0,105,2
0.469330660065729,0,105,2
0,0,105,2
0.469330660065729,1,105,2
0,0,105,2
0,0,105,2
0.469330660065729,1,105,2
0,0,105,2
0,0,105,2
0.282744019286396,1,105,2
0.469330660065729,1,105,2
0.664904466273568,0,105,2
0.469330660065729,1,105,2
0.664904466273568,1,105,2
0.469330660065729,1,105,2
0.282744019286396,0,105,2
0,0,105,2
0.469330660065729,1,105,2
0.469330660065729,1,105,2
0,0,105,2
0.282744019286396,1,105,2
0,0,105,2
0.469330660065729,1,105,2
0,0,105,2
0.469330660065729,0,105,2
0,0,105,2
0,0,105,2
0,0,105,2
0.664904466273568,0,105,2
0,0,105,2
0.282744019286396,0,105,2
0.664904466273568,1,105,2
0,0,105,2
0,0,105,2
0.469330660065729,0,105,2
0.469330660065729,0,105,2
0.282744019286396,0,105,2
0,0,105,2
0,0,105,2
0.469330660065729,0,105,2
0,0,105,2
0.469330660065729,0,105,2
0,0,105,2
0,0,105,2
0.664904466273568,1,105,2
0,0,105,2
0.664904466273568,0,105,2
0.282744019286396,0,105,2
0,0,105,2
0,0,105,2
0.469330660065729,0,105,2
0,0,105,2
0.282744019286396,0,105,2
0.469330660065729,0,105,2
0,0,105,2
0.469330660065729,0,105,2
0,0,105,2
0.664904466273568,1,105,2
0,0,105,2
0.282744019286396,1,105,2
0.469330660065729,1,105,2
0.664904466273568,1,105,2
0,0,105,2
0,0,105,2
0.664904466273568,1,105,3
0.469330660065729,1,105,3
0.664904466273568,0,105,3
0,0,105,3
0.469330660065729,0,105,3
0.469330660065729,0,105,3
0.664904466273568,0,105,3
0.469330660065729,1,105,3
0.282744019286396,0,105,3
0.664904466273568,1,105,3
0.469330660065729,0,105,3
0.469330660065729,0,105,3
0.469330660065729,0,105,3
0,0,105,3
0.469330660065729,1,105,3
0.282744019286396,1,105,3
0,0,105,3
0.469330660065729,1,105,3
0.664904466273568,0,105,3
0.469330660065729,0,105,3
0.469330660065729,0,105,3
0,0,105,3
0,0,105,3
0.664904466273568,1,105,3
0,0,105,3
0.469330660065729,0,105,3
0.469330660065729,1,105,3
0,0,105,3
0.282744019286396,0,105,3
0.469330660065729,0,105,3
0,0,105,3
0.282744019286396,0,105,3
0,0,105,3
0,0,105,3
0.664904466273568,0,105,3
0.469330660065729,0,105,3
0.469330660065729,1,105,3
0,0,105,3
0,0,105,3
0.282744019286396,1,105,3
0.282744019286396,0,105,3
0,0,105,3
0.664904466273568,1,105,3
0,0,105,3
0.469330660065729,0,105,3
0,0,105,3
0,0,105,3
0.469330660065729,0,105,3
0.664904466273568,1,105,3
0.469330660065729,0,105,3
0,0,105,3
0.469330660065729,0,105,3
0,0,105,3
0,0,105,3
0.469330660065729,1,105,3
0.282744019286396,0,105,3
0,0,105,3
0,0,105,3
0.282744019286396,0,105,3
0.469330660065729,1,105,3
0,0,105,3
0.664904466273568,0,105,3
0,0,105,3
0,0,105,3
0,0,105,3
0.469330660065729,1,105,3
0.282744019286396,0,105,3
0.664904466273568,0,105,3
0,0,105,3
0,0,105,3
0,0,105,3
0.664904466273568,0,105,3
0.469330660065729,0,105,3
0,1,105,3
0,0,105,3
0.469330660065729,0,105,3
0.469330660065729,0,105,3
0,0,105,3
0,0,105,3
0.282744019286396,0,105,3
0.416236687181454,1,105,4
0.416236687181454,1,105,4
0.416236687181454,1,105,4
0.416236687181454,1,105,4
0.319904748184271,0,105,4
0.519421838619116,0,105,4
0.416236687181454,0,105,4
0.519421838619116,0,105,4
0.416236687181454,0,105,4
0.319904748184271,1,105,4
0.416236687181454,0,105,4
0,0,105,4
0.519421838619116,0,105,4
0.519421838619116,1,105,4
0.416236687181454,0,105,4
0,0,105,4
0,0,105,4
0.416236687181454,0,105,4
0.319904748184271,0,105,4
0.416236687181454,0,105,4
0,0,105,4
0.519421838619116,0,105,4
0.416236687181454,0,105,4
0,0,105,4
0.416236687181454,0,105,4
0,0,105,4
0.416236687181454,0,105,4
0,1,105,4
0.416236687181454,0,105,4
0.319904748184271,0,105,4
0.519421838619116,1,105,4
0,0,105,4
0.416236687181454,1,105,4
0.416236687181454,0,105,4
0,0,105,4
0.519421838619116,0,105,4
0,1,105,4
0,0,105,4
0,0,105,4
0.319904748184271,1,105,4
0,0,105,4
0.519421838619116,0,105,4
0.416236687181454,0,105,4
0,0,105,4
0.319904748184271,1,105,4
0.416236687181454,1,105,4
0,0,105,4
0,0,105,4
0.519421838619116,1,105,4
0.416236687181454,1,105,4
0,0,105,4
0.416236687181454,1,105,4
0,1,105,4
0,1,105,4
0.416236687181454,1,105,4
0,1,105,4
0.416236687181454,1,105,4
0,1,105,4
0,0,105,4
0,0,105,4
0.319904748184271,0,105,4
0.319904748184271,0,105,4
0.519421838619116,1,105,4
0,0,105,4
0,1,105,4
0,1,105,4
0,1,105,4
0.416236687181454,0,105,4
0.519421838619116,0,105,4
0.319904748184271,0,105,4
0.319904748184271,1,105,4
0,0,105,4
0,0,105,4
0.416236687181454,0,105,4
0,0,105,4
0,0,105,4
0.416236687181454,0,105,4
0,0,105,4
0.519421838619116,1,105,4
0.416236687181454,1,105,4
0.319904748184271,0,105,5
0.416236687181454,1,105,5
0.319904748184271,0,105,5
0.416236687181454,1,105,5
0.416236687181454,0,105,5
0.416236687181454,0,105,5
0.416236687181454,1,105,5
0.416236687181454,1,105,5
0.519421838619116,1,105,5
0.519421838619116,0,105,5
0,1,105,5
0.416236687181454,0,105,5
0.416236687181454,0,105,5
0.519421838619116,0,105,5
0.519421838619116,1,105,5
0,0,105,5
0.416236687181454,1,105,5
0.319904748184271,1,105,5
0.319904748184271,1,105,5
0,1,105,5
0,0,105,5
0.519421838619116,0,105,5
0,0,105,5
0.519421838619116,0,105,5
0.416236687181454,0,105,5
0,0,105,5
0,1,105,5
0,0,105,5
0.416236687181454,0,105,5
0.416236687181454,1,105,5
0.416236687181454,0,105,5
0.416236687181454,0,105,5
0.416236687181454,0,105,5
0.416236687181454,0,105,5
0.416236687181454,0,105,5
0,0,105,5
0,0,105,5
0.319904748184271,1,105,5
0,0,105,5
0,0,105,5
0.519421838619116,1,105,5
0.319904748184271,0,105,5
0,0,105,5
0,0,105,5
0.416236687181454,1,105,5
0,0,105,5
0,0,105,5
0.519421838619116,1,105,5
0,1,105,5
0,0,105,5
0.319904748184271,1,105,5
0,0,105,5
0.416236687181454,0,105,5
0.519421838619116,1,105,5
0.319904748184271,1,105,5
0.416236687181454,1,105,5
0.519421838619116,1,105,5
0,0,105,5
0,0,105,5
0,0,105,5
0,0,105,5
0,0,105,5
0.416236687181454,1,105,5
0.416236687181454,1,105,5
0.319904748184271,1,105,5
0,0,105,5
0,1,105,5
0,0,105,5
0.519421838619116,1,105,5
0,0,105,5
0.416236687181454,0,105,5
0.416236687181454,1,105,5
0,0,105,5
0,1,105,5
0.519421838619116,1,105,5
0,0,105,5
0.416236687181454,0,105,5
0,0,105,5
0.319904748184271,0,105,5
0.416236687181454,0,105,5
0.519421838619116,0,105,6
0.416236687181454,1,105,6
0,0,105,6
0.416236687181454,0,105,6
0.519421838619116,1,105,6
0.416236687181454,0,105,6
0.416236687181454,0,105,6
0.416236687181454,0,105,6
0.416236687181454,0,105,6
0.319904748184271,0,105,6
0.519421838619116,0,105,6
0.416236687181454,0,105,6
0,0,105,6
0.416236687181454,0,105,6
0.519421838619116,0,105,6
0.319904748184271,0,105,6
0,0,105,6
0,0,105,6
0.319904748184271,0,105,6
0,1,105,6
0,0,105,6
0,0,105,6
0,0,105,6
0.416236687181454,1,105,6
0.319904748184271,0,105,6
0.416236687181454,0,105,6
0.416236687181454,0,105,6
0.519421838619116,0,105,6
0.416236687181454,0,105,6
0.416236687181454,0,105,6
0.519421838619116,0,105,6
0.416236687181454,0,105,6
0,1,105,6
0,0,105,6
0,0,105,6
0.416236687181454,0,105,6
0.416236687181454,0,105,6
0.319904748184271,0,105,6
0.519421838619116,0,105,6
0.416236687181454,0,105,6
0.319904748184271,0,105,6
0,1,105,6
0,1,105,6
0,0,105,6
0,1,105,6
0.519421838619116,0,105,6
0.416236687181454,0,105,6
0,0,105,6
0,1,105,6
0.319904748184271,0,105,6
0,0,105,6
0,0,105,6
0.416236687181454,0,105,6
0.519421838619116,1,105,6
0,0,105,6
0,1,105,6
0.319904748184271,0,105,6
0.416236687181454,0,105,6
0.519421838619116,0,105,6
0.416236687181454,0,105,6
0,1,105,6
0,0,105,6
0,0,105,6
0.416236687181454,0,105,6
0.319904748184271,0,105,6
0.519421838619116,1,105,6
0,0,105,6
0,0,105,6
0,0,105,6
0.416236687181454,1,105,6
0,0,105,6
0.416236687181454,0,105,6
0.416236687181454,0,105,6
0.416236687181454,0,105,6
0,0,105,6
0.319904748184271,0,105,6
0,0,105,6
0,1,105,6
0,0,105,6
0.519421838619116,1,105,6
0.454080112146295,1,106,1
0,1,106,1
0.454080112146295,0,106,1
0.669715032740418,1,106,1
0,0,106,1
0.669715032740418,1,106,1
0.669715032740418,1,106,1
0.454080112146295,0,106,1
0.454080112146295,1,106,1
0.454080112146295,0,106,1
0.454080112146295,1,106,1
0.25439767760661,0,106,1
0.669715032740418,1,106,1
0.454080112146295,1,106,1
0.454080112146295,0,106,1
0.25439767760661,0,106,1
0.454080112146295,1,106,1
0.25439767760661,0,106,1
0.25439767760661,0,106,1
0,0,106,1
0.454080112146295,0,106,1
0,0,106,1
0,0,106,1
0.454080112146295,1,106,1
0,0,106,1
0.454080112146295,1,106,1
0,1,106,1
0.454080112146295,1,106,1
0,0,106,1
0.669715032740418,1,106,1
0.454080112146295,0,106,1
0.669715032740418,1,106,1
0.669715032740418,1,106,1
0,0,106,1
0,0,106,1
0.454080112146295,0,106,1
0.25439767760661,0,106,1
0.669715032740418,1,106,1
0,0,106,1
0,0,106,1
0.454080112146295,0,106,1
0,1,106,1
0.25439767760661,1,106,1
0,1,106,1
0.454080112146295,1,106,1
0.454080112146295,0,106,1
0,0,106,1
0,0,106,1
0,1,106,1
0.454080112146295,1,106,1
0,0,106,1
0,0,106,1
0,0,106,1
0,0,106,1
0.454080112146295,0,106,1
0,0,106,1
0,0,106,1
0,0,106,1
0.454080112146295,0,106,1
0.669715032740418,0,106,1
0.25439767760661,0,106,1
0.25439767760661,0,106,1
0.669715032740418,0,106,1
0.454080112146295,1,106,1
0.454080112146295,1,106,1
0,0,106,1
0.669715032740418,1,106,1
0,1,106,1
0.454080112146295,1,106,1
0,0,106,1
0,0,106,1
0.25439767760661,0,106,1
0,0,106,1
0.454080112146295,0,106,1
0,0,106,1
0.25439767760661,0,106,1
0,0,106,1
0.669715032740418,0,106,1
0,0,106,1
0.454080112146295,0,106,1
0.454080112146295,0,106,2
0.454080112146295,1,106,2
0.669715032740418,1,106,2
0,1,106,2
0.454080112146295,1,106,2
0.454080112146295,1,106,2
0.669715032740418,1,106,2
0.454080112146295,1,106,2
0.25439767760661,1,106,2
0.25439767760661,0,106,2
0.454080112146295,0,106,2
0.454080112146295,0,106,2
0.454080112146295,0,106,2
0,0,106,2
0.669715032740418,1,106,2
0.669715032740418,1,106,2
0,1,106,2
0.454080112146295,1,106,2
0.454080112146295,1,106,2
0.454080112146295,1,106,2
0,1,106,2
0.25439767760661,0,106,2
0.669715032740418,1,106,2
0.454080112146295,1,106,2
0.454080112146295,1,106,2
0,0,106,2
0,0,106,2
0.25439767760661,0,106,2
0,0,106,2
0.669715032740418,0,106,2
0,0,106,2
0.454080112146295,0,106,2
0.669715032740418,1,106,2
0.454080112146295,1,106,2
0,0,106,2
0.25439767760661,0,106,2
0,0,106,2
0.25439767760661,0,106,2
0,0,106,2
0.454080112146295,0,106,2
0.669715032740418,1,106,2
0.454080112146295,1,106,2
0,1,106,2
0,0,106,2
0,1,106,2
0,0,106,2
0.454080112146295,0,106,2
0,0,106,2
0.454080112146295,1,106,2
0.454080112146295,0,106,2
0,0,106,2
0,0,106,2
0,0,106,2
0.25439767760661,0,106,2
0,0,106,2
0,0,106,2
0,0,106,2
0,0,106,2
0.669715032740418,0,106,2
0,0,106,2
0.25439767760661,0,106,2
0.669715032740418,0,106,2
0.454080112146295,0,106,2
0.454080112146295,0,106,2
0,1,106,2
0.454080112146295,1,106,2
0,0,106,2
0.25439767760661,0,106,2
0,0,106,2
0,0,106,2
0,0,106,2
0.669715032740418,0,106,2
0.454080112146295,1,106,2
0,0,106,2
0,0,106,2
0.669715032740418,0,106,2
0.454080112146295,0,106,2
0.454080112146295,0,106,2
0.25439767760661,0,106,2
0,0,106,2
0.454080112146295,0,106,3
0.454080112146295,1,106,3
0.454080112146295,0,106,3
0.669715032740418,1,106,3
0.669715032740418,1,106,3
0.25439767760661,1,106,3
0.454080112146295,0,106,3
0.25439767760661,1,106,3
0.454080112146295,0,106,3
0,1,106,3
0.454080112146295,1,106,3
0,0,106,3
0.669715032740418,0,106,3
0.454080112146295,1,106,3
0.669715032740418,1,106,3
0.454080112146295,0,106,3
0.25439767760661,1,106,3
0,0,106,3
0,1,106,3
0.25439767760661,0,106,3
0.669715032740418,1,106,3
0.454080112146295,0,106,3
0.454080112146295,0,106,3
0,0,106,3
0.669715032740418,1,106,3
0,1,106,3
0,0,106,3
0.454080112146295,0,106,3
0.454080112146295,1,106,3
0.454080112146295,1,106,3
0,1,106,3
0.454080112146295,0,106,3
0,0,106,3
0,0,106,3
0.454080112146295,0,106,3
0,0,106,3
0,0,106,3
0,1,106,3
0.669715032740418,0,106,3
0,1,106,3
0,1,106,3
0,1,106,3
0.669715032740418,0,106,3
0.25439767760661,1,106,3
0.25439767760661,0,106,3
0.454080112146295,0,106,3
0.454080112146295,1,106,3
0.454080112146295,1,106,3
0,0,106,3
0.454080112146295,0,106,3
0,1,106,3
0.25439767760661,1,106,3
0.454080112146295,0,106,3
0.454080112146295,1,106,3
0,1,106,3
0.25439767760661,0,106,3
0.669715032740418,0,106,3
0.669715032740418,1,106,3
0.454080112146295,0,106,3
0,0,106,3
0,1,106,3
0,0,106,3
0,0,106,3
0,1,106,3
0,0,106,3
0,1,106,3
0.669715032740418,0,106,3
0.454080112146295,1,106,3
0.454080112146295,0,106,3
0,1,106,3
0,0,106,3
0.25439767760661,0,106,3
0,0,106,3
0.454080112146295,1,106,3
0.454080112146295,1,106,3
0.25439767760661,0,106,3
0,1,106,3
0,1,106,3
0,0,106,3
0.669715032740418,1,106,3
0.361837929494711,1,106,4
0.361837929494711,1,106,4
0.164901452789417,1,106,4
0.361837929494711,1,106,4
0.619496091969248,1,106,4
0,1,106,4
0,0,106,4
0.619496091969248,1,106,4
0.619496091969248,1,106,4
0.361837929494711,1,106,4
0.361837929494711,1,106,4
0.361837929494711,1,106,4
0.619496091969248,1,106,4
0.164901452789417,1,106,4
0.361837929494711,1,106,4
0.361837929494711,1,106,4
0.361837929494711,0,106,4
0.361837929494711,1,106,4
0,0,106,4
0.361837929494711,0,106,4
0.361837929494711,1,106,4
0,1,106,4
0.164901452789417,1,106,4
0,1,106,4
0.619496091969248,1,106,4
0.361837929494711,1,106,4
0,1,106,4
0,0,106,4
0.164901452789417,0,106,4
0.619496091969248,1,106,4
0,1,106,4
0.361837929494711,1,106,4
0,1,106,4
0,1,106,4
0,1,106,4
0.164901452789417,1,106,4
0,1,106,4
0,1,106,4
0.361837929494711,1,106,4
0.361837929494711,1,106,4
0.361837929494711,1,106,4
0,1,106,4
0.619496091969248,0,106,4
0.619496091969248,1,106,4
0,1,106,4
0.164901452789417,1,106,4
0,0,106,4
0.361837929494711,1,106,4
0.164901452789417,1,106,4
0,1,106,4
0.164901452789417,0,106,4
0.361837929494711,1,106,4
0,0,106,4
0.361837929494711,0,106,4
0.361837929494711,1,106,4
0,0,106,4
0.361837929494711,1,106,4
0.619496091969248,1,106,4
0,0,106,4
0,0,106,4
0,0,106,4
0,1,106,4
0,0,106,4
0.619496091969248,0,106,4
0.361837929494711,1,106,4
0,1,106,4
0.619496091969248,1,106,4
0,1,106,4
0.361837929494711,1,106,4
0.164901452789417,1,106,4
0,0,106,4
0,1,106,4
0,0,106,4
0,1,106,4
0,1,106,4
0.361837929494711,1,106,4
0.164901452789417,1,106,4
0.619496091969248,0,106,4
0,0,106,4
0.361837929494711,1,106,4
0.164901452789417,1,106,5
0.361837929494711,1,106,5
0.361837929494711,1,106,5
0,0,106,5
0.619496091969248,1,106,5
0.361837929494711,1,106,5
0.361837929494711,1,106,5
0.361837929494711,1,106,5
0.619496091969248,1,106,5
0.619496091969248,1,106,5
0.619496091969248,1,106,5
0,1,106,5
0.361837929494711,1,106,5
0.361837929494711,1,106,5
0.164901452789417,0,106,5
0.361837929494711,1,106,5
0.361837929494711,1,106,5
0,1,106,5
0.164901452789417,1,106,5
0.361837929494711,1,106,5
0.361837929494711,1,106,5
0,1,106,5
0,1,106,5
0.164901452789417,1,106,5
0.619496091969248,1,106,5
0.361837929494711,1,106,5
0.361837929494711,0,106,5
0.619496091969248,1,106,5
0,1,106,5
0,0,106,5
0.361837929494711,1,106,5
0,0,106,5
0.619496091969248,0,106,5
0.361837929494711,1,106,5
0,0,106,5
0.164901452789417,0,106,5
0,0,106,5
0.361837929494711,0,106,5
0.164901452789417,0,106,5
0,0,106,5
0,0,106,5
0.361837929494711,0,106,5
0,0,106,5
0,0,106,5
0.619496091969248,0,106,5
0.361837929494711,0,106,5
0,0,106,5
0,0,106,5
0,0,106,5
0,0,106,5
0,0,106,5
0,0,106,5
0,0,106,5
0.619496091969248,1,106,5
0,0,106,5
0,0,106,5
0.361837929494711,0,106,5
0.361837929494711,0,106,5
0.164901452789417,0,106,5
0,0,106,5
0.619496091969248,1,106,5
0.361837929494711,1,106,5
0.164901452789417,0,106,5
0.361837929494711,1,106,5
0,0,106,5
0.361837929494711,1,106,5
0.361837929494711,0,106,5
0.164901452789417,0,106,5
0.619496091969248,1,106,5
0,0,106,5
0,0,106,5
0,0,106,5
0,0,106,5
0,0,106,5
0.619496091969248,0,106,5
0.361837929494711,0,106,5
0.361837929494711,1,106,5
0,0,106,5
0.164901452789417,0,106,5
0,0,106,5
0.361837929494711,0,106,6
0.361837929494711,0,106,6
0.361837929494711,0,106,6
0,0,106,6
0.361837929494711,0,106,6
0.361837929494711,0,106,6
0.619496091969248,0,106,6
0.361837929494711,0,106,6
0.619496091969248,1,106,6
0.361837929494711,0,106,6
0.619496091969248,0,106,6
0.361837929494711,0,106,6
0.619496091969248,1,106,6
0,0,106,6
0.164901452789417,1,106,6
0.164901452789417,0,106,6
0.361837929494711,0,106,6
0.361837929494711,0,106,6
0.164901452789417,0,106,6
0.619496091969248,0,106,6
0,0,106,6
0.361837929494711,1,106,6
0.619496091969248,1,106,6
0,0,106,6
0.361837929494711,0,106,6
0,1,106,6
0,0,106,6
0.361837929494711,0,106,6
0,0,106,6
0,0,106,6
0.361837929494711,0,106,6
0.164901452789417,0,106,6
0,0,106,6
0.619496091969248,0,106,6
0,0,106,6
0,0,106,6
0,0,106,6
0.361837929494711,0,106,6
0.361837929494711,0,106,6
0.361837929494711,0,106,6
0.164901452789417,1,106,6
0,0,106,6
0.361837929494711,0,106,6
0.619496091969248,0,106,6
0,0,106,6
0,0,106,6
0.164901452789417,0,106,6
0,0,106,6
0,0,106,6
0,0,106,6
0,0,106,6
0,0,106,6
0,0,106,6
0.619496091969248,0,106,6
0,0,106,6
0.164901452789417,1,106,6
0.361837929494711,0,106,6
0.619496091969248,1,106,6
0,0,106,6
0,1,106,6
0.361837929494711,1,106,6
0.361837929494711,0,106,6
0.164901452789417,0,106,6
0.361837929494711,0,106,6
0,0,106,6
0.361837929494711,0,106,6
0.164901452789417,0,106,6
0.361837929494711,0,106,6
0.164901452789417,0,106,6
0.361837929494711,1,106,6
0,1,106,6
0,0,106,6
0,0,106,6
0,0,106,6
0.619496091969248,1,106,6
0,0,106,6
0,0,106,6
0,0,106,6
0.361837929494711,1,106,6
0.619496091969248,1,106,6
0.199023627634531,0,107,1
0.274364086769935,0,107,1
0.274364086769935,1,107,1
0.3652203945859,0,107,1
0,0,107,1
0.274364086769935,0,107,1
0.3652203945859,1,107,1
0.3652203945859,1,107,1
0.274364086769935,0,107,1
0,1,107,1
0.3652203945859,1,107,1
0.199023627634531,1,107,1
0.274364086769935,1,107,1
0.274364086769935,0,107,1
0.274364086769935,1,107,1
0.274364086769935,1,107,1
0,1,107,1
0.3652203945859,1,107,1
0,1,107,1
0.274364086769935,1,107,1
0,1,107,1
0,1,107,1
0,1,107,1
0,1,107,1
0.199023627634531,0,107,1
0.274364086769935,0,107,1
0.274364086769935,0,107,1
0.274364086769935,0,107,1
0.274364086769935,1,107,1
0.274364086769935,1,107,1
0.3652203945859,1,107,1
0.199023627634531,1,107,1
0.274364086769935,1,107,1
0.199023627634531,0,107,1
0,0,107,1
0.3652203945859,0,107,1
0,0,107,1
0.199023627634531,1,107,1
0.274364086769935,1,107,1
0.3652203945859,0,107,1
0,1,107,1
0,1,107,1
0.274364086769935,1,107,1
0,1,107,1
0,1,107,1
0,0,107,1
0,1,107,1
0.274364086769935,0,107,1
0,1,107,1
0.3652203945859,1,107,1
0.274364086769935,0,107,1
0,1,107,1
0,0,107,1
0.274364086769935,0,107,1
0,1,107,1
0.199023627634531,1,107,1
0.199023627634531,0,107,1
0.274364086769935,1,107,1
0.274364086769935,1,107,1
0,0,107,1
0.3652203945859,1,107,1
0,0,107,1
0,0,107,1
0,1,107,1
0.274364086769935,1,107,1
0,0,107,1
0,0,107,1
0.3652203945859,1,107,1
0,0,107,1
0.199023627634531,1,107,1
0.274364086769935,0,107,1
0,0,107,1
0.199023627634531,0,107,1
0.274364086769935,1,107,1
0,0,107,1
0,1,107,1
0,0,107,1
0,0,107,1
0.274364086769935,0,107,1
0.3652203945859,1,107,1
0.274364086769935,0,107,2
0.3652203945859,1,107,2
0.274364086769935,0,107,2
0.274364086769935,0,107,2
0.274364086769935,0,107,2
0.274364086769935,0,107,2
0.274364086769935,0,107,2
0.199023627634531,0,107,2
0.274364086769935,1,107,2
0.3652203945859,0,107,2
0,0,107,2
0.199023627634531,0,107,2
0.3652203945859,0,107,2
0.274364086769935,0,107,2
0,0,107,2
0.3652203945859,0,107,2
0,0,107,2
0.3652203945859,1,107,2
0.274364086769935,1,107,2
0.274364086769935,0,107,2
0.274364086769935,0,107,2
0.3652203945859,1,107,2
0.274364086769935,0,107,2
0.199023627634531,0,107,2
0.274364086769935,0,107,2
0.199023627634531,0,107,2
0,0,107,2
0.274364086769935,0,107,2
0,0,107,2
0,0,107,2
0,0,107,2
0,0,107,2
0.3652203945859,1,107,2
0,1,107,2
0,0,107,2
0,0,107,2
0,0,107,2
0.199023627634531,0,107,2
0.274364086769935,0,107,2
0.199023627634531,0,107,2
0,0,107,2
0,0,107,2
0.274364086769935,0,107,2
0.274364086769935,1,107,2
0.274364086769935,0,107,2
0.3652203945859,0,107,2
0,0,107,2
0,1,107,2
0,0,107,2
0.274364086769935,1,107,2
0.199023627634531,0,107,2
0,1,107,2
0,1,107,2
0,1,107,2
0.274364086769935,0,107,2
0.274364086769935,1,107,2
0.3652203945859,1,107,2
0,0,107,2
0.3652203945859,1,107,2
0,0,107,2
0,0,107,2
0.199023627634531,0,107,2
0,1,107,2
0.274364086769935,0,107,2
0,0,107,2
0,0,107,2
0.3652203945859,1,107,2
0.199023627634531,0,107,2
0,0,107,2
0,0,107,2
0.274364086769935,0,107,2
0,0,107,2
0.3652203945859,0,107,2
0.274364086769935,1,107,2
0.274364086769935,0,107,2
0.199023627634531,0,107,2
0,0,107,2
0.274364086769935,0,107,2
0,0,107,2
0,0,107,2
0,0,107,3
0.274364086769935,0,107,3
0.274364086769935,0,107,3
0.274364086769935,0,107,3
0.3652203945859,0,107,3
0.274364086769935,0,107,3
0.274364086769935,0,107,3
0.3652203945859,0,107,3
0.274364086769935,0,107,3
0.3652203945859,0,107,3
0,1,107,3
0.274364086769935,0,107,3
0.199023627634531,1,107,3
0.274364086769935,0,107,3
0.3652203945859,0,107,3
0.199023627634531,0,107,3
0.3652203945859,0,107,3
0,1,107,3
0.274364086769935,0,107,3
0.274364086769935,1,107,3
0.3652203945859,1,107,3
0.274364086769935,1,107,3
0,0,107,3
0,1,107,3
0,1,107,3
0.199023627634531,1,107,3
0,0,107,3
0.274364086769935,0,107,3
0.274364086769935,0,107,3
0.274364086769935,0,107,3
0,1,107,3
0.199023627634531,0,107,3
0.274364086769935,0,107,3
0,1,107,3
0.3652203945859,1,107,3
0.274364086769935,1,107,3
0.274364086769935,1,107,3
0,0,107,3
0,0,107,3
0.3652203945859,1,107,3
0,1,107,3
0.199023627634531,0,107,3
0,1,107,3
0.274364086769935,1,107,3
0,0,107,3
0,0,107,3
0,1,107,3
0.199023627634531,1,107,3
0,1,107,3
0.274364086769935,0,107,3
0.3652203945859,0,107,3
0.274364086769935,1,107,3
0,0,107,3
0.274364086769935,0,107,3
0.3652203945859,0,107,3
0,0,107,3
0,0,107,3
0,1,107,3
0.199023627634531,0,107,3
0,1,107,3
0.199023627634531,0,107,3
0,0,107,3
0.274364086769935,0,107,3
0,0,107,3
0,0,107,3
0.3652203945859,0,107,3
0,0,107,3
0.199023627634531,1,107,3
0,0,107,3
0,0,107,3
0.3652203945859,0,107,3
0.274364086769935,0,107,3
0.274364086769935,1,107,3
0,0,107,3
0.274364086769935,1,107,3
0,0,107,3
0,0,107,3
0.274364086769935,1,107,3
0,0,107,3
0.199023627634531,0,107,3
0.63594754286613,1,107,4
0,0,107,4
0.63594754286613,1,107,4
0.63594754286613,1,107,4
0.174717537050892,1,107,4
0.935123390037473,1,107,4
0.63594754286613,1,107,4
0.935123390037473,1,107,4
0.63594754286613,1,107,4
0.63594754286613,1,107,4
0.935123390037473,1,107,4
0.935123390037473,1,107,4
0.174717537050892,1,107,4
0.63594754286613,1,107,4
0.63594754286613,0,107,4
0,0,107,4
0.63594754286613,0,107,4
0.174717537050892,1,107,4
0,0,107,4
0,0,107,4
0.63594754286613,0,107,4
0.63594754286613,0,107,4
0.174717537050892,1,107,4
0.63594754286613,1,107,4
0.63594754286613,1,107,4
0.63594754286613,1,107,4
0.935123390037473,1,107,4
0.935123390037473,1,107,4
0,0,107,4
0,1,107,4
0,0,107,4
0,0,107,4
0.63594754286613,1,107,4
0.174717537050892,0,107,4
0,0,107,4
0,0,107,4
0,0,107,4
0,0,107,4
0.63594754286613,1,107,4
0,0,107,4
0,0,107,4
0,0,107,4
0.63594754286613,1,107,4
0.935123390037473,1,107,4
0.935123390037473,0,107,4
0,0,107,4
0.63594754286613,1,107,4
0.174717537050892,1,107,4
0,0,107,4
0.63594754286613,1,107,4
0.935123390037473,1,107,4
0,1,107,4
0,0,107,4
0.174717537050892,1,107,4
0,0,107,4
0.63594754286613,1,107,4
0.63594754286613,1,107,4
0.174717537050892,1,107,4
0,0,107,4
0,1,107,4
0.63594754286613,0,107,4
0,0,107,4
0.935123390037473,1,107,4
0,0,107,4
0.174717537050892,1,107,4
0,0,107,4
0.935123390037473,1,107,4
0,0,107,4
0.63594754286613,1,107,4
0.63594754286613,1,107,4
0,0,107,4
0,0,107,4
0.174717537050892,1,107,4
0,0,107,4
0,0,107,4
0.63594754286613,1,107,4
0,0,107,4
0,0,107,4
0.63594754286613,1,107,4
0.935123390037473,1,107,4
0.63594754286613,0,107,5
0.935123390037473,1,107,5
0.935123390037473,1,107,5
0.63594754286613,0,107,5
0.63594754286613,1,107,5
0.935123390037473,1,107,5
0.174717537050892,1,107,5
0,1,107,5
0.174717537050892,1,107,5
0,0,107,5
0.63594754286613,1,107,5
0.63594754286613,1,107,5
0.63594754286613,1,107,5
0.63594754286613,0,107,5
0.935123390037473,1,107,5
0.63594754286613,1,107,5
0.935123390037473,0,107,5
0.63594754286613,1,107,5
0.174717537050892,1,107,5
0.63594754286613,0,107,5
0.63594754286613,1,107,5
0,0,107,5
0.174717537050892,1,107,5
0.63594754286613,1,107,5
0.63594754286613,1,107,5
0,0,107,5
0,0,107,5
0.935123390037473,1,107,5
0,0,107,5
0,0,107,5
0.63594754286613,0,107,5
0,0,107,5
0,0,107,5
0.63594754286613,1,107,5
0.63594754286613,1,107,5
0,0,107,5
0.935123390037473,1,107,5
0,0,107,5
0,0,107,5
0.63594754286613,1,107,5
0.63594754286613,1,107,5
0.174717537050892,1,107,5
0,0,107,5
0,0,107,5
0.935123390037473,1,107,5
0.174717537050892,0,107,5
0,0,107,5
0,0,107,5
0,0,107,5
0.63594754286613,1,107,5
0,0,107,5
0,0,107,5
0.63594754286613,1,107,5
0.935123390037473,1,107,5
0.63594754286613,1,107,5
0,0,107,5
0.935123390037473,0,107,5
0,0,107,5
0.63594754286613,0,107,5
0,0,107,5
0.174717537050892,1,107,5
0,0,107,5
0,0,107,5
0.174717537050892,1,107,5
0,0,107,5
0,0,107,5
0.63594754286613,1,107,5
0.63594754286613,1,107,5
0.63594754286613,0,107,5
0,0,107,5
0,0,107,5
0.935123390037473,0,107,5
0.63594754286613,1,107,5
0,0,107,5
0,0,107,5
0.174717537050892,1,107,5
0,0,107,5
0.935123390037473,0,107,5
0.174717537050892,0,107,5
0,0,107,5
0.63594754286613,0,107,6
0.935123390037473,1,107,6
0.935123390037473,1,107,6
0.935123390037473,1,107,6
0.63594754286613,0,107,6
0.63594754286613,1,107,6
0.63594754286613,1,107,6
0.174717537050892,1,107,6
0.63594754286613,1,107,6
0.63594754286613,1,107,6
0.174717537050892,1,107,6
0.63594754286613,1,107,6
0,0,107,6
0.63594754286613,0,107,6
0.935123390037473,1,107,6
0,0,107,6
0.935123390037473,1,107,6
0,0,107,6
0.63594754286613,1,107,6
0.63594754286613,1,107,6
0,0,107,6
0,0,107,6
0.174717537050892,0,107,6
0.174717537050892,1,107,6
0,0,107,6
0,0,107,6
0.63594754286613,1,107,6
0.63594754286613,1,107,6
0.63594754286613,1,107,6
0.935123390037473,1,107,6
0.63594754286613,1,107,6
0,0,107,6
0,0,107,6
0,0,107,6
0,0,107,6
0.63594754286613,0,107,6
0.174717537050892,1,107,6
0.63594754286613,1,107,6
0,0,107,6
0.935123390037473,1,107,6
0.63594754286613,0,107,6
0.63594754286613,1,107,6
0,0,107,6
0.935123390037473,0,107,6
0.174717537050892,0,107,6
0,0,107,6
0,0,107,6
0,0,107,6
0.63594754286613,1,107,6
0.935123390037473,1,107,6
0.935123390037473,1,107,6
0,0,107,6
0,0,107,6
0,0,107,6
0,0,107,6
0.63594754286613,0,107,6
0.63594754286613,0,107,6
0,0,107,6
0.63594754286613,0,107,6
0.174717537050892,1,107,6
0.174717537050892,1,107,6
0,0,107,6
0,0,107,6
0,0,107,6
0.63594754286613,1,107,6
0.935123390037473,1,107,6
0,0,107,6
0,0,107,6
0.935123390037473,1,107,6
0.174717537050892,1,107,6
0.174717537050892,1,107,6
0,0,107,6
0.63594754286613,0,107,6
0,0,107,6
0.63594754286613,1,107,6
0,0,107,6
0.63594754286613,0,107,6
0,0,107,6
0,0,107,6
0,0,107,6
0.993463259365359,1,108,1
0.426568520663434,0,108,1
0.426568520663434,0,108,1
0,0,108,1
0,0,108,1
0.00362781874944367,0,108,1
0.426568520663434,0,108,1
0.426568520663434,0,108,1
0.993463259365359,1,108,1
0.426568520663434,0,108,1
0.993463259365359,1,108,1
0.00362781874944367,0,108,1
0.426568520663434,0,108,1
0.993463259365359,0,108,1
0.426568520663434,0,108,1
0.426568520663434,0,108,1
0.426568520663434,1,108,1
0.426568520663434,1,108,1
0.00362781874944367,0,108,1
0.426568520663434,1,108,1
0.426568520663434,0,108,1
0.00362781874944367,0,108,1
0,0,108,1
0.993463259365359,0,108,1
0,0,108,1
0,0,108,1
0,0,108,1
0.426568520663434,0,108,1
0,0,108,1
0.993463259365359,0,108,1
0,0,108,1
0.426568520663434,0,108,1
0.00362781874944367,0,108,1
0.426568520663434,1,108,1
0.00362781874944367,0,108,1
0,0,108,1
0,0,108,1
0,0,108,1
0,0,108,1
0.426568520663434,1,108,1
0,0,108,1
0,0,108,1
0.993463259365359,0,108,1
0.426568520663434,1,108,1
0,0,108,1
0.993463259365359,0,108,1
0.426568520663434,0,108,1
0,0,108,1
0.426568520663434,1,108,1
0,0,108,1
0.426568520663434,0,108,1
0,0,108,1
0.00362781874944367,0,108,1
0,0,108,1
0,0,108,1
0,0,108,1
0.993463259365359,0,108,1
0.426568520663434,0,108,1
0.00362781874944367,0,108,1
0,0,108,1
0.993463259365359,0,108,1
0,0,108,1
0.426568520663434,0,108,1
0,0,108,1
0.993463259365359,1,108,1
0.426568520663434,0,108,1
0,0,108,1
0.993463259365359,1,108,1
0.00362781874944367,0,108,1
0,0,108,1
0,0,108,1
0,0,108,1
0,0,108,1
0,0,108,1
0,0,108,1
0.00362781874944367,0,108,1
0.426568520663434,0,108,1
0.426568520663434,0,108,1
0,0,108,1
0.426568520663434,0,108,1
0.426568520663434,0,108,2
0.993463259365359,1,108,2
0.00362781874944367,0,108,2
0.426568520663434,0,108,2
0.426568520663434,0,108,2
0.993463259365359,0,108,2
0.426568520663434,0,108,2
0.426568520663434,1,108,2
0,0,108,2
0.426568520663434,0,108,2
0.993463259365359,1,108,2
0.426568520663434,0,108,2
0.00362781874944367,0,108,2
0,0,108,2
0.993463259365359,1,108,2
0.426568520663434,0,108,2
0.00362781874944367,0,108,2
0.426568520663434,1,108,2
0.993463259365359,1,108,2
0,0,108,2
0,0,108,2
0,0,108,2
0.426568520663434,0,108,2
0,0,108,2
0.426568520663434,0,108,2
0,0,108,2
0.426568520663434,0,108,2
0.993463259365359,0,108,2
0.00362781874944367,0,108,2
0,0,108,2
0.426568520663434,0,108,2
0.426568520663434,0,108,2
0,0,108,2
0.993463259365359,1,108,2
0.426568520663434,0,108,2
0,0,108,2
0.00362781874944367,0,108,2
0,0,108,2
0,0,108,2
0.426568520663434,0,108,2
0,0,108,2
0,0,108,2
0,0,108,2
0.993463259365359,0,108,2
0.426568520663434,0,108,2
0.426568520663434,0,108,2
0.00362781874944367,0,108,2
0,0,108,2
0.00362781874944367,0,108,2
0.426568520663434,0,108,2
0,0,108,2
0,0,108,2
0,0,108,2
0.993463259365359,0,108,2
0,0,108,2
0,0,108,2
0,0,108,2
0.426568520663434,1,108,2
0.426568520663434,1,108,2
0.993463259365359,0,108,2
0,0,108,2
0.00362781874944367,0,108,2
0.426568520663434,0,108,2
0,0,108,2
0.00362781874944367,0,108,2
0,0,108,2
0.993463259365359,0,108,2
0,0,108,2
0.426568520663434,0,108,2
0.993463259365359,1,108,2
0.00362781874944367,0,108,2
0,0,108,2
0,0,108,2
0,0,108,2
0,0,108,2
0.426568520663434,0,108,2
0.426568520663434,0,108,2
0,0,108,2
0.426568520663434,0,108,2
0,0,108,2
0.426568520663434,1,108,3
0.00362781874944367,0,108,3
0.426568520663434,0,108,3
0,0,108,3
0.00362781874944367,0,108,3
0,0,108,3
0.426568520663434,0,108,3
0.993463259365359,1,108,3
0.993463259365359,0,108,3
0.993463259365359,1,108,3
0.993463259365359,1,108,3
0.426568520663434,0,108,3
0.426568520663434,0,108,3
0.426568520663434,0,108,3
0.426568520663434,1,108,3
0.426568520663434,1,108,3
0.426568520663434,1,108,3
0.426568520663434,1,108,3
0.993463259365359,0,108,3
0.00362781874944367,0,108,3
0,0,108,3
0.00362781874944367,1,108,3
0,0,108,3
0,0,108,3
0,0,108,3
0.426568520663434,0,108,3
0.993463259365359,0,108,3
0,0,108,3
0.426568520663434,0,108,3
0,0,108,3
0.426568520663434,0,108,3
0.426568520663434,0,108,3
0,0,108,3
0,0,108,3
0.426568520663434,0,108,3
0,0,108,3
0.993463259365359,1,108,3
0.993463259365359,1,108,3
0.00362781874944367,0,108,3
0.426568520663434,1,108,3
0,0,108,3
0,0,108,3
0.426568520663434,0,108,3
0.426568520663434,0,108,3
0,0,108,3
0,0,108,3
0.00362781874944367,0,108,3
0,0,108,3
0,0,108,3
0,0,108,3
0.993463259365359,1,108,3
0.993463259365359,1,108,3
0.00362781874944367,1,108,3
0,0,108,3
0.426568520663434,0,108,3
0,0,108,3
0.426568520663434,0,108,3
0,0,108,3
0.426568520663434,0,108,3
0,0,108,3
0.00362781874944367,0,108,3
0,0,108,3
0.426568520663434,0,108,3
0,0,108,3
0.426568520663434,1,108,3
0,0,108,3
0,0,108,3
0,0,108,3
0.00362781874944367,0,108,3
0,0,108,3
0.426568520663434,0,108,3
0.993463259365359,0,108,3
0.993463259365359,0,108,3
0,0,108,3
0.426568520663434,0,108,3
0,0,108,3
0,0,108,3
0.00362781874944367,0,108,3
0.426568520663434,0,108,3
0,0,108,3
0.106927262707981,0,108,4
0.836745727857814,1,108,4
0,0,108,4
0.836745727857814,1,108,4
0.836745727857814,1,108,4
0.439262928232482,0,108,4
0.439262928232482,0,108,4
0.439262928232482,0,108,4
0.106927262707981,0,108,4
0.836745727857814,1,108,4
0,0,108,4
0.439262928232482,1,108,4
0.439262928232482,1,108,4
0.439262928232482,0,108,4
0.439262928232482,1,108,4
0.439262928232482,0,108,4
0,0,108,4
0.439262928232482,1,108,4
0,0,108,4
0.106927262707981,0,108,4
0,0,108,4
0.439262928232482,0,108,4
0,0,108,4
0.106927262707981,0,108,4
0,0,108,4
0.836745727857814,0,108,4
0.439262928232482,0,108,4
0.836745727857814,0,108,4
0,0,108,4
0.439262928232482,0,108,4
0.439262928232482,0,108,4
0.439262928232482,0,108,4
0,0,108,4
0.439262928232482,0,108,4
0,0,108,4
0.439262928232482,0,108,4
0.439262928232482,0,108,4
0.439262928232482,0,108,4
0,0,108,4
0.106927262707981,0,108,4
0.106927262707981,0,108,4
0,0,108,4
0,0,108,4
0,0,108,4
0,0,108,4
0.836745727857814,0,108,4
0,0,108,4
0.836745727857814,0,108,4
0,0,108,4
0,0,108,4
0.439262928232482,0,108,4
0,0,108,4
0,0,108,4
0,0,108,4
0,0,108,4
0.836745727857814,0,108,4
0.106927262707981,0,108,4
0.836745727857814,0,108,4
0.439262928232482,0,108,4
0.106927262707981,0,108,4
0,0,108,4
0.439262928232482,0,108,4
0,0,108,4
0.439262928232482,0,108,4
0,0,108,4
0.836745727857814,0,108,4
0,0,108,4
0.439262928232482,0,108,4
0.106927262707981,0,108,4
0,0,108,4
0.836745727857814,0,108,4
0.439262928232482,0,108,4
0,0,108,4
0.439262928232482,0,108,4
0,0,108,4
0,0,108,4
0,0,108,4
0.439262928232482,0,108,4
0,0,108,4
0.106927262707981,0,108,4
0.439262928232482,0,108,5
0.439262928232482,0,108,5
0.439262928232482,0,108,5
0.836745727857814,0,108,5
0.439262928232482,1,108,5
0.439262928232482,0,108,5
0,0,108,5
0.439262928232482,0,108,5
0.106927262707981,0,108,5
0.106927262707981,0,108,5
0.439262928232482,0,108,5
0.836745727857814,0,108,5
0.836745727857814,0,108,5
0.836745727857814,1,108,5
0,0,108,5
0.439262928232482,0,108,5
0.439262928232482,1,108,5
0.106927262707981,0,108,5
0.439262928232482,1,108,5
0,0,108,5
0.439262928232482,1,108,5
0,0,108,5
0.106927262707981,0,108,5
0.439262928232482,0,108,5
0.836745727857814,0,108,5
0,0,108,5
0,0,108,5
0,0,108,5
0.439262928232482,0,108,5
0.439262928232482,0,108,5
0.836745727857814,0,108,5
0,0,108,5
0.439262928232482,0,108,5
0,0,108,5
0.836745727857814,1,108,5
0.106927262707981,0,108,5
0.836745727857814,1,108,5
0,1,108,5
0,0,108,5
0,0,108,5
0.106927262707981,0,108,5
0.439262928232482,1,108,5
0,0,108,5
0,0,108,5
0,0,108,5
0,0,108,5
0.439262928232482,0,108,5
0.439262928232482,0,108,5
0,0,108,5
0.439262928232482,0,108,5
0.106927262707981,0,108,5
0.439262928232482,0,108,5
0,0,108,5
0,0,108,5
0.439262928232482,0,108,5
0.836745727857814,0,108,5
0,0,108,5
0,0,108,5
0.106927262707981,0,108,5
0,0,108,5
0.836745727857814,0,108,5
0,0,108,5
0,0,108,5
0.439262928232482,0,108,5
0,0,108,5
0.106927262707981,0,108,5
0,0,108,5
0,0,108,5
0,0,108,5
0.439262928232482,0,108,5
0.439262928232482,0,108,5
0.836745727857814,0,108,5
0.439262928232482,0,108,5
0.439262928232482,0,108,5
0,0,108,5
0.836745727857814,0,108,5
0,0,108,5
0,0,108,5
0.106927262707981,0,108,5
0,0,108,5
0.106927262707981,0,108,6
0.439262928232482,0,108,6
0.439262928232482,0,108,6
0.836745727857814,0,108,6
0.439262928232482,0,108,6
0.836745727857814,0,108,6
0.836745727857814,0,108,6
0.439262928232482,0,108,6
0.439262928232482,0,108,6
0.439262928232482,0,108,6
0.439262928232482,0,108,6
0,0,108,6
0.439262928232482,0,108,6
0.836745727857814,1,108,6
0,0,108,6
0.106927262707981,0,108,6
0.836745727857814,0,108,6
0.439262928232482,0,108,6
0.106927262707981,0,108,6
0.439262928232482,0,108,6
0.836745727857814,0,108,6
0.106927262707981,0,108,6
0.439262928232482,0,108,6
0.439262928232482,0,108,6
0.439262928232482,0,108,6
0,0,108,6
0,0,108,6
0.439262928232482,0,108,6
0,0,108,6
0,0,108,6
0,0,108,6
0,0,108,6
0,0,108,6
0,0,108,6
0.106927262707981,0,108,6
0,0,108,6
0,0,108,6
0,0,108,6
0,0,108,6
0,0,108,6
0.439262928232482,0,108,6
0.439262928232482,0,108,6
0.439262928232482,0,108,6
0.106927262707981,0,108,6
0,0,108,6
0.836745727857814,0,108,6
0.439262928232482,0,108,6
0.836745727857814,0,108,6
0,0,108,6
0.106927262707981,0,108,6
0,0,108,6
0.836745727857814,0,108,6
0,0,108,6
0.439262928232482,0,108,6
0.439262928232482,0,108,6
0,0,108,6
0.439262928232482,0,108,6
0.106927262707981,0,108,6
0,0,108,6
0,0,108,6
0.836745727857814,0,108,6
0,0,108,6
0.439262928232482,0,108,6
0,0,108,6
0,0,108,6
0,0,108,6
0.836745727857814,0,108,6
0.439262928232482,0,108,6
0.836745727857814,0,108,6
0,0,108,6
0,0,108,6
0,0,108,6
0.439262928232482,0,108,6
0,0,108,6
0.439262928232482,0,108,6
0.106927262707981,0,108,6
0,0,108,6
0,0,108,6
0.439262928232482,0,108,6
0.106927262707981,0,108,6
0.254908313118015,1,109,1
0.688219140352759,1,109,1
0.464957965152373,1,109,1
0.464957965152373,1,109,1
0.464957965152373,1,109,1
0,0,109,1
0.688219140352759,1,109,1
0.464957965152373,1,109,1
0.464957965152373,1,109,1
0.254908313118015,0,109,1
0.688219140352759,1,109,1
0.688219140352759,1,109,1
0.464957965152373,1,109,1
0.464957965152373,0,109,1
0,0,109,1
0.464957965152373,1,109,1
0.464957965152373,1,109,1
0,0,109,1
0,0,109,1
0,0,109,1
0,0,109,1
0.688219140352759,1,109,1
0.464957965152373,1,109,1
0,0,109,1
0.254908313118015,0,109,1
0.464957965152373,1,109,1
0.464957965152373,1,109,1
0.464957965152373,1,109,1
0.254908313118015,0,109,1
0.688219140352759,1,109,1
0,0,109,1
0.464957965152373,1,109,1
0.464957965152373,1,109,1
0,0,109,1
0,0,109,1
0.464957965152373,1,109,1
0,0,109,1
0.464957965152373,1,109,1
0.464957965152373,1,109,1
0.254908313118015,1,109,1
0,0,109,1
0,0,109,1
0,0,109,1
0.688219140352759,1,109,1
0.254908313118015,1,109,1
0.688219140352759,1,109,1
0,0,109,1
0,0,109,1
0.464957965152373,1,109,1
0,0,109,1
0.464957965152373,1,109,1
0,0,109,1
0.464957965152373,0,109,1
0.254908313118015,1,109,1
0,1,109,1
0.254908313118015,1,109,1
0.688219140352759,1,109,1
0,0,109,1
0.688219140352759,1,109,1
0,0,109,1
0,0,109,1
0.464957965152373,1,109,1
0,0,109,1
0,0,109,1
0.464957965152373,1,109,1
0,0,109,1
0,0,109,1
0,0,109,1
0,0,109,1
0,0,109,1
0.464957965152373,1,109,1
0.254908313118015,0,109,1
0.688219140352759,1,109,1
0.464957965152373,1,109,1
0,0,109,1
0.464957965152373,0,109,1
0.254908313118015,1,109,1
0.688219140352759,1,109,1
0,0,109,1
0,0,109,1
0.464957965152373,0,109,2
0.688219140352759,1,109,2
0.254908313118015,1,109,2
0.464957965152373,1,109,2
0.688219140352759,1,109,2
0.464957965152373,0,109,2
0,0,109,2
0,0,109,2
0.688219140352759,1,109,2
0.688219140352759,0,109,2
0.464957965152373,1,109,2
0.464957965152373,0,109,2
0.464957965152373,1,109,2
0.254908313118015,1,109,2
0.464957965152373,1,109,2
0.464957965152373,0,109,2
0,0,109,2
0,0,109,2
0.464957965152373,0,109,2
0.688219140352759,0,109,2
0.464957965152373,1,109,2
0.688219140352759,0,109,2
0.464957965152373,1,109,2
0,0,109,2
0.464957965152373,1,109,2
0,0,109,2
0.464957965152373,1,109,2
0.464957965152373,1,109,2
0.254908313118015,0,109,2
0,0,109,2
0,0,109,2
0.254908313118015,0,109,2
0,0,109,2
0,0,109,2
0.254908313118015,0,109,2
0.464957965152373,1,109,2
0.464957965152373,1,109,2
0.688219140352759,1,109,2
0,0,109,2
0,0,109,2
0,0,109,2
0,0,109,2
0.254908313118015,0,109,2
0.464957965152373,1,109,2
0.688219140352759,1,109,2
0,1,109,2
0,1,109,2
0.464957965152373,1,109,2
0,0,109,2
0.464957965152373,0,109,2
0.464957965152373,1,109,2
0,0,109,2
0,0,109,2
0.254908313118015,0,109,2
0,0,109,2
0,0,109,2
0.254908313118015,0,109,2
0,0,109,2
0.688219140352759,1,109,2
0.464957965152373,0,109,2
0,0,109,2
0,0,109,2
0.464957965152373,0,109,2
0.688219140352759,0,109,2
0,0,109,2
0.464957965152373,1,109,2
0.464957965152373,1,109,2
0.254908313118015,1,109,2
0,0,109,2
0,0,109,2
0.688219140352759,0,109,2
0,0,109,2
0.254908313118015,0,109,2
0,0,109,2
0.464957965152373,1,109,2
0,0,109,2
0,0,109,2
0.464957965152373,1,109,2
0.688219140352759,1,109,2
0,0,109,2
0.464957965152373,0,109,3
0.464957965152373,1,109,3
0.254908313118015,0,109,3
0.464957965152373,1,109,3
0.464957965152373,1,109,3
0.688219140352759,0,109,3
0.688219140352759,1,109,3
0.688219140352759,1,109,3
0.688219140352759,1,109,3
0.464957965152373,1,109,3
0,0,109,3
0.254908313118015,1,109,3
0,1,109,3
0.464957965152373,1,109,3
0.464957965152373,1,109,3
0.464957965152373,1,109,3
0.254908313118015,0,109,3
0,1,109,3
0.464957965152373,1,109,3
0.688219140352759,1,109,3
0,0,109,3
0.464957965152373,1,109,3
0.464957965152373,1,109,3
0.464957965152373,1,109,3
0,0,109,3
0,0,109,3
0,0,109,3
0.464957965152373,1,109,3
0,0,109,3
0.254908313118015,0,109,3
0.464957965152373,1,109,3
0.688219140352759,1,109,3
0.254908313118015,1,109,3
0,0,109,3
0,1,109,3
0,0,109,3
0,0,109,3
0.464957965152373,1,109,3
0,1,109,3
0.688219140352759,1,109,3
0.464957965152373,1,109,3
0.688219140352759,0,109,3
0.464957965152373,0,109,3
0.254908313118015,1,109,3
0.464957965152373,1,109,3
0,0,109,3
0,1,109,3
0,1,109,3
0.464957965152373,1,109,3
0,0,109,3
0,0,109,3
0.254908313118015,1,109,3
0,0,109,3
0,0,109,3
0.464957965152373,0,109,3
0.688219140352759,1,109,3
0.688219140352759,1,109,3
0.254908313118015,0,109,3
0,0,109,3
0,0,109,3
0.464957965152373,0,109,3
0,0,109,3
0,0,109,3
0.464957965152373,1,109,3
0.464957965152373,1,109,3
0,0,109,3
0.464957965152373,1,109,3
0.464957965152373,1,109,3
0.688219140352759,1,109,3
0,0,109,3
0.254908313118015,0,109,3
0.464957965152373,1,109,3
0,0,109,3
0,1,109,3
0,0,109,3
0,0,109,3
0,0,109,3
0.688219140352759,1,109,3
0,1,109,3
0.254908313118015,1,109,3
0.359025216978536,1,109,4
0.543283810091109,1,109,4
0.543283810091109,1,109,4
0.359025216978536,0,109,4
0.208702425713549,0,109,4
0.359025216978536,1,109,4
0.359025216978536,1,109,4
0,0,109,4
0.359025216978536,1,109,4
0.359025216978536,1,109,4
0,0,109,4
0.543283810091109,1,109,4
0.208702425713549,1,109,4
0.359025216978536,0,109,4
0.543283810091109,0,109,4
0.359025216978536,1,109,4
0,1,109,4
0.359025216978536,1,109,4
0,0,109,4
0,0,109,4
0.208702425713549,0,109,4
0,0,109,4
0.208702425713549,0,109,4
0.543283810091109,0,109,4
0.359025216978536,1,109,4
0.359025216978536,1,109,4
0.543283810091109,1,109,4
0.359025216978536,1,109,4
0,1,109,4
0.359025216978536,0,109,4
0,0,109,4
0.359025216978536,1,109,4
0.359025216978536,1,109,4
0,0,109,4
0.359025216978536,1,109,4
0.208702425713549,1,109,4
0.543283810091109,1,109,4
0,1,109,4
0,0,109,4
0,0,109,4
0.543283810091109,1,109,4
0,0,109,4
0.359025216978536,1,109,4
0,1,109,4
0,0,109,4
0.208702425713549,0,109,4
0,0,109,4
0.359025216978536,1,109,4
0.208702425713549,1,109,4
0,0,109,4
0.543283810091109,1,109,4
0.543283810091109,1,109,4
0,0,109,4
0.359025216978536,1,109,4
0.359025216978536,1,109,4
0,1,109,4
0.359025216978536,0,109,4
0.359025216978536,1,109,4
0,0,109,4
0,0,109,4
0,0,109,4
0,0,109,4
0,0,109,4
0.208702425713549,0,109,4
0,0,109,4
0,0,109,4
0,1,109,4
0,0,109,4
0,0,109,4
0,0,109,4
0.543283810091109,1,109,4
0.359025216978536,1,109,4
0.359025216978536,0,109,4
0,0,109,4
0.359025216978536,0,109,4
0.208702425713549,1,109,4
0.208702425713549,1,109,4
0.543283810091109,1,109,4
0.359025216978536,1,109,4
0,1,109,4
0.359025216978536,1,109,5
0.208702425713549,0,109,5
0.543283810091109,1,109,5
0.543283810091109,1,109,5
0.359025216978536,1,109,5
0.359025216978536,0,109,5
0.359025216978536,1,109,5
0.359025216978536,1,109,5
0,0,109,5
0.359025216978536,1,109,5
0,0,109,5
0.543283810091109,1,109,5
0.359025216978536,1,109,5
0.359025216978536,1,109,5
0.543283810091109,1,109,5
0.208702425713549,0,109,5
0.359025216978536,1,109,5
0,0,109,5
0,0,109,5
0,0,109,5
0.359025216978536,0,109,5
0.208702425713549,0,109,5
0.208702425713549,0,109,5
0.543283810091109,0,109,5
0,0,109,5
0,0,109,5
0,0,109,5
0.359025216978536,1,109,5
0.543283810091109,0,109,5
0.359025216978536,1,109,5
0.359025216978536,1,109,5
0.359025216978536,0,109,5
0.208702425713549,1,109,5
0,0,109,5
0,0,109,5
0,0,109,5
0.359025216978536,0,109,5
0.543283810091109,0,109,5
0.359025216978536,0,109,5
0,0,109,5
0,0,109,5
0,0,109,5
0,0,109,5
0.359025216978536,1,109,5
0.359025216978536,1,109,5
0.208702425713549,1,109,5
0.543283810091109,1,109,5
0,0,109,5
0.543283810091109,1,109,5
0,0,109,5
0,0,109,5
0,0,109,5
0.359025216978536,0,109,5
0,0,109,5
0.359025216978536,1,109,5
0.359025216978536,1,109,5
0.208702425713549,1,109,5
0,0,109,5
0,0,109,5
0,0,109,5
0.543283810091109,1,109,5
0.359025216978536,0,109,5
0,0,109,5
0.208702425713549,0,109,5
0.543283810091109,1,109,5
0.543283810091109,1,109,5
0,1,109,5
0,0,109,5
0.359025216978536,1,109,5
0,0,109,5
0,0,109,5
0.359025216978536,0,109,5
0.208702425713549,1,109,5
0,0,109,5
0,0,109,5
0.359025216978536,1,109,5
0,0,109,5
0.359025216978536,1,109,5
0,1,109,5
0.208702425713549,1,109,5
0,0,109,6
0.359025216978536,0,109,6
0.359025216978536,0,109,6
0.359025216978536,0,109,6
0.359025216978536,0,109,6
0.208702425713549,0,109,6
0.359025216978536,0,109,6
0,0,109,6
0.359025216978536,1,109,6
0.543283810091109,1,109,6
0.543283810091109,1,109,6
0.359025216978536,1,109,6
0.359025216978536,1,109,6
0.543283810091109,1,109,6
0.543283810091109,1,109,6
0.208702425713549,1,109,6
0,1,109,6
0.208702425713549,1,109,6
0.359025216978536,1,109,6
0.359025216978536,0,109,6
0.359025216978536,1,109,6
0.359025216978536,1,109,6
0,1,109,6
0,0,109,6
0.543283810091109,1,109,6
0,0,109,6
0,0,109,6
0.359025216978536,1,109,6
0.208702425713549,0,109,6
0.359025216978536,1,109,6
0,0,109,6
0.543283810091109,1,109,6
0.543283810091109,1,109,6
0,0,109,6
0,0,109,6
0,0,109,6
0.359025216978536,0,109,6
0.208702425713549,0,109,6
0,0,109,6
0,0,109,6
0.543283810091109,0,109,6
0.208702425713549,0,109,6
0.359025216978536,0,109,6
0,0,109,6
0.359025216978536,0,109,6
0,1,109,6
0.359025216978536,1,109,6
0,1,109,6
0.359025216978536,1,109,6
0.208702425713549,1,109,6
0,0,109,6
0.543283810091109,1,109,6
0,0,109,6
0,1,109,6
0.208702425713549,1,109,6
0,1,109,6
0.359025216978536,1,109,6
0,0,109,6
0,0,109,6
0.359025216978536,1,109,6
0.543283810091109,1,109,6
0.359025216978536,0,109,6
0,1,109,6
0,1,109,6
0,0,109,6
0,0,109,6
0.543283810091109,1,109,6
0,0,109,6
0.359025216978536,1,109,6
0.359025216978536,1,109,6
0.208702425713549,1,109,6
0,0,109,6
0.359025216978536,0,109,6
0,1,109,6
0,0,109,6
0.208702425713549,0,109,6
0,0,109,6
0,0,109,6
0.359025216978536,0,109,6
0.543283810091109,1,109,6
0.891019482623122,1,110,1
0.557376992372975,1,110,1
0,1,110,1
0.557376992372975,1,110,1
0.162444610917286,1,110,1
0.557376992372975,1,110,1
0,0,110,1
0.557376992372975,1,110,1
0.891019482623122,1,110,1
0.891019482623122,1,110,1
0.162444610917286,0,110,1
0.891019482623122,1,110,1
0.557376992372975,1,110,1
0.557376992372975,1,110,1
0.557376992372975,0,110,1
0.557376992372975,1,110,1
0.162444610917286,1,110,1
0.891019482623122,1,110,1
0.557376992372975,0,110,1
0,0,110,1
0.557376992372975,0,110,1
0.557376992372975,0,110,1
0,0,110,1
0.162444610917286,0,110,1
0,0,110,1
0.891019482623122,1,110,1
0.557376992372975,1,110,1
0,0,110,1
0,0,110,1
0,0,110,1
0.557376992372975,0,110,1
0.557376992372975,1,110,1
0,0,110,1
0.162444610917286,0,110,1
0,0,110,1
0.162444610917286,0,110,1
0.557376992372975,0,110,1
0,0,110,1
0.557376992372975,0,110,1
0,0,110,1
0,0,110,1
0.557376992372975,0,110,1
0,0,110,1
0,0,110,1
0.891019482623122,0,110,1
0.557376992372975,0,110,1
0.891019482623122,0,110,1
0,0,110,1
0.891019482623122,1,110,1
0.891019482623122,0,110,1
0,0,110,1
0,0,110,1
0,0,110,1
0.162444610917286,1,110,1
0,1,110,1
0.557376992372975,1,110,1
0,0,110,1
0.557376992372975,1,110,1
0,0,110,1
0,0,110,1
0.162444610917286,0,110,1
0.557376992372975,0,110,1
0,0,110,1
0.557376992372975,0,110,1
0,0,110,1
0,0,110,1
0.557376992372975,1,110,1
0,0,110,1
0.162444610917286,0,110,1
0,0,110,1
0,0,110,1
0.891019482623122,1,110,1
0.891019482623122,0,110,1
0,0,110,1
0.557376992372975,1,110,1
0.557376992372975,1,110,1
0.162444610917286,1,110,1
0.557376992372975,1,110,1
0,0,110,1
0,0,110,1
0.162444610917286,0,110,2
0.891019482623122,1,110,2
0.557376992372975,1,110,2
0.557376992372975,1,110,2
0.891019482623122,1,110,2
0.891019482623122,1,110,2
0.891019482623122,1,110,2
0.557376992372975,0,110,2
0,0,110,2
0,0,110,2
0.557376992372975,0,110,2
0.557376992372975,0,110,2
0.557376992372975,0,110,2
0.557376992372975,0,110,2
0.162444610917286,1,110,2
0.557376992372975,0,110,2
0.891019482623122,1,110,2
0,0,110,2
0.557376992372975,1,110,2
0.162444610917286,1,110,2
0,0,110,2
0.557376992372975,0,110,2
0.557376992372975,0,110,2
0.557376992372975,1,110,2
0.162444610917286,0,110,2
0,1,110,2
0.891019482623122,0,110,2
0,0,110,2
0,0,110,2
0.557376992372975,0,110,2
0,0,110,2
0.557376992372975,0,110,2
0,0,110,2
0,0,110,2
0.891019482623122,0,110,2
0.891019482623122,0,110,2
0,0,110,2
0.557376992372975,0,110,2
0,0,110,2
0.162444610917286,1,110,2
0,0,110,2
0.557376992372975,0,110,2
0.557376992372975,0,110,2
0,0,110,2
0,0,110,2
0.557376992372975,1,110,2
0.162444610917286,0,110,2
0,0,110,2
0,0,110,2
0.891019482623122,0,110,2
0,0,110,2
0,0,110,2
0.557376992372975,0,110,2
0,0,110,2
0.557376992372975,0,110,2
0.162444610917286,0,110,2
0.557376992372975,0,110,2
0.162444610917286,0,110,2
0,0,110,2
0.557376992372975,0,110,2
0,0,110,2
0,0,110,2
0,0,110,2
0.891019482623122,0,110,2
0,0,110,2
0,0,110,2
0,0,110,2
0,0,110,2
0.557376992372975,0,110,2
0,0,110,2
0,0,110,2
0.162444610917286,0,110,2
0.891019482623122,0,110,2
0.557376992372975,0,110,2
0.891019482623122,0,110,2
0.557376992372975,0,110,2
0,0,110,2
0,0,110,2
0.162444610917286,0,110,2
0.557376992372975,0,110,2
0.557376992372975,0,110,3
0,0,110,3
0.557376992372975,0,110,3
0.891019482623122,0,110,3
0.891019482623122,1,110,3
0.891019482623122,1,110,3
0,1,110,3
0.557376992372975,0,110,3
0.557376992372975,1,110,3
0.557376992372975,0,110,3
0.162444610917286,1,110,3
0.557376992372975,1,110,3
0.557376992372975,1,110,3
0.162444610917286,0,110,3
0.557376992372975,1,110,3
0.891019482623122,1,110,3
0.891019482623122,1,110,3
0.557376992372975,1,110,3
0,0,110,3
0.557376992372975,1,110,3
0,0,110,3
0.557376992372975,0,110,3
0.557376992372975,1,110,3
0.557376992372975,1,110,3
0,0,110,3
0.557376992372975,1,110,3
0,0,110,3
0.162444610917286,0,110,3
0,0,110,3
0.891019482623122,1,110,3
0,0,110,3
0.162444610917286,1,110,3
0,0,110,3
0.557376992372975,0,110,3
0.162444610917286,0,110,3
0,0,110,3
0.557376992372975,0,110,3
0.557376992372975,0,110,3
0,0,110,3
0.891019482623122,1,110,3
0.891019482623122,1,110,3
0,0,110,3
0.162444610917286,1,110,3
0,0,110,3
0,0,110,3
0.557376992372975,1,110,3
0,0,110,3
0,0,110,3
0.891019482623122,1,110,3
0,0,110,3
0,0,110,3
0.557376992372975,1,110,3
0,1,110,3
0.557376992372975,1,110,3
0,0,110,3
0,1,110,3
0.162444610917286,1,110,3
0.557376992372975,1,110,3
0.891019482623122,1,110,3
0.162444610917286,1,110,3
0,0,110,3
0.557376992372975,0,110,3
0,0,110,3
0,0,110,3
0.557376992372975,1,110,3
0,0,110,3
0,0,110,3
0,0,110,3
0,0,110,3
0.891019482623122,1,110,3
0.162444610917286,1,110,3
0,0,110,3
0.162444610917286,0,110,3
0.557376992372975,0,110,3
0.891019482623122,0,110,3
0.557376992372975,0,110,3
0.557376992372975,1,110,3
0,0,110,3
0,1,110,3
0,0,110,3
0.720845508819589,1,110,4
0.422366668320728,1,110,4
0.422366668320728,0,110,4
0,0,110,4
0.422366668320728,0,110,4
0.720845508819589,1,110,4
0.171534550215368,0,110,4
0.720845508819589,0,110,4
0.422366668320728,0,110,4
0.422366668320728,0,110,4
0.720845508819589,0,110,4
0.422366668320728,0,110,4
0.422366668320728,0,110,4
0.171534550215368,0,110,4
0.422366668320728,0,110,4
0,0,110,4
0,0,110,4
0.422366668320728,0,110,4
0.422366668320728,0,110,4
0.422366668320728,0,110,4
0.171534550215368,0,110,4
0.422366668320728,0,110,4
0,0,110,4
0.422366668320728,0,110,4
0,0,110,4
0,0,110,4
0.720845508819589,0,110,4
0,0,110,4
0.720845508819589,0,110,4
0.422366668320728,0,110,4
0,0,110,4
0.171534550215368,0,110,4
0,0,110,4
0.171534550215368,0,110,4
0.422366668320728,0,110,4
0,0,110,4
0.422366668320728,0,110,4
0,0,110,4
0,0,110,4
0.422366668320728,0,110,4
0.171534550215368,0,110,4
0,0,110,4
0.720845508819589,0,110,4
0,0,110,4
0,0,110,4
0.720845508819589,0,110,4
0,0,110,4
0.422366668320728,0,110,4
0.422366668320728,0,110,4
0.422366668320728,0,110,4
0,0,110,4
0,0,110,4
0,1,110,4
0.171534550215368,0,110,4
0.720845508819589,1,110,4
0,1,110,4
0.422366668320728,0,110,4
0,0,110,4
0.171534550215368,0,110,4
0,0,110,4
0.720845508819589,1,110,4
0,1,110,4
0.422366668320728,1,110,4
0,0,110,4
0,1,110,4
0,0,110,4
0.422366668320728,1,110,4
0.720845508819589,1,110,4
0,1,110,4
0,1,110,4
0.171534550215368,1,110,4
0.720845508819589,1,110,4
0.171534550215368,0,110,4
0,0,110,4
0,0,110,4
0.422366668320728,0,110,4
0,1,110,4
0.422366668320728,0,110,4
0,0,110,4
0.422366668320728,0,110,4
0.720845508819589,0,110,5
0.720845508819589,1,110,5
0.720845508819589,0,110,5
0.171534550215368,0,110,5
0.171534550215368,0,110,5
0.422366668320728,0,110,5
0.422366668320728,0,110,5
0.422366668320728,0,110,5
0.422366668320728,0,110,5
0.422366668320728,0,110,5
0,0,110,5
0.422366668320728,0,110,5
0.422366668320728,0,110,5
0.720845508819589,1,110,5
0.422366668320728,0,110,5
0,0,110,5
0,0,110,5
0.422366668320728,1,110,5
0.422366668320728,0,110,5
0.422366668320728,0,110,5
0,0,110,5
0.422366668320728,0,110,5
0,0,110,5
0.422366668320728,0,110,5
0.720845508819589,0,110,5
0.720845508819589,0,110,5
0.422366668320728,0,110,5
0,1,110,5
0,0,110,5
0.171534550215368,0,110,5
0.171534550215368,0,110,5
0,0,110,5
0.422366668320728,0,110,5
0,0,110,5
0,0,110,5
0.171534550215368,0,110,5
0,0,110,5
0,0,110,5
0.422366668320728,0,110,5
0,1,110,5
0,0,110,5
0.422366668320728,0,110,5
0.422366668320728,0,110,5
0,0,110,5
0.720845508819589,1,110,5
0,1,110,5
0.171534550215368,0,110,5
0.720845508819589,1,110,5
0.422366668320728,0,110,5
0.422366668320728,0,110,5
0,1,110,5
0,1,110,5
0,0,110,5
0,0,110,5
0,1,110,5
0.422366668320728,0,110,5
0.720845508819589,0,110,5
0.422366668320728,0,110,5
0.720845508819589,0,110,5
0,0,110,5
0,0,110,5
0,0,110,5
0.171534550215368,0,110,5
0.171534550215368,0,110,5
0.171534550215368,0,110,5
0,0,110,5
0,0,110,5
0,0,110,5
0.720845508819589,0,110,5
0.422366668320728,0,110,5
0,0,110,5
0.171534550215368,1,110,5
0.422366668320728,0,110,5
0.720845508819589,0,110,5
0.422366668320728,0,110,5
0,0,110,5
0,1,110,5
0.422366668320728,0,110,5
0,0,110,5
0,0,110,5
0.422366668320728,0,110,6
0.422366668320728,0,110,6
0.422366668320728,0,110,6
0.171534550215368,0,110,6
0.422366668320728,0,110,6
0.422366668320728,0,110,6
0,0,110,6
0.720845508819589,1,110,6
0.720845508819589,1,110,6
0.422366668320728,1,110,6
0.422366668320728,0,110,6
0,0,110,6
0.171534550215368,1,110,6
0.720845508819589,0,110,6
0.720845508819589,0,110,6
0.422366668320728,0,110,6
0,0,110,6
0.422366668320728,0,110,6
0,0,110,6
0,0,110,6
0.720845508819589,0,110,6
0.720845508819589,0,110,6
0.422366668320728,0,110,6
0,0,110,6
0.171534550215368,0,110,6
0.422366668320728,0,110,6
0.422366668320728,0,110,6
0.422366668320728,0,110,6
0.171534550215368,0,110,6
0,0,110,6
0.422366668320728,0,110,6
0,0,110,6
0.422366668320728,0,110,6
0.422366668320728,0,110,6
0,0,110,6
0,0,110,6
0.720845508819589,0,110,6
0,0,110,6
0,0,110,6
0,0,110,6
0.422366668320728,0,110,6
0.171534550215368,0,110,6
0.422366668320728,0,110,6
0.171534550215368,0,110,6
0,0,110,6
0,0,110,6
0,0,110,6
0.720845508819589,0,110,6
0.720845508819589,0,110,6
0.422366668320728,0,110,6
0,0,110,6
0.422366668320728,0,110,6
0,0,110,6
0.171534550215368,0,110,6
0.422366668320728,0,110,6
0,0,110,6
0,0,110,6
0.422366668320728,0,110,6
0.171534550215368,0,110,6
0,0,110,6
0,0,110,6
0,0,110,6
0.720845508819589,0,110,6
0,0,110,6
0.422366668320728,0,110,6
0.422366668320728,0,110,6
0,0,110,6
0.720845508819589,0,110,6
0,0,110,6
0,0,110,6
0.171534550215368,0,110,6
0.422366668320728,0,110,6
0,0,110,6
0.720845508819589,0,110,6
0.422366668320728,0,110,6
0.171534550215368,0,110,6
0,0,110,6
0,0,110,6
0,0,110,6
0,0,110,6
0.0109180776864066,1,111,1
0.439955872155562,1,111,1
0.439955872155562,1,111,1
0.439955872155562,1,111,1
0.439955872155562,1,111,1
0.98242721644574,1,111,1
0,0,111,1
0.98242721644574,1,111,1
0.0109180776864066,1,111,1
0.98242721644574,1,111,1
0.439955872155562,1,111,1
0.439955872155562,1,111,1
0.98242721644574,1,111,1
0.439955872155562,1,111,1
0.439955872155562,1,111,1
0,0,111,1
0.98242721644574,1,111,1
0,0,111,1
0.439955872155562,1,111,1
0.439955872155562,1,111,1
0.439955872155562,1,111,1
0,0,111,1
0.439955872155562,1,111,1
0,0,111,1
0,0,111,1
0.98242721644574,1,111,1
0.439955872155562,1,111,1
0,0,111,1
0.0109180776864066,0,111,1
0.0109180776864066,0,111,1
0,0,111,1
0.439955872155562,1,111,1
0.0109180776864066,1,111,1
0,0,111,1
0.98242721644574,1,111,1
0,0,111,1
0.98242721644574,1,111,1
0,0,111,1
0,0,111,1
0.439955872155562,1,111,1
0.0109180776864066,0,111,1
0,0,111,1
0,0,111,1
0,0,111,1
0,0,111,1
0.439955872155562,1,111,1
0.439955872155562,1,111,1
0.439955872155562,1,111,1
0,0,111,1
0,0,111,1
0,0,111,1
0,0,111,1
0.98242721644574,1,111,1
0.98242721644574,1,111,1
0,0,111,1
0.439955872155562,1,111,1
0.0109180776864066,1,111,1
0,0,111,1
0.439955872155562,1,111,1
0.439955872155562,1,111,1
0.0109180776864066,1,111,1
0.439955872155562,1,111,1
0,0,111,1
0,0,111,1
0,0,111,1
0.98242721644574,1,111,1
0.439955872155562,1,111,1
0,0,111,1
0.0109180776864066,1,111,1
0.439955872155562,1,111,1
0,0,111,1
0,0,111,1
0,0,111,1
0,0,111,1
0.439955872155562,1,111,1
0.98242721644574,1,111,1
0.439955872155562,1,111,1
0.0109180776864066,1,111,1
0,0,111,1
0,0,111,1
0.98242721644574,1,111,2
0.439955872155562,1,111,2
0.439955872155562,1,111,2
0,1,111,2
0.439955872155562,1,111,2
0.439955872155562,1,111,2
0.98242721644574,1,111,2
0.98242721644574,1,111,2
0.439955872155562,1,111,2
0.98242721644574,1,111,2
0,0,111,2
0.439955872155562,0,111,2
0.0109180776864066,0,111,2
0.439955872155562,1,111,2
0.439955872155562,1,111,2
0.0109180776864066,1,111,2
0.0109180776864066,1,111,2
0.439955872155562,1,111,2
0.439955872155562,1,111,2
0,0,111,2
0.98242721644574,1,111,2
0,0,111,2
0.0109180776864066,1,111,2
0.439955872155562,1,111,2
0.439955872155562,1,111,2
0.98242721644574,1,111,2
0,1,111,2
0.439955872155562,1,111,2
0,0,111,2
0.439955872155562,1,111,2
0,0,111,2
0,1,111,2
0,0,111,2
0,0,111,2
0,0,111,2
0.439955872155562,1,111,2
0.439955872155562,0,111,2
0.439955872155562,1,111,2
0.439955872155562,1,111,2
0.98242721644574,1,111,2
0.0109180776864066,1,111,2
0,0,111,2
0,1,111,2
0.98242721644574,1,111,2
0,1,111,2
0,0,111,2
0,0,111,2
0.0109180776864066,1,111,2
0.439955872155562,1,111,2
0,0,111,2
0.439955872155562,1,111,2
0,0,111,2
0.98242721644574,1,111,2
0,0,111,2
0,0,111,2
0,1,111,2
0.0109180776864066,1,111,2
0,0,111,2
0,0,111,2
0.439955872155562,1,111,2
0,0,111,2
0.0109180776864066,1,111,2
0.439955872155562,1,111,2
0.98242721644574,1,111,2
0.0109180776864066,1,111,2
0.98242721644574,1,111,2
0,0,111,2
0,0,111,2
0.439955872155562,1,111,2
0,1,111,2
0.0109180776864066,1,111,2
0.439955872155562,1,111,2
0.98242721644574,1,111,2
0,1,111,2
0,0,111,2
0.439955872155562,1,111,2
0,0,111,2
0,0,111,2
0.439955872155562,1,111,2
0,0,111,2
0.98242721644574,1,111,3
0.439955872155562,1,111,3
0.0109180776864066,1,111,3
0,0,111,3
0.439955872155562,1,111,3
0.98242721644574,1,111,3
0.98242721644574,1,111,3
0.0109180776864066,1,111,3
0.439955872155562,1,111,3
0.439955872155562,1,111,3
0.439955872155562,1,111,3
0,0,111,3
0.439955872155562,1,111,3
0.98242721644574,1,111,3
0.439955872155562,1,111,3
0.439955872155562,1,111,3
0,0,111,3
0,0,111,3
0.439955872155562,1,111,3
0.439955872155562,1,111,3
0,0,111,3
0.0109180776864066,0,111,3
0,0,111,3
0,0,111,3
0.98242721644574,1,111,3
0.439955872155562,1,111,3
0,0,111,3
0.439955872155562,1,111,3
0.98242721644574,1,111,3
0.0109180776864066,1,111,3
0.439955872155562,1,111,3
0.439955872155562,1,111,3
0,0,111,3
0,0,111,3
0,0,111,3
0.439955872155562,1,111,3
0,0,111,3
0,0,111,3
0.439955872155562,1,111,3
0,0,111,3
0.439955872155562,1,111,3
0,0,111,3
0.0109180776864066,1,111,3
0.98242721644574,1,111,3
0,0,111,3
0.0109180776864066,1,111,3
0.98242721644574,1,111,3
0.439955872155562,1,111,3
0.439955872155562,1,111,3
0,0,111,3
0,0,111,3
0.98242721644574,1,111,3
0.439955872155562,1,111,3
0,0,111,3
0.0109180776864066,0,111,3
0.439955872155562,1,111,3
0,0,111,3
0.0109180776864066,0,111,3
0,0,111,3
0.98242721644574,1,111,3
0,0,111,3
0,0,111,3
0,0,111,3
0.439955872155562,1,111,3
0.0109180776864066,1,111,3
0,0,111,3
0,0,111,3
0.439955872155562,1,111,3
0,1,111,3
0.98242721644574,0,111,3
0.439955872155562,1,111,3
0,1,111,3
0.0109180776864066,1,111,3
0,0,111,3
0.439955872155562,1,111,3
0,1,111,3
0,1,111,3
0.98242721644574,1,111,3
0.439955872155562,1,111,3
0,1,111,3
0.337809508020862,1,111,4
0.514158400379258,1,111,4
0.687051068870443,1,111,4
0.337809508020862,1,111,4
0.514158400379258,1,111,4
0.687051068870443,1,111,4
0.514158400379258,1,111,4
0.514158400379258,1,111,4
0,0,111,4
0,0,111,4
0.514158400379258,1,111,4
0.514158400379258,1,111,4
0.514158400379258,0,111,4
0.687051068870443,1,111,4
0.687051068870443,1,111,4
0.514158400379258,1,111,4
0.514158400379258,1,111,4
0.514158400379258,1,111,4
0,0,111,4
0.687051068870443,1,111,4
0,1,111,4
0.514158400379258,1,111,4
0.514158400379258,1,111,4
0.337809508020862,1,111,4
0.514158400379258,1,111,4
0.337809508020862,1,111,4
0,0,111,4
0,1,111,4
0,0,111,4
0,0,111,4
0.687051068870443,1,111,4
0.514158400379258,0,111,4
0,0,111,4
0.514158400379258,0,111,4
0,0,111,4
0,0,111,4
0.687051068870443,0,111,4
0,0,111,4
0,0,111,4
0.687051068870443,1,111,4
0,0,111,4
0,1,111,4
0.514158400379258,1,111,4
0.514158400379258,1,111,4
0.337809508020862,1,111,4
0,1,111,4
0.514158400379258,0,111,4
0.337809508020862,1,111,4
0.514158400379258,1,111,4
0.514158400379258,1,111,4
0,0,111,4
0.687051068870443,1,111,4
0.337809508020862,1,111,4
0.337809508020862,1,111,4
0,0,111,4
0,0,111,4
0,0,111,4
0,0,111,4
0.514158400379258,0,111,4
0.514158400379258,0,111,4
0,0,111,4
0,0,111,4
0,0,111,4
0.687051068870443,0,111,4
0,1,111,4
0.514158400379258,1,111,4
0.687051068870443,1,111,4
0,0,111,4
0,0,111,4
0,0,111,4
0.514158400379258,1,111,4
0.514158400379258,1,111,4
0.337809508020862,1,111,4
0,1,111,4
0,1,111,4
0,1,111,4
0.514158400379258,1,111,4
0.337809508020862,1,111,4
0,1,111,4
0.687051068870443,1,111,4
0.687051068870443,1,111,5
0.687051068870443,1,111,5
0,0,111,5
0.514158400379258,1,111,5
0.337809508020862,1,111,5
0.514158400379258,1,111,5
0.687051068870443,1,111,5
0.514158400379258,1,111,5
0.514158400379258,1,111,5
0,1,111,5
0.514158400379258,1,111,5
0.514158400379258,1,111,5
0.514158400379258,1,111,5
0.514158400379258,1,111,5
0.337809508020862,1,111,5
0.687051068870443,1,111,5
0,0,111,5
0.514158400379258,1,111,5
0,1,111,5
0.514158400379258,1,111,5
0,0,111,5
0.514158400379258,1,111,5
0.687051068870443,0,111,5
0.337809508020862,0,111,5
0,0,111,5
0.687051068870443,1,111,5
0.514158400379258,1,111,5
0.514158400379258,1,111,5
0.514158400379258,1,111,5
0,1,111,5
0,1,111,5
0.337809508020862,1,111,5
0,0,111,5
0,0,111,5
0.337809508020862,0,111,5
0.337809508020862,1,111,5
0,0,111,5
0,0,111,5
0.514158400379258,1,111,5
0,0,111,5
0,0,111,5
0,0,111,5
0.514158400379258,1,111,5
0,1,111,5
0.514158400379258,1,111,5
0.687051068870443,0,111,5
0.687051068870443,0,111,5
0.514158400379258,1,111,5
0.337809508020862,1,111,5
0,1,111,5
0.514158400379258,1,111,5
0,1,111,5
0.514158400379258,1,111,5
0,1,111,5
0,1,111,5
0.337809508020862,1,111,5
0.687051068870443,1,111,5
0,0,111,5
0.514158400379258,0,111,5
0,1,111,5
0,1,111,5
0.514158400379258,0,111,5
0,0,111,5
0.687051068870443,1,111,5
0.687051068870443,1,111,5
0.514158400379258,1,111,5
0,1,111,5
0,0,111,5
0,0,111,5
0,0,111,5
0,0,111,5
0.514158400379258,0,111,5
0.337809508020862,0,111,5
0,1,111,5
0,0,111,5
0,0,111,5
0.514158400379258,0,111,5
0.514158400379258,0,111,5
0.337809508020862,1,111,5
0.687051068870443,1,111,5
0.514158400379258,0,111,6
0.514158400379258,1,111,6
0.337809508020862,1,111,6
0,1,111,6
0.514158400379258,1,111,6
0.514158400379258,0,111,6
0.687051068870443,1,111,6
0.687051068870443,1,111,6
0,1,111,6
0.514158400379258,1,111,6
0.687051068870443,1,111,6
0.514158400379258,0,111,6
0.514158400379258,0,111,6
0.514158400379258,1,111,6
0.687051068870443,1,111,6
0.337809508020862,1,111,6
0,0,111,6
0.514158400379258,1,111,6
0.337809508020862,1,111,6
0.514158400379258,1,111,6
0.687051068870443,1,111,6
0,1,111,6
0.337809508020862,1,111,6
0,0,111,6
0.514158400379258,0,111,6
0.514158400379258,1,111,6
0,0,111,6
0.514158400379258,1,111,6
0,1,111,6
0.514158400379258,1,111,6
0.687051068870443,0,111,6
0,1,111,6
0.687051068870443,1,111,6
0,0,111,6
0,0,111,6
0,0,111,6
0.337809508020862,0,111,6
0.514158400379258,0,111,6
0.337809508020862,0,111,6
0,0,111,6
0,0,111,6
0,0,111,6
0.514158400379258,0,111,6
0,0,111,6
0,0,111,6
0.687051068870443,0,111,6
0.514158400379258,0,111,6
0.514158400379258,0,111,6
0.687051068870443,1,111,6
0.337809508020862,1,111,6
0.514158400379258,1,111,6
0.687051068870443,1,111,6
0,0,111,6
0,1,111,6
0,1,111,6
0,1,111,6
0.514158400379258,1,111,6
0,1,111,6
0,0,111,6
0.514158400379258,1,111,6
0,0,111,6
0.514158400379258,0,111,6
0,0,111,6
0.337809508020862,0,111,6
0.687051068870443,1,111,6
0.337809508020862,1,111,6
0,1,111,6
0,0,111,6
0.337809508020862,1,111,6
0.514158400379258,1,111,6
0.687051068870443,1,111,6
0.514158400379258,1,111,6
0,1,111,6
0,0,111,6
0,0,111,6
0,0,111,6
0.514158400379258,0,111,6
0.514158400379258,0,111,6
0,0,111,6
0,0,111,6
0.415387221089545,1,112,1
0.415387221089545,1,112,1
0.576402950031166,1,112,1
0.415387221089545,1,112,1
0.415387221089545,1,112,1
0.576402950031166,1,112,1
0.576402950031166,1,112,1
0,0,112,1
0.270615613246535,1,112,1
0.576402950031166,1,112,1
0,0,112,1
0.270615613246535,0,112,1
0.415387221089545,1,112,1
0.415387221089545,1,112,1
0.415387221089545,1,112,1
0.415387221089545,1,112,1
0.415387221089545,1,112,1
0,1,112,1
0.576402950031166,0,112,1
0,0,112,1
0.415387221089545,0,112,1
0,0,112,1
0.415387221089545,0,112,1
0.576402950031166,0,112,1
0,0,112,1
0,0,112,1
0.270615613246535,0,112,1
0.415387221089545,1,112,1
0,0,112,1
0.270615613246535,1,112,1
0.415387221089545,0,112,1
0.415387221089545,1,112,1
0.270615613246535,1,112,1
0,0,112,1
0,0,112,1
0,0,112,1
0.415387221089545,1,112,1
0.415387221089545,1,112,1
0,0,112,1
0.415387221089545,1,112,1
0,1,112,1
0,1,112,1
0.576402950031166,1,112,1
0,1,112,1
0.415387221089545,1,112,1
0,0,112,1
0.576402950031166,0,112,1
0.270615613246535,0,112,1
0.576402950031166,1,112,1
0,1,112,1
0.415387221089545,1,112,1
0,1,112,1
0,1,112,1
0.415387221089545,1,112,1
0.270615613246535,0,112,1
0,0,112,1
0.415387221089545,0,112,1
0,0,112,1
0.576402950031166,1,112,1
0,1,112,1
0.270615613246535,1,112,1
0,0,112,1
0,0,112,1
0.415387221089545,0,112,1
0,0,112,1
0.415387221089545,0,112,1
0,0,112,1
0.415387221089545,0,112,1
0.270615613246535,1,112,1
0,1,112,1
0,1,112,1
0,1,112,1
0.415387221089545,1,112,1
0.270615613246535,1,112,1
0,0,112,1
0,0,112,1
0.576402950031166,0,112,1
0.576402950031166,0,112,1
0.415387221089545,1,112,1
0,1,112,1
0.415387221089545,1,112,2
0.576402950031166,1,112,2
0.415387221089545,1,112,2
0,0,112,2
0.415387221089545,1,112,2
0.415387221089545,1,112,2
0.270615613246535,1,112,2
0.415387221089545,0,112,2
0.415387221089545,1,112,2
0.576402950031166,1,112,2
0.415387221089545,1,112,2
0.576402950031166,1,112,2
0.576402950031166,1,112,2
0.270615613246535,1,112,2
0.415387221089545,1,112,2
0,0,112,2
0.576402950031166,1,112,2
0.576402950031166,1,112,2
0,1,112,2
0,0,112,2
0.415387221089545,0,112,2
0.270615613246535,1,112,2
0,1,112,2
0.415387221089545,1,112,2
0.270615613246535,1,112,2
0.415387221089545,1,112,2
0.415387221089545,1,112,2
0.415387221089545,1,112,2
0,1,112,2
0.415387221089545,0,112,2
0,0,112,2
0,0,112,2
0.415387221089545,1,112,2
0,0,112,2
0,0,112,2
0.415387221089545,0,112,2
0.270615613246535,1,112,2
0,0,112,2
0,0,112,2
0,0,112,2
0,0,112,2
0,0,112,2
0.415387221089545,0,112,2
0.270615613246535,1,112,2
0.415387221089545,1,112,2
0.576402950031166,1,112,2
0.576402950031166,1,112,2
0,0,112,2
0,0,112,2
0,1,112,2
0.270615613246535,1,112,2
0,1,112,2
0.415387221089545,1,112,2
0.415387221089545,0,112,2
0,0,112,2
0.270615613246535,1,112,2
0.415387221089545,1,112,2
0.415387221089545,1,112,2
0,0,112,2
0,0,112,2
0,0,112,2
0,0,112,2
0.576402950031166,0,112,2
0.576402950031166,0,112,2
0,0,112,2
0.576402950031166,1,112,2
0.270615613246535,1,112,2
0.576402950031166,1,112,2
0.415387221089545,1,112,2
0.415387221089545,1,112,2
0.415387221089545,1,112,2
0.270615613246535,1,112,2
0,1,112,2
0,1,112,2
0,0,112,2
0,0,112,2
0.415387221089545,1,112,2
0,1,112,2
0,0,112,2
0,0,112,2
0.415387221089545,1,112,3
0.576402950031166,1,112,3
0.415387221089545,1,112,3
0.415387221089545,1,112,3
0.576402950031166,1,112,3
0.415387221089545,0,112,3
0,0,112,3
0.576402950031166,1,112,3
0.270615613246535,1,112,3
0.415387221089545,1,112,3
0.415387221089545,1,112,3
0.576402950031166,1,112,3
0,1,112,3
0.270615613246535,0,112,3
0.415387221089545,1,112,3
0.415387221089545,0,112,3
0,0,112,3
0,1,112,3
0.415387221089545,1,112,3
0,1,112,3
0,1,112,3
0,0,112,3
0.415387221089545,1,112,3
0.415387221089545,1,112,3
0,0,112,3
0.576402950031166,0,112,3
0.270615613246535,1,112,3
0.270615613246535,1,112,3
0.576402950031166,1,112,3
0.415387221089545,1,112,3
0.415387221089545,1,112,3
0.415387221089545,1,112,3
0.415387221089545,1,112,3
0,0,112,3
0,1,112,3
0.576402950031166,1,112,3
0.415387221089545,1,112,3
0,1,112,3
0.270615613246535,1,112,3
0.576402950031166,1,112,3
0,0,112,3
0,0,112,3
0.415387221089545,0,112,3
0,0,112,3
0.270615613246535,1,112,3
0.415387221089545,1,112,3
0,0,112,3
0,0,112,3
0.576402950031166,1,112,3
0,0,112,3
0,0,112,3
0,0,112,3
0.415387221089545,0,112,3
0.415387221089545,0,112,3
0,0,112,3
0,1,112,3
0.270615613246535,1,112,3
0.415387221089545,1,112,3
0,0,112,3
0.576402950031166,0,112,3
0.270615613246535,1,112,3
0.415387221089545,1,112,3
0,1,112,3
0,0,112,3
0,0,112,3
0,0,112,3
0.270615613246535,0,112,3
0.270615613246535,1,112,3
0.415387221089545,1,112,3
0,1,112,3
0,0,112,3
0.576402950031166,0,112,3
0.415387221089545,1,112,3
0.415387221089545,0,112,3
0.415387221089545,1,112,3
0,0,112,3
0,0,112,3
0.576402950031166,1,112,3
0,1,112,3
0,1,112,3
0.505340236180916,1,112,4
0.505340236180916,0,112,4
0.505340236180916,0,112,4
0.239125890563174,0,112,4
0,0,112,4
0.505340236180916,0,112,4
0.505340236180916,0,112,4
0.768560587868298,0,112,4
0.768560587868298,0,112,4
0.768560587868298,0,112,4
0,0,112,4
0.505340236180916,0,112,4
0.505340236180916,0,112,4
0.239125890563174,0,112,4
0.768560587868298,0,112,4
0.505340236180916,0,112,4
0.505340236180916,0,112,4
0.505340236180916,0,112,4
0.768560587868298,0,112,4
0.505340236180916,0,112,4
0,0,112,4
0,0,112,4
0.239125890563174,0,112,4
0.505340236180916,0,112,4
0.505340236180916,0,112,4
0,0,112,4
0.505340236180916,0,112,4
0,0,112,4
0.768560587868298,0,112,4
0,0,112,4
0.239125890563174,0,112,4
0,0,112,4
0.768560587868298,0,112,4
0,0,112,4
0.505340236180916,0,112,4
0,0,112,4
0,0,112,4
0.505340236180916,0,112,4
0.768560587868298,0,112,4
0.239125890563174,0,112,4
0,0,112,4
0,0,112,4
0.505340236180916,0,112,4
0.505340236180916,0,112,4
0,0,112,4
0,0,112,4
0.239125890563174,0,112,4
0,0,112,4
0,0,112,4
0,0,112,4
0.505340236180916,0,112,4
0.239125890563174,0,112,4
0,0,112,4
0,0,112,4
0,0,112,4
0.768560587868298,0,112,4
0,0,112,4
0.505340236180916,0,112,4
0,0,112,4
0.768560587868298,1,112,4
0.239125890563174,1,112,4
0.505340236180916,0,112,4
0,0,112,4
0.505340236180916,0,112,4
0.505340236180916,0,112,4
0.768560587868298,0,112,4
0.768560587868298,0,112,4
0.239125890563174,0,112,4
0,0,112,4
0,0,112,4
0.505340236180916,0,112,4
0,0,112,4
0,0,112,4
0,0,112,4
0,0,112,4
0,0,112,4
0.505340236180916,0,112,4
0.239125890563174,0,112,4
0,0,112,4
0.505340236180916,0,112,4
0,0,112,5
0.768560587868298,0,112,5
0.505340236180916,0,112,5
0.239125890563174,0,112,5
0.768560587868298,0,112,5
0.505340236180916,0,112,5
0.239125890563174,0,112,5
0.505340236180916,0,112,5
0,0,112,5
0.505340236180916,0,112,5
0.505340236180916,0,112,5
0.768560587868298,0,112,5
0.768560587868298,0,112,5
0.505340236180916,0,112,5
0.505340236180916,0,112,5
0.505340236180916,0,112,5
0,0,112,5
0.505340236180916,0,112,5
0.768560587868298,0,112,5
0.239125890563174,0,112,5
0,0,112,5
0.505340236180916,0,112,5
0.768560587868298,0,112,5
0.505340236180916,0,112,5
0.505340236180916,0,112,5
0.239125890563174,0,112,5
0,0,112,5
0.505340236180916,0,112,5
0.505340236180916,0,112,5
0,0,112,5
0,0,112,5
0,0,112,5
0.505340236180916,0,112,5
0,0,112,5
0.239125890563174,0,112,5
0.505340236180916,0,112,5
0,0,112,5
0.505340236180916,0,112,5
0,0,112,5
0,0,112,5
0.505340236180916,0,112,5
0,0,112,5
0.768560587868298,0,112,5
0.768560587868298,0,112,5
0,0,112,5
0,0,112,5
0.239125890563174,0,112,5
0,0,112,5
0,0,112,5
0.505340236180916,0,112,5
0,0,112,5
0.505340236180916,0,112,5
0.505340236180916,0,112,5
0,0,112,5
0.239125890563174,0,112,5
0.768560587868298,0,112,5
0.768560587868298,0,112,5
0,0,112,5
0.239125890563174,0,112,5
0.505340236180916,0,112,5
0,0,112,5
0,0,112,5
0,0,112,5
0,0,112,5
0,0,112,5
0,0,112,5
0,0,112,5
0,0,112,5
0,0,112,5
0.768560587868298,0,112,5
0.768560587868298,0,112,5
0.505340236180916,0,112,5
0.505340236180916,0,112,5
0.239125890563174,0,112,5
0.505340236180916,0,112,5
0,0,112,5
0.239125890563174,0,112,5
0,0,112,5
0,0,112,5
0.505340236180916,0,112,5
0.505340236180916,0,112,6
0.505340236180916,0,112,6
0,0,112,6
0.768560587868298,0,112,6
0,0,112,6
0.768560587868298,0,112,6
0.768560587868298,0,112,6
0.505340236180916,0,112,6
0.505340236180916,0,112,6
0.505340236180916,0,112,6
0.239125890563174,0,112,6
0.505340236180916,0,112,6
0.768560587868298,0,112,6
0.505340236180916,0,112,6
0.505340236180916,0,112,6
0.239125890563174,0,112,6
0.505340236180916,0,112,6
0,0,112,6
0.505340236180916,0,112,6
0,0,112,6
0,0,112,6
0.505340236180916,0,112,6
0.239125890563174,0,112,6
0,0,112,6
0.768560587868298,0,112,6
0,0,112,6
0.505340236180916,0,112,6
0.768560587868298,0,112,6
0.505340236180916,0,112,6
0,0,112,6
0.505340236180916,0,112,6
0.239125890563174,0,112,6
0,0,112,6
0.505340236180916,0,112,6
0,0,112,6
0.239125890563174,0,112,6
0,0,112,6
0,0,112,6
0.505340236180916,0,112,6
0,0,112,6
0.505340236180916,0,112,6
0.505340236180916,0,112,6
0,0,112,6
0.768560587868298,0,112,6
0.768560587868298,0,112,6
0.239125890563174,0,112,6
0,0,112,6
0,0,112,6
0,0,112,6
0.505340236180916,0,112,6
0.505340236180916,0,112,6
0,0,112,6
0.239125890563174,0,112,6
0,0,112,6
0.239125890563174,0,112,6
0.768560587868298,0,112,6
0,0,112,6
0.768560587868298,0,112,6
0,0,112,6
0,0,112,6
0.505340236180916,0,112,6
0.505340236180916,0,112,6
0,0,112,6
0,0,112,6
0.505340236180916,0,112,6
0,0,112,6
0,0,112,6
0,0,112,6
0.505340236180916,0,112,6
0,0,112,6
0,0,112,6
0.768560587868298,0,112,6
0,0,112,6
0.239125890563174,0,112,6
0.768560587868298,0,112,6
0.505340236180916,0,112,6
0.505340236180916,0,112,6
0,0,112,6
0.239125890563174,0,112,6
0,0,112,6
0.46159560079691,0,201,1
0.46159560079691,1,201,1
0.613621638194016,1,201,1
0.46159560079691,0,201,1
0.46159560079691,1,201,1
0.46159560079691,1,201,1
0.46159560079691,1,201,1
0.46159560079691,0,201,1
0.613621638194016,1,201,1
0.316391948438115,0,201,1
0.613621638194016,1,201,1
0,0,201,1
0,0,201,1
0.46159560079691,0,201,1
0.613621638194016,0,201,1
0.316391948438115,0,201,1
0.46159560079691,1,201,1
0.316391948438115,1,201,1
0.46159560079691,0,201,1
0.46159560079691,1,201,1
0.316391948438115,0,201,1
0.613621638194016,1,201,1
0.46159560079691,1,201,1
0,0,201,1
0,0,201,1
0,0,201,1
0,0,201,1
0.46159560079691,0,201,1
0.46159560079691,0,201,1
0,0,201,1
0,0,201,1
0.613621638194016,1,201,1
0.316391948438115,1,201,1
0,1,201,1
0.46159560079691,0,201,1
0,0,201,1
0,0,201,1
0.46159560079691,0,201,1
0.46159560079691,0,201,1
0,0,201,1
0.46159560079691,0,201,1
0.316391948438115,0,201,1
0,0,201,1
0,0,201,1
0.613621638194016,0,201,1
0,0,201,1
0,0,201,1
0.613621638194016,0,201,1
0,0,201,1
0,0,201,1
0.613621638194016,0,201,1
0,0,201,1
0.316391948438115,0,201,1
0.46159560079691,0,201,1
0.46159560079691,1,201,1
0.316391948438115,1,201,1
0,0,201,1
0,1,201,1
0,0,201,1
0.613621638194016,1,201,1
0.46159560079691,0,201,1
0,0,201,1
0,0,201,1
0.46159560079691,0,201,1
0.46159560079691,1,201,1
0.613621638194016,0,201,1
0,0,201,1
0,0,201,1
0.316391948438115,1,201,1
0.613621638194016,0,201,1
0,0,201,1
0,0,201,1
0.46159560079691,0,201,1
0.316391948438115,0,201,1
0.46159560079691,0,201,1
0,0,201,1
0.46159560079691,0,201,1
0,0,201,1
0,0,201,1
0,0,201,1
0.46159560079691,0,201,2
0.46159560079691,0,201,2
0.316391948438115,0,201,2
0.613621638194016,1,201,2
0.46159560079691,0,201,2
0.613621638194016,1,201,2
0.46159560079691,0,201,2
0,0,201,2
0.613621638194016,1,201,2
0,0,201,2
0.46159560079691,1,201,2
0.613621638194016,1,201,2
0.46159560079691,1,201,2
0.46159560079691,1,201,2
0.46159560079691,1,201,2
0.316391948438115,1,201,2
0,0,201,2
0,0,201,2
0.46159560079691,0,201,2
0,0,201,2
0,0,201,2
0.46159560079691,0,201,2
0.46159560079691,0,201,2
0.46159560079691,0,201,2
0.46159560079691,1,201,2
0,0,201,2
0.316391948438115,0,201,2
0,0,201,2
0.316391948438115,0,201,2
0.613621638194016,0,201,2
0.46159560079691,1,201,2
0.613621638194016,1,201,2
0,0,201,2
0,0,201,2
0,0,201,2
0,0,201,2
0,0,201,2
0.316391948438115,0,201,2
0.613621638194016,1,201,2
0.613621638194016,0,201,2
0,0,201,2
0.46159560079691,0,201,2
0.46159560079691,1,201,2
0,0,201,2
0.46159560079691,0,201,2
0,0,201,2
0.316391948438115,0,201,2
0.46159560079691,1,201,2
0.316391948438115,0,201,2
0.613621638194016,1,201,2
0,0,201,2
0,0,201,2
0,0,201,2
0.316391948438115,0,201,2
0.46159560079691,0,201,2
0,1,201,2
0,0,201,2
0,0,201,2
0.46159560079691,0,201,2
0.46159560079691,1,201,2
0,0,201,2
0.613621638194016,1,201,2
0,0,201,2
0.46159560079691,1,201,2
0,0,201,2
0,0,201,2
0,0,201,2
0,0,201,2
0.46159560079691,1,201,2
0.46159560079691,0,201,2
0.46159560079691,1,201,2
0.613621638194016,1,201,2
0,0,201,2
0.613621638194016,1,201,2
0,0,201,2
0.316391948438115,1,201,2
0,0,201,2
0.46159560079691,0,201,2
0.316391948438115,0,201,2
0,0,201,2
0.46159560079691,0,201,3
0.46159560079691,0,201,3
0.46159560079691,0,201,3
0.613621638194016,1,201,3
0.46159560079691,1,201,3
0.613621638194016,1,201,3
0.613621638194016,1,201,3
0.316391948438115,0,201,3
0.46159560079691,0,201,3
0.316391948438115,0,201,3
0.46159560079691,0,201,3
0.46159560079691,0,201,3
0.613621638194016,0,201,3
0,0,201,3
0.46159560079691,0,201,3
0,0,201,3
0,0,201,3
0.613621638194016,1,201,3
0.316391948438115,1,201,3
0,0,201,3
0.46159560079691,0,201,3
0.46159560079691,0,201,3
0.613621638194016,0,201,3
0.46159560079691,0,201,3
0.46159560079691,0,201,3
0.46159560079691,0,201,3
0,0,201,3
0,0,201,3
0.316391948438115,0,201,3
0,0,201,3
0.46159560079691,0,201,3
0,0,201,3
0,0,201,3
0.316391948438115,0,201,3
0,0,201,3
0,0,201,3
0,0,201,3
0,0,201,3
0.46159560079691,0,201,3
0,0,201,3
0.613621638194016,0,201,3
0,0,201,3
0.613621638194016,0,201,3
0,0,201,3
0.46159560079691,1,201,3
0.46159560079691,0,201,3
0.46159560079691,0,201,3
0.316391948438115,0,201,3
0,0,201,3
0,0,201,3
0.46159560079691,0,201,3
0.46159560079691,0,201,3
0,0,201,3
0,0,201,3
0,0,201,3
0.613621638194016,0,201,3
0.46159560079691,0,201,3
0.46159560079691,1,201,3
0.316391948438115,0,201,3
0,0,201,3
0,0,201,3
0.613621638194016,0,201,3
0,0,201,3
0.316391948438115,0,201,3
0.46159560079691,0,201,3
0,0,201,3
0,0,201,3
0,0,201,3
0,0,201,3
0.46159560079691,0,201,3
0,0,201,3
0.613621638194016,1,201,3
0.46159560079691,1,201,3
0.613621638194016,1,201,3
0,0,201,3
0.316391948438115,0,201,3
0.46159560079691,0,201,3
0,1,201,3
0,0,201,3
0.316391948438115,0,201,3
0.380910063659107,0,201,4
0.134107315359382,1,201,4
0.709662634315718,1,201,4
0.709662634315718,0,201,4
0.380910063659107,1,201,4
0.380910063659107,1,201,4
0.380910063659107,1,201,4
0.380910063659107,1,201,4
0.709662634315718,1,201,4
0,0,201,4
0.134107315359382,1,201,4
0.380910063659107,0,201,4
0,0,201,4
0.709662634315718,1,201,4
0.380910063659107,0,201,4
0.380910063659107,1,201,4
0.709662634315718,1,201,4
0,0,201,4
0.380910063659107,1,201,4
0.380910063659107,0,201,4
0,0,201,4
0.380910063659107,0,201,4
0,0,201,4
0.134107315359382,0,201,4
0.380910063659107,0,201,4
0,0,201,4
0.134107315359382,0,201,4
0.380910063659107,0,201,4
0.380910063659107,0,201,4
0.709662634315718,1,201,4
0,0,201,4
0,0,201,4
0,0,201,4
0,0,201,4
0.134107315359382,0,201,4
0.709662634315718,0,201,4
0,0,201,4
0.380910063659107,0,201,4
0,0,201,4
0.380910063659107,0,201,4
0.380910063659107,1,201,4
0.709662634315718,1,201,4
0.380910063659107,0,201,4
0,0,201,4
0,0,201,4
0,0,201,4
0.134107315359382,0,201,4
0,0,201,4
0.380910063659107,1,201,4
0.380910063659107,1,201,4
0.134107315359382,1,201,4
0,0,201,4
0.380910063659107,0,201,4
0,0,201,4
0.134107315359382,0,201,4
0,0,201,4
0,0,201,4
0.709662634315718,0,201,4
0,0,201,4
0.380910063659107,0,201,4
0,0,201,4
0.709662634315718,0,201,4
0,0,201,4
0,0,201,4
0.380910063659107,0,201,4
0.134107315359382,0,201,4
0,0,201,4
0.380910063659107,0,201,4
0,0,201,4
0.134107315359382,0,201,4
0,0,201,4
0.709662634315718,0,201,4
0,0,201,4
0.380910063659107,1,201,4
0,0,201,4
0,0,201,4
0.380910063659107,0,201,4
0,0,201,4
0.709662634315718,0,201,4
0,0,201,4
0.709662634315718,1,201,5
0.380910063659107,0,201,5
0.380910063659107,0,201,5
0.380910063659107,0,201,5
0.134107315359382,0,201,5
0.709662634315718,1,201,5
0.380910063659107,0,201,5
0.380910063659107,0,201,5
0.380910063659107,0,201,5
0.709662634315718,0,201,5
0,0,201,5
0.134107315359382,0,201,5
0.380910063659107,0,201,5
0.380910063659107,0,201,5
0,0,201,5
0.709662634315718,0,201,5
0,0,201,5
0.134107315359382,0,201,5
0.134107315359382,0,201,5
0.380910063659107,0,201,5
0,0,201,5
0,0,201,5
0,0,201,5
0.380910063659107,0,201,5
0,0,201,5
0,0,201,5
0.380910063659107,0,201,5
0.380910063659107,0,201,5
0.709662634315718,0,201,5
0.380910063659107,0,201,5
0.709662634315718,0,201,5
0.380910063659107,0,201,5
0,0,201,5
0.134107315359382,0,201,5
0.709662634315718,1,201,5
0,0,201,5
0.380910063659107,1,201,5
0.709662634315718,1,201,5
0,0,201,5
0,0,201,5
0,0,201,5
0.380910063659107,1,201,5
0.380910063659107,1,201,5
0,0,201,5
0.380910063659107,1,201,5
0,0,201,5
0.134107315359382,0,201,5
0,0,201,5
0.709662634315718,1,201,5
0,0,201,5
0.134107315359382,0,201,5
0.380910063659107,0,201,5
0,0,201,5
0.709662634315718,0,201,5
0.380910063659107,1,201,5
0.380910063659107,1,201,5
0,0,201,5
0,0,201,5
0,0,201,5
0,0,201,5
0.380910063659107,0,201,5
0.134107315359382,0,201,5
0,0,201,5
0,0,201,5
0,0,201,5
0,0,201,5
0.134107315359382,0,201,5
0.380910063659107,1,201,5
0.709662634315718,1,201,5
0,0,201,5
0.709662634315718,1,201,5
0,1,201,5
0.380910063659107,1,201,5
0.380910063659107,0,201,5
0.134107315359382,1,201,5
0,0,201,5
0,0,201,5
0,0,201,5
0,0,201,5
0.380910063659107,0,201,5
0.380910063659107,1,201,6
0,0,201,6
0.709662634315718,0,201,6
0.380910063659107,1,201,6
0.380910063659107,0,201,6
0.134107315359382,0,201,6
0.380910063659107,0,201,6
0,0,201,6
0.380910063659107,0,201,6
0.134107315359382,0,201,6
0.709662634315718,0,201,6
0.709662634315718,1,201,6
0.380910063659107,0,201,6
0.380910063659107,1,201,6
0.709662634315718,1,201,6
0.380910063659107,0,201,6
0.380910063659107,1,201,6
0.709662634315718,0,201,6
0.380910063659107,1,201,6
0,0,201,6
0.380910063659107,0,201,6
0.380910063659107,0,201,6
0,0,201,6
0.380910063659107,1,201,6
0,0,201,6
0.134107315359382,0,201,6
0.134107315359382,0,201,6
0,1,201,6
0,0,201,6
0,0,201,6
0.380910063659107,0,201,6
0.709662634315718,0,201,6
0,0,201,6
0.134107315359382,0,201,6
0,0,201,6
0,0,201,6
0.380910063659107,1,201,6
0,0,201,6
0,0,201,6
0.134107315359382,0,201,6
0,0,201,6
0.709662634315718,0,201,6
0.709662634315718,0,201,6
0.380910063659107,0,201,6
0,0,201,6
0.380910063659107,0,201,6
0.380910063659107,0,201,6
0,0,201,6
0,0,201,6
0,0,201,6
0.380910063659107,0,201,6
0.709662634315718,0,201,6
0.134107315359382,0,201,6
0,0,201,6
0,0,201,6
0,0,201,6
0.380910063659107,0,201,6
0,0,201,6
0.709662634315718,0,201,6
0.380910063659107,0,201,6
0,1,201,6
0.134107315359382,1,201,6
0,0,201,6
0.380910063659107,0,201,6
0,0,201,6
0.134107315359382,0,201,6
0.380910063659107,0,201,6
0.709662634315718,0,201,6
0.134107315359382,0,201,6
0,0,201,6
0,0,201,6
0,0,201,6
0.380910063659107,1,201,6
0,0,201,6
0,0,201,6
0.380910063659107,0,201,6
0.380910063659107,0,201,6
0,0,201,6
0.709662634315718,0,201,6
0,0,201,6
0.99481504647931,1,202,1
0.535380280545039,1,202,1
0.535380280545039,1,202,1
0.535380280545039,1,202,1
0.99481504647931,1,202,1
0,0,202,1
0.535380280545039,1,202,1
0.535380280545039,1,202,1
0.00687284963728809,1,202,1
0.535380280545039,1,202,1
0,0,202,1
0.535380280545039,1,202,1
0.99481504647931,1,202,1
0.99481504647931,1,202,1
0.00687284963728809,0,202,1
0.535380280545039,1,202,1
0.535380280545039,1,202,1
0.535380280545039,1,202,1
0,0,202,1
0.00687284963728809,0,202,1
0.535380280545039,1,202,1
0.99481504647931,1,202,1
0.535380280545039,1,202,1
0,0,202,1
0,0,202,1
0.535380280545039,1,202,1
0.535380280545039,1,202,1
0,0,202,1
0,0,202,1
0.00687284963728809,1,202,1
0.99481504647931,1,202,1
0,0,202,1
0.99481504647931,1,202,1
0.535380280545039,1,202,1
0,0,202,1
0,0,202,1
0,0,202,1
0.535380280545039,1,202,1
0,0,202,1
0.535380280545039,1,202,1
0.99481504647931,1,202,1
0,0,202,1
0.00687284963728809,1,202,1
0,0,202,1
0,0,202,1
0.535380280545039,0,202,1
0.00687284963728809,1,202,1
0,1,202,1
0.99481504647931,1,202,1
0,0,202,1
0,0,202,1
0.00687284963728809,1,202,1
0,0,202,1
0.535380280545039,1,202,1
0.535380280545039,0,202,1
0,0,202,1
0,0,202,1
0,0,202,1
0.99481504647931,1,202,1
0.535380280545039,1,202,1
0.535380280545039,0,202,1
0,0,202,1
0,0,202,1
0.00687284963728809,1,202,1
0.00687284963728809,1,202,1
0,0,202,1
0.535380280545039,1,202,1
0,0,202,1
0.535380280545039,0,202,1
0.535380280545039,1,202,1
0,0,202,1
0,0,202,1
0,0,202,1
0.535380280545039,1,202,1
0.99481504647931,0,202,1
0.00687284963728809,0,202,1
0.99481504647931,1,202,1
0,0,202,1
0,0,202,1
0,0,202,1
0.535380280545039,1,202,2
0,0,202,2
0.99481504647931,0,202,2
0.00687284963728809,1,202,2
0.535380280545039,0,202,2
0.535380280545039,1,202,2
0.535380280545039,0,202,2
0.535380280545039,1,202,2
0.00687284963728809,1,202,2
0.535380280545039,1,202,2
0.535380280545039,1,202,2
0.99481504647931,1,202,2
0.99481504647931,0,202,2
0.535380280545039,1,202,2
0,0,202,2
0.99481504647931,1,202,2
0.535380280545039,1,202,2
0,0,202,2
0.535380280545039,1,202,2
0.535380280545039,1,202,2
0,1,202,2
0.535380280545039,1,202,2
0.99481504647931,1,202,2
0,1,202,2
0,0,202,2
0,1,202,2
0.99481504647931,1,202,2
0.535380280545039,1,202,2
0.00687284963728809,1,202,2
0,1,202,2
0.00687284963728809,1,202,2
0.535380280545039,1,202,2
0.535380280545039,1,202,2
0.535380280545039,1,202,2
0,0,202,2
0,0,202,2
0,0,202,2
0.00687284963728809,1,202,2
0,0,202,2
0,0,202,2
0,0,202,2
0.99481504647931,1,202,2
0.99481504647931,1,202,2
0.535380280545039,0,202,2
0,0,202,2
0,0,202,2
0.535380280545039,1,202,2
0.00687284963728809,0,202,2
0.00687284963728809,1,202,2
0,0,202,2
0.99481504647931,1,202,2
0,0,202,2
0.535380280545039,1,202,2
0,0,202,2
0,0,202,2
0.99481504647931,1,202,2
0,0,202,2
0,0,202,2
0.535380280545039,1,202,2
0.535380280545039,1,202,2
0.535380280545039,0,202,2
0,0,202,2
0.00687284963728809,1,202,2
0,0,202,2
0.535380280545039,1,202,2
0.535380280545039,1,202,2
0,1,202,2
0,0,202,2
0.535380280545039,1,202,2
0.99481504647931,1,202,2
0,0,202,2
0.00687284963728809,0,202,2
0,0,202,2
0,0,202,2
0.00687284963728809,1,202,2
0.99481504647931,1,202,2
0,0,202,2
0,0,202,2
0.535380280545039,0,202,2
0,0,202,2
0,0,202,3
0.535380280545039,0,202,3
0.99481504647931,1,202,3
0,0,202,3
0.99481504647931,0,202,3
0.535380280545039,1,202,3
0.535380280545039,1,202,3
0.535380280545039,1,202,3
0.99481504647931,1,202,3
0.00687284963728809,1,202,3
0.535380280545039,0,202,3
0.99481504647931,1,202,3
0.535380280545039,1,202,3
0.535380280545039,0,202,3
0.00687284963728809,0,202,3
0.535380280545039,1,202,3
0,0,202,3
0,0,202,3
0.535380280545039,0,202,3
0,0,202,3
0.535380280545039,0,202,3
0.535380280545039,1,202,3
0.535380280545039,1,202,3
0.99481504647931,1,202,3
0,0,202,3
0.00687284963728809,1,202,3
0.00687284963728809,0,202,3
0,0,202,3
0,0,202,3
0.535380280545039,1,202,3
0.99481504647931,0,202,3
0.535380280545039,1,202,3
0.535380280545039,1,202,3
0,0,202,3
0.00687284963728809,1,202,3
0.535380280545039,1,202,3
0,0,202,3
0,0,202,3
0,0,202,3
0.99481504647931,1,202,3
0.535380280545039,1,202,3
0,0,202,3
0.00687284963728809,1,202,3
0.99481504647931,0,202,3
0,0,202,3
0,0,202,3
0,0,202,3
0.535380280545039,1,202,3
0,0,202,3
0.99481504647931,1,202,3
0,0,202,3
0,0,202,3
0.535380280545039,1,202,3
0.99481504647931,1,202,3
0.535380280545039,1,202,3
0,0,202,3
0,0,202,3
0.535380280545039,0,202,3
0.00687284963728809,1,202,3
0,0,202,3
0,0,202,3
0,0,202,3
0.00687284963728809,0,202,3
0.535380280545039,0,202,3
0.99481504647931,1,202,3
0,0,202,3
0.535380280545039,1,202,3
0.535380280545039,1,202,3
0.535380280545039,1,202,3
0,0,202,3
0.00687284963728809,1,202,3
0,0,202,3
0,0,202,3
0.99481504647931,1,202,3
0.00687284963728809,1,202,3
0,0,202,3
0,0,202,3
0,0,202,3
0.535380280545039,1,202,3
0,0,202,3
0.478542550443717,1,202,4
0,0,202,4
0.182772250036529,0,202,4
0.790163608277687,1,202,4
0.478542550443717,0,202,4
0.478542550443717,0,202,4
0.790163608277687,1,202,4
0.478542550443717,1,202,4
0,0,202,4
0.182772250036529,0,202,4
0.478542550443717,1,202,4
0.790163608277687,0,202,4
0.478542550443717,0,202,4
0.478542550443717,1,202,4
0.478542550443717,1,202,4
0.790163608277687,1,202,4
0.790163608277687,1,202,4
0,0,202,4
0,0,202,4
0.478542550443717,0,202,4
0.790163608277687,0,202,4
0.478542550443717,0,202,4
0.182772250036529,1,202,4
0,0,202,4
0,0,202,4
0.182772250036529,0,202,4
0.478542550443717,0,202,4
0,0,202,4
0,0,202,4
0.478542550443717,1,202,4
0.478542550443717,1,202,4
0.478542550443717,1,202,4
0,0,202,4
0,0,202,4
0,0,202,4
0.182772250036529,0,202,4
0.182772250036529,0,202,4
0,0,202,4
0.790163608277687,1,202,4
0,0,202,4
0,0,202,4
0.478542550443717,1,202,4
0,0,202,4
0.478542550443717,1,202,4
0.478542550443717,0,202,4
0.790163608277687,1,202,4
0.478542550443717,0,202,4
0,0,202,4
0,0,202,4
0,0,202,4
0.790163608277687,1,202,4
0.478542550443717,1,202,4
0.478542550443717,0,202,4
0.790163608277687,1,202,4
0,0,202,4
0.182772250036529,1,202,4
0,0,202,4
0,0,202,4
0.182772250036529,1,202,4
0,0,202,4
0.478542550443717,1,202,4
0,0,202,4
0.478542550443717,1,202,4
0,0,202,4
0.182772250036529,0,202,4
0,0,202,4
0,0,202,4
0,0,202,4
0,0,202,4
0.478542550443717,0,202,4
0.182772250036529,1,202,4
0,0,202,4
0.478542550443717,1,202,4
0.478542550443717,1,202,4
0.790163608277687,1,202,4
0,0,202,4
0.478542550443717,1,202,4
0,0,202,4
0,0,202,4
0.790163608277687,0,202,4
0.790163608277687,0,202,5
0.478542550443717,1,202,5
0,0,202,5
0.478542550443717,1,202,5
0.790163608277687,1,202,5
0.478542550443717,1,202,5
0.182772250036529,1,202,5
0.478542550443717,1,202,5
0.790163608277687,1,202,5
0.478542550443717,0,202,5
0.478542550443717,1,202,5
0.790163608277687,1,202,5
0,0,202,5
0.478542550443717,1,202,5
0.182772250036529,0,202,5
0.478542550443717,1,202,5
0.790163608277687,0,202,5
0.790163608277687,1,202,5
0.478542550443717,1,202,5
0.478542550443717,1,202,5
0,0,202,5
0,0,202,5
0,0,202,5
0,0,202,5
0,0,202,5
0.478542550443717,1,202,5
0,0,202,5
0.478542550443717,1,202,5
0.182772250036529,1,202,5
0.182772250036529,0,202,5
0.478542550443717,1,202,5
0.478542550443717,0,202,5
0.478542550443717,1,202,5
0,0,202,5
0.790163608277687,1,202,5
0,0,202,5
0.478542550443717,1,202,5
0.182772250036529,0,202,5
0,0,202,5
0,0,202,5
0,0,202,5
0,0,202,5
0.182772250036529,0,202,5
0,0,202,5
0,0,202,5
0.790163608277687,0,202,5
0.478542550443717,0,202,5
0.478542550443717,0,202,5
0.478542550443717,1,202,5
0,0,202,5
0.182772250036529,1,202,5
0,0,202,5
0.478542550443717,1,202,5
0,0,202,5
0,0,202,5
0.478542550443717,1,202,5
0.790163608277687,0,202,5
0.478542550443717,1,202,5
0.182772250036529,1,202,5
0,0,202,5
0,0,202,5
0,0,202,5
0.790163608277687,1,202,5
0,0,202,5
0.790163608277687,1,202,5
0.790163608277687,1,202,5
0,0,202,5
0,0,202,5
0,0,202,5
0,0,202,5
0,0,202,5
0.182772250036529,0,202,5
0.478542550443717,0,202,5
0.478542550443717,1,202,5
0,0,202,5
0.478542550443717,0,202,5
0,0,202,5
0,0,202,5
0.478542550443717,0,202,5
0.182772250036529,0,202,5
0,0,202,6
0.478542550443717,0,202,6
0,0,202,6
0.478542550443717,0,202,6
0.478542550443717,0,202,6
0.790163608277687,1,202,6
0.478542550443717,0,202,6
0.790163608277687,1,202,6
0.182772250036529,0,202,6
0.478542550443717,1,202,6
0.790163608277687,1,202,6
0.478542550443717,1,202,6
0.182772250036529,0,202,6
0.478542550443717,1,202,6
0.478542550443717,1,202,6
0.790163608277687,1,202,6
0,0,202,6
0.478542550443717,1,202,6
0.478542550443717,1,202,6
0.478542550443717,1,202,6
0.182772250036529,0,202,6
0.478542550443717,1,202,6
0,0,202,6
0.478542550443717,0,202,6
0,0,202,6
0.790163608277687,0,202,6
0,0,202,6
0.478542550443717,0,202,6
0.790163608277687,0,202,6
0,0,202,6
0,0,202,6
0.182772250036529,1,202,6
0.478542550443717,1,202,6
0.478542550443717,1,202,6
0.182772250036529,0,202,6
0,0,202,6
0,0,202,6
0.790163608277687,1,202,6
0,0,202,6
0,0,202,6
0,0,202,6
0,0,202,6
0.478542550443717,1,202,6
0.790163608277687,1,202,6
0,0,202,6
0.182772250036529,0,202,6
0,0,202,6
0.478542550443717,1,202,6
0.182772250036529,0,202,6
0.790163608277687,1,202,6
0,0,202,6
0,0,202,6
0,0,202,6
0.478542550443717,1,202,6
0.478542550443717,0,202,6
0,0,202,6
0,0,202,6
0,0,202,6
0,0,202,6
0.478542550443717,0,202,6
0.790163608277687,0,202,6
0,0,202,6
0.182772250036529,1,202,6
0.478542550443717,0,202,6
0,0,202,6
0.182772250036529,0,202,6
0.478542550443717,0,202,6
0,0,202,6
0,0,202,6
0,0,202,6
0,0,202,6
0,0,202,6
0.478542550443717,1,202,6
0.478542550443717,1,202,6
0.790163608277687,1,202,6
0,0,202,6
0.182772250036529,0,202,6
0.478542550443717,0,202,6
0.790163608277687,0,202,6
0,0,202,6
0.613819350054584,1,203,1
0.446997477240916,1,203,1
0.446997477240916,1,203,1
0.291313215694017,1,203,1
0,0,203,1
0.613819350054584,0,203,1
0.613819350054584,1,203,1
0.613819350054584,1,203,1
0.446997477240916,1,203,1
0.446997477240916,0,203,1
0.446997477240916,0,203,1
0.446997477240916,1,203,1
0.446997477240916,1,203,1
0.291313215694017,0,203,1
0.446997477240916,0,203,1
0,0,203,1
0,1,203,1
0,0,203,1
0.446997477240916,1,203,1
0,0,203,1
0.446997477240916,1,203,1
0.446997477240916,0,203,1
0.613819350054584,0,203,1
0.446997477240916,1,203,1
0.446997477240916,1,203,1
0.446997477240916,0,203,1
0,0,203,1
0.613819350054584,0,203,1
0,0,203,1
0.291313215694017,1,203,1
0,0,203,1
0.291313215694017,0,203,1
0.446997477240916,1,203,1
0,0,203,1
0,0,203,1
0,0,203,1
0.613819350054584,0,203,1
0.446997477240916,0,203,1
0,0,203,1
0.613819350054584,1,203,1
0,0,203,1
0,0,203,1
0,0,203,1
0.291313215694017,1,203,1
0.291313215694017,1,203,1
0.446997477240916,1,203,1
0,1,203,1
0.446997477240916,1,203,1
0,1,203,1
0.446997477240916,1,203,1
0.613819350054584,1,203,1
0,0,203,1
0,1,203,1
0.291313215694017,1,203,1
0,0,203,1
0,0,203,1
0.446997477240916,0,203,1
0,0,203,1
0,0,203,1
0,0,203,1
0.446997477240916,0,203,1
0.446997477240916,1,203,1
0.291313215694017,1,203,1
0.613819350054584,1,203,1
0.291313215694017,1,203,1
0.446997477240916,1,203,1
0,1,203,1
0,0,203,1
0,0,203,1
0,0,203,1
0,0,203,1
0,0,203,1
0.446997477240916,1,203,1
0.613819350054584,1,203,1
0,0,203,1
0.613819350054584,1,203,1
0.446997477240916,1,203,1
0.446997477240916,1,203,1
0,1,203,1
0.291313215694017,1,203,1
0.446997477240916,1,203,2
0.446997477240916,1,203,2
0.446997477240916,1,203,2
0.613819350054584,1,203,2
0.613819350054584,1,203,2
0.291313215694017,1,203,2
0.446997477240916,1,203,2
0.446997477240916,1,203,2
0.613819350054584,0,203,2
0.446997477240916,1,203,2
0,1,203,2
0.446997477240916,1,203,2
0,0,203,2
0.291313215694017,1,203,2
0.613819350054584,1,203,2
0.446997477240916,1,203,2
0.446997477240916,1,203,2
0,0,203,2
0.613819350054584,1,203,2
0.446997477240916,1,203,2
0.446997477240916,1,203,2
0.291313215694017,1,203,2
0,0,203,2
0,0,203,2
0.446997477240916,1,203,2
0,1,203,2
0.613819350054584,0,203,2
0.446997477240916,1,203,2
0.446997477240916,0,203,2
0.291313215694017,1,203,2
0,0,203,2
0,0,203,2
0,0,203,2
0.446997477240916,0,203,2
0,0,203,2
0.446997477240916,1,203,2
0.446997477240916,1,203,2
0,0,203,2
0,0,203,2
0,0,203,2
0.291313215694017,0,203,2
0.613819350054584,1,203,2
0.613819350054584,1,203,2
0,0,203,2
0.291313215694017,0,203,2
0,1,203,2
0,0,203,2
0.446997477240916,0,203,2
0,0,203,2
0.613819350054584,1,203,2
0,0,203,2
0,0,203,2
0,0,203,2
0,0,203,2
0,1,203,2
0.291313215694017,1,203,2
0.446997477240916,1,203,2
0.446997477240916,1,203,2
0,0,203,2
0.291313215694017,1,203,2
0.613819350054584,1,203,2
0.446997477240916,0,203,2
0,1,203,2
0.446997477240916,1,203,2
0,0,203,2
0.291313215694017,1,203,2
0,1,203,2
0,0,203,2
0.446997477240916,1,203,2
0.613819350054584,1,203,2
0,0,203,2
0.291313215694017,0,203,2
0.613819350054584,1,203,2
0,1,203,2
0.446997477240916,1,203,2
0,0,203,2
0,0,203,2
0.446997477240916,1,203,2
0.446997477240916,1,203,2
0,0,203,2
0.291313215694017,1,203,3
0.446997477240916,0,203,3
0.291313215694017,1,203,3
0,1,203,3
0.613819350054584,1,203,3
0.613819350054584,1,203,3
0.613819350054584,1,203,3
0.446997477240916,1,203,3
0.446997477240916,1,203,3
0,1,203,3
0.446997477240916,1,203,3
0.446997477240916,1,203,3
0.446997477240916,1,203,3
0.446997477240916,1,203,3
0.613819350054584,1,203,3
0.446997477240916,1,203,3
0,0,203,3
0.613819350054584,1,203,3
0.291313215694017,0,203,3
0,0,203,3
0.291313215694017,1,203,3
0.613819350054584,1,203,3
0.446997477240916,1,203,3
0,1,203,3
0.446997477240916,0,203,3
0.446997477240916,1,203,3
0.446997477240916,1,203,3
0,0,203,3
0,0,203,3
0.446997477240916,1,203,3
0,0,203,3
0.446997477240916,1,203,3
0.446997477240916,1,203,3
0.613819350054584,0,203,3
0,1,203,3
0,0,203,3
0,0,203,3
0,0,203,3
0.613819350054584,1,203,3
0.291313215694017,1,203,3
0.446997477240916,0,203,3
0,0,203,3
0,0,203,3
0.446997477240916,0,203,3
0.291313215694017,1,203,3
0,0,203,3
0,0,203,3
0.446997477240916,1,203,3
0.446997477240916,1,203,3
0,0,203,3
0,0,203,3
0.291313215694017,0,203,3
0.446997477240916,1,203,3
0,0,203,3
0.613819350054584,1,203,3
0,0,203,3
0.446997477240916,1,203,3
0,0,203,3
0,0,203,3
0,0,203,3
0.446997477240916,1,203,3
0.291313215694017,0,203,3
0,0,203,3
0.613819350054584,1,203,3
0.613819350054584,1,203,3
0.613819350054584,1,203,3
0.446997477240916,0,203,3
0,0,203,3
0,0,203,3
0.291313215694017,0,203,3
0.446997477240916,1,203,3
0,0,203,3
0,0,203,3
0.291313215694017,1,203,3
0,0,203,3
0,0,203,3
0.446997477240916,1,203,3
0.446997477240916,1,203,3
0,0,203,3
0,0,203,3
0.569924536082843,1,203,4
0.569924536082843,0,203,4
0,0,203,4
0.569924536082843,0,203,4
0.896719957271576,1,203,4
0.569924536082843,0,203,4
0.168231532597433,1,203,4
0.569924536082843,0,203,4
0.896719957271576,0,203,4
0.896719957271576,1,203,4
0.569924536082843,1,203,4
0.569924536082843,0,203,4
0.168231532597433,0,203,4
0,0,203,4
0.896719957271576,1,203,4
0.569924536082843,0,203,4
0,1,203,4
0.569924536082843,0,203,4
0.896719957271576,0,203,4
0,0,203,4
0.569924536082843,1,203,4
0.896719957271576,1,203,4
0.569924536082843,0,203,4
0,1,203,4
0.569924536082843,1,203,4
0.569924536082843,0,203,4
0.168231532597433,0,203,4
0.168231532597433,1,203,4
0,0,203,4
0,0,203,4
0.569924536082843,0,203,4
0,0,203,4
0.569924536082843,1,203,4
0.569924536082843,0,203,4
0,0,203,4
0.168231532597433,0,203,4
0,1,203,4
0,1,203,4
0,0,203,4
0,0,203,4
0,0,203,4
0.896719957271576,1,203,4
0.569924536082843,0,203,4
0,0,203,4
0,0,203,4
0.569924536082843,1,203,4
0.896719957271576,1,203,4
0.168231532597433,0,203,4
0.168231532597433,1,203,4
0,0,203,4
0,1,203,4
0.569924536082843,1,203,4
0,0,203,4
0,1,203,4
0.896719957271576,1,203,4
0,0,203,4
0,0,203,4
0,1,203,4
0.569924536082843,0,203,4
0,0,203,4
0.569924536082843,1,203,4
0.896719957271576,0,203,4
0.569924536082843,0,203,4
0.168231532597433,0,203,4
0,0,203,4
0.896719957271576,1,203,4
0,1,203,4
0.569924536082843,1,203,4
0.569924536082843,1,203,4
0,0,203,4
0.896719957271576,0,203,4
0.569924536082843,0,203,4
0.569924536082843,0,203,4
0.168231532597433,0,203,4
0,0,203,4
0,0,203,4
0,0,203,4
0,0,203,4
0,0,203,4
0.168231532597433,0,203,4
0,0,203,5
0.168231532597433,1,203,5
0.569924536082843,1,203,5
0.569924536082843,0,203,5
0.896719957271576,1,203,5
0.168231532597433,1,203,5
0.896719957271576,0,203,5
0,0,203,5
0.569924536082843,1,203,5
0.569924536082843,1,203,5
0.569924536082843,1,203,5
0.896719957271576,1,203,5
0.569924536082843,1,203,5
0.896719957271576,1,203,5
0.569924536082843,0,203,5
0.569924536082843,0,203,5
0,1,203,5
0,0,203,5
0.168231532597433,0,203,5
0.168231532597433,1,203,5
0,1,203,5
0.569924536082843,0,203,5
0.896719957271576,0,203,5
0.569924536082843,0,203,5
0,0,203,5
0,0,203,5
0.569924536082843,0,203,5
0.896719957271576,1,203,5
0.569924536082843,1,203,5
0,1,203,5
0.569924536082843,1,203,5
0.569924536082843,0,203,5
0,0,203,5
0.569924536082843,1,203,5
0.168231532597433,0,203,5
0,0,203,5
0.896719957271576,0,203,5
0.569924536082843,0,203,5
0.168231532597433,0,203,5
0,0,203,5
0.896719957271576,0,203,5
0,1,203,5
0,0,203,5
0,1,203,5
0,1,203,5
0,0,203,5
0.569924536082843,1,203,5
0.569924536082843,1,203,5
0,1,203,5
0.569924536082843,1,203,5
0.569924536082843,1,203,5
0.168231532597433,1,203,5
0.569924536082843,0,203,5
0,1,203,5
0.569924536082843,0,203,5
0.896719957271576,0,203,5
0,0,203,5
0,0,203,5
0,1,203,5
0,1,203,5
0,1,203,5
0,0,203,5
0.168231532597433,0,203,5
0.896719957271576,1,203,5
0,1,203,5
0,0,203,5
0.569924536082843,0,203,5
0.569924536082843,1,203,5
0,1,203,5
0.896719957271576,1,203,5
0.569924536082843,0,203,5
0.168231532597433,0,203,5
0,0,203,5
0.569924536082843,0,203,5
0,0,203,5
0,0,203,5
0,1,203,5
0,0,203,5
0.896719957271576,1,203,5
0.168231532597433,1,203,5
0.896719957271576,0,203,6
0.896719957271576,1,203,6
0.569924536082843,0,203,6
0.569924536082843,0,203,6
0.569924536082843,0,203,6
0,0,203,6
0.569924536082843,0,203,6
0.168231532597433,1,203,6
0.168231532597433,1,203,6
0.896719957271576,1,203,6
0.569924536082843,0,203,6
0,1,203,6
0.569924536082843,0,203,6
0.896719957271576,1,203,6
0.569924536082843,0,203,6
0.569924536082843,1,203,6
0.569924536082843,1,203,6
0,1,203,6
0.896719957271576,0,203,6
0,0,203,6
0.168231532597433,1,203,6
0,0,203,6
0,1,203,6
0,0,203,6
0.569924536082843,0,203,6
0.896719957271576,1,203,6
0.569924536082843,1,203,6
0.569924536082843,0,203,6
0.168231532597433,0,203,6
0.569924536082843,1,203,6
0,0,203,6
0.569924536082843,1,203,6
0,0,203,6
0,0,203,6
0,0,203,6
0.168231532597433,0,203,6
0.569924536082843,1,203,6
0,0,203,6
0,0,203,6
0.569924536082843,0,203,6
0,0,203,6
0.896719957271576,0,203,6
0.569924536082843,0,203,6
0.569924536082843,0,203,6
0,0,203,6
0,0,203,6
0.896719957271576,0,203,6
0.168231532597433,0,203,6
0,0,203,6
0,1,203,6
0,0,203,6
0.569924536082843,0,203,6
0,0,203,6
0.896719957271576,0,203,6
0,1,203,6
0.569924536082843,1,203,6
0.569924536082843,0,203,6
0.896719957271576,1,203,6
0.168231532597433,0,203,6
0,0,203,6
0,0,203,6
0.168231532597433,0,203,6
0,0,203,6
0.569924536082843,0,203,6
0,0,203,6
0,0,203,6
0.569924536082843,1,203,6
0.569924536082843,0,203,6
0.896719957271576,0,203,6
0.569924536082843,1,203,6
0.168231532597433,1,203,6
0.896719957271576,1,203,6
0,0,203,6
0,0,203,6
0.168231532597433,0,203,6
0,0,203,6
0.569924536082843,0,203,6
0,0,203,6
0,0,203,6
0,0,203,6
0.601342425594717,1,204,1
0.808381450339877,1,204,1
0,1,204,1
0.808381450339877,1,204,1
0.601342425594717,1,204,1
0.601342425594717,1,204,1
0,0,204,1
0.808381450339877,1,204,1
0.601342425594717,1,204,1
0.601342425594717,1,204,1
0.601342425594717,1,204,1
0.350372106206346,1,204,1
0.601342425594717,1,204,1
0.350372106206346,1,204,1
0.601342425594717,0,204,1
0.808381450339877,1,204,1
0.350372106206346,1,204,1
0.601342425594717,1,204,1
0.350372106206346,0,204,1
0.808381450339877,1,204,1
0.601342425594717,0,204,1
0,0,204,1
0.601342425594717,0,204,1
0,0,204,1
0,0,204,1
0.601342425594717,0,204,1
0.808381450339877,0,204,1
0.601342425594717,0,204,1
0,0,204,1
0,0,204,1
0.601342425594717,1,204,1
0,0,204,1
0,0,204,1
0,1,204,1
0.601342425594717,0,204,1
0.808381450339877,1,204,1
0.350372106206346,1,204,1
0.601342425594717,1,204,1
0.601342425594717,1,204,1
0.601342425594717,0,204,1
0,0,204,1
0,0,204,1
0,0,204,1
0,0,204,1
0,0,204,1
0.350372106206346,1,204,1
0,0,204,1
0.808381450339877,1,204,1
0.350372106206346,1,204,1
0,0,204,1
0,0,204,1
0.601342425594717,0,204,1
0,1,204,1
0.350372106206346,1,204,1
0,0,204,1
0,0,204,1
0.601342425594717,0,204,1
0,0,204,1
0.808381450339877,1,204,1
0,0,204,1
0.601342425594717,0,204,1
0.808381450339877,1,204,1
0.601342425594717,1,204,1
0,1,204,1
0.808381450339877,1,204,1
0.601342425594717,0,204,1
0.350372106206346,0,204,1
0,0,204,1
0,0,204,1
0,0,204,1
0,0,204,1
0.601342425594717,1,204,1
0,0,204,1
0.808381450339877,1,204,1
0.350372106206346,0,204,1
0,0,204,1
0.601342425594717,1,204,1
0.601342425594717,0,204,1
0,0,204,1
0,0,204,1
0.601342425594717,1,204,2
0.601342425594717,1,204,2
0.601342425594717,1,204,2
0.601342425594717,1,204,2
0.808381450339877,1,204,2
0.350372106206346,0,204,2
0.601342425594717,1,204,2
0,0,204,2
0.808381450339877,1,204,2
0.601342425594717,1,204,2
0.808381450339877,1,204,2
0.601342425594717,1,204,2
0.350372106206346,1,204,2
0.601342425594717,1,204,2
0,0,204,2
0.808381450339877,1,204,2
0,0,204,2
0,0,204,2
0.601342425594717,0,204,2
0,0,204,2
0,0,204,2
0.601342425594717,1,204,2
0.601342425594717,1,204,2
0,0,204,2
0.350372106206346,0,204,2
0.601342425594717,1,204,2
0.350372106206346,1,204,2
0.808381450339877,1,204,2
0,0,204,2
0.808381450339877,1,204,2
0.601342425594717,1,204,2
0.601342425594717,1,204,2
0,0,204,2
0,0,204,2
0.601342425594717,1,204,2
0.808381450339877,1,204,2
0.350372106206346,1,204,2
0,1,204,2
0.350372106206346,1,204,2
0,0,204,2
0,0,204,2
0.808381450339877,1,204,2
0,0,204,2
0.601342425594717,0,204,2
0,0,204,2
0,0,204,2
0.601342425594717,0,204,2
0.601342425594717,0,204,2
0,0,204,2
0.601342425594717,0,204,2
0.808381450339877,1,204,2
0,0,204,2
0,0,204,2
0.601342425594717,1,204,2
0.601342425594717,0,204,2
0,0,204,2
0.350372106206346,1,204,2
0.808381450339877,1,204,2
0.350372106206346,1,204,2
0,1,204,2
0,0,204,2
0,0,204,2
0,0,204,2
0.601342425594717,1,204,2
0.601342425594717,1,204,2
0,0,204,2
0.808381450339877,1,204,2
0,0,204,2
0.601342425594717,1,204,2
0,1,204,2
0,0,204,2
0.350372106206346,1,204,2
0,0,204,2
0,0,204,2
0.350372106206346,1,204,2
0.601342425594717,1,204,2
0.601342425594717,0,204,2
0,0,204,2
0.808381450339877,0,204,2
0,0,204,2
0.808381450339877,0,204,3
0.601342425594717,1,204,3
0.601342425594717,0,204,3
0.350372106206346,1,204,3
0.601342425594717,1,204,3
0,0,204,3
0.601342425594717,1,204,3
0.601342425594717,0,204,3
0.350372106206346,1,204,3
0.808381450339877,1,204,3
0,1,204,3
0.808381450339877,1,204,3
0.601342425594717,1,204,3
0.601342425594717,1,204,3
0.601342425594717,1,204,3
0.808381450339877,1,204,3
0,0,204,3
0.601342425594717,1,204,3
0.601342425594717,1,204,3
0.350372106206346,1,204,3
0,0,204,3
0,0,204,3
0,0,204,3
0.601342425594717,1,204,3
0.601342425594717,1,204,3
0.601342425594717,0,204,3
0,0,204,3
0.808381450339877,0,204,3
0.808381450339877,1,204,3
0.350372106206346,1,204,3
0.601342425594717,1,204,3
0,0,204,3
0,0,204,3
0,0,204,3
0,0,204,3
0,0,204,3
0.350372106206346,1,204,3
0.601342425594717,0,204,3
0.601342425594717,1,204,3
0.601342425594717,1,204,3
0,0,204,3
0,0,204,3
0,0,204,3
0,0,204,3
0.350372106206346,0,204,3
0.601342425594717,1,204,3
0.808381450339877,0,204,3
0.808381450339877,1,204,3
0,0,204,3
0,0,204,3
0.350372106206346,0,204,3
0.808381450339877,0,204,3
0,0,204,3
0,0,204,3
0.601342425594717,1,204,3
0,0,204,3
0.350372106206346,1,204,3
0,0,204,3
0.808381450339877,1,204,3
0.601342425594717,1,204,3
0,1,204,3
0.601342425594717,1,204,3
0.601342425594717,1,204,3
0,0,204,3
0,0,204,3
0,0,204,3
0,0,204,3
0.601342425594717,0,204,3
0,0,204,3
0,0,204,3
0.350372106206346,1,204,3
0.601342425594717,1,204,3
0,0,204,3
0.350372106206346,1,204,3
0.808381450339877,1,204,3
0.601342425594717,0,204,3
0,0,204,3
0.808381450339877,1,204,3
0,0,204,3
0.601342425594717,1,204,3
0.617112698614628,1,204,4
0.617112698614628,0,204,4
0.0200302308980997,0,204,4
0.617112698614628,0,204,4
0.617112698614628,0,204,4
0.992193031814481,1,204,4
0.992193031814481,1,204,4
0,0,204,4
0.0200302308980997,0,204,4
0.617112698614628,0,204,4
0.617112698614628,1,204,4
0,0,204,4
0.992193031814481,1,204,4
0.617112698614628,1,204,4
0.617112698614628,0,204,4
0.992193031814481,0,204,4
0.617112698614628,1,204,4
0.992193031814481,1,204,4
0,0,204,4
0.617112698614628,0,204,4
0.0200302308980997,0,204,4
0,0,204,4
0,0,204,4
0,0,204,4
0.0200302308980997,0,204,4
0.617112698614628,0,204,4
0,0,204,4
0.617112698614628,0,204,4
0.617112698614628,0,204,4
0.617112698614628,1,204,4
0,0,204,4
0.992193031814481,0,204,4
0.617112698614628,1,204,4
0,0,204,4
0,0,204,4
0.617112698614628,1,204,4
0,0,204,4
0.0200302308980997,0,204,4
0,0,204,4
0.992193031814481,1,204,4
0,0,204,4
0,0,204,4
0,0,204,4
0.617112698614628,1,204,4
0.992193031814481,1,204,4
0.617112698614628,0,204,4
0.0200302308980997,1,204,4
0,0,204,4
0,0,204,4
0.0200302308980997,1,204,4
0,0,204,4
0,0,204,4
0.617112698614628,0,204,4
0.617112698614628,0,204,4
0,0,204,4
0,0,204,4
0,0,204,4
0.992193031814481,1,204,4
0.617112698614628,0,204,4
0,0,204,4
0.992193031814481,0,204,4
0.617112698614628,1,204,4
0,0,204,4
0.0200302308980997,1,204,4
0.992193031814481,1,204,4
0,0,204,4
0,0,204,4
0.0200302308980997,0,204,4
0,0,204,4
0.992193031814481,0,204,4
0,0,204,4
0,0,204,4
0,0,204,4
0.617112698614628,1,204,4
0,0,204,4
0,0,204,4
0.617112698614628,1,204,4
0.0200302308980997,1,204,4
0.617112698614628,1,204,4
0.617112698614628,1,204,4
0.0200302308980997,0,204,5
0.617112698614628,1,204,5
0.617112698614628,1,204,5
0.617112698614628,0,204,5
0.617112698614628,1,204,5
0.992193031814481,1,204,5
0.992193031814481,1,204,5
0.992193031814481,1,204,5
0,1,204,5
0.617112698614628,1,204,5
0.0200302308980997,0,204,5
0.617112698614628,1,204,5
0,0,204,5
0.617112698614628,1,204,5
0.992193031814481,1,204,5
0.617112698614628,1,204,5
0.0200302308980997,0,204,5
0.0200302308980997,0,204,5
0.617112698614628,1,204,5
0.617112698614628,1,204,5
0,0,204,5
0,0,204,5
0.617112698614628,1,204,5
0,0,204,5
0.617112698614628,1,204,5
0.992193031814481,1,204,5
0.617112698614628,1,204,5
0.617112698614628,1,204,5
0,0,204,5
0,0,204,5
0,0,204,5
0.992193031814481,0,204,5
0.617112698614628,1,204,5
0.617112698614628,1,204,5
0,0,204,5
0,0,204,5
0,0,204,5
0.617112698614628,0,204,5
0,0,204,5
0.992193031814481,1,204,5
0,0,204,5
0,0,204,5
0.617112698614628,0,204,5
0.0200302308980997,0,204,5
0.992193031814481,0,204,5
0.0200302308980997,0,204,5
0,0,204,5
0,0,204,5
0.992193031814481,1,204,5
0.617112698614628,1,204,5
0.0200302308980997,0,204,5
0.617112698614628,0,204,5
0,0,204,5
0.992193031814481,1,204,5
0,0,204,5
0.617112698614628,1,204,5
0,0,204,5
0,0,204,5
0,0,204,5
0,0,204,5
0,0,204,5
0.0200302308980997,0,204,5
0,0,204,5
0.617112698614628,0,204,5
0.0200302308980997,0,204,5
0.0200302308980997,0,204,5
0,0,204,5
0.617112698614628,0,204,5
0,0,204,5
0.617112698614628,0,204,5
0.617112698614628,0,204,5
0.992193031814481,0,204,5
0.992193031814481,0,204,5
0,0,204,5
0,0,204,5
0,0,204,5
0,0,204,5
0,0,204,5
0,0,204,5
0.617112698614628,0,204,5
0.617112698614628,0,204,6
0.617112698614628,1,204,6
0.992193031814481,0,204,6
0.992193031814481,1,204,6
0.992193031814481,1,204,6
0.617112698614628,1,204,6
0.992193031814481,1,204,6
0.617112698614628,1,204,6
0,0,204,6
0.0200302308980997,1,204,6
0.617112698614628,1,204,6
0.617112698614628,1,204,6
0.617112698614628,0,204,6
0,0,204,6
0.0200302308980997,0,204,6
0.617112698614628,0,204,6
0,0,204,6
0.0200302308980997,0,204,6
0.0200302308980997,0,204,6
0.617112698614628,1,204,6
0,0,204,6
0,0,204,6
0,0,204,6
0,0,204,6
0,0,204,6
0.617112698614628,0,204,6
0.617112698614628,0,204,6
0.617112698614628,0,204,6
0.992193031814481,1,204,6
0.992193031814481,0,204,6
0.617112698614628,1,204,6
0.617112698614628,0,204,6
0.992193031814481,1,204,6
0.617112698614628,0,204,6
0,0,204,6
0,0,204,6
0,0,204,6
0.992193031814481,1,204,6
0,0,204,6
0,0,204,6
0.617112698614628,0,204,6
0.0200302308980997,1,204,6
0.617112698614628,1,204,6
0,0,204,6
0,0,204,6
0,0,204,6
0.617112698614628,1,204,6
0.0200302308980997,1,204,6
0.617112698614628,1,204,6
0.0200302308980997,0,204,6
0,0,204,6
0,0,204,6
0.992193031814481,1,204,6
0,0,204,6
0.0200302308980997,1,204,6
0,0,204,6
0,0,204,6
0.617112698614628,1,204,6
0,0,204,6
0,0,204,6
0.617112698614628,0,204,6
0.992193031814481,1,204,6
0,0,204,6
0.617112698614628,1,204,6
0,0,204,6
0,0,204,6
0,0,204,6
0,0,204,6
0.617112698614628,1,204,6
0,0,204,6
0.992193031814481,1,204,6
0.0200302308980997,1,204,6
0.617112698614628,1,204,6
0.617112698614628,1,204,6
0,0,204,6
0,0,204,6
0.617112698614628,1,204,6
0,0,204,6
0.0200302308980997,1,204,6
0.992193031814481,1,204,6
0.451064890390349,0,205,1
0.451064890390349,0,205,1
0.494336703767312,0,205,1
0.408520748556272,1,205,1
0.494336703767312,1,205,1
0.408520748556272,1,205,1
0.451064890390349,1,205,1
0.494336703767312,1,205,1
0.451064890390349,1,205,1
0,1,205,1
0.451064890390349,0,205,1
0.494336703767312,1,205,1
0,0,205,1
0.451064890390349,1,205,1
0.451064890390349,1,205,1
0.451064890390349,0,205,1
0.408520748556272,0,205,1
0.451064890390349,0,205,1
0.451064890390349,0,205,1
0.451064890390349,0,205,1
0.451064890390349,1,205,1
0.494336703767312,0,205,1
0,0,205,1
0,1,205,1
0.408520748556272,1,205,1
0.451064890390349,0,205,1
0.451064890390349,0,205,1
0.494336703767312,0,205,1
0,0,205,1
0,0,205,1
0,0,205,1
0,0,205,1
0.451064890390349,0,205,1
0,1,205,1
0,1,205,1
0.494336703767312,1,205,1
0,1,205,1
0.408520748556272,1,205,1
0.451064890390349,1,205,1
0,1,205,1
0.494336703767312,1,205,1
0,1,205,1
0,1,205,1
0.451064890390349,1,205,1
0.408520748556272,1,205,1
0.451064890390349,1,205,1
0,1,205,1
0,1,205,1
0.451064890390349,1,205,1
0.408520748556272,1,205,1
0,1,205,1
0,1,205,1
0,1,205,1
0,1,205,1
0,1,205,1
0.451064890390349,1,205,1
0,1,205,1
0.451064890390349,0,205,1
0,1,205,1
0.494336703767312,0,205,1
0.408520748556272,0,205,1
0,0,205,1
0.451064890390349,0,205,1
0.494336703767312,0,205,1
0,1,205,1
0,0,205,1
0,1,205,1
0,0,205,1
0.451064890390349,0,205,1
0.408520748556272,0,205,1
0,0,205,1
0.451064890390349,0,205,1
0.494336703767312,0,205,1
0.451064890390349,0,205,1
0,0,205,1
0.408520748556272,0,205,1
0,1,205,1
0.494336703767312,1,205,1
0.451064890390349,0,205,1
0,0,205,1
0.451064890390349,0,205,2
0.451064890390349,0,205,2
0.494336703767312,0,205,2
0,0,205,2
0.451064890390349,0,205,2
0.408520748556272,0,205,2
0.451064890390349,0,205,2
0.451064890390349,0,205,2
0.494336703767312,0,205,2
0.494336703767312,0,205,2
0,0,205,2
0.494336703767312,0,205,2
0.451064890390349,0,205,2
0.451064890390349,1,205,2
0.408520748556272,1,205,2
0.451064890390349,0,205,2
0,0,205,2
0.451064890390349,0,205,2
0.494336703767312,0,205,2
0,0,205,2
0.451064890390349,0,205,2
0.451064890390349,0,205,2
0.451064890390349,1,205,2
0,0,205,2
0.408520748556272,0,205,2
0.451064890390349,0,205,2
0.408520748556272,0,205,2
0,0,205,2
0.494336703767312,0,205,2
0,0,205,2
0,0,205,2
0.451064890390349,0,205,2
0.408520748556272,0,205,2
0.451064890390349,0,205,2
0,0,205,2
0.451064890390349,0,205,2
0,0,205,2
0.494336703767312,0,205,2
0.451064890390349,0,205,2
0,0,205,2
0,0,205,2
0.408520748556272,1,205,2
0.494336703767312,0,205,2
0.451064890390349,0,205,2
0,0,205,2
0,0,205,2
0,0,205,2
0,0,205,2
0.408520748556272,0,205,2
0,0,205,2
0.451064890390349,0,205,2
0.451064890390349,0,205,2
0.451064890390349,0,205,2
0.451064890390349,1,205,2
0,1,205,2
0,1,205,2
0,0,205,2
0,1,205,2
0,0,205,2
0.494336703767312,0,205,2
0.494336703767312,1,205,2
0,1,205,2
0.408520748556272,0,205,2
0,0,205,2
0,0,205,2
0,0,205,2
0.451064890390349,0,205,2
0,0,205,2
0,1,205,2
0.408520748556272,0,205,2
0.451064890390349,0,205,2
0.408520748556272,0,205,2
0.451064890390349,0,205,2
0.451064890390349,1,205,2
0,1,205,2
0,1,205,2
0.494336703767312,0,205,2
0,0,205,2
0,0,205,2
0.494336703767312,1,205,2
0,0,205,3
0,0,205,3
0.408520748556272,0,205,3
0.451064890390349,0,205,3
0.451064890390349,0,205,3
0.451064890390349,0,205,3
0.451064890390349,0,205,3
0.451064890390349,0,205,3
0.494336703767312,0,205,3
0.451064890390349,0,205,3
0.494336703767312,1,205,3
0.451064890390349,1,205,3
0.494336703767312,0,205,3
0.451064890390349,1,205,3
0.408520748556272,1,205,3
0.494336703767312,1,205,3
0.451064890390349,0,205,3
0,0,205,3
0.451064890390349,0,205,3
0.494336703767312,0,205,3
0,0,205,3
0.494336703767312,0,205,3
0,0,205,3
0.408520748556272,0,205,3
0.451064890390349,0,205,3
0.451064890390349,0,205,3
0,0,205,3
0,0,205,3
0,0,205,3
0.451064890390349,0,205,3
0.451064890390349,0,205,3
0.408520748556272,0,205,3
0,0,205,3
0,0,205,3
0.494336703767312,0,205,3
0,0,205,3
0.451064890390349,0,205,3
0.408520748556272,0,205,3
0,0,205,3
0,0,205,3
0.408520748556272,0,205,3
0.451064890390349,0,205,3
0.451064890390349,1,205,3
0,1,205,3
0.494336703767312,1,205,3
0,1,205,3
0.451064890390349,0,205,3
0,0,205,3
0.494336703767312,0,205,3
0,0,205,3
0,0,205,3
0,0,205,3
0,0,205,3
0,0,205,3
0.408520748556272,0,205,3
0,0,205,3
0.408520748556272,0,205,3
0,0,205,3
0.451064890390349,0,205,3
0.451064890390349,1,205,3
0.451064890390349,1,205,3
0.494336703767312,0,205,3
0,0,205,3
0.451064890390349,1,205,3
0.494336703767312,0,205,3
0,0,205,3
0,0,205,3
0,0,205,3
0.451064890390349,0,205,3
0.408520748556272,0,205,3
0,1,205,3
0.408520748556272,0,205,3
0,1,205,3
0,1,205,3
0.451064890390349,0,205,3
0,1,205,3
0.451064890390349,0,205,3
0.451064890390349,0,205,3
0,0,205,3
0.494336703767312,1,205,3
0.626560507696258,1,205,4
0.75630195673447,1,205,4
0.626560507696258,1,205,4
0,1,205,4
0.626560507696258,1,205,4
0,1,205,4
0.475636295863302,1,205,4
0.75630195673447,1,205,4
0.626560507696258,1,205,4
0.475636295863302,1,205,4
0.626560507696258,0,205,4
0.75630195673447,1,205,4
0.626560507696258,1,205,4
0.75630195673447,1,205,4
0.626560507696258,1,205,4
0.626560507696258,1,205,4
0.75630195673447,1,205,4
0.75630195673447,1,205,4
0.626560507696258,1,205,4
0,1,205,4
0.475636295863302,1,205,4
0,1,205,4
0.626560507696258,1,205,4
0,1,205,4
0.626560507696258,1,205,4
0.626560507696258,1,205,4
0.475636295863302,1,205,4
0,1,205,4
0.626560507696258,1,205,4
0,1,205,4
0.626560507696258,1,205,4
0,1,205,4
0.626560507696258,1,205,4
0.475636295863302,1,205,4
0,1,205,4
0,1,205,4
0.75630195673447,1,205,4
0,1,205,4
0.626560507696258,1,205,4
0,1,205,4
0.75630195673447,1,205,4
0,1,205,4
0,1,205,4
0.475636295863302,1,205,4
0,1,205,4
0.626560507696258,1,205,4
0.626560507696258,1,205,4
0,0,205,4
0.626560507696258,1,205,4
0.626560507696258,1,205,4
0.626560507696258,1,205,4
0.626560507696258,1,205,4
0.475636295863302,0,205,4
0,1,205,4
0,1,205,4
0,1,205,4
0,1,205,4
0,1,205,4
0,1,205,4
0,1,205,4
0.75630195673447,1,205,4
0.475636295863302,1,205,4
0.75630195673447,1,205,4
0,1,205,4
0.475636295863302,1,205,4
0,1,205,4
0,1,205,4
0.626560507696258,0,205,4
0.626560507696258,1,205,4
0.475636295863302,1,205,4
0,1,205,4
0,0,205,4
0,1,205,4
0,1,205,4
0.75630195673447,1,205,4
0.626560507696258,0,205,4
0.626560507696258,1,205,4
0,1,205,4
0,1,205,4
0.75630195673447,0,205,4
0.75630195673447,0,205,5
0.475636295863302,0,205,5
0.626560507696258,0,205,5
0.75630195673447,0,205,5
0.626560507696258,0,205,5
0.626560507696258,0,205,5
0.626560507696258,0,205,5
0.475636295863302,0,205,5
0.626560507696258,0,205,5
0.626560507696258,0,205,5
0.75630195673447,1,205,5
0,0,205,5
0.626560507696258,0,205,5
0,1,205,5
0.626560507696258,0,205,5
0.75630195673447,1,205,5
0.626560507696258,0,205,5
0,1,205,5
0.626560507696258,0,205,5
0.626560507696258,0,205,5
0,0,205,5
0.626560507696258,0,205,5
0,0,205,5
0.475636295863302,0,205,5
0.75630195673447,0,205,5
0.475636295863302,0,205,5
0.626560507696258,0,205,5
0,0,205,5
0.75630195673447,0,205,5
0,0,205,5
0.626560507696258,0,205,5
0,0,205,5
0,0,205,5
0,0,205,5
0.626560507696258,0,205,5
0,0,205,5
0.475636295863302,0,205,5
0.75630195673447,0,205,5
0,0,205,5
0,1,205,5
0.626560507696258,1,205,5
0.626560507696258,0,205,5
0.475636295863302,1,205,5
0.626560507696258,1,205,5
0,1,205,5
0,0,205,5
0.75630195673447,1,205,5
0,1,205,5
0,1,205,5
0.626560507696258,0,205,5
0,1,205,5
0,1,205,5
0,1,205,5
0,1,205,5
0,0,205,5
0.75630195673447,1,205,5
0.75630195673447,0,205,5
0.475636295863302,0,205,5
0,1,205,5
0.626560507696258,1,205,5
0.475636295863302,1,205,5
0.626560507696258,0,205,5
0.626560507696258,1,205,5
0,1,205,5
0,0,205,5
0,1,205,5
0.75630195673447,1,205,5
0,0,205,5
0,1,205,5
0.475636295863302,0,205,5
0,1,205,5
0,1,205,5
0.75630195673447,1,205,5
0.626560507696258,1,205,5
0.626560507696258,1,205,5
0.626560507696258,1,205,5
0,1,205,5
0.475636295863302,1,205,5
0.626560507696258,1,205,5
0,1,205,5
0.626560507696258,0,205,6
0.626560507696258,0,205,6
0.475636295863302,0,205,6
0.626560507696258,0,205,6
0.626560507696258,0,205,6
0,0,205,6
0.626560507696258,0,205,6
0.475636295863302,0,205,6
0.626560507696258,0,205,6
0.75630195673447,0,205,6
0.75630195673447,1,205,6
0.75630195673447,0,205,6
0.626560507696258,0,205,6
0.75630195673447,1,205,6
0.626560507696258,1,205,6
0,0,205,6
0,1,205,6
0.475636295863302,0,205,6
0.75630195673447,0,205,6
0.626560507696258,0,205,6
0,0,205,6
0,1,205,6
0.475636295863302,0,205,6
0.626560507696258,1,205,6
0,1,205,6
0,1,205,6
0.626560507696258,1,205,6
0.626560507696258,0,205,6
0.75630195673447,0,205,6
0,0,205,6
0.626560507696258,0,205,6
0.626560507696258,1,205,6
0,0,205,6
0,0,205,6
0.626560507696258,0,205,6
0.626560507696258,0,205,6
0,0,205,6
0,0,205,6
0.475636295863302,0,205,6
0,0,205,6
0.626560507696258,0,205,6
0.475636295863302,0,205,6
0.75630195673447,0,205,6
0,0,205,6
0,0,205,6
0.626560507696258,1,205,6
0,1,205,6
0.75630195673447,0,205,6
0.626560507696258,0,205,6
0.626560507696258,0,205,6
0,0,205,6
0.626560507696258,0,205,6
0,0,205,6
0.475636295863302,0,205,6
0,0,205,6
0.75630195673447,1,205,6
0,0,205,6
0,1,205,6
0.75630195673447,1,205,6
0.475636295863302,1,205,6
0.626560507696258,1,205,6
0,1,205,6
0,1,205,6
0,0,205,6
0,0,205,6
0,0,205,6
0,0,205,6
0.75630195673447,0,205,6
0,0,205,6
0.75630195673447,0,205,6
0.626560507696258,0,205,6
0.626560507696258,0,205,6
0.626560507696258,0,205,6
0.475636295863302,1,205,6
0,0,205,6
0,1,205,6
0.475636295863302,0,205,6
0,1,205,6
0.626560507696258,1,205,6
0,1,205,6
0,0,206,1
0.450481986201131,1,206,1
0.229256878017132,1,206,1
0.450481986201131,1,206,1
0.450481986201131,0,206,1
0.450481986201131,0,206,1
0.450481986201131,0,206,1
0.229256878017132,0,206,1
0.450481986201131,1,206,1
0.450481986201131,1,206,1
0.450481986201131,0,206,1
0.693187794672009,1,206,1
0.693187794672009,1,206,1
0.693187794672009,0,206,1
0,1,206,1
0.693187794672009,1,206,1
0.229256878017132,1,206,1
0.693187794672009,0,206,1
0.450481986201131,1,206,1
0,1,206,1
0,1,206,1
0.450481986201131,1,206,1
0,1,206,1
0,1,206,1
0.450481986201131,1,206,1
0,0,206,1
0.450481986201131,0,206,1
0.450481986201131,1,206,1
0.693187794672009,1,206,1
0,1,206,1
0.450481986201131,0,206,1
0.229256878017132,0,206,1
0.693187794672009,0,206,1
0.229256878017132,1,206,1
0,1,206,1
0,1,206,1
0.450481986201131,1,206,1
0,1,206,1
0,1,206,1
0.450481986201131,0,206,1
0.693187794672009,0,206,1
0,1,206,1
0,1,206,1
0,1,206,1
0.450481986201131,1,206,1
0.229256878017132,1,206,1
0,1,206,1
0.450481986201131,1,206,1
0.693187794672009,1,206,1
0,1,206,1
0,1,206,1
0,1,206,1
0.450481986201131,1,206,1
0.450481986201131,0,206,1
0,1,206,1
0,1,206,1
0,1,206,1
0.693187794672009,1,206,1
0.450481986201131,1,206,1
0.450481986201131,1,206,1
0.229256878017132,1,206,1
0,1,206,1
0,1,206,1
0.229256878017132,1,206,1
0,1,206,1
0.229256878017132,1,206,1
0,1,206,1
0.450481986201131,1,206,1
0.693187794672009,1,206,1
0,1,206,1
0.693187794672009,1,206,1
0.229256878017132,1,206,1
0.450481986201131,1,206,1
0,1,206,1
0,1,206,1
0.450481986201131,1,206,1
0,0,206,1
0.450481986201131,1,206,1
0,1,206,1
0,1,206,1
0.229256878017132,1,206,2
0.450481986201131,1,206,2
0.450481986201131,1,206,2
0,1,206,2
0.693187794672009,1,206,2
0.450481986201131,1,206,2
0.693187794672009,1,206,2
0.450481986201131,1,206,2
0.450481986201131,1,206,2
0,1,206,2
0.450481986201131,1,206,2
0.229256878017132,0,206,2
0.450481986201131,1,206,2
0.693187794672009,1,206,2
0.693187794672009,1,206,2
0.450481986201131,1,206,2
0,1,206,2
0.450481986201131,1,206,2
0.229256878017132,1,206,2
0,1,206,2
0.450481986201131,1,206,2
0.450481986201131,1,206,2
0.693187794672009,1,206,2
0,1,206,2
0.450481986201131,1,206,2
0.229256878017132,1,206,2
0,1,206,2
0,1,206,2
0.450481986201131,1,206,2
0.450481986201131,1,206,2
0.693187794672009,1,206,2
0,0,206,2
0.450481986201131,1,206,2
0,1,206,2
0.693187794672009,1,206,2
0,1,206,2
0,1,206,2
0.450481986201131,1,206,2
0.450481986201131,0,206,2
0,1,206,2
0,1,206,2
0.229256878017132,1,206,2
0,1,206,2
0.693187794672009,1,206,2
0,1,206,2
0.450481986201131,1,206,2
0,1,206,2
0.229256878017132,1,206,2
0.693187794672009,1,206,2
0,1,206,2
0.450481986201131,0,206,2
0,0,206,2
0,1,206,2
0,1,206,2
0,1,206,2
0,1,206,2
0.229256878017132,1,206,2
0,1,206,2
0.450481986201131,1,206,2
0,1,206,2
0.693187794672009,0,206,2
0.450481986201131,1,206,2
0.229256878017132,1,206,2
0.450481986201131,1,206,2
0.229256878017132,1,206,2
0,0,206,2
0.693187794672009,1,206,2
0.450481986201131,1,206,2
0,1,206,2
0,1,206,2
0.450481986201131,1,206,2
0,1,206,2
0,1,206,2
0.450481986201131,1,206,2
0,1,206,2
0.229256878017132,1,206,2
0,1,206,2
0.450481986201131,1,206,2
0,1,206,2
0.693187794672009,1,206,2
0.450481986201131,1,206,3
0.450481986201131,1,206,3
0,1,206,3
0.693187794672009,1,206,3
0.450481986201131,0,206,3
0.229256878017132,0,206,3
0.450481986201131,1,206,3
0.693187794672009,0,206,3
0.450481986201131,1,206,3
0.450481986201131,1,206,3
0.693187794672009,1,206,3
0.693187794672009,1,206,3
0.229256878017132,0,206,3
0.450481986201131,1,206,3
0,0,206,3
0.450481986201131,0,206,3
0,1,206,3
0,1,206,3
0,1,206,3
0.450481986201131,0,206,3
0,1,206,3
0.693187794672009,0,206,3
0.229256878017132,1,206,3
0.450481986201131,1,206,3
0,0,206,3
0.229256878017132,1,206,3
0.450481986201131,0,206,3
0.693187794672009,1,206,3
0.450481986201131,0,206,3
0,0,206,3
0.450481986201131,0,206,3
0.450481986201131,1,206,3
0,1,206,3
0.229256878017132,1,206,3
0.450481986201131,1,206,3
0.450481986201131,1,206,3
0.693187794672009,1,206,3
0.450481986201131,1,206,3
0,1,206,3
0.229256878017132,0,206,3
0,0,206,3
0,0,206,3
0.450481986201131,0,206,3
0,0,206,3
0,0,206,3
0,1,206,3
0,0,206,3
0.693187794672009,1,206,3
0,1,206,3
0.229256878017132,1,206,3
0,1,206,3
0.450481986201131,0,206,3
0.693187794672009,1,206,3
0.450481986201131,0,206,3
0,1,206,3
0,0,206,3
0,0,206,3
0,1,206,3
0,0,206,3
0.450481986201131,0,206,3
0,0,206,3
0.229256878017132,0,206,3
0.450481986201131,0,206,3
0.693187794672009,0,206,3
0,0,206,3
0.450481986201131,0,206,3
0,1,206,3
0,0,206,3
0.693187794672009,0,206,3
0,0,206,3
0.450481986201131,0,206,3
0.450481986201131,1,206,3
0.229256878017132,0,206,3
0.229256878017132,1,206,3
0.450481986201131,1,206,3
0.693187794672009,1,206,3
0,1,206,3
0,1,206,3
0,1,206,3
0,1,206,3
0.147238329653473,0,206,4
0.843572752507461,1,206,4
0.147238329653473,0,206,4
0.843572752507461,1,206,4
0.491079393770177,0,206,4
0,0,206,4
0.491079393770177,0,206,4
0,0,206,4
0.843572752507461,1,206,4
0.491079393770177,0,206,4
0.491079393770177,0,206,4
0.491079393770177,0,206,4
0.491079393770177,0,206,4
0.843572752507461,1,206,4
0.491079393770177,1,206,4
0.491079393770177,1,206,4
0.491079393770177,1,206,4
0.147238329653473,0,206,4
0.491079393770177,0,206,4
0.491079393770177,1,206,4
0.491079393770177,1,206,4
0,0,206,4
0,1,206,4
0,1,206,4
0,0,206,4
0.843572752507461,1,206,4
0.843572752507461,1,206,4
0.491079393770177,1,206,4
0,0,206,4
0.491079393770177,1,206,4
0.147238329653473,1,206,4
0,1,206,4
0,1,206,4
0,0,206,4
0.491079393770177,1,206,4
0.843572752507461,1,206,4
0,0,206,4
0.147238329653473,0,206,4
0.491079393770177,1,206,4
0.491079393770177,1,206,4
0.843572752507461,1,206,4
0.491079393770177,1,206,4
0,1,206,4
0.147238329653473,1,206,4
0,1,206,4
0,1,206,4
0,0,206,4
0,0,206,4
0,0,206,4
0,0,206,4
0.843572752507461,1,206,4
0.491079393770177,1,206,4
0.147238329653473,1,206,4
0.843572752507461,1,206,4
0,0,206,4
0,0,206,4
0,0,206,4
0.491079393770177,0,206,4
0,0,206,4
0,0,206,4
0.147238329653473,0,206,4
0.491079393770177,0,206,4
0.491079393770177,1,206,4
0,1,206,4
0.491079393770177,1,206,4
0,0,206,4
0.147238329653473,1,206,4
0.843572752507461,1,206,4
0,1,206,4
0,1,206,4
0,1,206,4
0.491079393770177,1,206,4
0.843572752507461,1,206,4
0,1,206,4
0.491079393770177,1,206,4
0,1,206,4
0,1,206,4
0,1,206,4
0.491079393770177,1,206,4
0.147238329653473,1,206,4
0.491079393770177,1,206,5
0.491079393770177,1,206,5
0.147238329653473,1,206,5
0,1,206,5
0.491079393770177,1,206,5
0,1,206,5
0.843572752507461,1,206,5
0.843572752507461,1,206,5
0.491079393770177,1,206,5
0.491079393770177,1,206,5
0.491079393770177,1,206,5
0.843572752507461,1,206,5
0.491079393770177,1,206,5
0.147238329653473,1,206,5
0.843572752507461,1,206,5
0.491079393770177,1,206,5
0,1,206,5
0.843572752507461,1,206,5
0.491079393770177,1,206,5
0.491079393770177,1,206,5
0,0,206,5
0.491079393770177,1,206,5
0.491079393770177,1,206,5
0.843572752507461,1,206,5
0.147238329653473,1,206,5
0,1,206,5
0.491079393770177,1,206,5
0,0,206,5
0.147238329653473,0,206,5
0,0,206,5
0,0,206,5
0.491079393770177,1,206,5
0.843572752507461,1,206,5
0,1,206,5
0.147238329653473,1,206,5
0.147238329653473,1,206,5
0,1,206,5
0,1,206,5
0,1,206,5
0.491079393770177,1,206,5
0,1,206,5
0.491079393770177,1,206,5
0,1,206,5
0,1,206,5
0.843572752507461,1,206,5
0.491079393770177,1,206,5
0.491079393770177,1,206,5
0,1,206,5
0,1,206,5
0,1,206,5
0,1,206,5
0.843572752507461,1,206,5
0.147238329653473,1,206,5
0.491079393770177,1,206,5
0.491079393770177,1,206,5
0,1,206,5
0,1,206,5
0.491079393770177,1,206,5
0,1,206,5
0,1,206,5
0.491079393770177,1,206,5
0.147238329653473,1,206,5
0,1,206,5
0.843572752507461,1,206,5
0,1,206,5
0.491079393770177,1,206,5
0.843572752507461,1,206,5
0,0,206,5
0.147238329653473,1,206,5
0.147238329653473,0,206,5
0.843572752507461,1,206,5
0,1,206,5
0,0,206,5
0,1,206,5
0.491079393770177,1,206,5
0,0,206,5
0,1,206,5
0,1,206,5
0.491079393770177,1,206,5
0.491079393770177,1,206,5
0.843572752507461,1,206,6
0.491079393770177,1,206,6
0.491079393770177,0,206,6
0.147238329653473,0,206,6
0.491079393770177,1,206,6
0,0,206,6
0.491079393770177,1,206,6
0.843572752507461,1,206,6
0.491079393770177,1,206,6
0.843572752507461,1,206,6
0.843572752507461,1,206,6
0.491079393770177,1,206,6
0.491079393770177,1,206,6
0.147238329653473,1,206,6
0.491079393770177,1,206,6
0,1,206,6
0.491079393770177,1,206,6
0,0,206,6
0.491079393770177,1,206,6
0.843572752507461,1,206,6
0.491079393770177,1,206,6
0,1,206,6
0.147238329653473,1,206,6
0,0,206,6
0.147238329653473,1,206,6
0,1,206,6
0.491079393770177,1,206,6
0.491079393770177,1,206,6
0,1,206,6
0.491079393770177,1,206,6
0,1,206,6
0.843572752507461,1,206,6
0,0,206,6
0.843572752507461,1,206,6
0,1,206,6
0,1,206,6
0.491079393770177,1,206,6
0.843572752507461,1,206,6
0,0,206,6
0,0,206,6
0.491079393770177,1,206,6
0,0,206,6
0.147238329653473,1,206,6
0.147238329653473,1,206,6
0.491079393770177,1,206,6
0,0,206,6
0,1,206,6
0.491079393770177,1,206,6
0,1,206,6
0.491079393770177,1,206,6
0,1,206,6
0.843572752507461,1,206,6
0.843572752507461,1,206,6
0.147238329653473,1,206,6
0,1,206,6
0,0,206,6
0.491079393770177,1,206,6
0.147238329653473,1,206,6
0,0,206,6
0.491079393770177,1,206,6
0,0,206,6
0,0,206,6
0.491079393770177,1,206,6
0,1,206,6
0.491079393770177,1,206,6
0.147238329653473,1,206,6
0.491079393770177,1,206,6
0.843572752507461,1,206,6
0,0,206,6
0,1,206,6
0.491079393770177,1,206,6
0,1,206,6
0,0,206,6
0.843572752507461,1,206,6
0,0,206,6
0,1,206,6
0,1,206,6
0,1,206,6
0.491079393770177,1,206,6
0.147238329653473,1,206,6
0.282300138613761,1,207,1
0.999999993731147,1,207,1
0.282300138613761,1,207,1
0.999999993731147,1,207,1
9.6989455450026e-10,0,207,1
9.6989455450026e-10,0,207,1
0.282300138613761,0,207,1
0.282300138613761,0,207,1
0.282300138613761,0,207,1
0,0,207,1
0.999999993731147,1,207,1
0.282300138613761,0,207,1
0.999999993731147,1,207,1
0.282300138613761,0,207,1
0,0,207,1
0.282300138613761,0,207,1
0.282300138613761,1,207,1
0,0,207,1
0.999999993731147,1,207,1
0.282300138613761,1,207,1
0,0,207,1
9.6989455450026e-10,0,207,1
0.282300138613761,0,207,1
0.282300138613761,0,207,1
0,0,207,1
9.6989455450026e-10,0,207,1
0,0,207,1
0.282300138613761,0,207,1
0,0,207,1
0,0,207,1
0.999999993731147,1,207,1
0.282300138613761,1,207,1
9.6989455450026e-10,0,207,1
0,0,207,1
0.999999993731147,0,207,1
0.282300138613761,1,207,1
0.282300138613761,1,207,1
9.6989455450026e-10,1,207,1
0,0,207,1
0,0,207,1
0,0,207,1
0.282300138613761,1,207,1
0,0,207,1
0,0,207,1
0,0,207,1
0,0,207,1
0.999999993731147,1,207,1
0.282300138613761,0,207,1
0,0,207,1
0.282300138613761,1,207,1
9.6989455450026e-10,0,207,1
0.282300138613761,0,207,1
0.282300138613761,1,207,1
0,0,207,1
0,0,207,1
0,1,207,1
0,0,207,1
0.999999993731147,1,207,1
0.282300138613761,1,207,1
0,0,207,1
9.6989455450026e-10,1,207,1
0,0,207,1
0.999999993731147,1,207,1
0,1,207,1
0,0,207,1
9.6989455450026e-10,0,207,1
9.6989455450026e-10,1,207,1
0,0,207,1
0,0,207,1
0,0,207,1
0.282300138613761,1,207,1
0.999999993731147,1,207,1
0.282300138613761,1,207,1
0.282300138613761,1,207,1
0.999999993731147,1,207,1
0,0,207,1
0,0,207,1
0,0,207,1
0,0,207,1
0.282300138613761,0,207,1
9.6989455450026e-10,0,207,2
0.282300138613761,0,207,2
0.282300138613761,0,207,2
0.999999993731147,1,207,2
0.999999993731147,1,207,2
0.282300138613761,0,207,2
0,1,207,2
0.282300138613761,1,207,2
0.282300138613761,1,207,2
0.282300138613761,1,207,2
9.6989455450026e-10,0,207,2
0.282300138613761,1,207,2
0.999999993731147,1,207,2
0.999999993731147,0,207,2
0.282300138613761,1,207,2
0,1,207,2
0,0,207,2
0.999999993731147,1,207,2
0,0,207,2
0.282300138613761,1,207,2
0.282300138613761,1,207,2
9.6989455450026e-10,1,207,2
0.282300138613761,0,207,2
0,1,207,2
0,0,207,2
0.282300138613761,0,207,2
9.6989455450026e-10,0,207,2
0,0,207,2
0.282300138613761,1,207,2
0,0,207,2
0.282300138613761,1,207,2
0.999999993731147,1,207,2
0,0,207,2
0,0,207,2
0.282300138613761,1,207,2
0.999999993731147,0,207,2
0,0,207,2
9.6989455450026e-10,0,207,2
0,0,207,2
0,0,207,2
0.282300138613761,0,207,2
0,0,207,2
9.6989455450026e-10,0,207,2
0.282300138613761,1,207,2
0,0,207,2
0,0,207,2
0.282300138613761,0,207,2
0.999999993731147,0,207,2
0.999999993731147,1,207,2
9.6989455450026e-10,1,207,2
0,0,207,2
0,0,207,2
0,0,207,2
0.282300138613761,0,207,2
0.282300138613761,0,207,2
0,0,207,2
0,0,207,2
9.6989455450026e-10,0,207,2
0.999999993731147,1,207,2
0.282300138613761,0,207,2
0,0,207,2
0,0,207,2
0.282300138613761,0,207,2
0,0,207,2
0,0,207,2
0.282300138613761,0,207,2
0.282300138613761,0,207,2
0,0,207,2
0.282300138613761,1,207,2
9.6989455450026e-10,1,207,2
0.282300138613761,1,207,2
0.999999993731147,1,207,2
0,1,207,2
0,0,207,2
0,0,207,2
0,0,207,2
0,0,207,2
0,0,207,2
0.999999993731147,1,207,2
9.6989455450026e-10,1,207,2
0.282300138613761,0,207,3
0.282300138613761,0,207,3
9.6989455450026e-10,0,207,3
0.282300138613761,1,207,3
0.282300138613761,0,207,3
0.282300138613761,0,207,3
0.282300138613761,1,207,3
0.282300138613761,1,207,3
0.999999993731147,0,207,3
9.6989455450026e-10,0,207,3
0,0,207,3
0.999999993731147,1,207,3
0.999999993731147,0,207,3
0,0,207,3
0.999999993731147,1,207,3
0.282300138613761,1,207,3
0.999999993731147,1,207,3
0.282300138613761,0,207,3
9.6989455450026e-10,0,207,3
0.282300138613761,1,207,3
0,0,207,3
0,0,207,3
0,0,207,3
0.999999993731147,0,207,3
0.282300138613761,1,207,3
0,0,207,3
0.282300138613761,0,207,3
0,0,207,3
0.282300138613761,0,207,3
0,0,207,3
0.282300138613761,1,207,3
9.6989455450026e-10,0,207,3
9.6989455450026e-10,1,207,3
0,0,207,3
0,0,207,3
0.282300138613761,1,207,3
0,0,207,3
0,0,207,3
0,1,207,3
0.282300138613761,1,207,3
0.999999993731147,1,207,3
0.999999993731147,1,207,3
0,1,207,3
0.282300138613761,0,207,3
9.6989455450026e-10,0,207,3
0,0,207,3
0,0,207,3
0.282300138613761,1,207,3
9.6989455450026e-10,0,207,3
0.999999993731147,1,207,3
0,0,207,3
0.282300138613761,1,207,3
0.999999993731147,0,207,3
0,0,207,3
0,0,207,3
0,0,207,3
0.282300138613761,1,207,3
0,0,207,3
9.6989455450026e-10,0,207,3
0,0,207,3
0.282300138613761,0,207,3
0,0,207,3
0.282300138613761,1,207,3
0,0,207,3
0.999999993731147,1,207,3
0,0,207,3
0,0,207,3
0,0,207,3
0,0,207,3
0,0,207,3
0.282300138613761,1,207,3
9.6989455450026e-10,0,207,3
0,0,207,3
0,0,207,3
0.282300138613761,1,207,3
0,0,207,3
0.999999993731147,1,207,3
0.282300138613761,0,207,3
9.6989455450026e-10,1,207,3
0.282300138613761,1,207,3
0.326429847154327,1,207,4
0.326429847154327,1,207,4
0,0,207,4
0.989389636657535,1,207,4
0.989389636657535,1,207,4
0.326429847154327,1,207,4
0.326429847154327,0,207,4
0.989389636657535,1,207,4
0.326429847154327,1,207,4
0.00251237503869756,0,207,4
0.326429847154327,1,207,4
0,0,207,4
0.989389636657535,1,207,4
0.326429847154327,1,207,4
0.326429847154327,1,207,4
0.00251237503869756,1,207,4
0.989389636657535,1,207,4
0.989389636657535,1,207,4
0,0,207,4
0.326429847154327,1,207,4
0.326429847154327,1,207,4
0.326429847154327,0,207,4
0.00251237503869756,1,207,4
0.326429847154327,0,207,4
0,0,207,4
0,0,207,4
0.326429847154327,0,207,4
0,0,207,4
0,0,207,4
0.326429847154327,1,207,4
0,0,207,4
0.00251237503869756,1,207,4
0.989389636657535,1,207,4
0.989389636657535,1,207,4
0,1,207,4
0.00251237503869756,1,207,4
0,0,207,4
0,0,207,4
0.326429847154327,0,207,4
0.326429847154327,1,207,4
0,0,207,4
0,0,207,4
0,0,207,4
0,0,207,4
0,0,207,4
0.00251237503869756,1,207,4
0.326429847154327,1,207,4
0.326429847154327,1,207,4
0,0,207,4
0,0,207,4
0,0,207,4
0,0,207,4
0,0,207,4
0.00251237503869756,0,207,4
0,0,207,4
0,0,207,4
0.326429847154327,1,207,4
0.326429847154327,1,207,4
0.326429847154327,1,207,4
0.989389636657535,1,207,4
0.00251237503869756,0,207,4
0,0,207,4
0.989389636657535,1,207,4
0.326429847154327,1,207,4
0.326429847154327,1,207,4
0.00251237503869756,1,207,4
0,0,207,4
0,0,207,4
0.326429847154327,1,207,4
0,0,207,4
0.00251237503869756,1,207,4
0,0,207,4
0.326429847154327,1,207,4
0,0,207,4
0.326429847154327,1,207,4
0,0,207,4
0.989389636657535,1,207,4
0,0,207,4
0.989389636657535,1,207,4
0,0,207,4
0.326429847154327,1,207,5
0.989389636657535,1,207,5
0.00251237503869756,1,207,5
0.989389636657535,1,207,5
0.326429847154327,1,207,5
0.326429847154327,1,207,5
0.00251237503869756,1,207,5
0,0,207,5
0.326429847154327,1,207,5
0.326429847154327,1,207,5
0.989389636657535,1,207,5
0.326429847154327,1,207,5
0,0,207,5
0.326429847154327,1,207,5
0.326429847154327,1,207,5
0.989389636657535,1,207,5
0,0,207,5
0.326429847154327,1,207,5
0,0,207,5
0.326429847154327,1,207,5
0,0,207,5
0,0,207,5
0.326429847154327,1,207,5
0.326429847154327,1,207,5
0.989389636657535,1,207,5
0.989389636657535,1,207,5
0.326429847154327,1,207,5
0,0,207,5
0.00251237503869756,0,207,5
0,0,207,5
0.326429847154327,1,207,5
0.00251237503869756,0,207,5
0.989389636657535,1,207,5
0,0,207,5
0,0,207,5
0,0,207,5
0.326429847154327,1,207,5
0,0,207,5
0.00251237503869756,1,207,5
0.326429847154327,1,207,5
0.00251237503869756,1,207,5
0.326429847154327,1,207,5
0.326429847154327,1,207,5
0,0,207,5
0,0,207,5
0,0,207,5
0,0,207,5
0.989389636657535,1,207,5
0,0,207,5
0.326429847154327,1,207,5
0,0,207,5
0,1,207,5
0,0,207,5
0.00251237503869756,1,207,5
0.989389636657535,1,207,5
0,0,207,5
0.00251237503869756,1,207,5
0,0,207,5
0,0,207,5
0.326429847154327,1,207,5
0.326429847154327,1,207,5
0.989389636657535,1,207,5
0,0,207,5
0.326429847154327,1,207,5
0.326429847154327,1,207,5
0,0,207,5
0,0,207,5
0,0,207,5
0.00251237503869756,1,207,5
0,0,207,5
0.00251237503869756,1,207,5
0,0,207,5
0.326429847154327,1,207,5
0,0,207,5
0.989389636657535,1,207,5
0,0,207,5
0,0,207,5
0.326429847154327,1,207,5
0.326429847154327,0,207,5
0.989389636657535,1,207,5
0.989389636657535,1,207,6
0.326429847154327,0,207,6
0.00251237503869756,0,207,6
0.326429847154327,1,207,6
0,0,207,6
0.326429847154327,1,207,6
0.326429847154327,0,207,6
0.989389636657535,1,207,6
0.326429847154327,1,207,6
0.326429847154327,0,207,6
0.326429847154327,0,207,6
0.989389636657535,1,207,6
0.326429847154327,1,207,6
0.989389636657535,1,207,6
0.00251237503869756,0,207,6
0,0,207,6
0.989389636657535,0,207,6
0.326429847154327,1,207,6
0.326429847154327,1,207,6
0,0,207,6
0,0,207,6
0.989389636657535,1,207,6
0,0,207,6
0.326429847154327,0,207,6
0,0,207,6
0.00251237503869756,1,207,6
0.326429847154327,1,207,6
0.326429847154327,1,207,6
0.326429847154327,1,207,6
0.00251237503869756,0,207,6
0,0,207,6
0,0,207,6
0,0,207,6
0.989389636657535,1,207,6
0,1,207,6
0.989389636657535,1,207,6
0,0,207,6
0,0,207,6
0.326429847154327,1,207,6
0.00251237503869756,1,207,6
0.326429847154327,1,207,6
0,0,207,6
0.326429847154327,0,207,6
0.326429847154327,0,207,6
0,0,207,6
0,0,207,6
0.00251237503869756,0,207,6
0,0,207,6
0.989389636657535,1,207,6
0,0,207,6
0.989389636657535,1,207,6
0,0,207,6
0,0,207,6
0.326429847154327,1,207,6
0.326429847154327,1,207,6
0,0,207,6
0,0,207,6
0.326429847154327,1,207,6
0,0,207,6
0,1,207,6
0.00251237503869756,1,207,6
0.326429847154327,1,207,6
0,0,207,6
0.00251237503869756,1,207,6
0,0,207,6
0,0,207,6
0,0,207,6
0,0,207,6
0.326429847154327,1,207,6
0.326429847154327,1,207,6
0.00251237503869756,1,207,6
0.326429847154327,1,207,6
0.326429847154327,1,207,6
0.989389636657535,1,207,6
0,0,207,6
0.989389636657535,0,207,6
0.00251237503869756,1,207,6
0,0,207,6
0,0,207,6
0,0,207,6
0.982266118270502,1,208,1
0.982266118270502,1,208,1
0.453387957546752,0,208,1
0.0122686018753873,0,208,1
0.453387957546752,0,208,1
0.453387957546752,0,208,1
0.982266118270502,0,208,1
0.453387957546752,0,208,1
0.453387957546752,0,208,1
0.453387957546752,0,208,1
0,0,208,1
0.453387957546752,0,208,1
0,0,208,1
0.982266118270502,1,208,1
0.453387957546752,0,208,1
0.0122686018753873,0,208,1
0.453387957546752,1,208,1
0.0122686018753873,1,208,1
0.982266118270502,0,208,1
0,0,208,1
0,0,208,1
0,0,208,1
0.453387957546752,0,208,1
0.453387957546752,0,208,1
0.453387957546752,0,208,1
0,0,208,1
0.453387957546752,0,208,1
0,0,208,1
0.982266118270502,1,208,1
0,0,208,1
0.453387957546752,0,208,1
0.0122686018753873,0,208,1
0.453387957546752,0,208,1
0.453387957546752,0,208,1
0,0,208,1
0,0,208,1
0,0,208,1
0.0122686018753873,0,208,1
0,0,208,1
0.453387957546752,0,208,1
0.453387957546752,0,208,1
0.0122686018753873,0,208,1
0,0,208,1
0,0,208,1
0,0,208,1
0.982266118270502,0,208,1
0.982266118270502,1,208,1
0,0,208,1
0,0,208,1
0.0122686018753873,0,208,1
0.453387957546752,0,208,1
0.982266118270502,0,208,1
0,0,208,1
0,0,208,1
0.453387957546752,0,208,1
0.453387957546752,0,208,1
0,0,208,1
0,0,208,1
0.0122686018753873,0,208,1
0,0,208,1
0.453387957546752,0,208,1
0,0,208,1
0.982266118270502,0,208,1
0,0,208,1
0.453387957546752,0,208,1
0,0,208,1
0,0,208,1
0.982266118270502,1,208,1
0.453387957546752,0,208,1
0,0,208,1
0.982266118270502,0,208,1
0,0,208,1
0.0122686018753873,0,208,1
0,0,208,1
0,0,208,1
0.453387957546752,0,208,1
0.453387957546752,0,208,1
0,0,208,1
0,0,208,1
0.0122686018753873,0,208,1
0.982266118270502,1,208,2
0.453387957546752,0,208,2
0.453387957546752,0,208,2
0.982266118270502,1,208,2
0.453387957546752,0,208,2
0.453387957546752,0,208,2
0.982266118270502,1,208,2
0.0122686018753873,0,208,2
0.0122686018753873,0,208,2
0.453387957546752,0,208,2
0.453387957546752,0,208,2
0.982266118270502,1,208,2
0,0,208,2
0.453387957546752,0,208,2
0,0,208,2
0.453387957546752,1,208,2
0.982266118270502,1,208,2
0.453387957546752,1,208,2
0,0,208,2
0.0122686018753873,0,208,2
0.453387957546752,0,208,2
0.453387957546752,1,208,2
0.0122686018753873,0,208,2
0,0,208,2
0.453387957546752,0,208,2
0.982266118270502,1,208,2
0.453387957546752,0,208,2
0,0,208,2
0,0,208,2
0.453387957546752,0,208,2
0,0,208,2
0,0,208,2
0.982266118270502,1,208,2
0.453387957546752,1,208,2
0,0,208,2
0,0,208,2
0.0122686018753873,0,208,2
0.453387957546752,1,208,2
0,0,208,2
0.0122686018753873,0,208,2
0.453387957546752,0,208,2
0,0,208,2
0,0,208,2
0.453387957546752,0,208,2
0.982266118270502,0,208,2
0,0,208,2
0,0,208,2
0,0,208,2
0,0,208,2
0.982266118270502,0,208,2
0,0,208,2
0,0,208,2
0,0,208,2
0.453387957546752,0,208,2
0.453387957546752,0,208,2
0,0,208,2
0,0,208,2
0.453387957546752,0,208,2
0.982266118270502,0,208,2
0,1,208,2
0.0122686018753873,0,208,2
0.0122686018753873,0,208,2
0,0,208,2
0.453387957546752,0,208,2
0.453387957546752,0,208,2
0.982266118270502,1,208,2
0,0,208,2
0.0122686018753873,0,208,2
0,1,208,2
0,0,208,2
0,0,208,2
0,0,208,2
0.0122686018753873,0,208,2
0,0,208,2
0,0,208,2
0.453387957546752,0,208,2
0,0,208,2
0.982266118270502,0,208,2
0.453387957546752,0,208,2
0.453387957546752,0,208,2
0.0122686018753873,0,208,3
0.0122686018753873,0,208,3
0.453387957546752,0,208,3
0.982266118270502,0,208,3
0.453387957546752,0,208,3
0.453387957546752,0,208,3
0.982266118270502,1,208,3
0.982266118270502,0,208,3
0.453387957546752,0,208,3
0.453387957546752,0,208,3
0,0,208,3
0,0,208,3
0.453387957546752,0,208,3
0.453387957546752,0,208,3
0.453387957546752,0,208,3
0.982266118270502,1,208,3
0.453387957546752,0,208,3
0.453387957546752,0,208,3
0,0,208,3
0.0122686018753873,0,208,3
0.982266118270502,0,208,3
0,0,208,3
0.453387957546752,0,208,3
0,0,208,3
0,0,208,3
0,0,208,3
0.0122686018753873,0,208,3
0.453387957546752,0,208,3
0.453387957546752,0,208,3
0,0,208,3
0.982266118270502,0,208,3
0.453387957546752,0,208,3
0,0,208,3
0.0122686018753873,0,208,3
0.982266118270502,0,208,3
0.0122686018753873,0,208,3
0.453387957546752,0,208,3
0.982266118270502,0,208,3
0,0,208,3
0,0,208,3
0,0,208,3
0.453387957546752,0,208,3
0,0,208,3
0.453387957546752,0,208,3
0.453387957546752,0,208,3
0,0,208,3
0,0,208,3
0,0,208,3
0.982266118270502,0,208,3
0,0,208,3
0.0122686018753873,0,208,3
0.982266118270502,0,208,3
0.0122686018753873,0,208,3
0,0,208,3
0.453387957546752,0,208,3
0,0,208,3
0,0,208,3
0,0,208,3
0,0,208,3
0,0,208,3
0.453387957546752,0,208,3
0,0,208,3
0.453387957546752,0,208,3
0.453387957546752,0,208,3
0,0,208,3
0,0,208,3
0.453387957546752,0,208,3
0.0122686018753873,0,208,3
0,0,208,3
0,0,208,3
0,0,208,3
0.453387957546752,0,208,3
0.453387957546752,0,208,3
0.982266118270502,0,208,3
0.982266118270502,0,208,3
0,0,208,3
0.0122686018753873,0,208,3
0,0,208,3
0.453387957546752,0,208,3
0,0,208,3
0.677374857450514,1,208,4
0.380269716760062,1,208,4
0.677374857450514,1,208,4
0.677374857450514,1,208,4
0,1,208,4
0.677374857450514,1,208,4
0.380269716760062,1,208,4
0.677374857450514,1,208,4
0,0,208,4
0.877811937374841,1,208,4
0.677374857450514,1,208,4
0.677374857450514,0,208,4
0.677374857450514,1,208,4
0.877811937374841,1,208,4
0.877811937374841,1,208,4
0.877811937374841,1,208,4
0.677374857450514,1,208,4
0,0,208,4
0.380269716760062,0,208,4
0.677374857450514,1,208,4
0.877811937374841,1,208,4
0.677374857450514,1,208,4
0,0,208,4
0,0,208,4
0,0,208,4
0,0,208,4
0.677374857450514,1,208,4
0.677374857450514,1,208,4
0,1,208,4
0.677374857450514,1,208,4
0.877811937374841,1,208,4
0.380269716760062,0,208,4
0,0,208,4
0.677374857450514,1,208,4
0,1,208,4
0.677374857450514,1,208,4
0.877811937374841,0,208,4
0,0,208,4
0.380269716760062,0,208,4
0,0,208,4
0.380269716760062,1,208,4
0,1,208,4
0.677374857450514,1,208,4
0,0,208,4
0.677374857450514,0,208,4
0,0,208,4
0.877811937374841,0,208,4
0,0,208,4
0,1,208,4
0.677374857450514,0,208,4
0,0,208,4
0.677374857450514,1,208,4
0.877811937374841,1,208,4
0,1,208,4
0,0,208,4
0,0,208,4
0,1,208,4
0.677374857450514,0,208,4
0.677374857450514,1,208,4
0,0,208,4
0.877811937374841,1,208,4
0,1,208,4
0.380269716760062,1,208,4
0.380269716760062,1,208,4
0.877811937374841,1,208,4
0.877811937374841,1,208,4
0.677374857450514,0,208,4
0,0,208,4
0.677374857450514,1,208,4
0.380269716760062,1,208,4
0,0,208,4
0,0,208,4
0,1,208,4
0,1,208,4
0,0,208,4
0,0,208,4
0.677374857450514,1,208,4
0,1,208,4
0.380269716760062,1,208,4
0.677374857450514,1,208,4
0.677374857450514,1,208,5
0.677374857450514,1,208,5
0.677374857450514,1,208,5
0.877811937374841,1,208,5
0.677374857450514,0,208,5
0.380269716760062,0,208,5
0,0,208,5
0,1,208,5
0.877811937374841,1,208,5
0.877811937374841,1,208,5
0.677374857450514,1,208,5
0.380269716760062,1,208,5
0.677374857450514,1,208,5
0.677374857450514,1,208,5
0.877811937374841,1,208,5
0.677374857450514,1,208,5
0.877811937374841,1,208,5
0.877811937374841,1,208,5
0.677374857450514,1,208,5
0,1,208,5
0.677374857450514,1,208,5
0,0,208,5
0.380269716760062,0,208,5
0.677374857450514,1,208,5
0.677374857450514,0,208,5
0,1,208,5
0.677374857450514,1,208,5
0,0,208,5
0,0,208,5
0,1,208,5
0.380269716760062,1,208,5
0.677374857450514,1,208,5
0,0,208,5
0,1,208,5
0,0,208,5
0,0,208,5
0.877811937374841,1,208,5
0.677374857450514,1,208,5
0.380269716760062,0,208,5
0,1,208,5
0,1,208,5
0.677374857450514,1,208,5
0,1,208,5
0.877811937374841,1,208,5
0.380269716760062,1,208,5
0.677374857450514,0,208,5
0,0,208,5
0.677374857450514,1,208,5
0.380269716760062,1,208,5
0,1,208,5
0,1,208,5
0,0,208,5
0.677374857450514,0,208,5
0.677374857450514,1,208,5
0.677374857450514,0,208,5
0.877811937374841,1,208,5
0.877811937374841,1,208,5
0,1,208,5
0,1,208,5
0,0,208,5
0.380269716760062,1,208,5
0,0,208,5
0,0,208,5
0.677374857450514,1,208,5
0.677374857450514,1,208,5
0.877811937374841,0,208,5
0.677374857450514,1,208,5
0,1,208,5
0,1,208,5
0,0,208,5
0,0,208,5
0.380269716760062,0,208,5
0,1,208,5
0,1,208,5
0.677374857450514,0,208,5
0.877811937374841,1,208,5
0.677374857450514,1,208,5
0,0,208,5
0,0,208,5
0.380269716760062,1,208,5
0,0,208,6
0.877811937374841,1,208,6
0.677374857450514,1,208,6
0.380269716760062,1,208,6
0.677374857450514,1,208,6
0.877811937374841,1,208,6
0.877811937374841,1,208,6
0.380269716760062,0,208,6
0.677374857450514,1,208,6
0.677374857450514,1,208,6
0.677374857450514,1,208,6
0.677374857450514,1,208,6
0,0,208,6
0.677374857450514,0,208,6
0.877811937374841,0,208,6
0.677374857450514,0,208,6
0.380269716760062,1,208,6
0.677374857450514,1,208,6
0.677374857450514,1,208,6
0.380269716760062,0,208,6
0.877811937374841,1,208,6
0,1,208,6
0.677374857450514,0,208,6
0,0,208,6
0.877811937374841,1,208,6
0,0,208,6
0.677374857450514,1,208,6
0,1,208,6
0,0,208,6
0.677374857450514,1,208,6
0,0,208,6
0.677374857450514,0,208,6
0,1,208,6
0.677374857450514,0,208,6
0.877811937374841,1,208,6
0,0,208,6
0.677374857450514,1,208,6
0,0,208,6
0.677374857450514,0,208,6
0,0,208,6
0,1,208,6
0,0,208,6
0.380269716760062,0,208,6
0.380269716760062,0,208,6
0,1,208,6
0.677374857450514,0,208,6
0.877811937374841,1,208,6
0,0,208,6
0.380269716760062,0,208,6
0,1,208,6
0,0,208,6
0,0,208,6
0.677374857450514,1,208,6
0.677374857450514,1,208,6
0,0,208,6
0.380269716760062,1,208,6
0,0,208,6
0.677374857450514,1,208,6
0.877811937374841,0,208,6
0.877811937374841,1,208,6
0.677374857450514,1,208,6
0,0,208,6
0,0,208,6
0,0,208,6
0,1,208,6
0.677374857450514,0,208,6
0,0,208,6
0.677374857450514,0,208,6
0.380269716760062,0,208,6
0.380269716760062,1,208,6
0.677374857450514,0,208,6
0.877811937374841,1,208,6
0,0,208,6
0,1,208,6
0,0,208,6
0,0,208,6
0,1,208,6
0,0,208,6
0.677374857450514,1,208,6
0.877811937374841,1,208,6
0.97494361425421,1,209,1
0.97494361425421,1,209,1
0.0195918758919062,1,209,1
0.468591033526854,0,209,1
0.97494361425421,0,209,1
0.468591033526854,0,209,1
0.468591033526854,0,209,1
0.97494361425421,1,209,1
0.468591033526854,0,209,1
0,0,209,1
0.468591033526854,0,209,1
0,0,209,1
0.468591033526854,0,209,1
0.0195918758919062,0,209,1
0.468591033526854,0,209,1
0.468591033526854,0,209,1
0.97494361425421,1,209,1
0.468591033526854,1,209,1
0,0,209,1
0.97494361425421,0,209,1
0,0,209,1
0.0195918758919062,0,209,1
0.468591033526854,0,209,1
0.468591033526854,0,209,1
0.0195918758919062,0,209,1
0,0,209,1
0,0,209,1
0.468591033526854,0,209,1
0.468591033526854,0,209,1
0,0,209,1
0,0,209,1
0.468591033526854,0,209,1
0.468591033526854,1,209,1
0,0,209,1
0.97494361425421,0,209,1
0.0195918758919062,0,209,1
0,0,209,1
0,0,209,1
0.97494361425421,0,209,1
0,0,209,1
0,0,209,1
0.468591033526854,0,209,1
0,0,209,1
0.468591033526854,0,209,1
0,0,209,1
0,0,209,1
0.468591033526854,0,209,1
0.0195918758919062,0,209,1
0.0195918758919062,1,209,1
0.97494361425421,1,209,1
0,0,209,1
0.0195918758919062,0,209,1
0,0,209,1
0,0,209,1
0.468591033526854,0,209,1
0,0,209,1
0.468591033526854,0,209,1
0.97494361425421,0,209,1
0.468591033526854,0,209,1
0,0,209,1
0,0,209,1
0,0,209,1
0,0,209,1
0.468591033526854,0,209,1
0,0,209,1
0.468591033526854,0,209,1
0.0195918758919062,0,209,1
0,0,209,1
0.468591033526854,0,209,1
0.97494361425421,0,209,1
0.97494361425421,0,209,1
0,0,209,1
0,0,209,1
0.468591033526854,0,209,1
0,0,209,1
0.468591033526854,0,209,1
0.0195918758919062,0,209,1
0,0,209,1
0,0,209,1
0,0,209,1
0.468591033526854,0,209,2
0,0,209,2
0.468591033526854,0,209,2
0.0195918758919062,0,209,2
0.0195918758919062,0,209,2
0.468591033526854,0,209,2
0.468591033526854,0,209,2
0.97494361425421,0,209,2
0.97494361425421,0,209,2
0.468591033526854,0,209,2
0.468591033526854,0,209,2
0.468591033526854,0,209,2
0.97494361425421,0,209,2
0,0,209,2
0.97494361425421,1,209,2
0.468591033526854,0,209,2
0.468591033526854,1,209,2
0,0,209,2
0,0,209,2
0,0,209,2
0.0195918758919062,0,209,2
0,0,209,2
0,0,209,2
0,0,209,2
0.468591033526854,1,209,2
0.0195918758919062,0,209,2
0.468591033526854,1,209,2
0.97494361425421,1,209,2
0.468591033526854,0,209,2
0.468591033526854,0,209,2
0.468591033526854,0,209,2
0.97494361425421,0,209,2
0.0195918758919062,0,209,2
0,0,209,2
0.468591033526854,0,209,2
0,0,209,2
0,0,209,2
0.0195918758919062,0,209,2
0.468591033526854,0,209,2
0,0,209,2
0,0,209,2
0,0,209,2
0,0,209,2
0.468591033526854,0,209,2
0.97494361425421,0,209,2
0.97494361425421,1,209,2
0,0,209,2
0.468591033526854,0,209,2
0,0,209,2
0.468591033526854,0,209,2
0.468591033526854,0,209,2
0,0,209,2
0.468591033526854,0,209,2
0.97494361425421,0,209,2
0,0,209,2
0,0,209,2
0,0,209,2
0,0,209,2
0.97494361425421,0,209,2
0,0,209,2
0.468591033526854,0,209,2
0.0195918758919062,0,209,2
0.0195918758919062,0,209,2
0,0,209,2
0.468591033526854,1,209,2
0.97494361425421,1,209,2
0.468591033526854,0,209,2
0,0,209,2
0.468591033526854,0,209,2
0,0,209,2
0.0195918758919062,0,209,2
0.468591033526854,0,209,2
0.97494361425421,0,209,2
0,0,209,2
0,0,209,2
0,0,209,2
0,0,209,2
0,0,209,2
0.0195918758919062,0,209,2
0,0,209,2
0,0,209,3
0.468591033526854,0,209,3
0.97494361425421,0,209,3
0.468591033526854,0,209,3
0.97494361425421,0,209,3
0,0,209,3
0.0195918758919062,0,209,3
0.468591033526854,0,209,3
0.97494361425421,0,209,3
0.468591033526854,0,209,3
0.97494361425421,1,209,3
0.0195918758919062,0,209,3
0.468591033526854,0,209,3
0.468591033526854,0,209,3
0.468591033526854,0,209,3
0.468591033526854,0,209,3
0.97494361425421,1,209,3
0,0,209,3
0.468591033526854,1,209,3
0,0,209,3
0,0,209,3
0.468591033526854,0,209,3
0.468591033526854,0,209,3
0,0,209,3
0.468591033526854,0,209,3
0.0195918758919062,0,209,3
0,0,209,3
0,0,209,3
0.97494361425421,0,209,3
0.0195918758919062,0,209,3
0.468591033526854,1,209,3
0.468591033526854,0,209,3
0,0,209,3
0.97494361425421,1,209,3
0.468591033526854,1,209,3
0,0,209,3
0,0,209,3
0,0,209,3
0.0195918758919062,1,209,3
0,0,209,3
0.97494361425421,1,209,3
0.468591033526854,1,209,3
0,0,209,3
0.468591033526854,0,209,3
0.0195918758919062,0,209,3
0,1,209,3
0.468591033526854,1,209,3
0,0,209,3
0.468591033526854,1,209,3
0,0,209,3
0.468591033526854,0,209,3
0,0,209,3
0.0195918758919062,0,209,3
0.468591033526854,0,209,3
0,0,209,3
0.97494361425421,0,209,3
0.0195918758919062,0,209,3
0,0,209,3
0,0,209,3
0,0,209,3
0.97494361425421,0,209,3
0,0,209,3
0,0,209,3
0.468591033526854,0,209,3
0.0195918758919062,0,209,3
0.468591033526854,0,209,3
0,0,209,3
0.97494361425421,0,209,3
0,0,209,3
0.468591033526854,0,209,3
0.97494361425421,0,209,3
0,0,209,3
0.468591033526854,1,209,3
0.0195918758919062,1,209,3
0,0,209,3
0,0,209,3
0,0,209,3
0,0,209,3
0.468591033526854,0,209,3
0,0,209,3
0.536853514125825,0,209,4
0.536853514125825,0,209,4
0.812381776624802,1,209,4
0.536853514125825,0,209,4
0,0,209,4
0.812381776624802,0,209,4
0.536853514125825,0,209,4
0.812381776624802,0,209,4
0.536853514125825,0,209,4
0.536853514125825,0,209,4
0.812381776624802,1,209,4
0.536853514125825,0,209,4
0.236819294372001,0,209,4
0.236819294372001,0,209,4
0,0,209,4
0.536853514125825,0,209,4
0,0,209,4
0.236819294372001,0,209,4
0.236819294372001,0,209,4
0.812381776624802,0,209,4
0,0,209,4
0,0,209,4
0.536853514125825,0,209,4
0.536853514125825,0,209,4
0,0,209,4
0.536853514125825,0,209,4
0.536853514125825,0,209,4
0,0,209,4
0.536853514125825,0,209,4
0,0,209,4
0.812381776624802,0,209,4
0.536853514125825,0,209,4
0.236819294372001,0,209,4
0,0,209,4
0,0,209,4
0,0,209,4
0.236819294372001,0,209,4
0,0,209,4
0.536853514125825,0,209,4
0.536853514125825,0,209,4
0,0,209,4
0,0,209,4
0.536853514125825,0,209,4
0.812381776624802,0,209,4
0,0,209,4
0.812381776624802,0,209,4
0,0,209,4
0.536853514125825,0,209,4
0,0,209,4
0,0,209,4
0,0,209,4
0.536853514125825,0,209,4
0.536853514125825,0,209,4
0,0,209,4
0.236819294372001,0,209,4
0.812381776624802,0,209,4
0.812381776624802,0,209,4
0,0,209,4
0.536853514125825,0,209,4
0.236819294372001,0,209,4
0.536853514125825,0,209,4
0,0,209,4
0,0,209,4
0,0,209,4
0.536853514125825,0,209,4
0,0,209,4
0.812381776624802,0,209,4
0,0,209,4
0,0,209,4
0.812381776624802,0,209,4
0.536853514125825,0,209,4
0.536853514125825,0,209,4
0.236819294372001,0,209,4
0.236819294372001,0,209,4
0,0,209,4
0,0,209,4
0,0,209,4
0,0,209,4
0.536853514125825,0,209,4
0,0,209,4
0.536853514125825,0,209,5
0,0,209,5
0.536853514125825,0,209,5
0.236819294372001,0,209,5
0.812381776624802,1,209,5
0.536853514125825,0,209,5
0.812381776624802,1,209,5
0,0,209,5
0.536853514125825,0,209,5
0.812381776624802,1,209,5
0.536853514125825,0,209,5
0.236819294372001,0,209,5
0.536853514125825,0,209,5
0.536853514125825,0,209,5
0.536853514125825,0,209,5
0.812381776624802,0,209,5
0,0,209,5
0.536853514125825,0,209,5
0,0,209,5
0.536853514125825,0,209,5
0.536853514125825,0,209,5
0,0,209,5
0,0,209,5
0.236819294372001,0,209,5
0.536853514125825,0,209,5
0,0,209,5
0.812381776624802,0,209,5
0.236819294372001,0,209,5
0.812381776624802,0,209,5
0,0,209,5
0.536853514125825,0,209,5
0.536853514125825,0,209,5
0,0,209,5
0.236819294372001,0,209,5
0,0,209,5
0.812381776624802,0,209,5
0,0,209,5
0,0,209,5
0,0,209,5
0.812381776624802,0,209,5
0,0,209,5
0.536853514125825,0,209,5
0.536853514125825,0,209,5
0,0,209,5
0.236819294372001,0,209,5
0.536853514125825,0,209,5
0.536853514125825,0,209,5
0,0,209,5
0,0,209,5
0,0,209,5
0.536853514125825,0,209,5
0,0,209,5
0,0,209,5
0,0,209,5
0.536853514125825,0,209,5
0.812381776624802,0,209,5
0.812381776624802,0,209,5
0.236819294372001,0,209,5
0,0,209,5
0.536853514125825,0,209,5
0,0,209,5
0,0,209,5
0.236819294372001,0,209,5
0.536853514125825,0,209,5
0,0,209,5
0,0,209,5
0.236819294372001,0,209,5
0.536853514125825,0,209,5
0,0,209,5
0,0,209,5
0,0,209,5
0.536853514125825,0,209,5
0,0,209,5
0.236819294372001,0,209,5
0,0,209,5
0,0,209,5
0.536853514125825,0,209,5
0.536853514125825,0,209,5
0.812381776624802,0,209,5
0.812381776624802,0,209,5
0.236819294372001,0,209,6
0.536853514125825,0,209,6
0.812381776624802,1,209,6
0,0,209,6
0.536853514125825,0,209,6
0.536853514125825,0,209,6
0.812381776624802,0,209,6
0.812381776624802,0,209,6
0.536853514125825,0,209,6
0.236819294372001,0,209,6
0,0,209,6
0.536853514125825,0,209,6
0.536853514125825,0,209,6
0.536853514125825,0,209,6
0.536853514125825,0,209,6
0.812381776624802,1,209,6
0.812381776624802,0,209,6
0.236819294372001,0,209,6
0,0,209,6
0.536853514125825,0,209,6
0,0,209,6
0,0,209,6
0,0,209,6
0.536853514125825,0,209,6
0.812381776624802,0,209,6
0,0,209,6
0,0,209,6
0.536853514125825,0,209,6
0.236819294372001,0,209,6
0.536853514125825,0,209,6
0.536853514125825,0,209,6
0.536853514125825,0,209,6
0,0,209,6
0,0,209,6
0,0,209,6
0.812381776624802,0,209,6
0.536853514125825,0,209,6
0.536853514125825,0,209,6
0,0,209,6
0.812381776624802,0,209,6
0,0,209,6
0.236819294372001,0,209,6
0,0,209,6
0,0,209,6
0.536853514125825,0,209,6
0.236819294372001,0,209,6
0,0,209,6
0.536853514125825,0,209,6
0.536853514125825,0,209,6
0.812381776624802,0,209,6
0,0,209,6
0.236819294372001,0,209,6
0.536853514125825,0,209,6
0.536853514125825,0,209,6
0.812381776624802,0,209,6
0,0,209,6
0,0,209,6
0.536853514125825,0,209,6
0,0,209,6
0.236819294372001,0,209,6
0,0,209,6
0,0,209,6
0,0,209,6
0,0,209,6
0,0,209,6
0,0,209,6
0.536853514125825,0,209,6
0.236819294372001,0,209,6
0,0,209,6
0.536853514125825,0,209,6
0,0,209,6
0.812381776624802,0,209,6
0,0,209,6
0.536853514125825,0,209,6
0.536853514125825,0,209,6
0.236819294372001,0,209,6
0,0,209,6
0.812381776624802,0,209,6
0,0,209,6
0,0,209,6
0.654956633064106,0,210,1
0.752566510191333,1,210,1
0.654956633064106,1,210,1
0.752566510191333,1,210,1
0.654956633064106,1,210,1
0.654956633064106,1,210,1
0.542261492655477,1,210,1
0.752566510191333,0,210,1
0.654956633064106,1,210,1
0.654956633064106,1,210,1
0.542261492655477,0,210,1
0.654956633064106,0,210,1
0,0,210,1
0,0,210,1
0.752566510191333,0,210,1
0.654956633064106,1,210,1
0,1,210,1
0.654956633064106,1,210,1
0.542261492655477,1,210,1
0,0,210,1
0,0,210,1
0,0,210,1
0.654956633064106,1,210,1
0.654956633064106,1,210,1
0.752566510191333,0,210,1
0,1,210,1
0.542261492655477,0,210,1
0.654956633064106,0,210,1
0.654956633064106,1,210,1
0.654956633064106,1,210,1
0.752566510191333,1,210,1
0,1,210,1
0.752566510191333,1,210,1
0.654956633064106,1,210,1
0,1,210,1
0.654956633064106,1,210,1
0,1,210,1
0,0,210,1
0,0,210,1
0,1,210,1
0,1,210,1
0.542261492655477,1,210,1
0.654956633064106,0,210,1
0,0,210,1
0.752566510191333,0,210,1
0.542261492655477,0,210,1
0.654956633064106,0,210,1
0,1,210,1
0.752566510191333,1,210,1
0,0,210,1
0,0,210,1
0.752566510191333,1,210,1
0,1,210,1
0,0,210,1
0.654956633064106,0,210,1
0.654956633064106,0,210,1
0,1,210,1
0,0,210,1
0.542261492655477,0,210,1
0,0,210,1
0,0,210,1
0.654956633064106,0,210,1
0.542261492655477,1,210,1
0.654956633064106,1,210,1
0,0,210,1
0.654956633064106,1,210,1
0,1,210,1
0.752566510191333,1,210,1
0.542261492655477,0,210,1
0,0,210,1
0,0,210,1
0,0,210,1
0,0,210,1
0.654956633064106,0,210,1
0.542261492655477,1,210,1
0,0,210,1
0.654956633064106,1,210,1
0.654956633064106,1,210,1
0,1,210,1
0.752566510191333,1,210,1
0.542261492655477,0,210,2
0.654956633064106,1,210,2
0.752566510191333,1,210,2
0.654956633064106,1,210,2
0.654956633064106,1,210,2
0.654956633064106,1,210,2
0,1,210,2
0.542261492655477,1,210,2
0.752566510191333,1,210,2
0.752566510191333,1,210,2
0.752566510191333,1,210,2
0,1,210,2
0.654956633064106,1,210,2
0.654956633064106,1,210,2
0.654956633064106,1,210,2
0.654956633064106,1,210,2
0,1,210,2
0,0,210,2
0.542261492655477,1,210,2
0.542261492655477,1,210,2
0.654956633064106,1,210,2
0.752566510191333,1,210,2
0,0,210,2
0.654956633064106,0,210,2
0,0,210,2
0.752566510191333,1,210,2
0.654956633064106,0,210,2
0.654956633064106,1,210,2
0.654956633064106,1,210,2
0,0,210,2
0.654956633064106,0,210,2
0,0,210,2
0,1,210,2
0.654956633064106,0,210,2
0,1,210,2
0.654956633064106,0,210,2
0.542261492655477,0,210,2
0,0,210,2
0,0,210,2
0.542261492655477,1,210,2
0.752566510191333,1,210,2
0,1,210,2
0.654956633064106,1,210,2
0.752566510191333,0,210,2
0,1,210,2
0,0,210,2
0.654956633064106,1,210,2
0,1,210,2
0,1,210,2
0.542261492655477,1,210,2
0.752566510191333,1,210,2
0,0,210,2
0.654956633064106,0,210,2
0,0,210,2
0.752566510191333,0,210,2
0.654956633064106,0,210,2
0,0,210,2
0,0,210,2
0.542261492655477,1,210,2
0,0,210,2
0,0,210,2
0,0,210,2
0.654956633064106,0,210,2
0.654956633064106,0,210,2
0.542261492655477,1,210,2
0.654956633064106,1,210,2
0.752566510191333,1,210,2
0,0,210,2
0,0,210,2
0.752566510191333,0,210,2
0,0,210,2
0.654956633064106,0,210,2
0,0,210,2
0,0,210,2
0,0,210,2
0,0,210,2
0,0,210,2
0.654956633064106,0,210,2
0.654956633064106,0,210,2
0.542261492655477,0,210,2
0.654956633064106,0,210,3
0.654956633064106,0,210,3
0.752566510191333,0,210,3
0.654956633064106,0,210,3
0.654956633064106,1,210,3
0.654956633064106,1,210,3
0.654956633064106,0,210,3
0.654956633064106,0,210,3
0.654956633064106,0,210,3
0.752566510191333,1,210,3
0,0,210,3
0.542261492655477,1,210,3
0.752566510191333,1,210,3
0.542261492655477,0,210,3
0,0,210,3
0.752566510191333,1,210,3
0.752566510191333,1,210,3
0.654956633064106,1,210,3
0,0,210,3
0.654956633064106,1,210,3
0,0,210,3
0.654956633064106,1,210,3
0,0,210,3
0.752566510191333,1,210,3
0.542261492655477,1,210,3
0,0,210,3
0,0,210,3
0.654956633064106,1,210,3
0.654956633064106,1,210,3
0.654956633064106,0,210,3
0,0,210,3
0.542261492655477,0,210,3
0.654956633064106,1,210,3
0,1,210,3
0,0,210,3
0.654956633064106,0,210,3
0.654956633064106,0,210,3
0,0,210,3
0.752566510191333,1,210,3
0,1,210,3
0.542261492655477,0,210,3
0.654956633064106,1,210,3
0,1,210,3
0,0,210,3
0.542261492655477,0,210,3
0,0,210,3
0,0,210,3
0.752566510191333,0,210,3
0.654956633064106,1,210,3
0,1,210,3
0.542261492655477,0,210,3
0,0,210,3
0,0,210,3
0.654956633064106,0,210,3
0.752566510191333,0,210,3
0,0,210,3
0,0,210,3
0.542261492655477,0,210,3
0,0,210,3
0,0,210,3
0.654956633064106,0,210,3
0.654956633064106,0,210,3
0,0,210,3
0.752566510191333,1,210,3
0.752566510191333,1,210,3
0,1,210,3
0,1,210,3
0.654956633064106,1,210,3
0,0,210,3
0.654956633064106,1,210,3
0,1,210,3
0.752566510191333,1,210,3
0.542261492655477,1,210,3
0,1,210,3
0.542261492655477,1,210,3
0,0,210,3
0.654956633064106,1,210,3
0,0,210,3
0.654956633064106,0,210,3
0,0,210,3
0,0,210,4
0.644145899571037,1,210,4
0.644145899571037,1,210,4
0.578157570102061,0,210,4
0.578157570102061,0,210,4
0.644145899571037,0,210,4
0.578157570102061,1,210,4
0.509255128116438,0,210,4
0.509255128116438,1,210,4
0.578157570102061,0,210,4
0.578157570102061,0,210,4
0.644145899571037,1,210,4
0.578157570102061,1,210,4
0.578157570102061,0,210,4
0,0,210,4
0.578157570102061,0,210,4
0.578157570102061,1,210,4
0.578157570102061,1,210,4
0.644145899571037,1,210,4
0.509255128116438,0,210,4
0.509255128116438,0,210,4
0.578157570102061,0,210,4
0.578157570102061,0,210,4
0,1,210,4
0,1,210,4
0,1,210,4
0.644145899571037,0,210,4
0.578157570102061,1,210,4
0,1,210,4
0.578157570102061,1,210,4
0,0,210,4
0,0,210,4
0,0,210,4
0,0,210,4
0.509255128116438,1,210,4
0.644145899571037,1,210,4
0.578157570102061,0,210,4
0,0,210,4
0,0,210,4
0,1,210,4
0.644145899571037,0,210,4
0,0,210,4
0.578157570102061,1,210,4
0.578157570102061,0,210,4
0.509255128116438,0,210,4
0.578157570102061,1,210,4
0,0,210,4
0,0,210,4
0.578157570102061,0,210,4
0,0,210,4
0.578157570102061,1,210,4
0,0,210,4
0.578157570102061,0,210,4
0.644145899571037,0,210,4
0,0,210,4
0,0,210,4
0.578157570102061,1,210,4
0.509255128116438,1,210,4
0,1,210,4
0.644145899571037,0,210,4
0.509255128116438,0,210,4
0,0,210,4
0,1,210,4
0,1,210,4
0.644145899571037,0,210,4
0,1,210,4
0.509255128116438,0,210,4
0,0,210,4
0.578157570102061,1,210,4
0,0,210,4
0.578157570102061,0,210,4
0,0,210,4
0.578157570102061,0,210,4
0.644145899571037,1,210,4
0,1,210,4
0,0,210,4
0.578157570102061,0,210,4
0.509255128116438,1,210,4
0,1,210,4
0,0,210,4
0,0,210,5
0.509255128116438,0,210,5
0.578157570102061,0,210,5
0.644145899571037,0,210,5
0.578157570102061,0,210,5
0.578157570102061,0,210,5
0.509255128116438,0,210,5
0.644145899571037,0,210,5
0.644145899571037,1,210,5
0.644145899571037,1,210,5
0.578157570102061,1,210,5
0.578157570102061,1,210,5
0,0,210,5
0.578157570102061,0,210,5
0.578157570102061,1,210,5
0.578157570102061,1,210,5
0.578157570102061,1,210,5
0.578157570102061,1,210,5
0.578157570102061,1,210,5
0.644145899571037,0,210,5
0,0,210,5
0,1,210,5
0.644145899571037,1,210,5
0,1,210,5
0,0,210,5
0.578157570102061,0,210,5
0.578157570102061,0,210,5
0.509255128116438,0,210,5
0,0,210,5
0.509255128116438,1,210,5
0.578157570102061,1,210,5
0,1,210,5
0,0,210,5
0,1,210,5
0.509255128116438,1,210,5
0,1,210,5
0.578157570102061,1,210,5
0,1,210,5
0,1,210,5
0.578157570102061,1,210,5
0,0,210,5
0.509255128116438,1,210,5
0,0,210,5
0.578157570102061,0,210,5
0.644145899571037,0,210,5
0.578157570102061,1,210,5
0.644145899571037,1,210,5
0,0,210,5
0,0,210,5
0.644145899571037,1,210,5
0.578157570102061,0,210,5
0,0,210,5
0,1,210,5
0,1,210,5
0.578157570102061,1,210,5
0.509255128116438,0,210,5
0.644145899571037,1,210,5
0.578157570102061,0,210,5
0,0,210,5
0,0,210,5
0.578157570102061,0,210,5
0,0,210,5
0.509255128116438,0,210,5
0,0,210,5
0.578157570102061,0,210,5
0,1,210,5
0.644145899571037,0,210,5
0.509255128116438,0,210,5
0,1,210,5
0,0,210,5
0.578157570102061,1,210,5
0.578157570102061,1,210,5
0,1,210,5
0,1,210,5
0.644145899571037,0,210,5
0.578157570102061,0,210,5
0,0,210,5
0.509255128116438,0,210,5
0,0,210,5
0,0,210,5
0.578157570102061,1,210,6
0,0,210,6
0.509255128116438,0,210,6
0.644145899571037,1,210,6
0.509255128116438,1,210,6
0,0,210,6
0.578157570102061,0,210,6
0.578157570102061,0,210,6
0.644145899571037,1,210,6
0.644145899571037,1,210,6
0.578157570102061,0,210,6
0.578157570102061,1,210,6
0.578157570102061,0,210,6
0.578157570102061,1,210,6
0.578157570102061,1,210,6
0.644145899571037,0,210,6
0.644145899571037,1,210,6
0,1,210,6
0,0,210,6
0,0,210,6
0.578157570102061,0,210,6
0,0,210,6
0.578157570102061,1,210,6
0.578157570102061,1,210,6
0,0,210,6
0.509255128116438,0,210,6
0.509255128116438,1,210,6
0.644145899571037,1,210,6
0.578157570102061,1,210,6
0,1,210,6
0.578157570102061,1,210,6
0.578157570102061,0,210,6
0,0,210,6
0,1,210,6
0.578157570102061,1,210,6
0.644145899571037,1,210,6
0.509255128116438,0,210,6
0.644145899571037,1,210,6
0,1,210,6
0.578157570102061,0,210,6
0.578157570102061,0,210,6
0.509255128116438,1,210,6
0,0,210,6
0,0,210,6
0,0,210,6
0,0,210,6
0,0,210,6
0.578157570102061,0,210,6
0.578157570102061,0,210,6
0,0,210,6
0.644145899571037,0,210,6
0,0,210,6
0.509255128116438,0,210,6
0,0,210,6
0.578157570102061,0,210,6
0,0,210,6
0,1,210,6
0.644145899571037,0,210,6
0,1,210,6
0.578157570102061,0,210,6
0,0,210,6
0,0,210,6
0.578157570102061,0,210,6
0.509255128116438,0,210,6
0,0,210,6
0,1,210,6
0,0,210,6
0.578157570102061,0,210,6
0.644145899571037,0,210,6
0.578157570102061,0,210,6
0.578157570102061,0,210,6
0,0,210,6
0.644145899571037,0,210,6
0.509255128116438,0,210,6
0,0,210,6
0.509255128116438,1,210,6
0,0,210,6
0,0,210,6
0,0,210,6
0.578157570102061,0,210,6
0.371053417362373,0,211,1
0.371053417362373,1,211,1
0.371053417362373,1,211,1
0.64408178356294,1,211,1
0.64408178356294,0,211,1
0.64408178356294,1,211,1
0.371053417362373,0,211,1
0.161308355765302,0,211,1
0.371053417362373,1,211,1
0,0,211,1
0.161308355765302,0,211,1
0.371053417362373,0,211,1
0.64408178356294,0,211,1
0.371053417362373,0,211,1
0.371053417362373,1,211,1
0,0,211,1
0.371053417362373,0,211,1
0.371053417362373,1,211,1
0.371053417362373,1,211,1
0,0,211,1
0.371053417362373,0,211,1
0.64408178356294,0,211,1
0.64408178356294,0,211,1
0,0,211,1
0,0,211,1
0,0,211,1
0.371053417362373,0,211,1
0,0,211,1
0.161308355765302,0,211,1
0.161308355765302,0,211,1
0,0,211,1
0.371053417362373,0,211,1
0.161308355765302,1,211,1
0.161308355765302,1,211,1
0.64408178356294,1,211,1
0,0,211,1
0,0,211,1
0,0,211,1
0,0,211,1
0,0,211,1
0.371053417362373,0,211,1
0,0,211,1
0.371053417362373,1,211,1
0,0,211,1
0.371053417362373,0,211,1
0.371053417362373,0,211,1
0,0,211,1
0.64408178356294,0,211,1
0,0,211,1
0.371053417362373,0,211,1
0.371053417362373,0,211,1
0,0,211,1
0,0,211,1
0.161308355765302,0,211,1
0.64408178356294,0,211,1
0,0,211,1
0,0,211,1
0.371053417362373,0,211,1
0,0,211,1
0.161308355765302,0,211,1
0.371053417362373,0,211,1
0.64408178356294,0,211,1
0,0,211,1
0,0,211,1
0.161308355765302,0,211,1
0,0,211,1
0,0,211,1
0.371053417362373,0,211,1
0.64408178356294,0,211,1
0.161308355765302,0,211,1
0,0,211,1
0.371053417362373,0,211,1
0,0,211,1
0.64408178356294,0,211,1
0,0,211,1
0.371053417362373,0,211,1
0,0,211,1
0,0,211,1
0.371053417362373,0,211,1
0,0,211,1
0,0,211,2
0.371053417362373,0,211,2
0.371053417362373,0,211,2
0.371053417362373,1,211,2
0.64408178356294,1,211,2
0.64408178356294,0,211,2
0.371053417362373,1,211,2
0.161308355765302,0,211,2
0,0,211,2
0.371053417362373,0,211,2
0.64408178356294,1,211,2
0.371053417362373,1,211,2
0.64408178356294,0,211,2
0.371053417362373,0,211,2
0.161308355765302,1,211,2
0.371053417362373,1,211,2
0.161308355765302,0,211,2
0,0,211,2
0,0,211,2
0,0,211,2
0,0,211,2
0.64408178356294,0,211,2
0.371053417362373,0,211,2
0.371053417362373,0,211,2
0.64408178356294,0,211,2
0,0,211,2
0,0,211,2
0.371053417362373,1,211,2
0.161308355765302,1,211,2
0.371053417362373,0,211,2
0.371053417362373,1,211,2
0.371053417362373,0,211,2
0,0,211,2
0.64408178356294,1,211,2
0,0,211,2
0,0,211,2
0,0,211,2
0.371053417362373,0,211,2
0.371053417362373,0,211,2
0.161308355765302,0,211,2
0.371053417362373,0,211,2
0.161308355765302,0,211,2
0,0,211,2
0,0,211,2
0.371053417362373,0,211,2
0,0,211,2
0.64408178356294,0,211,2
0,0,211,2
0,0,211,2
0.371053417362373,0,211,2
0,0,211,2
0,0,211,2
0,0,211,2
0.371053417362373,0,211,2
0.161308355765302,0,211,2
0.161308355765302,0,211,2
0,0,211,2
0.371053417362373,0,211,2
0,0,211,2
0,0,211,2
0.64408178356294,0,211,2
0,0,211,2
0.64408178356294,0,211,2
0.371053417362373,0,211,2
0,0,211,2
0.161308355765302,0,211,2
0,0,211,2
0.371053417362373,0,211,2
0.371053417362373,0,211,2
0,0,211,2
0.371053417362373,1,211,2
0.161308355765302,0,211,2
0.371053417362373,0,211,2
0,0,211,2
0.64408178356294,0,211,2
0.64408178356294,0,211,2
0,0,211,2
0,0,211,2
0,0,211,2
0,0,211,2
0,0,211,3
0.371053417362373,1,211,3
0.64408178356294,0,211,3
0.371053417362373,0,211,3
0.371053417362373,0,211,3
0.371053417362373,0,211,3
0.371053417362373,0,211,3
0,0,211,3
0.371053417362373,0,211,3
0.161308355765302,1,211,3
0.161308355765302,0,211,3
0.371053417362373,0,211,3
0.64408178356294,0,211,3
0.64408178356294,1,211,3
0.371053417362373,0,211,3
0.64408178356294,0,211,3
0,0,211,3
0.371053417362373,0,211,3
0,1,211,3
0.64408178356294,0,211,3
0.371053417362373,0,211,3
0,0,211,3
0,0,211,3
0.371053417362373,0,211,3
0.371053417362373,0,211,3
0.371053417362373,0,211,3
0,0,211,3
0.161308355765302,0,211,3
0.371053417362373,0,211,3
0,0,211,3
0.64408178356294,0,211,3
0.161308355765302,0,211,3
0,0,211,3
0,0,211,3
0,0,211,3
0,0,211,3
0.371053417362373,0,211,3
0.371053417362373,0,211,3
0.64408178356294,0,211,3
0,0,211,3
0.161308355765302,0,211,3
0,0,211,3
0.64408178356294,0,211,3
0,0,211,3
0.371053417362373,0,211,3
0.161308355765302,0,211,3
0,0,211,3
0.371053417362373,0,211,3
0.371053417362373,0,211,3
0,0,211,3
0.371053417362373,0,211,3
0,0,211,3
0,0,211,3
0,0,211,3
0.371053417362373,0,211,3
0,0,211,3
0.64408178356294,1,211,3
0.64408178356294,1,211,3
0,0,211,3
0.371053417362373,1,211,3
0.161308355765302,1,211,3
0.161308355765302,1,211,3
0,1,211,3
0,0,211,3
0,0,211,3
0,0,211,3
0.161308355765302,0,211,3
0.371053417362373,1,211,3
0.161308355765302,0,211,3
0.371053417362373,0,211,3
0,0,211,3
0.371053417362373,0,211,3
0.64408178356294,0,211,3
0.64408178356294,0,211,3
0,0,211,3
0,0,211,3
0.371053417362373,0,211,3
0,0,211,3
0,1,211,3
0,0,211,3
0.492884707530184,1,211,4
0.416677977325157,0,211,4
0.56942352005077,1,211,4
0.56942352005077,1,211,4
0.492884707530184,1,211,4
0.56942352005077,1,211,4
0.492884707530184,1,211,4
0,1,211,4
0.492884707530184,1,211,4
0.492884707530184,0,211,4
0.416677977325157,1,211,4
0.492884707530184,1,211,4
0.492884707530184,0,211,4
0.492884707530184,1,211,4
0.56942352005077,1,211,4
0,0,211,4
0.416677977325157,1,211,4
0.492884707530184,1,211,4
0,1,211,4
0.416677977325157,1,211,4
0.492884707530184,0,211,4
0,0,211,4
0.492884707530184,1,211,4
0,1,211,4
0.56942352005077,0,211,4
0,0,211,4
0,1,211,4
0,1,211,4
0.56942352005077,1,211,4
0.492884707530184,1,211,4
0.492884707530184,1,211,4
0.492884707530184,0,211,4
0,1,211,4
0.56942352005077,1,211,4
0,1,211,4
0.492884707530184,1,211,4
0.56942352005077,1,211,4
0,1,211,4
0,0,211,4
0.416677977325157,1,211,4
0,1,211,4
0.492884707530184,1,211,4
0,0,211,4
0.492884707530184,1,211,4
0,0,211,4
0,0,211,4
0.492884707530184,1,211,4
0.416677977325157,1,211,4
0,1,211,4
0.56942352005077,1,211,4
0,1,211,4
0.416677977325157,1,211,4
0,0,211,4
0.56942352005077,0,211,4
0,0,211,4
0.416677977325157,1,211,4
0.492884707530184,1,211,4
0.492884707530184,1,211,4
0,0,211,4
0.492884707530184,1,211,4
0,1,211,4
0.492884707530184,1,211,4
0,1,211,4
0,0,211,4
0,1,211,4
0.492884707530184,1,211,4
0,1,211,4
0,0,211,4
0,0,211,4
0.492884707530184,1,211,4
0,1,211,4
0,1,211,4
0.492884707530184,0,211,4
0,0,211,4
0.492884707530184,1,211,4
0.416677977325157,1,211,4
0,0,211,4
0.56942352005077,1,211,4
0.56942352005077,0,211,4
0.416677977325157,1,211,4
0.56942352005077,1,211,5
0.492884707530184,1,211,5
0,1,211,5
0.416677977325157,1,211,5
0,0,211,5
0.416677977325157,0,211,5
0.56942352005077,1,211,5
0.492884707530184,1,211,5
0.492884707530184,1,211,5
0.492884707530184,1,211,5
0.492884707530184,1,211,5
0.56942352005077,1,211,5
0.492884707530184,0,211,5
0.492884707530184,1,211,5
0.492884707530184,1,211,5
0.56942352005077,0,211,5
0,1,211,5
0.492884707530184,1,211,5
0.492884707530184,1,211,5
0.416677977325157,1,211,5
0.492884707530184,1,211,5
0.492884707530184,1,211,5
0,1,211,5
0.416677977325157,1,211,5
0,0,211,5
0,1,211,5
0.492884707530184,1,211,5
0.56942352005077,1,211,5
0.56942352005077,0,211,5
0.492884707530184,1,211,5
0,1,211,5
0,0,211,5
0.492884707530184,1,211,5
0.416677977325157,1,211,5
0.416677977325157,1,211,5
0,0,211,5
0,0,211,5
0,0,211,5
0,1,211,5
0.56942352005077,1,211,5
0,0,211,5
0.492884707530184,1,211,5
0,0,211,5
0.56942352005077,1,211,5
0,1,211,5
0.492884707530184,0,211,5
0.492884707530184,1,211,5
0,0,211,5
0,1,211,5
0.416677977325157,1,211,5
0.492884707530184,1,211,5
0,0,211,5
0,1,211,5
0,0,211,5
0,1,211,5
0,1,211,5
0.56942352005077,1,211,5
0.492884707530184,0,211,5
0.416677977325157,1,211,5
0.492884707530184,0,211,5
0.492884707530184,0,211,5
0,1,211,5
0.56942352005077,0,211,5
0,1,211,5
0,0,211,5
0.416677977325157,0,211,5
0,1,211,5
0,0,211,5
0,0,211,5
0,0,211,5
0,0,211,5
0.492884707530184,1,211,5
0,0,211,5
0.416677977325157,1,211,5
0.492884707530184,0,211,5
0.56942352005077,1,211,5
0,1,211,5
0.492884707530184,1,211,5
0.492884707530184,1,211,5
0.56942352005077,1,211,5
0.492884707530184,1,211,6
0.492884707530184,1,211,6
0,1,211,6
0.56942352005077,0,211,6
0.492884707530184,1,211,6
0.492884707530184,1,211,6
0.56942352005077,1,211,6
0.56942352005077,1,211,6
0,1,211,6
0.416677977325157,1,211,6
0.492884707530184,1,211,6
0.492884707530184,1,211,6
0.56942352005077,1,211,6
0.416677977325157,1,211,6
0.492884707530184,0,211,6
0.492884707530184,1,211,6
0.416677977325157,1,211,6
0.492884707530184,1,211,6
0.492884707530184,1,211,6
0.416677977325157,1,211,6
0,1,211,6
0,0,211,6
0,0,211,6
0,1,211,6
0.56942352005077,1,211,6
0.492884707530184,1,211,6
0,1,211,6
0,1,211,6
0.492884707530184,0,211,6
0.492884707530184,1,211,6
0.492884707530184,1,211,6
0.56942352005077,1,211,6
0.416677977325157,1,211,6
0,1,211,6
0,1,211,6
0,0,211,6
0.416677977325157,1,211,6
0.492884707530184,0,211,6
0.56942352005077,1,211,6
0,0,211,6
0.492884707530184,1,211,6
0.492884707530184,1,211,6
0,1,211,6
0,1,211,6
0,1,211,6
0,1,211,6
0.492884707530184,1,211,6
0.56942352005077,1,211,6
0.56942352005077,1,211,6
0,1,211,6
0,1,211,6
0.416677977325157,0,211,6
0.492884707530184,1,211,6
0.492884707530184,0,211,6
0,0,211,6
0.416677977325157,1,211,6
0.492884707530184,1,211,6
0,1,211,6
0.56942352005077,1,211,6
0,1,211,6
0,0,211,6
0.492884707530184,0,211,6
0,1,211,6
0,0,211,6
0.492884707530184,1,211,6
0,0,211,6
0,0,211,6
0,0,211,6
0,1,211,6
0.56942352005077,0,211,6
0,0,211,6
0,0,211,6
0.416677977325157,0,211,6
0.492884707530184,0,211,6
0.416677977325157,0,211,6
0,0,211,6
0.492884707530184,0,211,6
0,0,211,6
0.56942352005077,0,211,6
0.492884707530184,0,211,6
0,0,212,1
0.588900205779052,1,212,1
0.588900205779052,1,212,1
0.41394672832915,1,212,1
0.588900205779052,1,212,1
0.258310651509809,1,212,1
0.41394672832915,1,212,1
0.588900205779052,1,212,1
0.258310651509809,1,212,1
0.41394672832915,1,212,1
0.41394672832915,1,212,1
0.41394672832915,1,212,1
0.41394672832915,1,212,1
0.41394672832915,1,212,1
0.41394672832915,0,212,1
0,1,212,1
0,1,212,1
0.258310651509809,1,212,1
0.41394672832915,1,212,1
0.258310651509809,1,212,1
0,1,212,1
0.41394672832915,1,212,1
0.41394672832915,1,212,1
0.41394672832915,1,212,1
0.588900205779052,1,212,1
0.41394672832915,0,212,1
0.588900205779052,1,212,1
0.41394672832915,1,212,1
0,1,212,1
0,1,212,1
0,1,212,1
0,1,212,1
0,1,212,1
0.258310651509809,1,212,1
0.41394672832915,1,212,1
0,1,212,1
0.41394672832915,1,212,1
0,0,212,1
0,1,212,1
0,1,212,1
0,1,212,1
0.41394672832915,1,212,1
0.588900205779052,1,212,1
0,1,212,1
0.258310651509809,1,212,1
0.588900205779052,1,212,1
0,1,212,1
0.41394672832915,0,212,1
0,1,212,1
0.41394672832915,1,212,1
0.41394672832915,1,212,1
0.258310651509809,1,212,1
0,0,212,1
0.588900205779052,1,212,1
0,0,212,1
0.41394672832915,0,212,1
0,0,212,1
0,1,212,1
0.258310651509809,1,212,1
0,1,212,1
0.41394672832915,1,212,1
0,0,212,1
0.588900205779052,0,212,1
0,0,212,1
0.258310651509809,1,212,1
0.41394672832915,1,212,1
0.41394672832915,0,212,1
0,1,212,1
0.588900205779052,1,212,1
0,1,212,1
0.588900205779052,1,212,1
0,0,212,1
0.41394672832915,1,212,1
0,1,212,1
0,0,212,1
0,0,212,1
0,0,212,1
0.258310651509809,0,212,1
0,1,212,1
0.41394672832915,1,212,1
0.588900205779052,1,212,2
0.258310651509809,1,212,2
0.41394672832915,1,212,2
0.41394672832915,1,212,2
0.41394672832915,1,212,2
0.41394672832915,1,212,2
0.41394672832915,1,212,2
0,0,212,2
0.588900205779052,1,212,2
0.258310651509809,1,212,2
0,1,212,2
0.41394672832915,1,212,2
0.41394672832915,1,212,2
0.588900205779052,1,212,2
0.588900205779052,1,212,2
0.41394672832915,1,212,2
0.41394672832915,1,212,2
0.258310651509809,1,212,2
0.41394672832915,1,212,2
0.41394672832915,1,212,2
0.41394672832915,1,212,2
0,1,212,2
0.588900205779052,1,212,2
0.258310651509809,1,212,2
0,0,212,2
0.41394672832915,1,212,2
0,0,212,2
0,0,212,2
0.41394672832915,1,212,2
0,1,212,2
0.588900205779052,1,212,2
0,0,212,2
0.588900205779052,1,212,2
0.588900205779052,1,212,2
0,0,212,2
0,0,212,2
0.258310651509809,1,212,2
0,1,212,2
0,0,212,2
0.258310651509809,1,212,2
0.41394672832915,1,212,2
0.41394672832915,1,212,2
0,0,212,2
0,1,212,2
0,1,212,2
0.41394672832915,1,212,2
0.41394672832915,0,212,2
0,0,212,2
0,0,212,2
0.588900205779052,1,212,2
0,0,212,2
0.41394672832915,1,212,2
0.41394672832915,0,212,2
0,1,212,2
0.258310651509809,1,212,2
0,0,212,2
0.258310651509809,1,212,2
0,1,212,2
0,0,212,2
0.41394672832915,1,212,2
0,0,212,2
0.588900205779052,1,212,2
0,0,212,2
0.41394672832915,1,212,2
0.41394672832915,1,212,2
0.258310651509809,1,212,2
0,0,212,2
0,0,212,2
0,0,212,2
0,1,212,2
0,0,212,2
0.41394672832915,1,212,2
0,1,212,2
0,1,212,2
0.41394672832915,1,212,2
0.588900205779052,0,212,2
0.588900205779052,1,212,2
0.41394672832915,1,212,2
0.258310651509809,1,212,2
0,1,212,2
0.41394672832915,0,212,3
0.588900205779052,1,212,3
0.41394672832915,1,212,3
0,0,212,3
0.41394672832915,0,212,3
0.41394672832915,1,212,3
0.41394672832915,0,212,3
0.588900205779052,1,212,3
0.41394672832915,1,212,3
0.41394672832915,1,212,3
0.41394672832915,1,212,3
0.258310651509809,1,212,3
0.258310651509809,1,212,3
0,0,212,3
0.588900205779052,1,212,3
0.588900205779052,1,212,3
0.258310651509809,1,212,3
0,0,212,3
0.41394672832915,0,212,3
0.258310651509809,0,212,3
0.588900205779052,1,212,3
0.41394672832915,1,212,3
0,0,212,3
0,0,212,3
0,0,212,3
0.41394672832915,0,212,3
0,0,212,3
0.41394672832915,1,212,3
0.41394672832915,1,212,3
0,0,212,3
0.588900205779052,1,212,3
0.41394672832915,1,212,3
0,1,212,3
0.41394672832915,0,212,3
0.41394672832915,0,212,3
0,0,212,3
0.588900205779052,1,212,3
0,1,212,3
0,0,212,3
0,0,212,3
0,0,212,3
0.588900205779052,1,212,3
0.258310651509809,0,212,3
0.41394672832915,1,212,3
0.41394672832915,0,212,3
0,0,212,3
0.258310651509809,1,212,3
0,1,212,3
0.258310651509809,1,212,3
0,0,212,3
0.588900205779052,1,212,3
0,0,212,3
0.588900205779052,1,212,3
0,0,212,3
0,0,212,3
0.41394672832915,1,212,3
0.41394672832915,1,212,3
0,1,212,3
0,0,212,3
0.258310651509809,0,212,3
0.41394672832915,1,212,3
0,1,212,3
0.41394672832915,0,212,3
0,1,212,3
0.258310651509809,0,212,3
0,0,212,3
0.588900205779052,1,212,3
0.41394672832915,1,212,3
0,0,212,3
0,1,212,3
0.41394672832915,0,212,3
0.41394672832915,1,212,3
0.258310651509809,0,212,3
0,0,212,3
0.588900205779052,1,212,3
0,0,212,3
0,0,212,3
0.41394672832915,1,212,3
0,0,212,3
0,0,212,3
0.492881932661323,1,212,4
0.381496476945147,1,212,4
0.492881932661323,1,212,4
0,0,212,4
0.381496476945147,1,212,4
0,0,212,4
0.281318995913049,1,212,4
0.281318995913049,0,212,4
0.381496476945147,1,212,4
0.381496476945147,0,212,4
0.492881932661323,1,212,4
0.381496476945147,1,212,4
0.381496476945147,1,212,4
0.492881932661323,1,212,4
0.381496476945147,0,212,4
0.381496476945147,0,212,4
0.381496476945147,1,212,4
0,0,212,4
0,0,212,4
0.281318995913049,1,212,4
0.381496476945147,1,212,4
0.381496476945147,1,212,4
0.281318995913049,0,212,4
0.381496476945147,0,212,4
0,0,212,4
0.492881932661323,1,212,4
0.492881932661323,1,212,4
0,0,212,4
0.381496476945147,1,212,4
0.381496476945147,1,212,4
0,0,212,4
0,0,212,4
0,0,212,4
0.381496476945147,0,212,4
0.492881932661323,0,212,4
0.281318995913049,1,212,4
0.381496476945147,1,212,4
0,0,212,4
0.381496476945147,0,212,4
0.281318995913049,1,212,4
0,1,212,4
0,0,212,4
0.381496476945147,1,212,4
0,0,212,4
0.492881932661323,1,212,4
0,0,212,4
0,0,212,4
0,0,212,4
0,0,212,4
0.281318995913049,0,212,4
0.492881932661323,1,212,4
0.381496476945147,1,212,4
0,0,212,4
0.381496476945147,1,212,4
0.381496476945147,1,212,4
0,0,212,4
0.381496476945147,1,212,4
0,0,212,4
0,0,212,4
0,0,212,4
0.281318995913049,0,212,4
0,0,212,4
0.492881932661323,0,212,4
0,0,212,4
0.492881932661323,1,212,4
0,0,212,4
0.381496476945147,1,212,4
0.381496476945147,1,212,4
0,0,212,4
0,0,212,4
0.281318995913049,0,212,4
0.381496476945147,1,212,4
0,0,212,4
0,0,212,4
0,0,212,4
0.492881932661323,0,212,4
0.281318995913049,0,212,4
0.381496476945147,0,212,4
0,0,212,4
0,0,212,4
0,0,212,5
0.492881932661323,0,212,5
0.381496476945147,0,212,5
0.492881932661323,0,212,5
0.492881932661323,1,212,5
0.281318995913049,1,212,5
0.492881932661323,1,212,5
0.381496476945147,1,212,5
0,0,212,5
0.381496476945147,1,212,5
0.281318995913049,1,212,5
0.381496476945147,1,212,5
0.381496476945147,1,212,5
0.381496476945147,1,212,5
0.381496476945147,0,212,5
0.381496476945147,1,212,5
0,0,212,5
0.381496476945147,1,212,5
0.492881932661323,0,212,5
0,0,212,5
0.381496476945147,1,212,5
0,1,212,5
0.381496476945147,1,212,5
0.381496476945147,1,212,5
0.381496476945147,0,212,5
0.381496476945147,1,212,5
0,0,212,5
0,0,212,5
0,0,212,5
0.281318995913049,1,212,5
0.281318995913049,1,212,5
0.492881932661323,1,212,5
0.492881932661323,1,212,5
0,0,212,5
0.381496476945147,1,212,5
0.492881932661323,0,212,5
0,0,212,5
0.381496476945147,0,212,5
0,0,212,5
0,0,212,5
0.381496476945147,0,212,5
0.281318995913049,0,212,5
0,0,212,5
0,0,212,5
0,0,212,5
0.281318995913049,0,212,5
0,0,212,5
0.381496476945147,0,212,5
0,0,212,5
0,0,212,5
0,0,212,5
0.281318995913049,0,212,5
0,0,212,5
0,0,212,5
0.381496476945147,1,212,5
0.492881932661323,1,212,5
0,0,212,5
0.381496476945147,1,212,5
0,1,212,5
0.381496476945147,1,212,5
0,0,212,5
0.381496476945147,1,212,5
0.492881932661323,1,212,5
0.281318995913049,0,212,5
0,0,212,5
0.492881932661323,0,212,5
0.381496476945147,0,212,5
0,0,212,5
0.281318995913049,0,212,5
0.381496476945147,1,212,5
0,0,212,5
0,0,212,5
0,0,212,5
0.381496476945147,0,212,5
0.281318995913049,1,212,5
0.381496476945147,1,212,5
0,0,212,5
0.492881932661323,1,212,5
0,0,212,5
0,0,212,5
0.381496476945147,0,212,6
0.492881932661323,1,212,6
0,0,212,6
0.281318995913049,0,212,6
0,0,212,6
0.381496476945147,0,212,6
0.381496476945147,0,212,6
0.381496476945147,0,212,6
0.492881932661323,1,212,6
0.381496476945147,1,212,6
0.492881932661323,0,212,6
0.281318995913049,0,212,6
0.492881932661323,1,212,6
0.381496476945147,1,212,6
0.381496476945147,1,212,6
0.381496476945147,0,212,6
0,0,212,6
0.381496476945147,1,212,6
0.281318995913049,1,212,6
0,0,212,6
0,0,212,6
0.381496476945147,1,212,6
0,0,212,6
0.381496476945147,1,212,6
0.381496476945147,1,212,6
0.492881932661323,1,212,6
0.281318995913049,1,212,6
0,0,212,6
0,1,212,6
0.381496476945147,0,212,6
0.381496476945147,0,212,6
0.492881932661323,0,212,6
0,0,212,6
0,0,212,6
0.492881932661323,0,212,6
0,0,212,6
0,0,212,6
0.381496476945147,0,212,6
0.381496476945147,0,212,6
0.381496476945147,0,212,6
0,1,212,6
0.281318995913049,0,212,6
0,0,212,6
0.381496476945147,0,212,6
0.492881932661323,0,212,6
0.281318995913049,1,212,6
0,1,212,6
0,0,212,6
0,0,212,6
0.281318995913049,1,212,6
0.381496476945147,1,212,6
0.492881932661323,1,212,6
0.381496476945147,1,212,6
0,1,212,6
0.492881932661323,0,212,6
0,0,212,6
0.381496476945147,1,212,6
0,0,212,6
0,0,212,6
0.381496476945147,1,212,6
0,0,212,6
0,0,212,6
0,0,212,6
0.281318995913049,1,212,6
0,0,212,6
0,0,212,6
0.281318995913049,0,212,6
0,1,212,6
0.381496476945147,0,212,6
0,0,212,6
0.281318995913049,1,212,6
0.492881932661323,0,212,6
0,0,212,6
0.381496476945147,1,212,6
0,0,212,6
0.381496476945147,1,212,6
0,0,212,6
0.381496476945147,1,212,6
0.492881932661323,1,212,6
0,0,212,6
0.576315326754512,1,213,1
0.576315326754512,1,213,1
0.99231463222166,1,213,1
0.576315326754512,0,213,1
0.99231463222166,1,213,1
0,1,213,1
0,0,213,1
0.99231463222166,1,213,1
0.576315326754512,1,213,1
0.576315326754512,0,213,1
0.0141276772882487,1,213,1
0.576315326754512,0,213,1
0.576315326754512,1,213,1
0.0141276772882487,1,213,1
0.576315326754512,1,213,1
0.99231463222166,1,213,1
0,0,213,1
0,0,213,1
0.576315326754512,1,213,1
0,1,213,1
0.576315326754512,1,213,1
0.576315326754512,1,213,1
0,1,213,1
0.576315326754512,1,213,1
0,1,213,1
0.99231463222166,1,213,1
0.576315326754512,1,213,1
0.99231463222166,1,213,1
0.0141276772882487,0,213,1
0.576315326754512,1,213,1
0,0,213,1
0.0141276772882487,1,213,1
0,1,213,1
0,1,213,1
0.576315326754512,1,213,1
0,0,213,1
0.0141276772882487,1,213,1
0,0,213,1
0.99231463222166,1,213,1
0,1,213,1
0.99231463222166,1,213,1
0.576315326754512,1,213,1
0,0,213,1
0,1,213,1
0.576315326754512,0,213,1
0,1,213,1
0.0141276772882487,1,213,1
0.576315326754512,1,213,1
0.99231463222166,1,213,1
0.0141276772882487,1,213,1
0.576315326754512,0,213,1
0.576315326754512,1,213,1
0.576315326754512,0,213,1
0,0,213,1
0,1,213,1
0,1,213,1
0,0,213,1
0,0,213,1
0.99231463222166,1,213,1
0.0141276772882487,0,213,1
0,1,213,1
0,1,213,1
0,0,213,1
0.576315326754512,1,213,1
0.576315326754512,1,213,1
0,0,213,1
0.0141276772882487,0,213,1
0.576315326754512,1,213,1
0,1,213,1
0,0,213,1
0.576315326754512,1,213,1
0.0141276772882487,1,213,1
0.576315326754512,1,213,1
0.99231463222166,1,213,1
0,1,213,1
0,0,213,1
0.99231463222166,1,213,1
0,0,213,1
0,0,213,1
0,0,213,1
0.576315326754512,1,213,2
0.576315326754512,1,213,2
0.99231463222166,1,213,2
0,1,213,2
0.0141276772882487,1,213,2
0.576315326754512,1,213,2
0.576315326754512,1,213,2
0.576315326754512,0,213,2
0.576315326754512,1,213,2
0,1,213,2
0.99231463222166,1,213,2
0.99231463222166,1,213,2
0.576315326754512,0,213,2
0.99231463222166,1,213,2
0.576315326754512,0,213,2
0.0141276772882487,0,213,2
0.576315326754512,0,213,2
0,1,213,2
0.99231463222166,1,213,2
0.0141276772882487,0,213,2
0,1,213,2
0,1,213,2
0,0,213,2
0.576315326754512,1,213,2
0.0141276772882487,0,213,2
0.576315326754512,1,213,2
0,0,213,2
0.576315326754512,1,213,2
0.576315326754512,1,213,2
0.576315326754512,0,213,2
0,1,213,2
0.99231463222166,1,213,2
0.0141276772882487,0,213,2
0.0141276772882487,0,213,2
0,0,213,2
0,0,213,2
0.576315326754512,1,213,2
0.99231463222166,1,213,2
0,1,213,2
0,0,213,2
0,1,213,2
0,0,213,2
0.99231463222166,1,213,2
0.576315326754512,1,213,2
0,0,213,2
0.576315326754512,1,213,2
0,1,213,2
0.576315326754512,1,213,2
0.99231463222166,1,213,2
0.576315326754512,1,213,2
0,1,213,2
0,0,213,2
0.576315326754512,1,213,2
0.0141276772882487,0,213,2
0,0,213,2
0,1,213,2
0,1,213,2
0,0,213,2
0.99231463222166,1,213,2
0.576315326754512,1,213,2
0,0,213,2
0.576315326754512,1,213,2
0.0141276772882487,1,213,2
0,0,213,2
0.576315326754512,1,213,2
0,1,213,2
0.0141276772882487,0,213,2
0,0,213,2
0,0,213,2
0,0,213,2
0.576315326754512,0,213,2
0.576315326754512,1,213,2
0.99231463222166,0,213,2
0,0,213,2
0.99231463222166,0,213,2
0.0141276772882487,0,213,2
0,0,213,2
0.576315326754512,0,213,2
0,0,213,2
0,0,213,2
0.576315326754512,0,213,3
0.576315326754512,1,213,3
0.99231463222166,1,213,3
0.99231463222166,1,213,3
0.576315326754512,0,213,3
0.576315326754512,1,213,3
0.0141276772882487,1,213,3
0.576315326754512,1,213,3
0.0141276772882487,0,213,3
0.99231463222166,1,213,3
0.99231463222166,1,213,3
0,0,213,3
0.576315326754512,1,213,3
0,1,213,3
0.576315326754512,1,213,3
0.576315326754512,1,213,3
0.0141276772882487,0,213,3
0.576315326754512,1,213,3
0,0,213,3
0.576315326754512,1,213,3
0.576315326754512,1,213,3
0.99231463222166,1,213,3
0.0141276772882487,1,213,3
0,0,213,3
0,0,213,3
0.576315326754512,1,213,3
0.576315326754512,1,213,3
0.576315326754512,1,213,3
0,0,213,3
0,0,213,3
0.99231463222166,1,213,3
0,1,213,3
0.99231463222166,1,213,3
0.99231463222166,1,213,3
0.0141276772882487,0,213,3
0.576315326754512,1,213,3
0,0,213,3
0,1,213,3
0,0,213,3
0.576315326754512,1,213,3
0,0,213,3
0,0,213,3
0,0,213,3
0.576315326754512,1,213,3
0.576315326754512,0,213,3
0,0,213,3
0,1,213,3
0.0141276772882487,1,213,3
0,0,213,3
0.576315326754512,0,213,3
0.99231463222166,1,213,3
0,0,213,3
0.99231463222166,1,213,3
0,0,213,3
0.576315326754512,1,213,3
0.0141276772882487,0,213,3
0,1,213,3
0.0141276772882487,0,213,3
0.576315326754512,0,213,3
0,1,213,3
0,0,213,3
0.576315326754512,1,213,3
0,0,213,3
0,0,213,3
0,0,213,3
0.0141276772882487,0,213,3
0,0,213,3
0,0,213,3
0,0,213,3
0.576315326754512,0,213,3
0,0,213,3
0.0141276772882487,0,213,3
0.99231463222166,0,213,3
0.576315326754512,0,213,3
0.576315326754512,1,213,3
0.99231463222166,1,213,3
0,0,213,3
0.576315326754512,1,213,3
0,0,213,3
0,0,213,3
0.50373504368468,1,213,4
0.81555808334133,1,213,4
0.50373504368468,1,213,4
0.188979139561085,0,213,4
0.81555808334133,1,213,4
0,0,213,4
0.50373504368468,1,213,4
0,1,213,4
0.50373504368468,1,213,4
0.188979139561085,0,213,4
0.50373504368468,1,213,4
0.81555808334133,1,213,4
0.50373504368468,1,213,4
0.81555808334133,1,213,4
0.50373504368468,0,213,4
0.50373504368468,1,213,4
0.50373504368468,1,213,4
0.50373504368468,1,213,4
0.188979139561085,1,213,4
0,1,213,4
0.50373504368468,1,213,4
0,1,213,4
0,1,213,4
0.50373504368468,1,213,4
0,1,213,4
0.188979139561085,1,213,4
0.81555808334133,1,213,4
0,1,213,4
0.50373504368468,1,213,4
0.81555808334133,1,213,4
0,1,213,4
0.50373504368468,1,213,4
0,1,213,4
0,1,213,4
0,1,213,4
0,1,213,4
0.50373504368468,0,213,4
0,1,213,4
0.50373504368468,1,213,4
0,1,213,4
0.50373504368468,1,213,4
0.50373504368468,1,213,4
0.81555808334133,1,213,4
0,1,213,4
0.188979139561085,1,213,4
0.81555808334133,1,213,4
0.188979139561085,0,213,4
0,1,213,4
0,1,213,4
0.50373504368468,1,213,4
0.50373504368468,1,213,4
0.50373504368468,1,213,4
0,0,213,4
0.81555808334133,1,213,4
0,0,213,4
0,1,213,4
0.50373504368468,1,213,4
0.188979139561085,1,213,4
0,0,213,4
0,1,213,4
0,1,213,4
0.188979139561085,1,213,4
0,1,213,4
0.81555808334133,1,213,4
0.50373504368468,1,213,4
0,1,213,4
0.188979139561085,1,213,4
0.81555808334133,0,213,4
0,1,213,4
0.81555808334133,1,213,4
0.188979139561085,1,213,4
0,0,213,4
0,1,213,4
0,1,213,4
0,1,213,4
0,1,213,4
0.50373504368468,0,213,4
0,1,213,4
0.50373504368468,1,213,4
0.50373504368468,1,213,4
0.50373504368468,1,213,5
0.81555808334133,1,213,5
0,0,213,5
0.188979139561085,1,213,5
0.50373504368468,1,213,5
0.50373504368468,1,213,5
0.81555808334133,1,213,5
0.50373504368468,1,213,5
0.188979139561085,1,213,5
0.50373504368468,1,213,5
0.50373504368468,1,213,5
0.50373504368468,1,213,5
0.81555808334133,1,213,5
0.50373504368468,1,213,5
0.81555808334133,1,213,5
0,0,213,5
0.50373504368468,1,213,5
0,1,213,5
0.50373504368468,1,213,5
0.50373504368468,1,213,5
0.188979139561085,1,213,5
0.50373504368468,1,213,5
0.81555808334133,1,213,5
0,0,213,5
0.50373504368468,1,213,5
0,1,213,5
0.50373504368468,1,213,5
0,1,213,5
0.81555808334133,1,213,5
0,1,213,5
0.188979139561085,1,213,5
0,1,213,5
0.81555808334133,1,213,5
0,0,213,5
0,0,213,5
0.81555808334133,1,213,5
0.50373504368468,1,213,5
0,1,213,5
0.188979139561085,1,213,5
0.50373504368468,1,213,5
0,0,213,5
0.50373504368468,1,213,5
0,0,213,5
0,0,213,5
0.188979139561085,1,213,5
0,0,213,5
0,0,213,5
0.50373504368468,1,213,5
0,1,213,5
0.50373504368468,1,213,5
0.81555808334133,1,213,5
0.188979139561085,1,213,5
0,1,213,5
0,0,213,5
0.81555808334133,1,213,5
0,0,213,5
0,0,213,5
0,0,213,5
0.50373504368468,0,213,5
0.50373504368468,0,213,5
0.50373504368468,1,213,5
0,1,213,5
0,0,213,5
0.188979139561085,1,213,5
0,1,213,5
0,0,213,5
0.81555808334133,1,213,5
0.50373504368468,0,213,5
0.50373504368468,1,213,5
0,0,213,5
0.188979139561085,1,213,5
0,0,213,5
0.50373504368468,1,213,5
0,0,213,5
0,0,213,5
0.81555808334133,1,213,5
0,1,213,5
0,0,213,5
0.188979139561085,1,213,5
0.50373504368468,1,213,5
0.50373504368468,0,213,6
0.50373504368468,0,213,6
0.81555808334133,1,213,6
0.81555808334133,1,213,6
0,0,213,6
0.188979139561085,1,213,6
0,0,213,6
0.81555808334133,1,213,6
0.188979139561085,1,213,6
0.50373504368468,1,213,6
0.81555808334133,1,213,6
0.50373504368468,1,213,6
0.50373504368468,1,213,6
0.50373504368468,0,213,6
0.50373504368468,1,213,6
0.50373504368468,1,213,6
0.50373504368468,1,213,6
0,0,213,6
0.50373504368468,1,213,6
0.81555808334133,1,213,6
0.50373504368468,1,213,6
0.188979139561085,1,213,6
0,1,213,6
0,0,213,6
0,0,213,6
0.50373504368468,1,213,6
0.81555808334133,1,213,6
0.188979139561085,1,213,6
0.50373504368468,1,213,6
0,0,213,6
0.50373504368468,1,213,6
0,0,213,6
0,1,213,6
0,0,213,6
0.188979139561085,1,213,6
0.50373504368468,1,213,6
0,0,213,6
0,0,213,6
0.81555808334133,1,213,6
0.188979139561085,1,213,6
0,0,213,6
0.81555808334133,1,213,6
0,1,213,6
0,1,213,6
0,1,213,6
0.50373504368468,0,213,6
0.50373504368468,1,213,6
0.50373504368468,1,213,6
0,1,213,6
0.81555808334133,1,213,6
0,1,213,6
0.50373504368468,1,213,6
0.50373504368468,1,213,6
0,0,213,6
0,0,213,6
0.50373504368468,1,213,6
0.50373504368468,1,213,6
0,0,213,6
0.188979139561085,1,213,6
0,1,213,6
0,0,213,6
0.188979139561085,1,213,6
0.81555808334133,1,213,6
0,0,213,6
0,1,213,6
0.50373504368468,1,213,6
0,0,213,6
0,0,213,6
0.81555808334133,1,213,6
0.50373504368468,0,213,6
0,1,213,6
0,0,213,6
0.188979139561085,1,213,6
0.50373504368468,1,213,6
0,1,213,6
0.188979139561085,0,213,6
0,1,213,6
0.81555808334133,1,213,6
0,0,213,6
0.50373504368468,1,213,6
0.444134625231495,0,301,1
0.444134625231495,0,301,1
0.444134625231495,0,301,1
0.821337100727421,1,301,1
0.121935305837455,0,301,1
0,0,301,1
0.444134625231495,0,301,1
0.821337100727421,1,301,1
0.444134625231495,1,301,1
0.821337100727421,1,301,1
0.444134625231495,0,301,1
0.821337100727421,1,301,1
0.444134625231495,0,301,1
0,0,301,1
0.444134625231495,0,301,1
0.121935305837455,0,301,1
0,1,301,1
0.821337100727421,1,301,1
0.444134625231495,1,301,1
0,0,301,1
0.444134625231495,0,301,1
0,0,301,1
0.444134625231495,1,301,1
0,0,301,1
0,0,301,1
0.444134625231495,0,301,1
0.121935305837455,0,301,1
0,0,301,1
0.821337100727421,1,301,1
0.121935305837455,0,301,1
0.444134625231495,1,301,1
0.444134625231495,1,301,1
0.444134625231495,0,301,1
0.444134625231495,0,301,1
0.121935305837455,0,301,1
0,0,301,1
0.821337100727421,1,301,1
0.444134625231495,1,301,1
0,0,301,1
0.444134625231495,1,301,1
0,0,301,1
0,0,301,1
0,1,301,1
0,1,301,1
0.121935305837455,0,301,1
0.821337100727421,1,301,1
0,1,301,1
0,1,301,1
0.444134625231495,0,301,1
0.444134625231495,0,301,1
0,0,301,1
0,0,301,1
0.121935305837455,0,301,1
0,0,301,1
0.821337100727421,0,301,1
0,0,301,1
0,0,301,1
0,0,301,1
0.444134625231495,1,301,1
0.121935305837455,1,301,1
0,0,301,1
0.444134625231495,1,301,1
0,1,301,1
0.821337100727421,1,301,1
0.121935305837455,1,301,1
0.444134625231495,1,301,1
0.444134625231495,1,301,1
0.821337100727421,1,301,1
0,1,301,1
0.121935305837455,1,301,1
0,1,301,1
0,1,301,1
0,1,301,1
0,1,301,1
0.821337100727421,1,301,1
0,1,301,1
0,1,301,1
0,1,301,1
0.444134625231495,1,301,1
0.444134625231495,1,301,1
0.821337100727421,1,301,2
0.444134625231495,1,301,2
0.821337100727421,1,301,2
0.444134625231495,1,301,2
0.444134625231495,1,301,2
0.444134625231495,1,301,2
0.444134625231495,1,301,2
0,1,301,2
0.444134625231495,1,301,2
0.121935305837455,1,301,2
0.444134625231495,1,301,2
0.821337100727421,1,301,2
0,0,301,2
0.821337100727421,1,301,2
0.444134625231495,1,301,2
0.121935305837455,0,301,2
0,1,301,2
0.121935305837455,1,301,2
0.821337100727421,1,301,2
0.444134625231495,0,301,2
0,1,301,2
0.444134625231495,1,301,2
0.444134625231495,1,301,2
0,1,301,2
0.444134625231495,1,301,2
0.444134625231495,0,301,2
0,1,301,2
0.444134625231495,1,301,2
0.821337100727421,1,301,2
0,1,301,2
0,1,301,2
0.121935305837455,0,301,2
0.121935305837455,1,301,2
0,1,301,2
0.444134625231495,1,301,2
0,0,301,2
0.444134625231495,1,301,2
0.821337100727421,1,301,2
0.444134625231495,1,301,2
0,1,301,2
0.444134625231495,1,301,2
0,0,301,2
0,1,301,2
0,0,301,2
0.821337100727421,1,301,2
0,0,301,2
0.121935305837455,1,301,2
0,0,301,2
0,1,301,2
0,1,301,2
0.444134625231495,1,301,2
0,1,301,2
0,1,301,2
0.121935305837455,0,301,2
0.821337100727421,1,301,2
0,1,301,2
0,1,301,2
0.121935305837455,0,301,2
0.444134625231495,0,301,2
0.821337100727421,1,301,2
0,0,301,2
0,1,301,2
0.444134625231495,1,301,2
0.444134625231495,1,301,2
0,1,301,2
0.821337100727421,1,301,2
0,1,301,2
0.444134625231495,1,301,2
0.444134625231495,0,301,2
0.444134625231495,1,301,2
0,1,301,2
0.444134625231495,1,301,2
0.121935305837455,0,301,2
0.821337100727421,1,301,2
0,1,301,2
0,1,301,2
0.121935305837455,1,301,2
0,1,301,2
0,0,301,2
0,1,301,2
0,0,301,3
0.121935305837455,1,301,3
0.121935305837455,0,301,3
0.821337100727421,1,301,3
0.444134625231495,0,301,3
0.444134625231495,1,301,3
0.444134625231495,1,301,3
0.444134625231495,1,301,3
0,1,301,3
0.821337100727421,1,301,3
0.444134625231495,1,301,3
0.444134625231495,1,301,3
0.444134625231495,0,301,3
0.821337100727421,1,301,3
0.821337100727421,1,301,3
0.444134625231495,0,301,3
0.444134625231495,1,301,3
0,1,301,3
0.444134625231495,1,301,3
0.121935305837455,1,301,3
0.821337100727421,1,301,3
0,0,301,3
0.821337100727421,1,301,3
0,1,301,3
0.444134625231495,1,301,3
0.444134625231495,1,301,3
0.444134625231495,1,301,3
0,0,301,3
0,0,301,3
0,0,301,3
0.444134625231495,0,301,3
0.121935305837455,0,301,3
0.821337100727421,1,301,3
0,1,301,3
0.121935305837455,1,301,3
0.444134625231495,1,301,3
0,0,301,3
0.444134625231495,0,301,3
0.121935305837455,0,301,3
0,0,301,3
0.444134625231495,0,301,3
0.444134625231495,1,301,3
0.821337100727421,0,301,3
0,0,301,3
0,0,301,3
0,0,301,3
0,1,301,3
0,0,301,3
0,1,301,3
0,0,301,3
0.821337100727421,1,301,3
0.121935305837455,1,301,3
0.121935305837455,1,301,3
0.444134625231495,1,301,3
0,0,301,3
0,1,301,3
0.821337100727421,1,301,3
0,1,301,3
0.444134625231495,1,301,3
0.444134625231495,0,301,3
0,1,301,3
0,1,301,3
0,1,301,3
0.444134625231495,0,301,3
0.444134625231495,1,301,3
0.444134625231495,0,301,3
0.121935305837455,0,301,3
0,0,301,3
0.821337100727421,0,301,3
0,1,301,3
0,1,301,3
0,1,301,3
0.821337100727421,0,301,3
0,0,301,3
0.444134625231495,0,301,3
0,0,301,3
0,0,301,3
0,0,301,3
0.121935305837455,0,301,3
0.444134625231495,0,301,3
0.434300892841214,1,301,4
0.434300892841214,0,301,4
0.434300892841214,0,301,4
0.434300892841214,0,301,4
0.434300892841214,0,301,4
0.434300892841214,1,301,4
0.714030470753346,1,301,4
0,0,301,4
0.190974607345072,0,301,4
0.190974607345072,0,301,4
0.714030470753346,0,301,4
0.434300892841214,0,301,4
0.714030470753346,0,301,4
0,0,301,4
0.714030470753346,1,301,4
0.434300892841214,0,301,4
0.714030470753346,1,301,4
0.434300892841214,0,301,4
0,0,301,4
0,0,301,4
0,0,301,4
0.434300892841214,0,301,4
0,0,301,4
0.190974607345072,0,301,4
0.714030470753346,0,301,4
0,0,301,4
0.434300892841214,0,301,4
0.190974607345072,0,301,4
0.434300892841214,0,301,4
0,0,301,4
0.434300892841214,0,301,4
0.434300892841214,0,301,4
0,0,301,4
0,0,301,4
0.714030470753346,0,301,4
0.714030470753346,0,301,4
0,0,301,4
0,0,301,4
0,0,301,4
0.434300892841214,0,301,4
0,0,301,4
0.434300892841214,0,301,4
0,0,301,4
0.434300892841214,0,301,4
0.190974607345072,0,301,4
0,0,301,4
0.434300892841214,0,301,4
0.190974607345072,0,301,4
0.434300892841214,0,301,4
0.190974607345072,0,301,4
0,0,301,4
0,0,301,4
0.714030470753346,0,301,4
0.434300892841214,0,301,4
0,0,301,4
0,0,301,4
0,0,301,4
0.190974607345072,0,301,4
0.434300892841214,0,301,4
0,0,301,4
0,0,301,4
0,0,301,4
0.714030470753346,0,301,4
0.434300892841214,0,301,4
0.434300892841214,0,301,4
0,0,301,4
0.434300892841214,0,301,4
0,1,301,4
0,0,301,4
0,0,301,4
0,1,301,4
0.434300892841214,1,301,4
0.190974607345072,1,301,4
0.714030470753346,1,301,4
0,1,301,4
0.714030470753346,1,301,4
0.434300892841214,1,301,4
0,0,301,4
0.190974607345072,1,301,4
0,0,301,4
0.434300892841214,1,301,5
0.714030470753346,1,301,5
0.714030470753346,1,301,5
0.434300892841214,0,301,5
0.434300892841214,0,301,5
0.434300892841214,0,301,5
0.434300892841214,1,301,5
0.434300892841214,1,301,5
0,0,301,5
0.714030470753346,1,301,5
0.190974607345072,0,301,5
0.434300892841214,0,301,5
0,0,301,5
0.434300892841214,0,301,5
0.190974607345072,0,301,5
0.714030470753346,0,301,5
0.434300892841214,1,301,5
0.434300892841214,1,301,5
0.190974607345072,1,301,5
0.434300892841214,0,301,5
0.190974607345072,0,301,5
0,0,301,5
0,0,301,5
0,0,301,5
0,0,301,5
0.434300892841214,0,301,5
0.714030470753346,1,301,5
0.434300892841214,0,301,5
0,0,301,5
0,0,301,5
0.434300892841214,0,301,5
0.714030470753346,0,301,5
0,0,301,5
0,0,301,5
0.434300892841214,0,301,5
0,0,301,5
0.190974607345072,0,301,5
0.434300892841214,0,301,5
0.434300892841214,0,301,5
0,0,301,5
0,0,301,5
0.714030470753346,0,301,5
0,0,301,5
0.190974607345072,0,301,5
0.434300892841214,0,301,5
0,0,301,5
0,0,301,5
0.714030470753346,0,301,5
0,0,301,5
0,0,301,5
0.434300892841214,0,301,5
0.434300892841214,0,301,5
0.190974607345072,0,301,5
0,0,301,5
0,0,301,5
0.190974607345072,0,301,5
0.434300892841214,0,301,5
0,0,301,5
0.714030470753346,0,301,5
0.434300892841214,0,301,5
0,0,301,5
0,0,301,5
0.714030470753346,0,301,5
0,0,301,5
0,0,301,5
0.714030470753346,1,301,5
0,0,301,5
0,0,301,5
0.434300892841214,0,301,5
0,0,301,5
0,0,301,5
0.434300892841214,0,301,5
0.714030470753346,0,301,5
0.434300892841214,0,301,5
0,0,301,5
0.434300892841214,0,301,5
0,0,301,5
0,0,301,5
0.190974607345072,0,301,5
0.190974607345072,0,301,5
0.190974607345072,0,301,6
0.714030470753346,1,301,6
0.434300892841214,0,301,6
0.714030470753346,0,301,6
0.434300892841214,0,301,6
0.190974607345072,0,301,6
0,0,301,6
0.714030470753346,1,301,6
0.714030470753346,0,301,6
0.434300892841214,0,301,6
0.434300892841214,0,301,6
0.434300892841214,0,301,6
0,0,301,6
0.434300892841214,0,301,6
0.434300892841214,0,301,6
0.434300892841214,1,301,6
0.434300892841214,1,301,6
0,1,301,6
0.434300892841214,0,301,6
0.190974607345072,0,301,6
0.714030470753346,1,301,6
0,0,301,6
0.190974607345072,0,301,6
0.434300892841214,1,301,6
0,0,301,6
0.434300892841214,0,301,6
0.714030470753346,1,301,6
0.434300892841214,1,301,6
0,0,301,6
0,0,301,6
0.434300892841214,0,301,6
0,0,301,6
0,0,301,6
0.714030470753346,0,301,6
0,0,301,6
0,0,301,6
0.434300892841214,0,301,6
0.434300892841214,0,301,6
0.434300892841214,0,301,6
0,0,301,6
0,0,301,6
0,0,301,6
0.190974607345072,0,301,6
0,0,301,6
0.714030470753346,1,301,6
0.434300892841214,1,301,6
0.190974607345072,0,301,6
0,0,301,6
0,0,301,6
0,0,301,6
0.714030470753346,0,301,6
0,0,301,6
0,0,301,6
0,0,301,6
0.434300892841214,0,301,6
0.190974607345072,1,301,6
0.434300892841214,1,301,6
0.190974607345072,0,301,6
0.434300892841214,0,301,6
0,0,301,6
0.434300892841214,1,301,6
0,0,301,6
0.714030470753346,1,301,6
0,0,301,6
0,0,301,6
0.190974607345072,1,301,6
0.434300892841214,1,301,6
0.190974607345072,0,301,6
0.434300892841214,0,301,6
0,0,301,6
0.434300892841214,1,301,6
0,0,301,6
0,0,301,6
0.714030470753346,1,301,6
0,0,301,6
0.434300892841214,0,301,6
0.714030470753346,1,301,6
0,0,301,6
0,0,301,6
0,0,301,6
0.535312809931714,0,302,1
0,0,302,1
0.728986608540658,1,302,1
0.728986608540658,1,302,1
0.535312809931714,1,302,1
0.728986608540658,1,302,1
0.535312809931714,1,302,1
0.535312809931714,1,302,1
0.535312809931714,1,302,1
0.535312809931714,1,302,1
0.535312809931714,1,302,1
0.535312809931714,0,302,1
0.330369679352039,1,302,1
0,0,302,1
0.330369679352039,0,302,1
0.728986608540658,1,302,1
0.535312809931714,0,302,1
0.330369679352039,1,302,1
0.535312809931714,1,302,1
0.535312809931714,1,302,1
0.535312809931714,0,302,1
0,0,302,1
0,0,302,1
0.330369679352039,1,302,1
0.535312809931714,1,302,1
0.728986608540658,1,302,1
0.535312809931714,1,302,1
0,0,302,1
0.728986608540658,1,302,1
0,0,302,1
0,0,302,1
0,0,302,1
0.535312809931714,1,302,1
0,1,302,1
0,0,302,1
0,0,302,1
0,0,302,1
0.535312809931714,1,302,1
0,0,302,1
0.330369679352039,1,302,1
0,1,302,1
0,0,302,1
0.535312809931714,1,302,1
0.330369679352039,1,302,1
0.535312809931714,1,302,1
0.728986608540658,1,302,1
0.728986608540658,1,302,1
0,0,302,1
0.535312809931714,1,302,1
0.728986608540658,1,302,1
0,0,302,1
0.330369679352039,1,302,1
0,0,302,1
0.728986608540658,1,302,1
0,1,302,1
0,0,302,1
0,1,302,1
0.535312809931714,1,302,1
0.330369679352039,1,302,1
0.535312809931714,1,302,1
0,1,302,1
0,0,302,1
0,0,302,1
0.535312809931714,0,302,1
0,0,302,1
0.330369679352039,1,302,1
0.535312809931714,1,302,1
0.535312809931714,1,302,1
0.535312809931714,1,302,1
0,0,302,1
0.330369679352039,1,302,1
0.535312809931714,1,302,1
0,0,302,1
0,0,302,1
0,0,302,1
0.728986608540658,0,302,1
0,0,302,1
0.728986608540658,0,302,1
0,0,302,1
0,0,302,1
0.535312809931714,0,302,2
0.535312809931714,0,302,2
0.535312809931714,1,302,2
0.330369679352039,1,302,2
0.728986608540658,1,302,2
0.535312809931714,1,302,2
0.535312809931714,0,302,2
0.728986608540658,1,302,2
0.728986608540658,1,302,2
0,0,302,2
0.330369679352039,0,302,2
0,0,302,2
0.535312809931714,1,302,2
0.535312809931714,1,302,2
0.535312809931714,1,302,2
0.728986608540658,1,302,2
0,0,302,2
0.535312809931714,0,302,2
0.535312809931714,0,302,2
0.728986608540658,1,302,2
0.330369679352039,0,302,2
0,0,302,2
0,1,302,2
0.330369679352039,1,302,2
0.535312809931714,1,302,2
0,1,302,2
0,0,302,2
0.535312809931714,0,302,2
0.728986608540658,1,302,2
0.535312809931714,1,302,2
0.535312809931714,1,302,2
0,0,302,2
0.330369679352039,1,302,2
0,1,302,2
0,1,302,2
0.535312809931714,1,302,2
0.535312809931714,1,302,2
0,1,302,2
0,1,302,2
0.535312809931714,0,302,2
0.535312809931714,1,302,2
0.728986608540658,1,302,2
0.728986608540658,1,302,2
0,0,302,2
0,0,302,2
0,0,302,2
0,0,302,2
0.330369679352039,1,302,2
0.535312809931714,1,302,2
0,1,302,2
0,0,302,2
0,0,302,2
0.535312809931714,0,302,2
0,0,302,2
0,0,302,2
0.330369679352039,1,302,2
0.728986608540658,1,302,2
0.330369679352039,0,302,2
0,0,302,2
0,0,302,2
0.535312809931714,0,302,2
0,0,302,2
0.728986608540658,1,302,2
0.535312809931714,1,302,2
0,0,302,2
0.535312809931714,0,302,2
0.330369679352039,0,302,2
0,0,302,2
0,0,302,2
0.535312809931714,1,302,2
0.728986608540658,1,302,2
0.330369679352039,1,302,2
0,0,302,2
0,0,302,2
0,0,302,2
0,0,302,2
0,0,302,2
0.535312809931714,1,302,2
0.728986608540658,1,302,2
0.535312809931714,0,302,2
0.535312809931714,0,302,3
0.330369679352039,0,302,3
0.535312809931714,0,302,3
0.728986608540658,0,302,3
0.728986608540658,1,302,3
0.535312809931714,1,302,3
0.535312809931714,0,302,3
0.535312809931714,1,302,3
0.728986608540658,1,302,3
0.728986608540658,1,302,3
0,1,302,3
0.535312809931714,0,302,3
0.535312809931714,0,302,3
0.535312809931714,0,302,3
0,0,302,3
0.330369679352039,0,302,3
0,0,302,3
0.535312809931714,1,302,3
0.728986608540658,1,302,3
0,0,302,3
0.728986608540658,0,302,3
0,0,302,3
0.330369679352039,0,302,3
0.330369679352039,1,302,3
0,0,302,3
0,0,302,3
0.535312809931714,1,302,3
0.535312809931714,1,302,3
0.535312809931714,1,302,3
0.535312809931714,1,302,3
0.535312809931714,1,302,3
0,0,302,3
0,0,302,3
0.728986608540658,1,302,3
0,0,302,3
0,0,302,3
0,0,302,3
0.330369679352039,0,302,3
0.728986608540658,1,302,3
0.535312809931714,1,302,3
0,0,302,3
0.535312809931714,1,302,3
0,0,302,3
0,0,302,3
0.535312809931714,1,302,3
0.330369679352039,1,302,3
0,0,302,3
0.535312809931714,1,302,3
0,0,302,3
0,0,302,3
0,0,302,3
0.330369679352039,0,302,3
0,0,302,3
0.535312809931714,1,302,3
0,0,302,3
0.535312809931714,1,302,3
0.535312809931714,0,302,3
0.330369679352039,1,302,3
0.728986608540658,1,302,3
0,0,302,3
0.535312809931714,1,302,3
0,0,302,3
0.728986608540658,1,302,3
0,0,302,3
0.535312809931714,1,302,3
0.330369679352039,1,302,3
0,0,302,3
0.728986608540658,1,302,3
0,0,302,3
0.535312809931714,1,302,3
0,0,302,3
0,0,302,3
0.728986608540658,1,302,3
0,0,302,3
0.535312809931714,1,302,3
0.535312809931714,1,302,3
0,1,302,3
0,0,302,3
0,0,302,3
0.330369679352039,0,302,3
0.69530236906261,1,302,4
0.548986001015219,0,302,4
0,0,302,4
0.548986001015219,0,302,4
0.393678025015913,0,302,4
0.548986001015219,0,302,4
0.69530236906261,1,302,4
0.548986001015219,0,302,4
0.548986001015219,0,302,4
0.548986001015219,0,302,4
0.393678025015913,0,302,4
0.69530236906261,0,302,4
0,0,302,4
0.548986001015219,0,302,4
0.69530236906261,1,302,4
0.548986001015219,0,302,4
0,0,302,4
0,0,302,4
0.548986001015219,0,302,4
0.548986001015219,0,302,4
0.393678025015913,0,302,4
0.69530236906261,0,302,4
0,0,302,4
0,0,302,4
0.548986001015219,1,302,4
0.548986001015219,0,302,4
0,0,302,4
0.69530236906261,0,302,4
0.393678025015913,0,302,4
0.548986001015219,0,302,4
0,0,302,4
0.548986001015219,0,302,4
0.393678025015913,0,302,4
0,0,302,4
0.393678025015913,0,302,4
0,0,302,4
0.548986001015219,0,302,4
0,0,302,4
0.548986001015219,0,302,4
0.69530236906261,0,302,4
0.69530236906261,0,302,4
0.548986001015219,0,302,4
0,0,302,4
0,0,302,4
0,0,302,4
0.548986001015219,0,302,4
0,0,302,4
0,0,302,4
0,0,302,4
0.393678025015913,0,302,4
0.548986001015219,0,302,4
0.548986001015219,0,302,4
0.69530236906261,0,302,4
0.548986001015219,0,302,4
0.69530236906261,0,302,4
0,0,302,4
0,0,302,4
0,0,302,4
0.393678025015913,0,302,4
0,0,302,4
0.548986001015219,1,302,4
0,1,302,4
0,1,302,4
0,0,302,4
0,0,302,4
0,0,302,4
0,0,302,4
0.548986001015219,0,302,4
0.548986001015219,0,302,4
0.548986001015219,0,302,4
0.393678025015913,0,302,4
0,0,302,4
0,0,302,4
0.393678025015913,0,302,4
0,0,302,4
0.69530236906261,1,302,4
0.548986001015219,1,302,4
0,0,302,4
0,0,302,4
0.69530236906261,0,302,4
0.393678025015913,0,302,5
0.548986001015219,0,302,5
0.69530236906261,0,302,5
0.69530236906261,0,302,5
0.548986001015219,0,302,5
0.393678025015913,0,302,5
0.548986001015219,0,302,5
0.69530236906261,1,302,5
0,0,302,5
0.548986001015219,0,302,5
0.548986001015219,0,302,5
0,0,302,5
0.548986001015219,0,302,5
0.548986001015219,0,302,5
0.69530236906261,1,302,5
0.548986001015219,0,302,5
0.393678025015913,0,302,5
0.69530236906261,1,302,5
0,0,302,5
0,0,302,5
0,0,302,5
0.548986001015219,0,302,5
0.393678025015913,0,302,5
0.548986001015219,0,302,5
0,0,302,5
0.69530236906261,0,302,5
0.548986001015219,1,302,5
0,0,302,5
0.548986001015219,0,302,5
0.548986001015219,1,302,5
0,1,302,5
0.548986001015219,1,302,5
0,0,302,5
0,0,302,5
0.69530236906261,0,302,5
0.393678025015913,0,302,5
0.69530236906261,0,302,5
0.393678025015913,0,302,5
0,0,302,5
0,0,302,5
0.548986001015219,0,302,5
0,0,302,5
0,0,302,5
0,0,302,5
0.548986001015219,0,302,5
0,0,302,5
0.548986001015219,0,302,5
0.548986001015219,0,302,5
0,0,302,5
0,0,302,5
0.69530236906261,0,302,5
0.548986001015219,0,302,5
0.548986001015219,0,302,5
0,0,302,5
0,0,302,5
0.393678025015913,0,302,5
0.69530236906261,0,302,5
0.393678025015913,0,302,5
0,0,302,5
0,0,302,5
0,0,302,5
0.548986001015219,0,302,5
0,0,302,5
0.548986001015219,0,302,5
0.548986001015219,0,302,5
0.69530236906261,0,302,5
0,0,302,5
0.393678025015913,0,302,5
0,0,302,5
0.69530236906261,0,302,5
0,0,302,5
0.548986001015219,0,302,5
0.548986001015219,0,302,5
0,0,302,5
0,0,302,5
0.393678025015913,0,302,5
0,0,302,5
0.548986001015219,0,302,5
0,0,302,5
0,0,302,5
0.548986001015219,0,302,6
0.548986001015219,0,302,6
0.69530236906261,1,302,6
0.548986001015219,0,302,6
0.548986001015219,0,302,6
0.393678025015913,0,302,6
0.548986001015219,1,302,6
0.69530236906261,1,302,6
0.548986001015219,0,302,6
0,0,302,6
0.548986001015219,0,302,6
0.393678025015913,0,302,6
0.69530236906261,0,302,6
0,0,302,6
0.69530236906261,1,302,6
0.548986001015219,0,302,6
0.548986001015219,0,302,6
0.548986001015219,0,302,6
0.69530236906261,1,302,6
0.548986001015219,0,302,6
0,0,302,6
0.69530236906261,0,302,6
0.393678025015913,0,302,6
0,0,302,6
0.393678025015913,1,302,6
0,0,302,6
0.548986001015219,0,302,6
0,0,302,6
0,0,302,6
0.548986001015219,0,302,6
0.548986001015219,0,302,6
0,0,302,6
0,0,302,6
0,0,302,6
0.69530236906261,0,302,6
0.393678025015913,0,302,6
0.548986001015219,0,302,6
0,0,302,6
0.548986001015219,0,302,6
0,0,302,6
0.393678025015913,0,302,6
0,0,302,6
0,0,302,6
0.548986001015219,0,302,6
0.69530236906261,0,302,6
0,0,302,6
0.548986001015219,0,302,6
0,0,302,6
0.548986001015219,0,302,6
0.393678025015913,0,302,6
0,0,302,6
0.548986001015219,0,302,6
0,0,302,6
0,0,302,6
0.393678025015913,0,302,6
0,0,302,6
0.548986001015219,0,302,6
0.69530236906261,0,302,6
0,0,302,6
0,0,302,6
0.548986001015219,0,302,6
0.69530236906261,0,302,6
0,0,302,6
0,0,302,6
0,0,302,6
0,0,302,6
0.548986001015219,0,302,6
0,0,302,6
0.393678025015913,0,302,6
0.548986001015219,0,302,6
0,0,302,6
0,0,302,6
0.69530236906261,0,302,6
0.69530236906261,0,302,6
0,0,302,6
0.548986001015219,0,302,6
0.393678025015913,0,302,6
0.548986001015219,0,302,6
0,0,302,6
0,0,302,6
0.58438576022099,0,303,1
0.58438576022099,0,303,1
0.58438576022099,0,303,1
0,0,303,1
0.329798468742341,0,303,1
0,0,303,1
0.58438576022099,0,303,1
0.58438576022099,0,303,1
0.800704652918005,1,303,1
0.58438576022099,0,303,1
0.800704652918005,1,303,1
0.58438576022099,0,303,1
0.58438576022099,1,303,1
0.329798468742341,0,303,1
0.800704652918005,0,303,1
0.800704652918005,1,303,1
0,0,303,1
0.800704652918005,1,303,1
0,0,303,1
0.58438576022099,0,303,1
0.58438576022099,0,303,1
0.800704652918005,0,303,1
0.329798468742341,0,303,1
0.58438576022099,0,303,1
0,0,303,1
0,0,303,1
0,0,303,1
0.58438576022099,0,303,1
0.58438576022099,0,303,1
0.58438576022099,0,303,1
0.329798468742341,0,303,1
0,0,303,1
0.329798468742341,0,303,1
0,0,303,1
0,0,303,1
0,0,303,1
0,0,303,1
0.800704652918005,0,303,1
0,0,303,1
0.58438576022099,0,303,1
0,0,303,1
0,0,303,1
0.800704652918005,0,303,1
0.58438576022099,0,303,1
0,0,303,1
0.58438576022099,0,303,1
0.329798468742341,0,303,1
0.58438576022099,0,303,1
0,0,303,1
0,0,303,1
0,0,303,1
0,0,303,1
0.800704652918005,0,303,1
0,0,303,1
0.58438576022099,0,303,1
0.800704652918005,0,303,1
0.58438576022099,0,303,1
0.329798468742341,0,303,1
0.329798468742341,0,303,1
0,0,303,1
0.58438576022099,0,303,1
0,0,303,1
0,0,303,1
0.58438576022099,0,303,1
0,0,303,1
0,0,303,1
0,0,303,1
0,0,303,1
0,0,303,1
0.58438576022099,0,303,1
0.329798468742341,0,303,1
0.58438576022099,0,303,1
0,0,303,1
0,0,303,1
0,0,303,1
0.800704652918005,0,303,1
0.329798468742341,0,303,1
0.800704652918005,0,303,1
0.58438576022099,0,303,1
0.58438576022099,0,303,1
0.58438576022099,0,303,2
0.800704652918005,1,303,2
0.58438576022099,0,303,2
0.58438576022099,0,303,2
0.800704652918005,1,303,2
0.58438576022099,1,303,2
0.800704652918005,1,303,2
0.58438576022099,0,303,2
0.58438576022099,1,303,2
0.329798468742341,0,303,2
0.800704652918005,1,303,2
0.58438576022099,0,303,2
0.58438576022099,0,303,2
0,0,303,2
0,0,303,2
0.329798468742341,0,303,2
0.58438576022099,0,303,2
0,0,303,2
0.329798468742341,0,303,2
0.800704652918005,1,303,2
0.58438576022099,1,303,2
0.58438576022099,0,303,2
0.58438576022099,0,303,2
0.329798468742341,0,303,2
0.58438576022099,1,303,2
0,0,303,2
0,0,303,2
0.800704652918005,0,303,2
0,0,303,2
0.58438576022099,0,303,2
0,0,303,2
0,0,303,2
0.800704652918005,0,303,2
0.58438576022099,0,303,2
0,0,303,2
0,0,303,2
0,0,303,2
0,0,303,2
0.800704652918005,0,303,2
0.58438576022099,0,303,2
0,0,303,2
0.329798468742341,0,303,2
0,0,303,2
0.58438576022099,0,303,2
0.58438576022099,0,303,2
0,0,303,2
0.329798468742341,0,303,2
0,0,303,2
0.58438576022099,0,303,2
0,0,303,2
0.800704652918005,0,303,2
0.58438576022099,0,303,2
0.800704652918005,0,303,2
0,0,303,2
0,0,303,2
0.58438576022099,0,303,2
0,0,303,2
0,0,303,2
0.58438576022099,0,303,2
0,0,303,2
0,0,303,2
0,0,303,2
0.329798468742341,0,303,2
0.329798468742341,0,303,2
0,0,303,2
0.58438576022099,0,303,2
0.58438576022099,0,303,2
0,0,303,2
0,0,303,2
0.329798468742341,0,303,2
0,0,303,2
0.329798468742341,0,303,2
0.800704652918005,0,303,2
0,0,303,2
0.58438576022099,0,303,2
0,0,303,2
0,0,303,2
0,0,303,2
0.800704652918005,0,303,2
0.58438576022099,0,303,2
0.329798468742341,0,303,3
0.58438576022099,0,303,3
0,0,303,3
0,0,303,3
0.329798468742341,0,303,3
0.800704652918005,0,303,3
0.800704652918005,0,303,3
0.58438576022099,0,303,3
0.58438576022099,0,303,3
0.58438576022099,0,303,3
0.58438576022099,0,303,3
0.800704652918005,1,303,3
0.58438576022099,1,303,3
0.800704652918005,1,303,3
0.58438576022099,0,303,3
0.58438576022099,1,303,3
0.58438576022099,0,303,3
0.58438576022099,0,303,3
0,0,303,3
0,0,303,3
0,0,303,3
0.800704652918005,1,303,3
0,0,303,3
0.329798468742341,0,303,3
0.58438576022099,1,303,3
0,0,303,3
0,0,303,3
0.58438576022099,0,303,3
0.58438576022099,1,303,3
0.329798468742341,0,303,3
0.800704652918005,0,303,3
0.58438576022099,0,303,3
0,0,303,3
0.800704652918005,0,303,3
0,0,303,3
0.329798468742341,0,303,3
0.58438576022099,0,303,3
0,0,303,3
0,0,303,3
0.58438576022099,0,303,3
0,0,303,3
0.800704652918005,0,303,3
0,0,303,3
0,0,303,3
0.329798468742341,0,303,3
0,0,303,3
0.58438576022099,0,303,3
0.58438576022099,0,303,3
0.329798468742341,0,303,3
0.800704652918005,1,303,3
0,0,303,3
0.58438576022099,0,303,3
0.58438576022099,1,303,3
0.58438576022099,0,303,3
0,0,303,3
0,0,303,3
0.329798468742341,0,303,3
0,0,303,3
0.800704652918005,1,303,3
0,0,303,3
0,0,303,3
0,0,303,3
0.58438576022099,0,303,3
0,0,303,3
0.58438576022099,0,303,3
0,0,303,3
0,0,303,3
0.329798468742341,0,303,3
0,0,303,3
0,0,303,3
0.800704652918005,0,303,3
0,0,303,3
0.58438576022099,0,303,3
0.329798468742341,0,303,3
0.800704652918005,1,303,3
0.58438576022099,1,303,3
0.58438576022099,1,303,3
0,0,303,3
0,0,303,3
0,0,303,3
0.443392441792036,1,303,4
0.443392441792036,1,303,4
0.289821291594081,0,303,4
0.608602526464693,1,303,4
0.608602526464693,1,303,4
0,0,303,4
0.443392441792036,1,303,4
0.443392441792036,0,303,4
0,0,303,4
0.289821291594081,0,303,4
0.608602526464693,0,303,4
0.443392441792036,0,303,4
0.443392441792036,0,303,4
0.443392441792036,0,303,4
0.608602526464693,0,303,4
0.443392441792036,1,303,4
0.443392441792036,1,303,4
0.289821291594081,1,303,4
0,0,303,4
0.443392441792036,0,303,4
0,0,303,4
0,0,303,4
0,0,303,4
0.608602526464693,0,303,4
0.289821291594081,0,303,4
0,0,303,4
0.443392441792036,0,303,4
0,0,303,4
0.608602526464693,0,303,4
0.443392441792036,0,303,4
0.443392441792036,0,303,4
0.443392441792036,0,303,4
0,0,303,4
0,0,303,4
0.289821291594081,0,303,4
0.443392441792036,0,303,4
0.443392441792036,0,303,4
0.443392441792036,1,303,4
0,0,303,4
0,0,303,4
0,0,303,4
0.443392441792036,0,303,4
0,0,303,4
0,0,303,4
0.608602526464693,0,303,4
0.289821291594081,0,303,4
0.608602526464693,0,303,4
0,0,303,4
0.289821291594081,1,303,4
0.443392441792036,1,303,4
0,0,303,4
0,0,303,4
0,0,303,4
0.608602526464693,0,303,4
0,0,303,4
0.443392441792036,0,303,4
0,0,303,4
0.608602526464693,0,303,4
0.443392441792036,1,303,4
0.289821291594081,0,303,4
0,0,303,4
0.443392441792036,0,303,4
0,0,303,4
0,0,303,4
0.443392441792036,1,303,4
0,0,303,4
0,0,303,4
0,0,303,4
0,0,303,4
0.443392441792036,0,303,4
0.289821291594081,0,303,4
0.289821291594081,0,303,4
0.608602526464693,0,303,4
0,0,303,4
0,0,303,4
0.443392441792036,1,303,4
0,0,303,4
0,0,303,4
0.608602526464693,1,303,4
0.443392441792036,1,303,4
0,0,303,5
0.608602526464693,1,303,5
0.443392441792036,1,303,5
0.289821291594081,0,303,5
0.608602526464693,1,303,5
0.443392441792036,1,303,5
0.608602526464693,1,303,5
0.443392441792036,0,303,5
0.608602526464693,1,303,5
0.289821291594081,1,303,5
0.443392441792036,1,303,5
0,0,303,5
0.443392441792036,1,303,5
0.443392441792036,0,303,5
0.443392441792036,0,303,5
0.443392441792036,0,303,5
0,0,303,5
0,0,303,5
0.289821291594081,0,303,5
0.443392441792036,0,303,5
0.443392441792036,1,303,5
0.443392441792036,1,303,5
0.443392441792036,1,303,5
0.443392441792036,1,303,5
0.608602526464693,1,303,5
0,0,303,5
0,0,303,5
0.443392441792036,1,303,5
0,0,303,5
0,0,303,5
0.289821291594081,0,303,5
0.608602526464693,0,303,5
0,0,303,5
0,0,303,5
0,0,303,5
0.608602526464693,1,303,5
0.608602526464693,1,303,5
0,0,303,5
0.443392441792036,0,303,5
0.443392441792036,0,303,5
0.289821291594081,0,303,5
0.443392441792036,0,303,5
0,0,303,5
0.289821291594081,0,303,5
0,0,303,5
0,0,303,5
0.443392441792036,0,303,5
0,0,303,5
0,0,303,5
0.443392441792036,1,303,5
0.608602526464693,1,303,5
0.608602526464693,0,303,5
0,0,303,5
0.443392441792036,0,303,5
0,0,303,5
0,0,303,5
0.443392441792036,0,303,5
0,0,303,5
0,0,303,5
0,0,303,5
0.289821291594081,0,303,5
0.289821291594081,0,303,5
0,0,303,5
0.443392441792036,0,303,5
0,0,303,5
0.443392441792036,0,303,5
0.443392441792036,0,303,5
0.443392441792036,1,303,5
0,0,303,5
0,0,303,5
0,0,303,5
0.289821291594081,0,303,5
0.289821291594081,0,303,5
0.443392441792036,0,303,5
0,0,303,5
0,0,303,5
0,0,303,5
0.608602526464693,0,303,5
0,0,303,5
0.608602526464693,0,303,5
0.289821291594081,1,303,6
0.443392441792036,1,303,6
0.443392441792036,1,303,6
0.608602526464693,0,303,6
0.443392441792036,1,303,6
0.443392441792036,1,303,6
0.443392441792036,1,303,6
0,0,303,6
0,0,303,6
0.608602526464693,1,303,6
0.608602526464693,1,303,6
0.443392441792036,1,303,6
0.443392441792036,1,303,6
0.608602526464693,1,303,6
0.443392441792036,1,303,6
0.289821291594081,1,303,6
0,0,303,6
0,0,303,6
0.608602526464693,0,303,6
0.443392441792036,0,303,6
0.443392441792036,1,303,6
0.443392441792036,1,303,6
0,0,303,6
0.443392441792036,1,303,6
0.443392441792036,1,303,6
0,0,303,6
0.443392441792036,1,303,6
0.289821291594081,1,303,6
0.289821291594081,0,303,6
0,0,303,6
0.608602526464693,0,303,6
0,0,303,6
0,0,303,6
0,0,303,6
0.608602526464693,1,303,6
0.608602526464693,1,303,6
0,0,303,6
0.289821291594081,1,303,6
0.443392441792036,1,303,6
0.443392441792036,1,303,6
0,0,303,6
0,0,303,6
0.443392441792036,0,303,6
0,0,303,6
0,0,303,6
0.289821291594081,0,303,6
0.443392441792036,0,303,6
0,0,303,6
0,0,303,6
0.289821291594081,1,303,6
0.443392441792036,0,303,6
0,0,303,6
0,0,303,6
0.289821291594081,1,303,6
0,0,303,6
0.608602526464693,0,303,6
0,0,303,6
0.443392441792036,0,303,6
0.443392441792036,0,303,6
0,0,303,6
0,0,303,6
0.608602526464693,0,303,6
0.443392441792036,0,303,6
0,0,303,6
0.443392441792036,1,303,6
0,0,303,6
0.443392441792036,1,303,6
0.608602526464693,1,303,6
0.608602526464693,0,303,6
0.289821291594081,0,303,6
0,0,303,6
0,0,303,6
0,0,303,6
0,0,303,6
0.443392441792036,0,303,6
0,0,303,6
0.289821291594081,0,303,6
0,0,303,6
0,0,303,6
0.443392441792036,0,303,6
0.403985995383468,1,304,1
0.197860203349217,1,304,1
0,1,304,1
0.403985995383468,1,304,1
0.650662884161843,1,304,1
0.650662884161843,1,304,1
0.403985995383468,1,304,1
0.650662884161843,1,304,1
0,1,304,1
0.650662884161843,0,304,1
0.403985995383468,1,304,1
0.403985995383468,1,304,1
0.403985995383468,1,304,1
0.197860203349217,1,304,1
0.403985995383468,1,304,1
0.403985995383468,1,304,1
0,1,304,1
0.403985995383468,1,304,1
0.197860203349217,1,304,1
0.403985995383468,1,304,1
0.403985995383468,1,304,1
0,1,304,1
0.197860203349217,1,304,1
0.650662884161843,0,304,1
0,0,304,1
0.403985995383468,1,304,1
0,0,304,1
0.403985995383468,1,304,1
0.403985995383468,1,304,1
0,0,304,1
0,1,304,1
0.650662884161843,1,304,1
0.197860203349217,1,304,1
0.197860203349217,1,304,1
0,1,304,1
0.403985995383468,1,304,1
0.650662884161843,1,304,1
0.403985995383468,1,304,1
0,0,304,1
0,1,304,1
0.403985995383468,1,304,1
0,0,304,1
0,1,304,1
0,1,304,1
0,0,304,1
0.650662884161843,1,304,1
0.403985995383468,0,304,1
0,1,304,1
0.197860203349217,1,304,1
0,1,304,1
0,1,304,1
0.403985995383468,1,304,1
0,0,304,1
0.403985995383468,1,304,1
0.403985995383468,1,304,1
0.650662884161843,1,304,1
0.403985995383468,1,304,1
0,1,304,1
0.197860203349217,1,304,1
0,1,304,1
0,0,304,1
0,1,304,1
0.650662884161843,1,304,1
0,0,304,1
0,0,304,1
0.403985995383468,1,304,1
0,1,304,1
0,0,304,1
0,0,304,1
0.403985995383468,1,304,1
0,1,304,1
0.403985995383468,1,304,1
0.197860203349217,0,304,1
0,1,304,1
0,0,304,1
0.650662884161843,0,304,1
0.197860203349217,1,304,1
0.650662884161843,1,304,1
0.403985995383468,1,304,1
0,0,304,1
0.650662884161843,0,304,2
0.197860203349217,1,304,2
0,0,304,2
0.403985995383468,0,304,2
0.403985995383468,1,304,2
0.403985995383468,1,304,2
0.650662884161843,1,304,2
0.403985995383468,1,304,2
0.197860203349217,1,304,2
0.403985995383468,1,304,2
0.403985995383468,1,304,2
0.650662884161843,1,304,2
0.403985995383468,1,304,2
0,0,304,2
0.403985995383468,1,304,2
0.650662884161843,1,304,2
0.197860203349217,1,304,2
0,1,304,2
0.403985995383468,1,304,2
0.403985995383468,1,304,2
0,0,304,2
0.403985995383468,1,304,2
0.650662884161843,1,304,2
0,0,304,2
0,1,304,2
0,0,304,2
0.197860203349217,0,304,2
0.403985995383468,1,304,2
0.650662884161843,0,304,2
0.403985995383468,1,304,2
0.403985995383468,0,304,2
0,0,304,2
0.650662884161843,1,304,2
0,1,304,2
0.650662884161843,1,304,2
0.403985995383468,1,304,2
0,0,304,2
0,0,304,2
0,0,304,2
0,0,304,2
0.403985995383468,1,304,2
0.197860203349217,1,304,2
0,1,304,2
0.403985995383468,1,304,2
0,1,304,2
0.403985995383468,1,304,2
0,1,304,2
0.197860203349217,1,304,2
0.197860203349217,1,304,2
0.197860203349217,1,304,2
0.403985995383468,1,304,2
0,1,304,2
0,1,304,2
0,0,304,2
0.403985995383468,1,304,2
0,0,304,2
0,1,304,2
0.650662884161843,1,304,2
0.403985995383468,1,304,2
0.650662884161843,1,304,2
0.403985995383468,1,304,2
0,1,304,2
0,0,304,2
0,0,304,2
0.403985995383468,1,304,2
0.197860203349217,1,304,2
0.403985995383468,0,304,2
0,0,304,2
0.650662884161843,0,304,2
0,0,304,2
0.403985995383468,0,304,2
0,0,304,2
0.197860203349217,0,304,2
0.650662884161843,1,304,2
0,1,304,2
0,0,304,2
0.403985995383468,1,304,2
0,1,304,2
0,0,304,2
0,1,304,2
0,0,304,3
0.403985995383468,1,304,3
0.197860203349217,1,304,3
0.403985995383468,1,304,3
0,0,304,3
0.403985995383468,1,304,3
0.650662884161843,1,304,3
0.403985995383468,1,304,3
0.650662884161843,0,304,3
0.650662884161843,1,304,3
0.403985995383468,1,304,3
0.403985995383468,1,304,3
0.403985995383468,0,304,3
0.197860203349217,1,304,3
0.403985995383468,1,304,3
0.650662884161843,1,304,3
0.403985995383468,1,304,3
0,0,304,3
0.650662884161843,1,304,3
0.403985995383468,1,304,3
0,1,304,3
0.650662884161843,1,304,3
0,0,304,3
0,0,304,3
0.197860203349217,1,304,3
0,0,304,3
0.403985995383468,0,304,3
0.197860203349217,1,304,3
0.403985995383468,1,304,3
0.403985995383468,1,304,3
0.403985995383468,1,304,3
0,0,304,3
0.197860203349217,1,304,3
0,0,304,3
0,0,304,3
0,1,304,3
0.403985995383468,1,304,3
0.403985995383468,1,304,3
0,0,304,3
0,0,304,3
0,1,304,3
0.650662884161843,1,304,3
0,1,304,3
0.197860203349217,1,304,3
0.403985995383468,0,304,3
0,1,304,3
0.650662884161843,1,304,3
0.403985995383468,0,304,3
0,0,304,3
0,1,304,3
0.197860203349217,1,304,3
0.403985995383468,1,304,3
0,1,304,3
0,0,304,3
0,1,304,3
0.403985995383468,0,304,3
0.650662884161843,1,304,3
0.197860203349217,1,304,3
0,0,304,3
0,0,304,3
0.650662884161843,0,304,3
0.403985995383468,1,304,3
0,0,304,3
0.403985995383468,0,304,3
0,0,304,3
0,0,304,3
0.403985995383468,1,304,3
0,0,304,3
0.650662884161843,1,304,3
0.403985995383468,1,304,3
0,0,304,3
0,0,304,3
0.197860203349217,1,304,3
0.403985995383468,1,304,3
0.197860203349217,0,304,3
0,1,304,3
0.650662884161843,1,304,3
0,1,304,3
0,1,304,3
0.403985995383468,0,304,3
0.496362472462509,1,304,4
0.328882230427646,1,304,4
0.496362472462509,0,304,4
0.664663006233277,1,304,4
0.496362472462509,1,304,4
0,0,304,4
0,1,304,4
0.664663006233277,1,304,4
0.496362472462509,1,304,4
0.664663006233277,1,304,4
0.496362472462509,1,304,4
0.496362472462509,1,304,4
0.496362472462509,1,304,4
0.664663006233277,1,304,4
0.496362472462509,1,304,4
0.328882230427646,1,304,4
0.496362472462509,1,304,4
0.664663006233277,1,304,4
0.496362472462509,1,304,4
0.496362472462509,1,304,4
0,1,304,4
0,1,304,4
0.496362472462509,1,304,4
0.328882230427646,1,304,4
0.328882230427646,1,304,4
0.496362472462509,1,304,4
0,1,304,4
0,0,304,4
0.664663006233277,1,304,4
0.496362472462509,0,304,4
0,1,304,4
0,1,304,4
0,0,304,4
0.496362472462509,1,304,4
0.496362472462509,1,304,4
0.496362472462509,1,304,4
0,1,304,4
0,1,304,4
0.664663006233277,1,304,4
0,1,304,4
0.496362472462509,1,304,4
0,0,304,4
0,1,304,4
0.664663006233277,1,304,4
0,1,304,4
0.328882230427646,1,304,4
0.328882230427646,0,304,4
0,1,304,4
0,1,304,4
0.496362472462509,1,304,4
0,1,304,4
0.496362472462509,1,304,4
0.664663006233277,1,304,4
0.496362472462509,1,304,4
0.328882230427646,1,304,4
0.664663006233277,1,304,4
0,0,304,4
0.496362472462509,1,304,4
0.328882230427646,1,304,4
0,0,304,4
0,0,304,4
0,1,304,4
0,1,304,4
0,0,304,4
0,1,304,4
0,1,304,4
0,0,304,4
0.328882230427646,1,304,4
0.496362472462509,1,304,4
0,0,304,4
0.664663006233277,1,304,4
0,1,304,4
0.496362472462509,1,304,4
0,0,304,4
0,1,304,4
0.328882230427646,0,304,4
0.496362472462509,1,304,4
0,1,304,4
0.664663006233277,1,304,4
0.496362472462509,1,304,4
0.496362472462509,0,304,5
0.664663006233277,1,304,5
0.496362472462509,1,304,5
0,1,304,5
0.496362472462509,1,304,5
0.664663006233277,1,304,5
0.496362472462509,1,304,5
0.664663006233277,1,304,5
0.496362472462509,1,304,5
0.328882230427646,0,304,5
0.496362472462509,1,304,5
0.496362472462509,1,304,5
0.496362472462509,1,304,5
0.664663006233277,1,304,5
0.328882230427646,1,304,5
0,1,304,5
0.496362472462509,1,304,5
0.496362472462509,1,304,5
0.496362472462509,1,304,5
0,1,304,5
0,0,304,5
0,1,304,5
0,0,304,5
0,0,304,5
0.664663006233277,1,304,5
0.664663006233277,1,304,5
0.496362472462509,1,304,5
0.328882230427646,1,304,5
0.496362472462509,1,304,5
0,1,304,5
0.496362472462509,1,304,5
0.328882230427646,1,304,5
0.496362472462509,0,304,5
0.664663006233277,1,304,5
0,0,304,5
0,0,304,5
0,1,304,5
0.664663006233277,1,304,5
0,1,304,5
0,1,304,5
0,0,304,5
0.328882230427646,1,304,5
0.496362472462509,1,304,5
0.328882230427646,0,304,5
0.496362472462509,0,304,5
0,0,304,5
0.496362472462509,1,304,5
0,1,304,5
0.496362472462509,0,304,5
0,1,304,5
0.664663006233277,1,304,5
0,0,304,5
0,0,304,5
0,1,304,5
0.664663006233277,1,304,5
0,0,304,5
0,1,304,5
0,1,304,5
0.496362472462509,1,304,5
0.496362472462509,1,304,5
0.328882230427646,0,304,5
0.496362472462509,1,304,5
0,1,304,5
0.328882230427646,1,304,5
0,1,304,5
0.496362472462509,0,304,5
0,1,304,5
0.328882230427646,0,304,5
0.496362472462509,1,304,5
0.664663006233277,1,304,5
0.496362472462509,1,304,5
0,1,304,5
0.496362472462509,1,304,5
0,0,304,5
0,1,304,5
0,0,304,5
0.664663006233277,0,304,5
0,0,304,5
0,0,304,5
0.328882230427646,0,304,5
0,0,304,6
0.496362472462509,1,304,6
0.328882230427646,1,304,6
0.496362472462509,0,304,6
0.496362472462509,1,304,6
0.328882230427646,0,304,6
0.496362472462509,0,304,6
0.664663006233277,1,304,6
0.664663006233277,1,304,6
0.496362472462509,1,304,6
0.664663006233277,1,304,6
0.496362472462509,1,304,6
0.496362472462509,1,304,6
0.664663006233277,1,304,6
0.496362472462509,1,304,6
0,0,304,6
0.328882230427646,0,304,6
0.664663006233277,1,304,6
0,0,304,6
0.496362472462509,1,304,6
0,0,304,6
0.328882230427646,1,304,6
0.496362472462509,0,304,6
0.496362472462509,0,304,6
0.496362472462509,0,304,6
0,0,304,6
0,0,304,6
0.664663006233277,1,304,6
0,0,304,6
0.496362472462509,1,304,6
0,0,304,6
0.496362472462509,0,304,6
0.496362472462509,0,304,6
0.664663006233277,0,304,6
0,0,304,6
0.664663006233277,0,304,6
0,0,304,6
0,1,304,6
0,0,304,6
0.496362472462509,0,304,6
0,0,304,6
0,1,304,6
0,0,304,6
0.328882230427646,0,304,6
0.496362472462509,1,304,6
0.328882230427646,1,304,6
0,0,304,6
0.496362472462509,1,304,6
0,0,304,6
0.328882230427646,0,304,6
0.664663006233277,1,304,6
0.496362472462509,0,304,6
0.496362472462509,0,304,6
0,0,304,6
0.664663006233277,1,304,6
0,1,304,6
0.496362472462509,0,304,6
0,0,304,6
0,1,304,6
0.328882230427646,0,304,6
0,0,304,6
0.496362472462509,0,304,6
0,1,304,6
0,1,304,6
0,0,304,6
0.328882230427646,0,304,6
0.496362472462509,1,304,6
0,1,304,6
0.328882230427646,0,304,6
0,0,304,6
0.664663006233277,1,304,6
0,0,304,6
0,0,304,6
0.664663006233277,1,304,6
0.496362472462509,1,304,6
0,1,304,6
0,0,304,6
0,1,304,6
0.496362472462509,1,304,6
0.496362472462509,0,304,6
0,0,305,1
0.326463390509619,0,305,1
0.326463390509619,0,305,1
0.326463390509619,0,305,1
0.649789831113706,1,305,1
0.326463390509619,0,305,1
0.649789831113706,1,305,1
0.326463390509619,0,305,1
0,0,305,1
0.649789831113706,1,305,1
0.326463390509619,0,305,1
0.112389291971274,0,305,1
0.326463390509619,0,305,1
0.326463390509619,0,305,1
0.112389291971274,0,305,1
0.649789831113706,1,305,1
0.112389291971274,1,305,1
0.326463390509619,1,305,1
0,0,305,1
0.649789831113706,1,305,1
0.649789831113706,1,305,1
0.326463390509619,0,305,1
0,0,305,1
0.326463390509619,0,305,1
0,0,305,1
0,0,305,1
0,0,305,1
0.326463390509619,0,305,1
0,0,305,1
0.112389291971274,0,305,1
0.326463390509619,0,305,1
0.326463390509619,1,305,1
0,0,305,1
0,0,305,1
0,0,305,1
0.326463390509619,0,305,1
0.649789831113706,1,305,1
0.112389291971274,0,305,1
0.649789831113706,0,305,1
0.112389291971274,0,305,1
0.326463390509619,1,305,1
0.326463390509619,0,305,1
0,0,305,1
0.326463390509619,0,305,1
0,0,305,1
0,0,305,1
0,0,305,1
0,0,305,1
0.649789831113706,1,305,1
0,0,305,1
0,0,305,1
0,0,305,1
0.326463390509619,0,305,1
0.326463390509619,0,305,1
0,0,305,1
0.649789831113706,1,305,1
0,0,305,1
0,0,305,1
0.326463390509619,0,305,1
0,0,305,1
0.112389291971274,0,305,1
0,0,305,1
0.326463390509619,0,305,1
0.112389291971274,0,305,1
0.326463390509619,0,305,1
0.326463390509619,0,305,1
0,0,305,1
0.112389291971274,0,305,1
0,0,305,1
0.326463390509619,1,305,1
0.112389291971274,1,305,1
0,0,305,1
0.649789831113706,0,305,1
0.649789831113706,1,305,1
0.326463390509619,0,305,1
0,0,305,1
0,0,305,1
0,0,305,1
0,0,305,1
0,0,305,1
0.326463390509619,0,305,2
0.326463390509619,0,305,2
0,0,305,2
0.326463390509619,0,305,2
0.649789831113706,0,305,2
0.112389291971274,0,305,2
0.649789831113706,1,305,2
0.326463390509619,1,305,2
0,0,305,2
0.649789831113706,1,305,2
0.326463390509619,1,305,2
0.326463390509619,1,305,2
0.112389291971274,0,305,2
0.326463390509619,0,305,2
0.649789831113706,1,305,2
0.326463390509619,0,305,2
0.649789831113706,1,305,2
0.326463390509619,1,305,2
0.326463390509619,1,305,2
0.326463390509619,1,305,2
0,0,305,2
0,0,305,2
0,0,305,2
0,0,305,2
0.326463390509619,0,305,2
0.649789831113706,1,305,2
0,0,305,2
0.326463390509619,1,305,2
0.112389291971274,0,305,2
0,0,305,2
0.112389291971274,0,305,2
0.326463390509619,1,305,2
0.112389291971274,0,305,2
0.326463390509619,0,305,2
0.649789831113706,1,305,2
0,0,305,2
0.326463390509619,0,305,2
0,0,305,2
0.326463390509619,1,305,2
0,0,305,2
0.112389291971274,0,305,2
0,0,305,2
0,0,305,2
0,0,305,2
0.326463390509619,0,305,2
0,0,305,2
0,0,305,2
0.649789831113706,0,305,2
0,0,305,2
0.112389291971274,0,305,2
0.649789831113706,0,305,2
0.326463390509619,0,305,2
0,0,305,2
0.112389291971274,0,305,2
0,0,305,2
0,0,305,2
0,0,305,2
0,0,305,2
0,0,305,2
0,0,305,2
0.649789831113706,0,305,2
0.326463390509619,0,305,2
0.326463390509619,0,305,2
0.326463390509619,0,305,2
0,0,305,2
0.326463390509619,0,305,2
0,0,305,2
0,0,305,2
0.649789831113706,1,305,2
0.112389291971274,0,305,2
0,0,305,2
0.326463390509619,0,305,2
0,0,305,2
0,0,305,2
0,0,305,2
0.649789831113706,1,305,2
0.326463390509619,1,305,2
0.326463390509619,0,305,2
0.112389291971274,0,305,2
0,0,305,2
0.326463390509619,0,305,3
0,0,305,3
0.326463390509619,0,305,3
0.649789831113706,0,305,3
0.326463390509619,0,305,3
0.112389291971274,1,305,3
0.112389291971274,0,305,3
0.326463390509619,1,305,3
0.649789831113706,1,305,3
0.326463390509619,0,305,3
0.649789831113706,1,305,3
0.326463390509619,0,305,3
0.326463390509619,0,305,3
0.326463390509619,1,305,3
0,0,305,3
0.649789831113706,1,305,3
0,0,305,3
0,0,305,3
0.112389291971274,0,305,3
0.326463390509619,0,305,3
0,0,305,3
0.326463390509619,0,305,3
0.326463390509619,0,305,3
0.112389291971274,0,305,3
0,0,305,3
0.649789831113706,0,305,3
0,0,305,3
0.326463390509619,0,305,3
0.326463390509619,0,305,3
0,0,305,3
0.649789831113706,0,305,3
0.326463390509619,0,305,3
0,0,305,3
0.649789831113706,0,305,3
0.326463390509619,0,305,3
0.649789831113706,1,305,3
0,0,305,3
0,0,305,3
0.326463390509619,1,305,3
0,0,305,3
0.326463390509619,1,305,3
0,0,305,3
0.326463390509619,0,305,3
0.112389291971274,0,305,3
0,0,305,3
0,0,305,3
0,0,305,3
0.112389291971274,0,305,3
0.112389291971274,0,305,3
0,0,305,3
0,0,305,3
0,0,305,3
0.326463390509619,0,305,3
0.649789831113706,0,305,3
0.326463390509619,0,305,3
0.326463390509619,0,305,3
0.326463390509619,0,305,3
0,0,305,3
0,0,305,3
0,0,305,3
0,0,305,3
0.649789831113706,0,305,3
0,0,305,3
0.112389291971274,0,305,3
0,0,305,3
0,0,305,3
0.326463390509619,0,305,3
0.112389291971274,0,305,3
0.326463390509619,0,305,3
0,0,305,3
0.326463390509619,0,305,3
0,0,305,3
0,0,305,3
0.112389291971274,0,305,3
0,0,305,3
0,0,305,3
0.326463390509619,0,305,3
0.649789831113706,0,305,3
0,0,305,3
0.649789831113706,0,305,3
0,0,305,4
0.998236104961051,1,305,4
0.00417720136000792,0,305,4
0.998236104961051,1,305,4
0.00417720136000792,1,305,4
0.998236104961051,1,305,4
0.606415298807042,0,305,4
0.606415298807042,1,305,4
0.606415298807042,0,305,4
0.606415298807042,0,305,4
0.606415298807042,1,305,4
0.606415298807042,1,305,4
0.998236104961051,0,305,4
0.606415298807042,1,305,4
0.606415298807042,1,305,4
0,0,305,4
0.606415298807042,1,305,4
0.606415298807042,1,305,4
0.00417720136000792,0,305,4
0.606415298807042,0,305,4
0.606415298807042,1,305,4
0.998236104961051,1,305,4
0,0,305,4
0,0,305,4
0,0,305,4
0,0,305,4
0.606415298807042,1,305,4
0.998236104961051,1,305,4
0,1,305,4
0.606415298807042,0,305,4
0,0,305,4
0.00417720136000792,0,305,4
0.998236104961051,1,305,4
0.606415298807042,1,305,4
0.998236104961051,0,305,4
0.00417720136000792,0,305,4
0,0,305,4
0.606415298807042,0,305,4
0.606415298807042,0,305,4
0.00417720136000792,0,305,4
0,0,305,4
0,1,305,4
0,0,305,4
0,0,305,4
0,0,305,4
0,0,305,4
0,0,305,4
0.606415298807042,1,305,4
0,0,305,4
0.00417720136000792,1,305,4
0,0,305,4
0,0,305,4
0.606415298807042,1,305,4
0.606415298807042,1,305,4
0.606415298807042,1,305,4
0.998236104961051,1,305,4
0,0,305,4
0.998236104961051,0,305,4
0.606415298807042,1,305,4
0.00417720136000792,0,305,4
0,1,305,4
0,0,305,4
0,0,305,4
0,0,305,4
0.998236104961051,1,305,4
0,0,305,4
0.00417720136000792,0,305,4
0,1,305,4
0,1,305,4
0.606415298807042,0,305,4
0,0,305,4
0,0,305,4
0,0,305,4
0,0,305,4
0.606415298807042,0,305,4
0.606415298807042,0,305,4
0,0,305,4
0.998236104961051,1,305,4
0.00417720136000792,0,305,4
0.606415298807042,1,305,4
0,0,305,5
0.606415298807042,0,305,5
0.606415298807042,0,305,5
0.998236104961051,0,305,5
0.00417720136000792,0,305,5
0.998236104961051,0,305,5
0.606415298807042,0,305,5
0.606415298807042,0,305,5
0.606415298807042,0,305,5
0.00417720136000792,0,305,5
0.998236104961051,1,305,5
0.998236104961051,1,305,5
0.606415298807042,1,305,5
0.606415298807042,0,305,5
0.606415298807042,0,305,5
0,0,305,5
0,1,305,5
0,1,305,5
0.606415298807042,0,305,5
0,0,305,5
0.00417720136000792,1,305,5
0.998236104961051,1,305,5
0.00417720136000792,0,305,5
0,1,305,5
0,0,305,5
0.606415298807042,0,305,5
0,0,305,5
0.606415298807042,1,305,5
0.606415298807042,1,305,5
0.606415298807042,1,305,5
0.998236104961051,1,305,5
0.606415298807042,1,305,5
0,0,305,5
0,0,305,5
0,0,305,5
0.00417720136000792,0,305,5
0.998236104961051,0,305,5
0,0,305,5
0.998236104961051,0,305,5
0.606415298807042,0,305,5
0.00417720136000792,0,305,5
0,0,305,5
0,0,305,5
0,0,305,5
0.606415298807042,0,305,5
0.606415298807042,0,305,5
0,0,305,5
0.606415298807042,0,305,5
0,0,305,5
0,0,305,5
0,0,305,5
0.606415298807042,0,305,5
0.606415298807042,0,305,5
0,0,305,5
0.00417720136000792,0,305,5
0,0,305,5
0,0,305,5
0,0,305,5
0.606415298807042,0,305,5
0.606415298807042,0,305,5
0.00417720136000792,0,305,5
0,0,305,5
0.998236104961051,0,305,5
0.998236104961051,0,305,5
0.998236104961051,1,305,5
0,0,305,5
0,0,305,5
0.606415298807042,0,305,5
0.00417720136000792,0,305,5
0.998236104961051,0,305,5
0.606415298807042,1,305,5
0,0,305,5
0,0,305,5
0,0,305,5
0,0,305,5
0.00417720136000792,0,305,5
0.606415298807042,0,305,5
0,0,305,5
0,0,305,5
0.606415298807042,0,305,5
0.606415298807042,0,305,6
0.606415298807042,0,305,6
0.00417720136000792,0,305,6
0.606415298807042,0,305,6
0.998236104961051,0,305,6
0.606415298807042,0,305,6
0.998236104961051,0,305,6
0.00417720136000792,0,305,6
0.998236104961051,0,305,6
0.606415298807042,0,305,6
0,0,305,6
0.998236104961051,1,305,6
0.606415298807042,1,305,6
0.606415298807042,1,305,6
0.606415298807042,1,305,6
0,0,305,6
0.00417720136000792,0,305,6
0,0,305,6
0,0,305,6
0.606415298807042,0,305,6
0.606415298807042,0,305,6
0.606415298807042,0,305,6
0,0,305,6
0.606415298807042,0,305,6
0.00417720136000792,0,305,6
0.998236104961051,0,305,6
0,0,305,6
0.606415298807042,0,305,6
0.606415298807042,0,305,6
0,0,305,6
0.998236104961051,0,305,6
0,0,305,6
0,0,305,6
0.606415298807042,0,305,6
0,0,305,6
0.606415298807042,0,305,6
0,0,305,6
0.606415298807042,0,305,6
0.00417720136000792,0,305,6
0.998236104961051,0,305,6
0,0,305,6
0,0,305,6
0,0,305,6
0.998236104961051,1,305,6
0,0,305,6
0.00417720136000792,0,305,6
0,0,305,6
0.606415298807042,0,305,6
0,0,305,6
0.00417720136000792,0,305,6
0.606415298807042,0,305,6
0,0,305,6
0.606415298807042,0,305,6
0,0,305,6
0.606415298807042,0,305,6
0,0,305,6
0,1,305,6
0,0,305,6
0.00417720136000792,0,305,6
0.998236104961051,1,305,6
0.606415298807042,1,305,6
0,0,305,6
0,0,305,6
0.998236104961051,1,305,6
0.998236104961051,0,305,6
0.606415298807042,0,305,6
0,0,305,6
0,0,305,6
0,0,305,6
0,0,305,6
0,0,305,6
0.998236104961051,0,305,6
0.606415298807042,0,305,6
0,0,305,6
0.606415298807042,0,305,6
0.606415298807042,0,305,6
0,0,305,6
0.00417720136000792,0,305,6
0,0,305,6
0.00417720136000792,0,305,6
0,1,306,1
0.372828950859953,0,306,1
0.372828950859953,0,306,1
0.725594614047656,1,306,1
0.725594614047656,1,306,1
0.117887991248601,1,306,1
0.372828950859953,0,306,1
0.372828950859953,1,306,1
0.372828950859953,0,306,1
0.372828950859953,0,306,1
0.372828950859953,1,306,1
0.725594614047656,1,306,1
0.725594614047656,1,306,1
0,0,306,1
0.117887991248601,0,306,1
0.372828950859953,0,306,1
0,1,306,1
0.725594614047656,0,306,1
0.117887991248601,0,306,1
0.725594614047656,0,306,1
0,0,306,1
0.372828950859953,0,306,1
0.372828950859953,0,306,1
0,0,306,1
0,0,306,1
0.372828950859953,1,306,1
0.372828950859953,0,306,1
0.372828950859953,0,306,1
0.372828950859953,0,306,1
0.117887991248601,0,306,1
0,0,306,1
0,1,306,1
0.117887991248601,1,306,1
0,0,306,1
0,0,306,1
0.117887991248601,0,306,1
0,0,306,1
0.372828950859953,0,306,1
0.372828950859953,1,306,1
0.372828950859953,0,306,1
0.372828950859953,0,306,1
0.725594614047656,0,306,1
0,1,306,1
0.725594614047656,0,306,1
0,0,306,1
0,0,306,1
0,0,306,1
0,0,306,1
0.725594614047656,0,306,1
0.725594614047656,1,306,1
0,1,306,1
0,0,306,1
0.372828950859953,0,306,1
0.117887991248601,1,306,1
0.372828950859953,0,306,1
0,0,306,1
0.117887991248601,1,306,1
0,0,306,1
0,0,306,1
0.372828950859953,0,306,1
0,0,306,1
0,0,306,1
0,1,306,1
0.372828950859953,0,306,1
0,0,306,1
0,0,306,1
0.372828950859953,0,306,1
0.372828950859953,0,306,1
0,0,306,1
0.117887991248601,0,306,1
0.725594614047656,0,306,1
0.725594614047656,0,306,1
0.372828950859953,0,306,1
0.117887991248601,0,306,1
0,0,306,1
0,0,306,1
0,1,306,1
0,1,306,1
0,1,306,1
0.372828950859953,0,306,1
0.725594614047656,1,306,2
0.725594614047656,1,306,2
0.725594614047656,1,306,2
0.372828950859953,0,306,2
0.372828950859953,1,306,2
0.117887991248601,1,306,2
0,0,306,2
0.372828950859953,1,306,2
0.117887991248601,0,306,2
0.372828950859953,1,306,2
0.725594614047656,1,306,2
0.372828950859953,1,306,2
0.372828950859953,0,306,2
0,0,306,2
0.372828950859953,1,306,2
0.372828950859953,1,306,2
0.117887991248601,1,306,2
0,1,306,2
0.372828950859953,1,306,2
0,0,306,2
0,0,306,2
0.372828950859953,0,306,2
0,0,306,2
0.725594614047656,0,306,2
0.372828950859953,1,306,2
0,1,306,2
0.372828950859953,1,306,2
0.725594614047656,1,306,2
0.372828950859953,1,306,2
0,1,306,2
0.372828950859953,0,306,2
0.117887991248601,0,306,2
0.117887991248601,0,306,2
0.725594614047656,1,306,2
0,1,306,2
0,0,306,2
0,1,306,2
0,1,306,2
0.372828950859953,1,306,2
0.725594614047656,0,306,2
0,0,306,2
0.372828950859953,0,306,2
0,0,306,2
0.372828950859953,0,306,2
0.372828950859953,0,306,2
0,0,306,2
0.117887991248601,1,306,2
0,0,306,2
0.117887991248601,0,306,2
0,0,306,2
0,1,306,2
0.372828950859953,1,306,2
0,1,306,2
0,0,306,2
0.725594614047656,0,306,2
0,0,306,2
0,0,306,2
0.372828950859953,0,306,2
0.725594614047656,0,306,2
0.372828950859953,0,306,2
0,0,306,2
0.117887991248601,0,306,2
0.372828950859953,0,306,2
0,0,306,2
0.725594614047656,0,306,2
0,0,306,2
0,0,306,2
0,0,306,2
0.372828950859953,1,306,2
0.117887991248601,1,306,2
0,1,306,2
0.372828950859953,0,306,2
0.725594614047656,0,306,2
0,0,306,2
0.117887991248601,1,306,2
0,0,306,2
0,0,306,2
0.372828950859953,0,306,2
0,0,306,2
0.372828950859953,0,306,2
0.117887991248601,0,306,3
0.372828950859953,0,306,3
0.117887991248601,0,306,3
0.725594614047656,0,306,3
0.372828950859953,0,306,3
0.372828950859953,0,306,3
0.372828950859953,0,306,3
0,0,306,3
0.372828950859953,0,306,3
0.725594614047656,1,306,3
0.372828950859953,1,306,3
0.372828950859953,1,306,3
0,1,306,3
0.372828950859953,0,306,3
0.725594614047656,0,306,3
0.725594614047656,0,306,3
0,0,306,3
0.117887991248601,0,306,3
0,0,306,3
0.372828950859953,0,306,3
0.372828950859953,0,306,3
0.725594614047656,0,306,3
0.725594614047656,1,306,3
0,1,306,3
0.117887991248601,1,306,3
0,0,306,3
0,0,306,3
0.372828950859953,0,306,3
0,0,306,3
0.372828950859953,0,306,3
0.372828950859953,0,306,3
0.372828950859953,0,306,3
0.372828950859953,0,306,3
0,0,306,3
0,0,306,3
0,0,306,3
0.117887991248601,0,306,3
0.725594614047656,0,306,3
0.372828950859953,0,306,3
0,0,306,3
0,0,306,3
0.725594614047656,0,306,3
0.372828950859953,0,306,3
0,0,306,3
0,0,306,3
0,0,306,3
0.372828950859953,1,306,3
0.117887991248601,1,306,3
0.372828950859953,0,306,3
0,0,306,3
0.372828950859953,0,306,3
0,0,306,3
0,0,306,3
0.725594614047656,0,306,3
0.372828950859953,0,306,3
0.372828950859953,0,306,3
0,0,306,3
0,0,306,3
0,0,306,3
0,0,306,3
0.117887991248601,0,306,3
0.117887991248601,0,306,3
0.725594614047656,0,306,3
0,1,306,3
0,0,306,3
0,0,306,3
0.117887991248601,0,306,3
0,0,306,3
0.725594614047656,0,306,3
0.372828950859953,0,306,3
0.372828950859953,0,306,3
0.372828950859953,0,306,3
0,0,306,3
0,0,306,3
0.725594614047656,0,306,3
0,1,306,3
0,0,306,3
0.372828950859953,0,306,3
0,0,306,3
0.117887991248601,0,306,3
0.475084738381627,1,306,4
0.475084738381627,1,306,4
0,1,306,4
0.377017984425938,1,306,4
0.475084738381627,1,306,4
0.377017984425938,1,306,4
0.475084738381627,0,306,4
0.475084738381627,1,306,4
0.475084738381627,1,306,4
0,0,306,4
0.475084738381627,0,306,4
0.475084738381627,0,306,4
0.575111570928329,0,306,4
0.575111570928329,1,306,4
0.575111570928329,1,306,4
0.575111570928329,1,306,4
0.377017984425938,1,306,4
0.377017984425938,0,306,4
0,0,306,4
0.475084738381627,0,306,4
0,0,306,4
0.475084738381627,0,306,4
0,0,306,4
0.575111570928329,0,306,4
0,0,306,4
0,0,306,4
0.475084738381627,1,306,4
0.475084738381627,1,306,4
0.475084738381627,0,306,4
0,0,306,4
0.575111570928329,0,306,4
0.475084738381627,0,306,4
0,0,306,4
0.475084738381627,0,306,4
0.475084738381627,0,306,4
0.377017984425938,0,306,4
0.377017984425938,0,306,4
0,0,306,4
0,0,306,4
0.575111570928329,0,306,4
0,0,306,4
0,0,306,4
0,0,306,4
0.575111570928329,0,306,4
0.475084738381627,0,306,4
0.475084738381627,0,306,4
0,0,306,4
0,0,306,4
0,1,306,4
0.475084738381627,1,306,4
0,1,306,4
0,0,306,4
0.475084738381627,0,306,4
0.475084738381627,0,306,4
0,0,306,4
0.575111570928329,0,306,4
0,0,306,4
0.377017984425938,0,306,4
0,0,306,4
0.575111570928329,0,306,4
0,0,306,4
0,0,306,4
0.377017984425938,0,306,4
0.475084738381627,0,306,4
0.575111570928329,1,306,4
0.475084738381627,1,306,4
0,0,306,4
0,1,306,4
0,0,306,4
0,0,306,4
0,0,306,4
0.575111570928329,0,306,4
0.475084738381627,0,306,4
0.475084738381627,0,306,4
0.475084738381627,0,306,4
0,0,306,4
0.377017984425938,0,306,4
0,0,306,4
0.377017984425938,0,306,4
0,0,306,4
0.475084738381627,0,306,5
0.575111570928329,0,306,5
0.475084738381627,0,306,5
0.377017984425938,0,306,5
0.475084738381627,0,306,5
0,0,306,5
0.475084738381627,0,306,5
0.475084738381627,0,306,5
0.575111570928329,0,306,5
0.475084738381627,0,306,5
0,0,306,5
0.575111570928329,0,306,5
0.575111570928329,0,306,5
0.475084738381627,0,306,5
0.475084738381627,0,306,5
0.377017984425938,0,306,5
0.475084738381627,0,306,5
0,0,306,5
0.475084738381627,0,306,5
0.475084738381627,0,306,5
0.475084738381627,0,306,5
0.575111570928329,0,306,5
0.575111570928329,0,306,5
0.475084738381627,0,306,5
0,0,306,5
0,0,306,5
0,0,306,5
0.377017984425938,0,306,5
0,0,306,5
0.377017984425938,0,306,5
0.475084738381627,0,306,5
0,0,306,5
0,0,306,5
0.475084738381627,0,306,5
0.575111570928329,0,306,5
0.575111570928329,0,306,5
0.475084738381627,0,306,5
0,0,306,5
0,0,306,5
0.475084738381627,0,306,5
0,0,306,5
0.377017984425938,0,306,5
0,0,306,5
0,0,306,5
0.377017984425938,0,306,5
0,0,306,5
0.475084738381627,0,306,5
0,0,306,5
0.475084738381627,0,306,5
0,0,306,5
0.575111570928329,0,306,5
0.377017984425938,0,306,5
0.475084738381627,0,306,5
0,0,306,5
0.575111570928329,0,306,5
0,0,306,5
0,0,306,5
0,0,306,5
0,0,306,5
0.475084738381627,0,306,5
0.475084738381627,0,306,5
0.377017984425938,0,306,5
0,0,306,5
0,0,306,5
0,0,306,5
0,0,306,5
0,0,306,5
0,0,306,5
0.475084738381627,0,306,5
0.475084738381627,0,306,5
0.377017984425938,0,306,5
0.575111570928329,0,306,5
0,0,306,5
0,0,306,5
0.377017984425938,0,306,5
0.475084738381627,0,306,5
0,0,306,5
0,0,306,5
0.475084738381627,0,306,5
0.575111570928329,0,306,5
0.475084738381627,1,306,6
0.475084738381627,0,306,6
0.475084738381627,0,306,6
0.377017984425938,0,306,6
0,0,306,6
0.575111570928329,0,306,6
0.475084738381627,0,306,6
0.377017984425938,0,306,6
0.475084738381627,0,306,6
0.475084738381627,0,306,6
0.575111570928329,0,306,6
0.475084738381627,0,306,6
0.575111570928329,0,306,6
0.575111570928329,0,306,6
0,0,306,6
0.475084738381627,0,306,6
0.475084738381627,0,306,6
0.377017984425938,0,306,6
0.575111570928329,0,306,6
0.475084738381627,0,306,6
0.475084738381627,0,306,6
0.475084738381627,0,306,6
0.377017984425938,0,306,6
0,0,306,6
0,0,306,6
0,0,306,6
0.475084738381627,0,306,6
0.575111570928329,0,306,6
0,0,306,6
0,0,306,6
0.475084738381627,0,306,6
0,0,306,6
0,0,306,6
0,0,306,6
0,0,306,6
0.475084738381627,0,306,6
0,0,306,6
0,0,306,6
0.575111570928329,0,306,6
0.475084738381627,0,306,6
0,0,306,6
0.575111570928329,0,306,6
0.475084738381627,0,306,6
0.475084738381627,0,306,6
0.377017984425938,0,306,6
0,0,306,6
0.377017984425938,0,306,6
0,0,306,6
0.475084738381627,0,306,6
0.377017984425938,0,306,6
0.377017984425938,0,306,6
0.475084738381627,0,306,6
0.575111570928329,0,306,6
0,0,306,6
0.475084738381627,0,306,6
0,0,306,6
0,0,306,6
0,0,306,6
0.475084738381627,0,306,6
0,0,306,6
0,0,306,6
0,0,306,6
0.575111570928329,0,306,6
0,0,306,6
0,0,306,6
0.575111570928329,0,306,6
0.475084738381627,0,306,6
0.475084738381627,0,306,6
0,0,306,6
0,0,306,6
0.575111570928329,0,306,6
0.377017984425938,0,306,6
0.377017984425938,0,306,6
0.475084738381627,0,306,6
0,0,306,6
0.475084738381627,0,306,6
0,0,306,6
0,0,306,6
0,0,306,6
0,0,306,6
0.926554923036404,1,307,1
0.658223720621933,1,307,1
0.658223720621933,1,307,1
0.658223720621933,1,307,1
0.658223720621933,0,307,1
0.658223720621933,1,307,1
0.227205470654421,1,307,1
0.926554923036404,1,307,1
0.658223720621933,1,307,1
0.926554923036404,1,307,1
0.227205470654421,1,307,1
0.658223720621933,0,307,1
0.926554923036404,0,307,1
0,0,307,1
0,1,307,1
0.658223720621933,1,307,1
0,1,307,1
0.658223720621933,1,307,1
0.658223720621933,1,307,1
0,1,307,1
0,0,307,1
0.926554923036404,1,307,1
0.658223720621933,1,307,1
0,0,307,1
0.227205470654421,1,307,1
0.658223720621933,1,307,1
0.227205470654421,1,307,1
0.658223720621933,1,307,1
0.926554923036404,1,307,1
0,0,307,1
0,0,307,1
0.658223720621933,1,307,1
0,0,307,1
0.658223720621933,0,307,1
0.926554923036404,0,307,1
0.227205470654421,0,307,1
0.658223720621933,0,307,1
0.227205470654421,0,307,1
0,0,307,1
0.926554923036404,0,307,1
0,0,307,1
0,0,307,1
0,0,307,1
0,0,307,1
0.658223720621933,0,307,1
0.658223720621933,0,307,1
0,0,307,1
0,0,307,1
0.658223720621933,0,307,1
0.658223720621933,0,307,1
0.926554923036404,0,307,1
0,0,307,1
0,0,307,1
0,0,307,1
0.658223720621933,0,307,1
0,0,307,1
0,0,307,1
0.227205470654421,0,307,1
0,0,307,1
0.658223720621933,0,307,1
0.926554923036404,0,307,1
0.227205470654421,0,307,1
0,0,307,1
0,0,307,1
0.926554923036404,0,307,1
0,0,307,1
0,0,307,1
0.658223720621933,0,307,1
0.658223720621933,1,307,1
0,0,307,1
0,0,307,1
0,0,307,1
0.227205470654421,0,307,1
0.658223720621933,0,307,1
0.926554923036404,0,307,1
0,0,307,1
0,0,307,1
0.658223720621933,0,307,1
0,0,307,1
0.227205470654421,0,307,1
0.658223720621933,0,307,2
0,0,307,2
0.926554923036404,0,307,2
0.658223720621933,0,307,2
0.227205470654421,0,307,2
0.227205470654421,0,307,2
0.658223720621933,0,307,2
0.926554923036404,0,307,2
0.926554923036404,0,307,2
0.658223720621933,0,307,2
0.658223720621933,0,307,2
0.658223720621933,0,307,2
0.658223720621933,0,307,2
0.926554923036404,0,307,2
0,0,307,2
0.658223720621933,0,307,2
0.658223720621933,0,307,2
0.926554923036404,0,307,2
0,0,307,2
0.227205470654421,0,307,2
0.926554923036404,0,307,2
0.658223720621933,0,307,2
0,0,307,2
0.658223720621933,0,307,2
0,0,307,2
0.658223720621933,0,307,2
0.658223720621933,0,307,2
0,0,307,2
0,0,307,2
0.658223720621933,0,307,2
0,0,307,2
0.227205470654421,0,307,2
0.658223720621933,0,307,2
0,0,307,2
0,0,307,2
0,0,307,2
0,0,307,2
0,0,307,2
0,0,307,2
0.926554923036404,0,307,2
0.227205470654421,0,307,2
0,0,307,2
0,0,307,2
0.658223720621933,0,307,2
0.658223720621933,0,307,2
0.658223720621933,0,307,2
0.926554923036404,0,307,2
0.227205470654421,0,307,2
0,0,307,2
0.658223720621933,0,307,2
0,0,307,2
0,0,307,2
0,0,307,2
0.227205470654421,0,307,2
0,0,307,2
0.926554923036404,0,307,2
0.926554923036404,0,307,2
0.658223720621933,0,307,2
0,0,307,2
0,0,307,2
0,0,307,2
0.658223720621933,0,307,2
0.658223720621933,0,307,2
0.227205470654421,0,307,2
0.926554923036404,0,307,2
0,0,307,2
0.227205470654421,0,307,2
0.658223720621933,0,307,2
0,0,307,2
0,0,307,2
0.658223720621933,0,307,2
0,0,307,2
0.658223720621933,0,307,2
0.227205470654421,0,307,2
0,0,307,2
0,0,307,2
0,0,307,2
0.658223720621933,0,307,2
0,0,307,2
0.926554923036404,0,307,2
0.658223720621933,0,307,3
0.658223720621933,0,307,3
0,0,307,3
0.658223720621933,0,307,3
0.658223720621933,0,307,3
0.926554923036404,0,307,3
0.227205470654421,0,307,3
0.926554923036404,0,307,3
0.926554923036404,0,307,3
0.926554923036404,1,307,3
0,0,307,3
0.658223720621933,0,307,3
0.227205470654421,0,307,3
0.658223720621933,0,307,3
0.658223720621933,1,307,3
0.658223720621933,1,307,3
0,0,307,3
0,1,307,3
0.658223720621933,1,307,3
0.227205470654421,0,307,3
0,0,307,3
0,0,307,3
0,0,307,3
0.658223720621933,1,307,3
0.926554923036404,1,307,3
0.658223720621933,1,307,3
0.658223720621933,1,307,3
0,0,307,3
0.658223720621933,1,307,3
0.658223720621933,1,307,3
0.926554923036404,1,307,3
0.227205470654421,1,307,3
0,0,307,3
0,0,307,3
0.658223720621933,1,307,3
0,0,307,3
0.227205470654421,0,307,3
0.658223720621933,0,307,3
0,0,307,3
0,0,307,3
0.227205470654421,1,307,3
0.658223720621933,1,307,3
0,0,307,3
0,0,307,3
0.926554923036404,1,307,3
0,0,307,3
0.926554923036404,0,307,3
0.658223720621933,1,307,3
0.227205470654421,1,307,3
0,0,307,3
0.658223720621933,1,307,3
0,0,307,3
0.926554923036404,1,307,3
0,0,307,3
0,0,307,3
0,0,307,3
0.658223720621933,0,307,3
0,0,307,3
0.658223720621933,0,307,3
0.658223720621933,0,307,3
0,0,307,3
0.227205470654421,0,307,3
0,0,307,3
0.926554923036404,0,307,3
0.658223720621933,1,307,3
0.926554923036404,0,307,3
0.926554923036404,0,307,3
0,0,307,3
0,0,307,3
0,0,307,3
0.658223720621933,0,307,3
0,0,307,3
0.227205470654421,0,307,3
0,0,307,3
0,0,307,3
0.227205470654421,0,307,3
0.658223720621933,0,307,3
0,0,307,3
0.658223720621933,0,307,3
0,0,307,3
0.257977331464038,1,307,4
0.695145882239907,1,307,4
0.937326020872988,1,307,4
0.695145882239907,1,307,4
0.937326020872988,1,307,4
0.695145882239907,1,307,4
0.695145882239907,1,307,4
0.695145882239907,1,307,4
0.695145882239907,1,307,4
0.937326020872988,0,307,4
0,0,307,4
0.937326020872988,1,307,4
0.695145882239907,0,307,4
0.257977331464038,1,307,4
0.695145882239907,1,307,4
0,0,307,4
0,0,307,4
0,0,307,4
0.695145882239907,0,307,4
0.695145882239907,0,307,4
0.937326020872988,0,307,4
0,0,307,4
0.695145882239907,1,307,4
0.257977331464038,1,307,4
0,0,307,4
0.695145882239907,0,307,4
0,0,307,4
0.695145882239907,0,307,4
0.257977331464038,0,307,4
0.695145882239907,0,307,4
0,0,307,4
0.937326020872988,0,307,4
0.695145882239907,1,307,4
0.695145882239907,0,307,4
0.257977331464038,1,307,4
0,0,307,4
0.695145882239907,0,307,4
0,0,307,4
0,0,307,4
0.937326020872988,0,307,4
0.257977331464038,1,307,4
0,0,307,4
0.937326020872988,1,307,4
0,0,307,4
0.695145882239907,1,307,4
0,0,307,4
0,0,307,4
0,0,307,4
0,0,307,4
0.695145882239907,0,307,4
0,0,307,4
0.257977331464038,0,307,4
0.695145882239907,0,307,4
0,0,307,4
0,0,307,4
0.695145882239907,1,307,4
0,0,307,4
0.695145882239907,0,307,4
0.257977331464038,0,307,4
0.937326020872988,0,307,4
0,0,307,4
0,0,307,4
0.937326020872988,0,307,4
0,0,307,4
0.695145882239907,1,307,4
0.937326020872988,1,307,4
0.695145882239907,1,307,4
0,0,307,4
0.937326020872988,0,307,4
0.257977331464038,0,307,4
0,0,307,4
0.257977331464038,0,307,4
0,0,307,4
0,0,307,4
0,0,307,4
0,0,307,4
0.695145882239907,0,307,4
0,0,307,4
0,0,307,4
0.695145882239907,0,307,4
0.695145882239907,0,307,5
0.695145882239907,1,307,5
0.257977331464038,0,307,5
0.257977331464038,0,307,5
0.695145882239907,1,307,5
0,0,307,5
0.695145882239907,1,307,5
0.695145882239907,1,307,5
0.695145882239907,1,307,5
0.695145882239907,1,307,5
0.695145882239907,1,307,5
0,0,307,5
0.937326020872988,1,307,5
0.937326020872988,1,307,5
0.937326020872988,1,307,5
0.937326020872988,1,307,5
0,0,307,5
0,0,307,5
0,0,307,5
0,0,307,5
0.257977331464038,0,307,5
0.695145882239907,0,307,5
0.695145882239907,0,307,5
0.937326020872988,1,307,5
0.695145882239907,1,307,5
0.257977331464038,1,307,5
0.695145882239907,1,307,5
0.695145882239907,1,307,5
0,0,307,5
0.937326020872988,1,307,5
0.695145882239907,1,307,5
0,1,307,5
0,0,307,5
0.937326020872988,1,307,5
0.257977331464038,1,307,5
0,1,307,5
0,0,307,5
0,0,307,5
0.257977331464038,0,307,5
0.695145882239907,1,307,5
0,1,307,5
0.695145882239907,1,307,5
0,1,307,5
0.695145882239907,1,307,5
0.937326020872988,1,307,5
0,1,307,5
0.695145882239907,1,307,5
0,0,307,5
0,0,307,5
0.257977331464038,0,307,5
0.695145882239907,1,307,5
0,0,307,5
0,0,307,5
0.937326020872988,1,307,5
0.937326020872988,1,307,5
0,0,307,5
0.695145882239907,1,307,5
0.695145882239907,1,307,5
0,0,307,5
0.257977331464038,0,307,5
0,0,307,5
0,0,307,5
0,0,307,5
0.695145882239907,0,307,5
0,0,307,5
0.695145882239907,1,307,5
0,0,307,5
0,0,307,5
0.257977331464038,0,307,5
0.937326020872988,0,307,5
0.695145882239907,0,307,5
0.695145882239907,0,307,5
0,0,307,5
0,0,307,5
0,0,307,5
0.937326020872988,0,307,5
0.257977331464038,0,307,5
0.695145882239907,0,307,5
0,0,307,5
0,0,307,5
0.695145882239907,0,307,6
0.695145882239907,0,307,6
0.695145882239907,1,307,6
0.695145882239907,1,307,6
0.695145882239907,0,307,6
0.695145882239907,1,307,6
0,0,307,6
0,0,307,6
0.257977331464038,0,307,6
0.695145882239907,1,307,6
0.937326020872988,1,307,6
0.937326020872988,1,307,6
0.257977331464038,1,307,6
0.937326020872988,1,307,6
0.937326020872988,1,307,6
0.695145882239907,1,307,6
0.937326020872988,1,307,6
0,1,307,6
0,0,307,6
0.695145882239907,0,307,6
0,0,307,6
0.695145882239907,0,307,6
0.695145882239907,1,307,6
0.257977331464038,1,307,6
0.695145882239907,1,307,6
0.257977331464038,1,307,6
0,0,307,6
0,0,307,6
0.937326020872988,1,307,6
0.695145882239907,1,307,6
0.695145882239907,1,307,6
0,0,307,6
0.937326020872988,1,307,6
0.937326020872988,1,307,6
0,0,307,6
0,0,307,6
0,0,307,6
0.695145882239907,1,307,6
0.695145882239907,1,307,6
0,0,307,6
0.695145882239907,1,307,6
0.695145882239907,1,307,6
0.257977331464038,1,307,6
0,1,307,6
0.257977331464038,1,307,6
0,1,307,6
0,0,307,6
0,0,307,6
0,0,307,6
0,0,307,6
0.257977331464038,0,307,6
0.695145882239907,1,307,6
0,0,307,6
0,0,307,6
0,0,307,6
0.937326020872988,0,307,6
0,0,307,6
0.695145882239907,1,307,6
0.695145882239907,1,307,6
0.695145882239907,1,307,6
0.937326020872988,1,307,6
0.257977331464038,1,307,6
0,0,307,6
0,0,307,6
0.695145882239907,0,307,6
0.695145882239907,1,307,6
0.695145882239907,0,307,6
0.257977331464038,1,307,6
0.937326020872988,1,307,6
0,0,307,6
0.257977331464038,0,307,6
0,0,307,6
0,0,307,6
0,0,307,6
0.695145882239907,0,307,6
0,0,307,6
0,0,307,6
0,0,307,6
0.937326020872988,0,307,6
0,0,307,6
0.597406520823486,1,308,1
0.597406520823486,1,308,1
3.86205280712725e-137,0,308,1
0.597406520823486,0,308,1
0.597406520823486,0,308,1
0.597406520823486,0,308,1
0.597406520823486,0,308,1
1,1,308,1
0.597406520823486,0,308,1
0,0,308,1
0,0,308,1
1,0,308,1
1,1,308,1
0.597406520823486,0,308,1
3.86205280712725e-137,0,308,1
1,0,308,1
3.86205280712725e-137,0,308,1
0,0,308,1
0,0,308,1
0,0,308,1
0.597406520823486,0,308,1
0,0,308,1
0,0,308,1
0.597406520823486,0,308,1
1,0,308,1
0.597406520823486,0,308,1
0.597406520823486,0,308,1
3.86205280712725e-137,0,308,1
0,0,308,1
0.597406520823486,0,308,1
1,0,308,1
0.597406520823486,0,308,1
0.597406520823486,1,308,1
0,0,308,1
0.597406520823486,0,308,1
0,0,308,1
0,0,308,1
0.597406520823486,0,308,1
0,0,308,1
1,0,308,1
0,0,308,1
0.597406520823486,0,308,1
3.86205280712725e-137,0,308,1
0,0,308,1
1,0,308,1
0,0,308,1
0,0,308,1
3.86205280712725e-137,0,308,1
3.86205280712725e-137,0,308,1
0,0,308,1
3.86205280712725e-137,0,308,1
0.597406520823486,0,308,1
0.597406520823486,0,308,1
0,0,308,1
0,0,308,1
0,0,308,1
0,0,308,1
1,1,308,1
0,0,308,1
0.597406520823486,0,308,1
0,0,308,1
0,0,308,1
0.597406520823486,0,308,1
1,0,308,1
1,1,308,1
0,0,308,1
0,0,308,1
0,0,308,1
1,0,308,1
0,0,308,1
0,0,308,1
3.86205280712725e-137,0,308,1
0,0,308,1
0.597406520823486,0,308,1
0.597406520823486,0,308,1
0,0,308,1
0.597406520823486,0,308,1
3.86205280712725e-137,0,308,1
0.597406520823486,0,308,1
0,0,308,1
1,0,308,2
1,0,308,2
0.597406520823486,0,308,2
0.597406520823486,0,308,2
0.597406520823486,1,308,2
3.86205280712725e-137,0,308,2
0.597406520823486,0,308,2
0.597406520823486,0,308,2
0.597406520823486,0,308,2
1,1,308,2
0,0,308,2
1,1,308,2
0.597406520823486,0,308,2
3.86205280712725e-137,0,308,2
0.597406520823486,0,308,2
0,0,308,2
0,0,308,2
0.597406520823486,0,308,2
0.597406520823486,0,308,2
0,0,308,2
1,0,308,2
0.597406520823486,0,308,2
3.86205280712725e-137,0,308,2
0.597406520823486,0,308,2
0,0,308,2
3.86205280712725e-137,0,308,2
1,0,308,2
0.597406520823486,0,308,2
0,0,308,2
0,0,308,2
0.597406520823486,0,308,2
0,0,308,2
0.597406520823486,0,308,2
0.597406520823486,0,308,2
0,0,308,2
1,0,308,2
0,0,308,2
0,0,308,2
0,0,308,2
0.597406520823486,0,308,2
0,0,308,2
0,0,308,2
3.86205280712725e-137,0,308,2
1,0,308,2
3.86205280712725e-137,0,308,2
0,0,308,2
0.597406520823486,0,308,2
0,0,308,2
1,0,308,2
1,1,308,2
0.597406520823486,0,308,2
0,0,308,2
0,0,308,2
0.597406520823486,0,308,2
3.86205280712725e-137,0,308,2
0,0,308,2
3.86205280712725e-137,0,308,2
0,0,308,2
0.597406520823486,0,308,2
0,0,308,2
0,0,308,2
0.597406520823486,0,308,2
0,0,308,2
0,0,308,2
3.86205280712725e-137,0,308,2
0.597406520823486,0,308,2
0.597406520823486,0,308,2
0.597406520823486,0,308,2
0,0,308,2
3.86205280712725e-137,0,308,2
1,0,308,2
0,0,308,2
0,0,308,2
0,0,308,2
0.597406520823486,0,308,2
0,0,308,2
0,0,308,2
0,0,308,2
1,0,308,2
0,0,308,2
1,1,308,3
3.86205280712725e-137,0,308,3
0.597406520823486,0,308,3
0.597406520823486,0,308,3
0.597406520823486,0,308,3
0,0,308,3
3.86205280712725e-137,0,308,3
0.597406520823486,0,308,3
1,1,308,3
1,1,308,3
0.597406520823486,0,308,3
0.597406520823486,0,308,3
0.597406520823486,0,308,3
0,0,308,3
1,0,308,3
0.597406520823486,0,308,3
0,0,308,3
0,0,308,3
3.86205280712725e-137,0,308,3
1,0,308,3
0.597406520823486,0,308,3
0.597406520823486,0,308,3
1,0,308,3
0.597406520823486,0,308,3
0,0,308,3
0.597406520823486,0,308,3
0,0,308,3
3.86205280712725e-137,0,308,3
0.597406520823486,0,308,3
0,0,308,3
0,0,308,3
0.597406520823486,0,308,3
0,0,308,3
0,0,308,3
0,0,308,3
0,0,308,3
3.86205280712725e-137,0,308,3
0,0,308,3
0.597406520823486,0,308,3
0,0,308,3
0.597406520823486,0,308,3
3.86205280712725e-137,0,308,3
1,0,308,3
0,0,308,3
0,0,308,3
0.597406520823486,0,308,3
0.597406520823486,0,308,3
1,0,308,3
0,0,308,3
1,0,308,3
0.597406520823486,0,308,3
0.597406520823486,0,308,3
0,0,308,3
0,0,308,3
0,0,308,3
3.86205280712725e-137,0,308,3
0,0,308,3
0,0,308,3
0.597406520823486,0,308,3
0,0,308,3
0,0,308,3
3.86205280712725e-137,0,308,3
1,0,308,3
0.597406520823486,0,308,3
0,0,308,3
0,0,308,3
3.86205280712725e-137,0,308,3
0,0,308,3
0.597406520823486,0,308,3
0.597406520823486,0,308,3
0,0,308,3
0,0,308,3
0,0,308,3
1,1,308,3
0,0,308,3
0,0,308,3
0.597406520823486,0,308,3
3.86205280712725e-137,0,308,3
0.597406520823486,0,308,3
1,0,308,3
0.565048622814172,1,308,4
0,0,308,4
0.565048622814172,0,308,4
0.565048622814172,0,308,4
0.761345585721473,0,308,4
0,0,308,4
0.761345585721473,1,308,4
0.565048622814172,0,308,4
0.565048622814172,0,308,4
0.565048622814172,0,308,4
0.761345585721473,1,308,4
0.345989323042311,1,308,4
0.565048622814172,1,308,4
0.565048622814172,1,308,4
0.345989323042311,0,308,4
0.761345585721473,1,308,4
0.761345585721473,1,308,4
0,0,308,4
0.565048622814172,0,308,4
0,0,308,4
0.565048622814172,0,308,4
0.565048622814172,0,308,4
0,0,308,4
0.565048622814172,0,308,4
0,0,308,4
0,0,308,4
0.345989323042311,0,308,4
0.565048622814172,1,308,4
0.345989323042311,0,308,4
0,0,308,4
0.761345585721473,0,308,4
0.565048622814172,0,308,4
0,0,308,4
0,0,308,4
0.345989323042311,0,308,4
0,0,308,4
0,0,308,4
0,0,308,4
0.761345585721473,1,308,4
0.565048622814172,1,308,4
0.565048622814172,1,308,4
0.565048622814172,1,308,4
0,0,308,4
0.761345585721473,1,308,4
0.565048622814172,1,308,4
0,0,308,4
0,0,308,4
0.345989323042311,0,308,4
0,0,308,4
0,0,308,4
0.565048622814172,0,308,4
0,0,308,4
0,0,308,4
0.565048622814172,0,308,4
0,0,308,4
0,0,308,4
0.565048622814172,0,308,4
0.761345585721473,1,308,4
0,0,308,4
0.761345585721473,1,308,4
0.345989323042311,0,308,4
0.345989323042311,0,308,4
0.565048622814172,0,308,4
0,0,308,4
0,0,308,4
0,0,308,4
0.345989323042311,0,308,4
0.565048622814172,0,308,4
0,0,308,4
0.345989323042311,0,308,4
0,0,308,4
0,0,308,4
0,0,308,4
0.761345585721473,1,308,4
0.761345585721473,0,308,4
0.565048622814172,0,308,4
0,0,308,4
0.565048622814172,0,308,4
0,0,308,4
0.565048622814172,0,308,4
0.565048622814172,1,308,5
0.565048622814172,1,308,5
0,0,308,5
0.761345585721473,1,308,5
0.565048622814172,1,308,5
0.345989323042311,0,308,5
0.565048622814172,0,308,5
0.345989323042311,0,308,5
0.761345585721473,1,308,5
0.565048622814172,0,308,5
0,0,308,5
0.565048622814172,1,308,5
0.565048622814172,0,308,5
0.761345585721473,0,308,5
0.565048622814172,0,308,5
0.761345585721473,1,308,5
0,0,308,5
0.565048622814172,0,308,5
0.565048622814172,0,308,5
0,0,308,5
0,0,308,5
0,0,308,5
0.565048622814172,0,308,5
0.345989323042311,0,308,5
0.565048622814172,0,308,5
0.565048622814172,0,308,5
0,0,308,5
0,0,308,5
0.565048622814172,0,308,5
0.761345585721473,0,308,5
0.761345585721473,0,308,5
0.345989323042311,0,308,5
0,0,308,5
0.565048622814172,1,308,5
0.565048622814172,1,308,5
0,0,308,5
0.345989323042311,0,308,5
0,0,308,5
0.565048622814172,0,308,5
0.565048622814172,0,308,5
0.761345585721473,0,308,5
0.345989323042311,0,308,5
0,0,308,5
0.761345585721473,1,308,5
0,0,308,5
0,0,308,5
0,0,308,5
0,0,308,5
0.565048622814172,1,308,5
0.565048622814172,1,308,5
0.761345585721473,0,308,5
0,0,308,5
0.761345585721473,1,308,5
0,0,308,5
0.345989323042311,0,308,5
0,0,308,5
0,0,308,5
0.345989323042311,0,308,5
0.565048622814172,0,308,5
0,0,308,5
0,0,308,5
0.565048622814172,0,308,5
0,0,308,5
0,0,308,5
0.345989323042311,1,308,5
0,0,308,5
0,0,308,5
0,0,308,5
0.761345585721473,0,308,5
0.345989323042311,0,308,5
0,0,308,5
0.565048622814172,0,308,5
0.565048622814172,0,308,5
0,0,308,5
0.761345585721473,0,308,5
0,0,308,5
0.565048622814172,0,308,5
0.565048622814172,0,308,5
0,0,308,5
0,0,308,5
0.761345585721473,1,308,6
0.565048622814172,1,308,6
0.761345585721473,1,308,6
0.565048622814172,0,308,6
0.345989323042311,0,308,6
0.565048622814172,0,308,6
0.761345585721473,1,308,6
0.345989323042311,0,308,6
0.565048622814172,0,308,6
0,0,308,6
0.565048622814172,0,308,6
0.565048622814172,0,308,6
0.761345585721473,1,308,6
0.565048622814172,0,308,6
0.565048622814172,0,308,6
0,0,308,6
0.345989323042311,1,308,6
0.565048622814172,1,308,6
0.565048622814172,1,308,6
0,0,308,6
0.565048622814172,1,308,6
0.761345585721473,0,308,6
0.565048622814172,0,308,6
0.565048622814172,0,308,6
0,0,308,6
0.565048622814172,0,308,6
0,0,308,6
0.761345585721473,1,308,6
0.345989323042311,0,308,6
0,0,308,6
0,0,308,6
0,0,308,6
0,0,308,6
0,0,308,6
0.565048622814172,0,308,6
0.761345585721473,0,308,6
0,0,308,6
0,0,308,6
0,0,308,6
0.565048622814172,0,308,6
0.565048622814172,0,308,6
0.565048622814172,0,308,6
0.345989323042311,0,308,6
0.345989323042311,0,308,6
0,0,308,6
0,0,308,6
0,0,308,6
0.761345585721473,0,308,6
0.565048622814172,0,308,6
0.761345585721473,0,308,6
0,0,308,6
0,0,308,6
0.345989323042311,0,308,6
0,1,308,6
0,0,308,6
0.565048622814172,0,308,6
0,0,308,6
0,0,308,6
0.761345585721473,0,308,6
0,0,308,6
0.345989323042311,0,308,6
0.565048622814172,0,308,6
0.565048622814172,0,308,6
0,0,308,6
0,0,308,6
0.345989323042311,0,308,6
0,0,308,6
0,0,308,6
0.761345585721473,1,308,6
0.761345585721473,1,308,6
0,0,308,6
0.565048622814172,0,308,6
0,0,308,6
0,0,308,6
0,0,308,6
0.565048622814172,0,308,6
0,0,308,6
0.565048622814172,1,308,6
0.345989323042311,0,308,6
0.565048622814172,0,308,6
0.61503357172114,1,309,1
0.986537316792441,1,309,1
0.986537316792441,1,309,1
0.986537316792441,1,309,1
0,1,309,1
0.61503357172114,1,309,1
0.61503357172114,1,309,1
0,1,309,1
0.61503357172114,1,309,1
0.986537316792441,1,309,1
0.0336589427534507,1,309,1
0.61503357172114,1,309,1
0.0336589427534507,1,309,1
0.61503357172114,0,309,1
0.61503357172114,1,309,1
0.61503357172114,1,309,1
0.0336589427534507,1,309,1
0.986537316792441,1,309,1
0,0,309,1
0,1,309,1
0.61503357172114,1,309,1
0.61503357172114,1,309,1
0,1,309,1
0,1,309,1
0,1,309,1
0.61503357172114,1,309,1
0.61503357172114,1,309,1
0.986537316792441,1,309,1
0.61503357172114,1,309,1
0.0336589427534507,1,309,1
0.61503357172114,1,309,1
0,1,309,1
0.0336589427534507,1,309,1
0.61503357172114,1,309,1
0,1,309,1
0.986537316792441,1,309,1
0,0,309,1
0.986537316792441,1,309,1
0.61503357172114,1,309,1
0.0336589427534507,1,309,1
0,1,309,1
0,1,309,1
0,1,309,1
0.61503357172114,0,309,1
0,1,309,1
0,1,309,1
0,1,309,1
0.61503357172114,1,309,1
0,1,309,1
0.61503357172114,1,309,1
0,1,309,1
0.986537316792441,0,309,1
0,1,309,1
0,1,309,1
0.61503357172114,1,309,1
0,0,309,1
0.0336589427534507,1,309,1
0,1,309,1
0,1,309,1
0.61503357172114,1,309,1
0.61503357172114,1,309,1
0,1,309,1
0.0336589427534507,1,309,1
0.986537316792441,1,309,1
0,1,309,1
0,1,309,1
0,1,309,1
0,1,309,1
0.61503357172114,1,309,1
0.986537316792441,1,309,1
0,1,309,1
0.61503357172114,1,309,1
0,1,309,1
0.0336589427534507,1,309,1
0.61503357172114,1,309,1
0.61503357172114,1,309,1
0.0336589427534507,1,309,1
0.986537316792441,1,309,1
0,1,309,1
0,1,309,1
0.61503357172114,1,309,2
0.61503357172114,1,309,2
0.61503357172114,1,309,2
0.0336589427534507,1,309,2
0.61503357172114,1,309,2
0.61503357172114,1,309,2
0.61503357172114,1,309,2
0.61503357172114,1,309,2
0.986537316792441,1,309,2
0.986537316792441,1,309,2
0.61503357172114,0,309,2
0.0336589427534507,1,309,2
0.986537316792441,1,309,2
0,1,309,2
0.986537316792441,1,309,2
0,1,309,2
0.61503357172114,1,309,2
0,1,309,2
0.0336589427534507,1,309,2
0.61503357172114,0,309,2
0.986537316792441,1,309,2
0.61503357172114,1,309,2
0.61503357172114,1,309,2
0.0336589427534507,1,309,2
0,1,309,2
0.61503357172114,1,309,2
0.61503357172114,1,309,2
0.986537316792441,1,309,2
0,1,309,2
0,0,309,2
0,1,309,2
0,1,309,2
0.0336589427534507,1,309,2
0.61503357172114,1,309,2
0,0,309,2
0,1,309,2
0.61503357172114,1,309,2
0.61503357172114,1,309,2
0.986537316792441,1,309,2
0,1,309,2
0,1,309,2
0.0336589427534507,1,309,2
0,1,309,2
0,1,309,2
0.61503357172114,1,309,2
0,1,309,2
0,1,309,2
0.986537316792441,1,309,2
0.61503357172114,1,309,2
0.986537316792441,1,309,2
0,0,309,2
0.61503357172114,1,309,2
0,1,309,2
0,1,309,2
0,1,309,2
0,0,309,2
0.61503357172114,1,309,2
0,1,309,2
0.0336589427534507,1,309,2
0,1,309,2
0.0336589427534507,1,309,2
0.61503357172114,1,309,2
0,1,309,2
0.986537316792441,1,309,2
0,1,309,2
0,1,309,2
0,1,309,2
0,1,309,2
0.61503357172114,1,309,2
0.61503357172114,1,309,2
0.0336589427534507,1,309,2
0.986537316792441,1,309,2
0.0336589427534507,1,309,2
0.986537316792441,1,309,2
0.61503357172114,1,309,2
0,1,309,2
0,1,309,2
0.61503357172114,1,309,2
0,1,309,2
0,1,309,2
0.61503357172114,1,309,3
0.986537316792441,1,309,3
0.61503357172114,1,309,3
0.61503357172114,1,309,3
0.61503357172114,1,309,3
0.986537316792441,1,309,3
0.61503357172114,1,309,3
0.986537316792441,1,309,3
0.61503357172114,1,309,3
0.61503357172114,1,309,3
0,1,309,3
0.0336589427534507,1,309,3
0,0,309,3
0.986537316792441,1,309,3
0.61503357172114,1,309,3
0.0336589427534507,1,309,3
0.986537316792441,1,309,3
0,1,309,3
0,1,309,3
0.0336589427534507,1,309,3
0,1,309,3
0.61503357172114,1,309,3
0,1,309,3
0.61503357172114,0,309,3
0.986537316792441,1,309,3
0,1,309,3
0.61503357172114,1,309,3
0,1,309,3
0.61503357172114,1,309,3
0.0336589427534507,1,309,3
0.61503357172114,1,309,3
0.61503357172114,1,309,3
0,1,309,3
0,1,309,3
0.61503357172114,0,309,3
0.986537316792441,1,309,3
0,1,309,3
0.61503357172114,1,309,3
0,1,309,3
0.61503357172114,1,309,3
0.0336589427534507,0,309,3
0.61503357172114,1,309,3
0,1,309,3
0.0336589427534507,1,309,3
0,1,309,3
0,1,309,3
0.986537316792441,1,309,3
0,1,309,3
0,1,309,3
0.61503357172114,1,309,3
0,1,309,3
0.61503357172114,1,309,3
0.61503357172114,1,309,3
0,1,309,3
0.0336589427534507,0,309,3
0,1,309,3
0,1,309,3
0.986537316792441,1,309,3
0.61503357172114,1,309,3
0,1,309,3
0,1,309,3
0,1,309,3
0.0336589427534507,1,309,3
0.986537316792441,1,309,3
0,1,309,3
0,1,309,3
0.61503357172114,1,309,3
0,1,309,3
0.61503357172114,1,309,3
0.0336589427534507,1,309,3
0,1,309,3
0,1,309,3
0.986537316792441,1,309,3
0,1,309,3
0,1,309,3
0,0,309,3
0.61503357172114,1,309,3
0.986537316792441,1,309,3
0.61503357172114,1,309,3
0.0336589427534507,1,309,3
0.330563307894398,0,309,4
0.401477528595873,1,309,4
0.401477528595873,1,309,4
0.401477528595873,0,309,4
0,0,309,4
0.476770084044115,0,309,4
0.401477528595873,0,309,4
0.401477528595873,1,309,4
0.476770084044115,1,309,4
0.401477528595873,0,309,4
0.401477528595873,1,309,4
0.401477528595873,0,309,4
0,1,309,4
0.476770084044115,1,309,4
0.330563307894398,0,309,4
0.476770084044115,1,309,4
0.401477528595873,1,309,4
0.401477528595873,0,309,4
0.330563307894398,1,309,4
0,1,309,4
0,0,309,4
0,0,309,4
0.401477528595873,0,309,4
0.476770084044115,1,309,4
0,0,309,4
0.330563307894398,1,309,4
0.401477528595873,0,309,4
0,1,309,4
0.476770084044115,0,309,4
0.401477528595873,0,309,4
0.401477528595873,1,309,4
0,1,309,4
0,0,309,4
0.476770084044115,0,309,4
0.330563307894398,0,309,4
0.401477528595873,1,309,4
0,1,309,4
0,1,309,4
0,1,309,4
0.401477528595873,1,309,4
0,0,309,4
0.401477528595873,1,309,4
0,1,309,4
0.476770084044115,1,309,4
0.330563307894398,1,309,4
0,1,309,4
0.401477528595873,1,309,4
0,0,309,4
0.401477528595873,1,309,4
0.476770084044115,1,309,4
0.476770084044115,1,309,4
0.401477528595873,0,309,4
0.401477528595873,1,309,4
0,0,309,4
0,1,309,4
0,1,309,4
0,1,309,4
0,0,309,4
0,1,309,4
0.330563307894398,1,309,4
0,1,309,4
0,0,309,4
0.401477528595873,1,309,4
0.330563307894398,0,309,4
0.476770084044115,1,309,4
0,1,309,4
0.401477528595873,1,309,4
0,0,309,4
0,1,309,4
0.401477528595873,0,309,4
0,0,309,4
0.330563307894398,1,309,4
0.401477528595873,1,309,4
0,1,309,4
0,1,309,4
0.401477528595873,1,309,4
0.476770084044115,1,309,4
0.330563307894398,1,309,4
0,0,309,4
0,1,309,4
0,0,309,5
0.476770084044115,1,309,5
0.330563307894398,1,309,5
0.330563307894398,1,309,5
0.401477528595873,1,309,5
0.476770084044115,1,309,5
0,0,309,5
0.401477528595873,0,309,5
0.401477528595873,1,309,5
0.401477528595873,1,309,5
0.401477528595873,1,309,5
0.401477528595873,0,309,5
0.401477528595873,0,309,5
0.476770084044115,1,309,5
0.476770084044115,1,309,5
0.401477528595873,1,309,5
0.476770084044115,1,309,5
0,1,309,5
0.401477528595873,1,309,5
0.401477528595873,0,309,5
0,1,309,5
0,1,309,5
0,1,309,5
0.476770084044115,1,309,5
0.330563307894398,1,309,5
0.401477528595873,1,309,5
0,0,309,5
0.401477528595873,1,309,5
0,1,309,5
0.401477528595873,1,309,5
0.401477528595873,1,309,5
0.330563307894398,1,309,5
0,0,309,5
0.330563307894398,0,309,5
0,1,309,5
0.476770084044115,1,309,5
0.401477528595873,1,309,5
0.401477528595873,0,309,5
0.476770084044115,1,309,5
0.401477528595873,1,309,5
0,1,309,5
0.330563307894398,0,309,5
0,0,309,5
0,0,309,5
0,0,309,5
0.401477528595873,0,309,5
0,0,309,5
0,0,309,5
0,1,309,5
0.401477528595873,1,309,5
0,0,309,5
0.401477528595873,0,309,5
0.401477528595873,0,309,5
0.476770084044115,0,309,5
0,0,309,5
0.330563307894398,0,309,5
0.476770084044115,1,309,5
0,0,309,5
0,1,309,5
0.401477528595873,1,309,5
0,1,309,5
0,1,309,5
0.330563307894398,1,309,5
0,1,309,5
0,0,309,5
0.401477528595873,0,309,5
0,0,309,5
0,1,309,5
0,1,309,5
0.401477528595873,1,309,5
0,1,309,5
0.476770084044115,1,309,5
0.476770084044115,1,309,5
0.401477528595873,1,309,5
0,1,309,5
0,0,309,5
0.330563307894398,1,309,5
0,1,309,5
0.330563307894398,0,309,5
0.401477528595873,0,309,5
0.401477528595873,0,309,6
0,1,309,6
0.476770084044115,1,309,6
0.401477528595873,1,309,6
0.476770084044115,1,309,6
0.476770084044115,1,309,6
0.401477528595873,1,309,6
0.401477528595873,1,309,6
0.401477528595873,1,309,6
0.401477528595873,1,309,6
0.401477528595873,1,309,6
0.401477528595873,1,309,6
0.330563307894398,1,309,6
0,0,309,6
0.476770084044115,1,309,6
0.330563307894398,0,309,6
0,0,309,6
0,1,309,6
0.401477528595873,1,309,6
0,1,309,6
0.401477528595873,1,309,6
0.330563307894398,0,309,6
0.401477528595873,1,309,6
0,0,309,6
0,0,309,6
0,1,309,6
0.330563307894398,1,309,6
0.476770084044115,1,309,6
0.401477528595873,1,309,6
0.476770084044115,0,309,6
0.401477528595873,0,309,6
0.401477528595873,0,309,6
0,1,309,6
0,0,309,6
0,0,309,6
0.401477528595873,0,309,6
0.401477528595873,0,309,6
0,0,309,6
0.476770084044115,0,309,6
0,0,309,6
0.401477528595873,0,309,6
0,0,309,6
0,0,309,6
0.401477528595873,0,309,6
0.330563307894398,0,309,6
0.476770084044115,0,309,6
0.330563307894398,0,309,6
0,0,309,6
0.401477528595873,1,309,6
0.401477528595873,1,309,6
0,0,309,6
0,0,309,6
0.401477528595873,1,309,6
0,1,309,6
0.330563307894398,0,309,6
0.476770084044115,1,309,6
0.401477528595873,1,309,6
0,0,309,6
0,1,309,6
0,1,309,6
0,1,309,6
0.476770084044115,0,309,6
0.330563307894398,1,309,6
0,1,309,6
0.476770084044115,0,309,6
0.401477528595873,1,309,6
0,1,309,6
0,1,309,6
0,1,309,6
0.330563307894398,1,309,6
0.476770084044115,0,309,6
0.401477528595873,1,309,6
0.401477528595873,1,309,6
0.401477528595873,1,309,6
0,0,309,6
0.330563307894398,0,309,6
0,0,309,6
0,0,309,6
0,0,309,6
0,0,309,6
0.359381258668909,1,310,1
0.359381258668909,1,310,1
0.276223238266316,0,310,1
0.451941892925867,1,310,1
0.359381258668909,1,310,1
0.359381258668909,1,310,1
0.359381258668909,1,310,1
0.359381258668909,0,310,1
0.451941892925867,1,310,1
0,0,310,1
0,0,310,1
0.359381258668909,0,310,1
0.359381258668909,0,310,1
0.276223238266316,0,310,1
0.451941892925867,0,310,1
0.451941892925867,1,310,1
0,1,310,1
0.276223238266316,1,310,1
0.359381258668909,0,310,1
0.359381258668909,0,310,1
0.276223238266316,0,310,1
0,0,310,1
0,0,310,1
0.359381258668909,0,310,1
0.451941892925867,0,310,1
0,1,310,1
0.359381258668909,0,310,1
0,0,310,1
0.451941892925867,0,310,1
0.359381258668909,1,310,1
0,0,310,1
0.359381258668909,0,310,1
0.276223238266316,1,310,1
0,0,310,1
0,0,310,1
0,0,310,1
0.359381258668909,0,310,1
0,0,310,1
0,0,310,1
0.359381258668909,0,310,1
0,0,310,1
0.451941892925867,0,310,1
0.276223238266316,0,310,1
0.451941892925867,1,310,1
0.359381258668909,1,310,1
0.359381258668909,0,310,1
0,0,310,1
0,0,310,1
0.359381258668909,1,310,1
0.359381258668909,0,310,1
0,0,310,1
0,0,310,1
0,0,310,1
0.276223238266316,0,310,1
0,0,310,1
0,0,310,1
0.276223238266316,0,310,1
0.359381258668909,0,310,1
0.451941892925867,0,310,1
0,0,310,1
0.359381258668909,0,310,1
0,0,310,1
0.451941892925867,0,310,1
0,0,310,1
0,0,310,1
0.451941892925867,1,310,1
0.359381258668909,0,310,1
0,0,310,1
0.359381258668909,0,310,1
0.359381258668909,1,310,1
0.276223238266316,0,310,1
0,0,310,1
0.451941892925867,0,310,1
0.276223238266316,0,310,1
0,0,310,1
0,0,310,1
0,0,310,1
0.359381258668909,0,310,1
0,0,310,1
0,0,310,1
0.451941892925867,0,310,2
0,0,310,2
0.451941892925867,1,310,2
0.451941892925867,1,310,2
0.359381258668909,1,310,2
0.359381258668909,0,310,2
0.359381258668909,1,310,2
0.359381258668909,1,310,2
0.359381258668909,0,310,2
0.276223238266316,0,310,2
0,0,310,2
0.359381258668909,0,310,2
0.359381258668909,1,310,2
0.359381258668909,1,310,2
0.451941892925867,1,310,2
0.276223238266316,1,310,2
0.276223238266316,1,310,2
0.359381258668909,1,310,2
0.359381258668909,0,310,2
0.451941892925867,1,310,2
0,0,310,2
0,0,310,2
0,0,310,2
0,0,310,2
0.276223238266316,0,310,2
0.451941892925867,0,310,2
0.359381258668909,0,310,2
0,0,310,2
0,0,310,2
0.359381258668909,0,310,2
0.359381258668909,0,310,2
0.359381258668909,0,310,2
0.359381258668909,0,310,2
0,0,310,2
0,0,310,2
0.451941892925867,0,310,2
0.451941892925867,1,310,2
0,0,310,2
0.359381258668909,0,310,2
0,0,310,2
0,0,310,2
0.359381258668909,0,310,2
0.359381258668909,1,310,2
0.276223238266316,0,310,2
0,0,310,2
0.276223238266316,0,310,2
0,0,310,2
0,0,310,2
0,0,310,2
0,0,310,2
0.359381258668909,0,310,2
0.451941892925867,0,310,2
0.451941892925867,0,310,2
0.359381258668909,0,310,2
0,0,310,2
0,0,310,2
0,0,310,2
0.359381258668909,0,310,2
0.359381258668909,0,310,2
0,0,310,2
0,0,310,2
0.276223238266316,0,310,2
0,0,310,2
0.276223238266316,0,310,2
0.451941892925867,1,310,2
0,0,310,2
0.359381258668909,0,310,2
0.359381258668909,1,310,2
0,0,310,2
0.276223238266316,0,310,2
0.451941892925867,0,310,2
0.276223238266316,0,310,2
0,0,310,2
0,0,310,2
0.359381258668909,0,310,2
0.359381258668909,0,310,2
0,0,310,2
0,0,310,2
0,0,310,2
0,0,310,2
0.359381258668909,0,310,3
0.359381258668909,0,310,3
0.359381258668909,0,310,3
0.451941892925867,1,310,3
0.451941892925867,1,310,3
0.276223238266316,1,310,3
0.359381258668909,0,310,3
0,0,310,3
0.276223238266316,1,310,3
0.451941892925867,0,310,3
0.359381258668909,0,310,3
0.359381258668909,0,310,3
0.359381258668909,0,310,3
0.451941892925867,1,310,3
0,0,310,3
0.359381258668909,0,310,3
0,0,310,3
0.359381258668909,1,310,3
0,0,310,3
0,0,310,3
0.276223238266316,0,310,3
0.359381258668909,0,310,3
0,0,310,3
0.359381258668909,0,310,3
0.359381258668909,1,310,3
0,0,310,3
0.451941892925867,1,310,3
0.359381258668909,0,310,3
0,0,310,3
0.276223238266316,1,310,3
0.359381258668909,0,310,3
0.451941892925867,1,310,3
0,1,310,3
0,0,310,3
0.276223238266316,0,310,3
0,0,310,3
0.359381258668909,0,310,3
0,0,310,3
0,0,310,3
0.451941892925867,1,310,3
0.359381258668909,0,310,3
0.451941892925867,0,310,3
0,0,310,3
0.276223238266316,0,310,3
0,0,310,3
0.359381258668909,0,310,3
0,0,310,3
0.359381258668909,0,310,3
0.276223238266316,0,310,3
0.276223238266316,0,310,3
0.359381258668909,1,310,3
0.359381258668909,0,310,3
0,0,310,3
0,0,310,3
0.359381258668909,0,310,3
0,0,310,3
0.451941892925867,0,310,3
0,0,310,3
0,0,310,3
0.451941892925867,0,310,3
0,0,310,3
0,0,310,3
0.359381258668909,0,310,3
0,0,310,3
0,0,310,3
0.359381258668909,0,310,3
0,0,310,3
0,0,310,3
0,0,310,3
0,0,310,3
0,0,310,3
0,0,310,3
0.451941892925867,0,310,3
0,0,310,3
0.359381258668909,0,310,3
0.451941892925867,0,310,3
0.359381258668909,0,310,3
0.359381258668909,0,310,3
0.276223238266316,0,310,3
0.276223238266316,0,310,3
0.355988723652196,1,310,4
0.504376581280336,0,310,4
0.651997423119864,1,310,4
0,1,310,4
0,0,310,4
0.651997423119864,1,310,4
0.504376581280336,0,310,4
0.651997423119864,1,310,4
0.504376581280336,0,310,4
0.355988723652196,1,310,4
0.504376581280336,1,310,4
0.504376581280336,1,310,4
0.504376581280336,1,310,4
0.504376581280336,1,310,4
0.651997423119864,1,310,4
0.504376581280336,1,310,4
0,1,310,4
0.504376581280336,1,310,4
0.504376581280336,0,310,4
0.504376581280336,1,310,4
0,1,310,4
0,1,310,4
0.651997423119864,0,310,4
0.504376581280336,1,310,4
0.651997423119864,1,310,4
0.355988723652196,1,310,4
0,0,310,4
0.504376581280336,0,310,4
0.504376581280336,0,310,4
0.355988723652196,1,310,4
0,0,310,4
0,1,310,4
0,1,310,4
0,0,310,4
0.651997423119864,0,310,4
0.355988723652196,0,310,4
0,0,310,4
0,1,310,4
0.504376581280336,0,310,4
0.355988723652196,1,310,4
0.504376581280336,1,310,4
0,0,310,4
0.651997423119864,1,310,4
0.504376581280336,0,310,4
0,0,310,4
0.504376581280336,1,310,4
0,1,310,4
0,1,310,4
0,1,310,4
0,1,310,4
0,0,310,4
0,1,310,4
0,1,310,4
0,1,310,4
0.504376581280336,1,310,4
0.651997423119864,1,310,4
0.355988723652196,1,310,4
0.504376581280336,1,310,4
0,1,310,4
0.355988723652196,1,310,4
0,1,310,4
0.651997423119864,1,310,4
0.504376581280336,0,310,4
0.504376581280336,1,310,4
0.355988723652196,1,310,4
0,0,310,4
0,0,310,4
0,1,310,4
0.504376581280336,1,310,4
0.504376581280336,1,310,4
0,1,310,4
0,0,310,4
0.355988723652196,1,310,4
0,0,310,4
0.651997423119864,0,310,4
0.504376581280336,0,310,4
0.504376581280336,0,310,4
0,0,310,4
0,0,310,4
0.651997423119864,1,310,4
0.504376581280336,1,310,5
0.651997423119864,1,310,5
0.651997423119864,1,310,5
0.504376581280336,0,310,5
0.504376581280336,1,310,5
0.355988723652196,1,310,5
0.651997423119864,1,310,5
0.504376581280336,1,310,5
0.504376581280336,1,310,5
0,0,310,5
0.504376581280336,1,310,5
0.504376581280336,0,310,5
0,0,310,5
0.651997423119864,1,310,5
0.504376581280336,0,310,5
0.355988723652196,1,310,5
0.504376581280336,0,310,5
0,0,310,5
0.504376581280336,1,310,5
0.651997423119864,1,310,5
0,1,310,5
0.504376581280336,0,310,5
0,0,310,5
0.504376581280336,1,310,5
0,1,310,5
0.651997423119864,1,310,5
0.504376581280336,0,310,5
0.355988723652196,0,310,5
0.355988723652196,1,310,5
0.504376581280336,1,310,5
0,0,310,5
0,0,310,5
0.504376581280336,1,310,5
0.504376581280336,1,310,5
0,1,310,5
0,1,310,5
0,1,310,5
0.355988723652196,0,310,5
0,0,310,5
0.355988723652196,1,310,5
0.651997423119864,0,310,5
0,0,310,5
0,0,310,5
0.504376581280336,0,310,5
0.651997423119864,0,310,5
0.504376581280336,0,310,5
0,0,310,5
0,0,310,5
0.651997423119864,1,310,5
0,0,310,5
0,1,310,5
0.355988723652196,0,310,5
0.651997423119864,0,310,5
0,1,310,5
0,0,310,5
0,1,310,5
0.355988723652196,0,310,5
0,0,310,5
0.504376581280336,1,310,5
0.504376581280336,0,310,5
0,0,310,5
0.504376581280336,1,310,5
0.504376581280336,1,310,5
0,1,310,5
0.504376581280336,1,310,5
0,1,310,5
0,0,310,5
0.651997423119864,0,310,5
0,0,310,5
0.355988723652196,0,310,5
0,1,310,5
0,0,310,5
0.504376581280336,0,310,5
0.504376581280336,0,310,5
0,0,310,5
0.651997423119864,0,310,5
0,0,310,5
0,0,310,5
0.355988723652196,1,310,5
0.504376581280336,0,310,5
0.504376581280336,0,310,6
0.355988723652196,1,310,6
0.504376581280336,0,310,6
0,0,310,6
0.504376581280336,0,310,6
0.504376581280336,0,310,6
0.651997423119864,1,310,6
0.651997423119864,1,310,6
0,0,310,6
0.651997423119864,1,310,6
0.504376581280336,0,310,6
0.504376581280336,1,310,6
0.504376581280336,1,310,6
0.651997423119864,1,310,6
0.504376581280336,0,310,6
0.355988723652196,0,310,6
0,1,310,6
0.504376581280336,1,310,6
0.355988723652196,0,310,6
0.651997423119864,0,310,6
0,0,310,6
0.355988723652196,0,310,6
0,0,310,6
0.504376581280336,0,310,6
0,0,310,6
0.651997423119864,1,310,6
0.504376581280336,0,310,6
0.504376581280336,1,310,6
0.504376581280336,1,310,6
0.504376581280336,0,310,6
0,0,310,6
0,0,310,6
0.355988723652196,1,310,6
0.504376581280336,0,310,6
0,0,310,6
0,0,310,6
0,0,310,6
0.651997423119864,0,310,6
0,0,310,6
0.355988723652196,1,310,6
0,0,310,6
0.504376581280336,0,310,6
0.504376581280336,1,310,6
0,0,310,6
0.651997423119864,1,310,6
0,0,310,6
0,0,310,6
0.504376581280336,0,310,6
0.504376581280336,1,310,6
0,0,310,6
0.651997423119864,0,310,6
0.355988723652196,0,310,6
0.504376581280336,1,310,6
0,0,310,6
0.504376581280336,1,310,6
0,0,310,6
0.651997423119864,1,310,6
0.504376581280336,0,310,6
0,0,310,6
0,0,310,6
0,0,310,6
0,0,310,6
0.355988723652196,0,310,6
0,0,310,6
0,0,310,6
0.504376581280336,0,310,6
0.504376581280336,0,310,6
0.355988723652196,0,310,6
0,0,310,6
0.504376581280336,0,310,6
0.504376581280336,0,310,6
0,0,310,6
0.651997423119864,0,310,6
0.355988723652196,0,310,6
0,0,310,6
0,0,310,6
0.651997423119864,1,310,6
0,1,310,6
0,0,310,6
0,0,310,6
0.687469115869132,0,311,1
0.687469115869132,1,311,1
0.687469115869132,1,311,1
0.687469115869132,1,311,1
0.497476421502276,1,311,1
0,0,311,1
0.308209714390441,0,311,1
0.497476421502276,0,311,1
0.497476421502276,1,311,1
0,0,311,1
0.497476421502276,0,311,1
0.497476421502276,1,311,1
0.497476421502276,0,311,1
0.497476421502276,1,311,1
0.497476421502276,1,311,1
0.308209714390441,1,311,1
0.497476421502276,1,311,1
0.497476421502276,1,311,1
0,0,311,1
0,0,311,1
0,0,311,1
0.687469115869132,0,311,1
0,0,311,1
0.497476421502276,1,311,1
0.308209714390441,1,311,1
0.497476421502276,1,311,1
0,0,311,1
0.497476421502276,1,311,1
0.497476421502276,1,311,1
0,0,311,1
0.308209714390441,1,311,1
0.687469115869132,1,311,1
0.308209714390441,1,311,1
0,0,311,1
0.497476421502276,1,311,1
0,0,311,1
0,0,311,1
0.497476421502276,0,311,1
0.497476421502276,1,311,1
0,0,311,1
0.497476421502276,0,311,1
0.308209714390441,0,311,1
0.687469115869132,0,311,1
0,0,311,1
0,1,311,1
0,0,311,1
0,0,311,1
0.687469115869132,1,311,1
0,1,311,1
0.497476421502276,1,311,1
0.308209714390441,1,311,1
0,1,311,1
0.497476421502276,0,311,1
0,0,311,1
0.308209714390441,0,311,1
0.497476421502276,0,311,1
0,0,311,1
0,0,311,1
0,0,311,1
0.687469115869132,1,311,1
0,0,311,1
0,0,311,1
0.497476421502276,1,311,1
0.687469115869132,1,311,1
0.308209714390441,1,311,1
0,1,311,1
0.687469115869132,1,311,1
0.497476421502276,1,311,1
0,0,311,1
0,0,311,1
0,0,311,1
0,0,311,1
0.497476421502276,1,311,1
0,1,311,1
0,0,311,1
0.308209714390441,1,311,1
0.497476421502276,1,311,1
0,0,311,1
0.687469115869132,0,311,1
0.497476421502276,0,311,1
0,0,311,2
0.497476421502276,0,311,2
0.308209714390441,0,311,2
0.687469115869132,1,311,2
0,0,311,2
0.497476421502276,1,311,2
0.687469115869132,1,311,2
0.497476421502276,1,311,2
0.308209714390441,1,311,2
0.497476421502276,0,311,2
0.497476421502276,0,311,2
0.687469115869132,1,311,2
0.687469115869132,1,311,2
0.497476421502276,0,311,2
0.497476421502276,0,311,2
0.497476421502276,0,311,2
0,0,311,2
0,0,311,2
0.497476421502276,0,311,2
0.497476421502276,1,311,2
0.497476421502276,1,311,2
0.687469115869132,1,311,2
0,0,311,2
0,0,311,2
0,0,311,2
0.308209714390441,0,311,2
0.497476421502276,0,311,2
0.497476421502276,0,311,2
0.497476421502276,1,311,2
0.308209714390441,0,311,2
0,0,311,2
0.687469115869132,0,311,2
0,0,311,2
0,0,311,2
0.687469115869132,0,311,2
0,0,311,2
0,0,311,2
0,0,311,2
0.497476421502276,1,311,2
0.308209714390441,1,311,2
0,0,311,2
0.497476421502276,1,311,2
0.308209714390441,0,311,2
0.497476421502276,1,311,2
0.497476421502276,0,311,2
0.687469115869132,1,311,2
0,0,311,2
0,0,311,2
0.497476421502276,1,311,2
0,0,311,2
0,0,311,2
0,0,311,2
0,0,311,2
0,0,311,2
0.497476421502276,1,311,2
0.308209714390441,1,311,2
0,0,311,2
0,0,311,2
0.497476421502276,0,311,2
0.687469115869132,1,311,2
0,0,311,2
0.308209714390441,1,311,2
0.497476421502276,1,311,2
0.687469115869132,1,311,2
0.497476421502276,1,311,2
0.497476421502276,0,311,2
0.308209714390441,0,311,2
0,0,311,2
0.687469115869132,1,311,2
0.497476421502276,0,311,2
0.308209714390441,1,311,2
0.497476421502276,1,311,2
0,0,311,2
0.687469115869132,1,311,2
0,0,311,2
0,0,311,2
0,0,311,2
0,0,311,2
0,0,311,2
0,0,311,2
0,0,311,3
0.497476421502276,0,311,3
0,0,311,3
0.497476421502276,0,311,3
0.687469115869132,1,311,3
0.497476421502276,1,311,3
0.497476421502276,0,311,3
0.308209714390441,0,311,3
0.497476421502276,1,311,3
0.687469115869132,1,311,3
0.687469115869132,1,311,3
0.497476421502276,0,311,3
0.497476421502276,1,311,3
0.687469115869132,1,311,3
0.497476421502276,0,311,3
0.308209714390441,0,311,3
0.497476421502276,1,311,3
0,0,311,3
0.308209714390441,0,311,3
0.497476421502276,0,311,3
0.687469115869132,1,311,3
0.308209714390441,0,311,3
0,0,311,3
0,0,311,3
0.497476421502276,1,311,3
0,0,311,3
0.497476421502276,0,311,3
0,0,311,3
0.687469115869132,1,311,3
0,0,311,3
0.497476421502276,0,311,3
0.497476421502276,0,311,3
0,1,311,3
0.497476421502276,0,311,3
0.497476421502276,0,311,3
0.687469115869132,1,311,3
0,0,311,3
0,0,311,3
0,0,311,3
0.308209714390441,0,311,3
0,0,311,3
0.497476421502276,0,311,3
0.497476421502276,1,311,3
0.308209714390441,0,311,3
0,0,311,3
0,0,311,3
0,0,311,3
0.687469115869132,1,311,3
0,0,311,3
0,0,311,3
0.497476421502276,0,311,3
0.687469115869132,0,311,3
0.308209714390441,0,311,3
0,0,311,3
0,0,311,3
0.497476421502276,0,311,3
0,0,311,3
0.687469115869132,1,311,3
0.308209714390441,0,311,3
0.497476421502276,0,311,3
0,1,311,3
0,0,311,3
0,0,311,3
0.497476421502276,0,311,3
0.687469115869132,1,311,3
0.497476421502276,0,311,3
0.497476421502276,0,311,3
0,0,311,3
0,0,311,3
0,0,311,3
0,0,311,3
0,0,311,3
0.687469115869132,1,311,3
0,0,311,3
0.308209714390441,0,311,3
0,1,311,3
0.308209714390441,0,311,3
0,0,311,3
0.497476421502276,0,311,3
0.497476421502276,0,311,3
0.525082901566792,1,311,4
0.821431717508514,1,311,4
0.20994682742515,0,311,4
0.525082901566792,0,311,4
0,0,311,4
0.525082901566792,1,311,4
0,0,311,4
0.525082901566792,0,311,4
0.20994682742515,0,311,4
0.525082901566792,0,311,4
0.525082901566792,0,311,4
0.525082901566792,1,311,4
0.821431717508514,0,311,4
0.525082901566792,1,311,4
0.821431717508514,1,311,4
0.821431717508514,1,311,4
0.525082901566792,1,311,4
0,0,311,4
0.20994682742515,1,311,4
0,1,311,4
0.525082901566792,1,311,4
0,0,311,4
0.525082901566792,0,311,4
0.525082901566792,0,311,4
0,1,311,4
0.20994682742515,0,311,4
0.821431717508514,1,311,4
0,0,311,4
0.821431717508514,0,311,4
0.525082901566792,0,311,4
0,0,311,4
0.525082901566792,0,311,4
0,1,311,4
0,1,311,4
0,1,311,4
0.20994682742515,1,311,4
0.821431717508514,1,311,4
0.525082901566792,0,311,4
0,0,311,4
0,0,311,4
0,0,311,4
0,0,311,4
0.525082901566792,1,311,4
0.20994682742515,0,311,4
0.821431717508514,0,311,4
0.525082901566792,0,311,4
0,0,311,4
0.525082901566792,0,311,4
0,0,311,4
0.525082901566792,1,311,4
0,0,311,4
0.525082901566792,0,311,4
0.20994682742515,0,311,4
0.20994682742515,0,311,4
0.525082901566792,1,311,4
0,0,311,4
0,0,311,4
0,0,311,4
0,0,311,4
0.821431717508514,0,311,4
0,0,311,4
0.821431717508514,0,311,4
0,0,311,4
0.525082901566792,0,311,4
0.821431717508514,1,311,4
0,1,311,4
0.525082901566792,1,311,4
0.20994682742515,0,311,4
0,0,311,4
0,0,311,4
0.525082901566792,0,311,4
0.20994682742515,1,311,4
0,0,311,4
0,0,311,4
0.525082901566792,1,311,4
0.525082901566792,0,311,4
0,0,311,4
0,0,311,4
0,0,311,4
0.821431717508514,1,311,4
0.525082901566792,1,311,5
0.821431717508514,1,311,5
0.525082901566792,0,311,5
0.20994682742515,0,311,5
0,1,311,5
0.20994682742515,0,311,5
0.821431717508514,1,311,5
0,0,311,5
0.821431717508514,0,311,5
0.525082901566792,0,311,5
0.525082901566792,0,311,5
0.525082901566792,0,311,5
0.525082901566792,0,311,5
0.525082901566792,1,311,5
0.525082901566792,0,311,5
0.821431717508514,1,311,5
0,0,311,5
0.525082901566792,0,311,5
0,0,311,5
0.525082901566792,0,311,5
0.525082901566792,0,311,5
0.20994682742515,1,311,5
0.821431717508514,0,311,5
0,0,311,5
0.525082901566792,1,311,5
0.525082901566792,0,311,5
0,1,311,5
0.821431717508514,1,311,5
0.525082901566792,1,311,5
0,0,311,5
0,0,311,5
0.20994682742515,0,311,5
0.525082901566792,1,311,5
0.525082901566792,0,311,5
0.821431717508514,1,311,5
0,0,311,5
0,0,311,5
0,0,311,5
0,0,311,5
0.20994682742515,0,311,5
0.525082901566792,0,311,5
0,1,311,5
0.20994682742515,1,311,5
0.821431717508514,1,311,5
0,1,311,5
0,0,311,5
0.525082901566792,0,311,5
0,0,311,5
0,1,311,5
0,0,311,5
0,0,311,5
0.20994682742515,1,311,5
0,0,311,5
0.525082901566792,1,311,5
0,0,311,5
0,1,311,5
0,0,311,5
0.525082901566792,0,311,5
0.821431717508514,1,311,5
0.821431717508514,0,311,5
0.20994682742515,0,311,5
0.525082901566792,0,311,5
0,0,311,5
0.525082901566792,0,311,5
0.20994682742515,1,311,5
0.821431717508514,1,311,5
0.525082901566792,0,311,5
0,0,311,5
0,0,311,5
0.821431717508514,0,311,5
0.20994682742515,0,311,5
0,0,311,5
0,0,311,5
0.525082901566792,0,311,5
0.525082901566792,0,311,5
0,0,311,5
0,0,311,5
0,0,311,5
0,0,311,5
0.525082901566792,0,311,5
0.821431717508514,0,311,6
0.525082901566792,0,311,6
0.525082901566792,0,311,6
0.525082901566792,0,311,6
0.20994682742515,0,311,6
0,0,311,6
0.821431717508514,0,311,6
0.525082901566792,0,311,6
0.20994682742515,1,311,6
0.525082901566792,1,311,6
0.525082901566792,0,311,6
0.525082901566792,0,311,6
0.525082901566792,0,311,6
0.821431717508514,1,311,6
0.821431717508514,1,311,6
0,1,311,6
0.525082901566792,1,311,6
0.525082901566792,1,311,6
0.821431717508514,1,311,6
0.525082901566792,1,311,6
0.525082901566792,1,311,6
0.20994682742515,0,311,6
0,0,311,6
0.20994682742515,0,311,6
0.821431717508514,1,311,6
0,0,311,6
0,0,311,6
0,1,311,6
0.525082901566792,0,311,6
0.525082901566792,1,311,6
0,0,311,6
0,1,311,6
0.821431717508514,1,311,6
0,0,311,6
0,0,311,6
0.20994682742515,0,311,6
0.821431717508514,1,311,6
0,0,311,6
0,1,311,6
0.525082901566792,0,311,6
0.525082901566792,1,311,6
0,0,311,6
0.525082901566792,1,311,6
0,0,311,6
0,0,311,6
0.20994682742515,0,311,6
0.525082901566792,0,311,6
0,0,311,6
0,0,311,6
0,0,311,6
0,0,311,6
0.525082901566792,0,311,6
0.821431717508514,0,311,6
0.821431717508514,1,311,6
0,1,311,6
0.525082901566792,1,311,6
0.525082901566792,0,311,6
0,0,311,6
0,0,311,6
0.525082901566792,1,311,6
0,0,311,6
0,0,311,6
0.20994682742515,0,311,6
0.20994682742515,0,311,6
0.525082901566792,1,311,6
0.20994682742515,0,311,6
0.821431717508514,1,311,6
0,1,311,6
0,0,311,6
0,0,311,6
0,1,311,6
0,1,311,6
0.525082901566792,0,311,6
0,0,311,6
0.525082901566792,0,311,6
0.525082901566792,0,311,6
0,0,311,6
0.20994682742515,0,311,6
0,0,311,6
0.821431717508514,0,311,6
0.728569530651835,1,312,1
0.502420864657988,1,312,1
0.502420864657988,1,312,1
0.502420864657988,1,312,1
0.502420864657988,1,312,1
0.728569530651835,1,312,1
0.728569530651835,1,312,1
0.502420864657988,1,312,1
0.275277331527031,1,312,1
0.275277331527031,1,312,1
0.502420864657988,1,312,1
0,1,312,1
0.728569530651835,1,312,1
0.502420864657988,1,312,1
0.502420864657988,1,312,1
0,1,312,1
0,1,312,1
0,1,312,1
0.728569530651835,1,312,1
0.728569530651835,1,312,1
0,0,312,1
0.502420864657988,1,312,1
0.502420864657988,0,312,1
0.502420864657988,1,312,1
0.502420864657988,1,312,1
0,0,312,1
0.275277331527031,1,312,1
0,0,312,1
0.502420864657988,1,312,1
0.275277331527031,1,312,1
0.502420864657988,1,312,1
0,1,312,1
0,0,312,1
0,1,312,1
0.728569530651835,1,312,1
0,1,312,1
0.502420864657988,1,312,1
0.275277331527031,1,312,1
0.502420864657988,0,312,1
0,0,312,1
0.502420864657988,1,312,1
0,0,312,1
0.728569530651835,1,312,1
0.275277331527031,1,312,1
0.502420864657988,1,312,1
0,0,312,1
0,0,312,1
0,0,312,1
0.728569530651835,1,312,1
0.502420864657988,1,312,1
0,0,312,1
0,0,312,1
0,0,312,1
0.275277331527031,0,312,1
0,0,312,1
0,0,312,1
0.502420864657988,0,312,1
0.728569530651835,1,312,1
0,0,312,1
0.502420864657988,1,312,1
0.502420864657988,1,312,1
0,0,312,1
0.275277331527031,0,312,1
0,0,312,1
0,1,312,1
0.728569530651835,1,312,1
0,0,312,1
0,0,312,1
0.728569530651835,1,312,1
0.275277331527031,1,312,1
0,0,312,1
0,0,312,1
0.502420864657988,0,312,1
0,0,312,1
0,0,312,1
0.502420864657988,1,312,1
0,0,312,1
0.275277331527031,1,312,1
0.502420864657988,1,312,1
0.502420864657988,1,312,1
0.502420864657988,1,312,2
0.502420864657988,0,312,2
0.502420864657988,1,312,2
0.275277331527031,0,312,2
0.502420864657988,0,312,2
0.502420864657988,1,312,2
0.502420864657988,0,312,2
0.502420864657988,0,312,2
0,0,312,2
0.502420864657988,1,312,2
0.728569530651835,1,312,2
0.728569530651835,1,312,2
0.728569530651835,1,312,2
0.275277331527031,1,312,2
0,0,312,2
0.728569530651835,1,312,2
0,0,312,2
0.502420864657988,1,312,2
0,1,312,2
0.502420864657988,1,312,2
0.275277331527031,1,312,2
0.728569530651835,0,312,2
0,0,312,2
0.502420864657988,1,312,2
0.502420864657988,1,312,2
0,0,312,2
0,0,312,2
0.502420864657988,1,312,2
0.275277331527031,1,312,2
0,0,312,2
0.728569530651835,1,312,2
0.502420864657988,1,312,2
0.728569530651835,1,312,2
0.502420864657988,1,312,2
0,1,312,2
0.502420864657988,0,312,2
0,0,312,2
0,0,312,2
0,0,312,2
0.275277331527031,1,312,2
0,0,312,2
0,0,312,2
0.502420864657988,1,312,2
0.502420864657988,1,312,2
0.275277331527031,1,312,2
0,0,312,2
0,0,312,2
0.728569530651835,1,312,2
0.502420864657988,1,312,2
0,0,312,2
0,0,312,2
0,0,312,2
0,0,312,2
0.502420864657988,1,312,2
0,0,312,2
0.728569530651835,0,312,2
0,0,312,2
0.502420864657988,1,312,2
0.275277331527031,1,312,2
0.728569530651835,0,312,2
0.275277331527031,1,312,2
0,0,312,2
0,1,312,2
0.502420864657988,1,312,2
0.728569530651835,1,312,2
0,0,312,2
0,0,312,2
0,0,312,2
0.728569530651835,1,312,2
0,0,312,2
0.502420864657988,1,312,2
0,0,312,2
0,0,312,2
0,0,312,2
0.275277331527031,1,312,2
0.502420864657988,1,312,2
0,0,312,2
0.275277331527031,1,312,2
0.502420864657988,0,312,2
0.502420864657988,0,312,2
0.502420864657988,1,312,3
0.502420864657988,1,312,3
0.728569530651835,1,312,3
0.728569530651835,1,312,3
0,0,312,3
0,0,312,3
0.275277331527031,1,312,3
0.502420864657988,1,312,3
0.502420864657988,1,312,3
0.502420864657988,1,312,3
0.728569530651835,1,312,3
0.728569530651835,1,312,3
0.502420864657988,1,312,3
0.502420864657988,1,312,3
0.275277331527031,0,312,3
0.502420864657988,1,312,3
0.502420864657988,1,312,3
0,0,312,3
0.275277331527031,1,312,3
0,0,312,3
0,0,312,3
0.502420864657988,0,312,3
0.275277331527031,1,312,3
0,0,312,3
0.502420864657988,0,312,3
0.728569530651835,1,312,3
0,0,312,3
0.728569530651835,1,312,3
0.502420864657988,1,312,3
0.502420864657988,1,312,3
0.502420864657988,1,312,3
0,0,312,3
0,0,312,3
0,0,312,3
0,0,312,3
0.728569530651835,1,312,3
0.502420864657988,1,312,3
0.275277331527031,0,312,3
0.728569530651835,1,312,3
0.502420864657988,0,312,3
0.275277331527031,1,312,3
0.502420864657988,0,312,3
0,0,312,3
0,0,312,3
0.502420864657988,1,312,3
0,1,312,3
0,0,312,3
0,0,312,3
0.275277331527031,1,312,3
0,0,312,3
0,0,312,3
0.502420864657988,1,312,3
0,0,312,3
0,0,312,3
0,0,312,3
0.728569530651835,0,312,3
0,0,312,3
0,0,312,3
0.502420864657988,0,312,3
0.502420864657988,1,312,3
0,0,312,3
0.275277331527031,1,312,3
0.502420864657988,0,312,3
0.728569530651835,1,312,3
0,0,312,3
0,0,312,3
0.275277331527031,0,312,3
0.502420864657988,1,312,3
0.728569530651835,1,312,3
0,1,312,3
0.275277331527031,1,312,3
0,0,312,3
0,0,312,3
0.502420864657988,1,312,3
0.502420864657988,0,312,3
0.502420864657988,1,312,3
0,1,312,3
0,0,312,3
0,0,312,3
0.728569530651835,1,312,3
0.584767669956571,0,312,4
0.722225806611369,0,312,4
0.584767669956571,0,312,4
0.584767669956571,0,312,4
0.432716486163735,0,312,4
0.584767669956571,0,312,4
0,0,312,4
0.722225806611369,1,312,4
0.722225806611369,0,312,4
0.584767669956571,0,312,4
0.432716486163735,0,312,4
0,0,312,4
0.584767669956571,1,312,4
0.584767669956571,0,312,4
0.722225806611369,1,312,4
0.584767669956571,0,312,4
0.584767669956571,0,312,4
0.584767669956571,0,312,4
0.584767669956571,0,312,4
0,0,312,4
0,0,312,4
0.722225806611369,0,312,4
0.432716486163735,0,312,4
0.584767669956571,1,312,4
0,0,312,4
0.432716486163735,0,312,4
0.584767669956571,1,312,4
0,0,312,4
0.584767669956571,0,312,4
0,0,312,4
0.722225806611369,1,312,4
0,0,312,4
0.584767669956571,1,312,4
0.584767669956571,1,312,4
0,0,312,4
0,0,312,4
0,0,312,4
0,0,312,4
0.584767669956571,1,312,4
0.584767669956571,1,312,4
0,0,312,4
0.432716486163735,1,312,4
0,0,312,4
0,0,312,4
0.722225806611369,0,312,4
0.722225806611369,1,312,4
0,0,312,4
0.432716486163735,0,312,4
0.584767669956571,1,312,4
0.432716486163735,1,312,4
0.584767669956571,0,312,4
0,0,312,4
0,0,312,4
0.584767669956571,0,312,4
0,0,312,4
0.432716486163735,1,312,4
0,0,312,4
0,0,312,4
0.722225806611369,0,312,4
0.722225806611369,1,312,4
0,0,312,4
0,0,312,4
0,0,312,4
0.584767669956571,0,312,4
0.584767669956571,1,312,4
0.722225806611369,0,312,4
0,0,312,4
0,0,312,4
0.584767669956571,0,312,4
0,0,312,4
0,0,312,4
0,0,312,4
0,0,312,4
0.584767669956571,0,312,4
0.432716486163735,0,312,4
0.584767669956571,0,312,4
0,0,312,4
0.722225806611369,0,312,4
0,0,312,4
0.432716486163735,0,312,4
0.584767669956571,0,312,5
0.432716486163735,0,312,5
0,0,312,5
0.722225806611369,0,312,5
0,0,312,5
0.584767669956571,0,312,5
0.722225806611369,1,312,5
0.722225806611369,1,312,5
0.432716486163735,1,312,5
0.584767669956571,1,312,5
0.584767669956571,1,312,5
0.584767669956571,0,312,5
0.584767669956571,1,312,5
0.584767669956571,1,312,5
0.584767669956571,0,312,5
0.722225806611369,1,312,5
0.432716486163735,0,312,5
0.584767669956571,0,312,5
0.584767669956571,1,312,5
0,0,312,5
0,0,312,5
0.432716486163735,0,312,5
0,0,312,5
0,0,312,5
0.584767669956571,0,312,5
0.722225806611369,0,312,5
0,0,312,5
0.584767669956571,0,312,5
0,1,312,5
0.722225806611369,0,312,5
0.584767669956571,0,312,5
0.584767669956571,0,312,5
0,0,312,5
0,0,312,5
0.432716486163735,0,312,5
0.722225806611369,0,312,5
0.584767669956571,1,312,5
0,0,312,5
0.722225806611369,0,312,5
0.584767669956571,0,312,5
0.584767669956571,1,312,5
0,0,312,5
0,0,312,5
0,0,312,5
0,0,312,5
0.584767669956571,0,312,5
0,0,312,5
0.432716486163735,0,312,5
0,0,312,5
0.722225806611369,1,312,5
0.432716486163735,0,312,5
0.584767669956571,0,312,5
0,0,312,5
0.584767669956571,1,312,5
0,0,312,5
0.722225806611369,0,312,5
0.432716486163735,0,312,5
0.584767669956571,1,312,5
0,0,312,5
0,0,312,5
0.584767669956571,0,312,5
0,0,312,5
0,0,312,5
0,0,312,5
0,0,312,5
0,0,312,5
0.432716486163735,1,312,5
0.584767669956571,0,312,5
0,0,312,5
0,0,312,5
0,0,312,5
0,0,312,5
0.584767669956571,0,312,5
0,0,312,5
0.722225806611369,1,312,5
0.722225806611369,0,312,5
0.584767669956571,0,312,5
0.584767669956571,0,312,5
0.432716486163735,0,312,5
0,0,312,5
0.584767669956571,0,312,6
0.432716486163735,0,312,6
0.722225806611369,1,312,6
0.584767669956571,0,312,6
0.584767669956571,1,312,6
0.584767669956571,0,312,6
0.584767669956571,0,312,6
0.432716486163735,1,312,6
0.722225806611369,1,312,6
0,0,312,6
0,0,312,6
0.584767669956571,0,312,6
0.722225806611369,1,312,6
0.584767669956571,1,312,6
0.722225806611369,0,312,6
0.584767669956571,1,312,6
0.584767669956571,1,312,6
0,0,312,6
0.584767669956571,0,312,6
0,0,312,6
0.584767669956571,0,312,6
0,0,312,6
0,0,312,6
0.432716486163735,0,312,6
0.584767669956571,0,312,6
0.722225806611369,0,312,6
0,0,312,6
0,0,312,6
0.722225806611369,0,312,6
0.584767669956571,0,312,6
0.584767669956571,0,312,6
0.432716486163735,0,312,6
0.432716486163735,1,312,6
0.722225806611369,1,312,6
0,0,312,6
0.722225806611369,1,312,6
0.432716486163735,1,312,6
0.584767669956571,0,312,6
0,0,312,6
0,0,312,6
0,0,312,6
0,1,312,6
0.584767669956571,0,312,6
0.584767669956571,0,312,6
0,0,312,6
0.584767669956571,0,312,6
0,0,312,6
0,0,312,6
0.722225806611369,0,312,6
0.584767669956571,0,312,6
0.584767669956571,0,312,6
0,0,312,6
0,0,312,6
0,0,312,6
0.722225806611369,1,312,6
0,0,312,6
0.584767669956571,0,312,6
0,0,312,6
0.432716486163735,0,312,6
0.584767669956571,1,312,6
0,0,312,6
0.432716486163735,0,312,6
0,0,312,6
0,0,312,6
0.432716486163735,0,312,6
0,0,312,6
0,0,312,6
0.432716486163735,0,312,6
0.584767669956571,0,312,6
0.722225806611369,1,312,6
0.584767669956571,0,312,6
0.584767669956571,0,312,6
0,0,312,6
0.722225806611369,0,312,6
0,0,312,6
0,0,312,6
0.584767669956571,0,312,6
0,0,312,6
0,0,312,6
0,0,312,6
0.503194322598575,0,313,1
0.331795559460406,0,313,1
0.673845598622156,1,313,1
0.503194322598575,0,313,1
0.673845598622156,0,313,1
0.331795559460406,0,313,1
0.503194322598575,0,313,1
0,0,313,1
0.673845598622156,0,313,1
0,0,313,1
0.503194322598575,0,313,1
0.503194322598575,0,313,1
0.503194322598575,0,313,1
0.503194322598575,0,313,1
0.503194322598575,0,313,1
0.673845598622156,0,313,1
0.503194322598575,0,313,1
0,1,313,1
0.673845598622156,0,313,1
0.503194322598575,0,313,1
0,0,313,1
0,0,313,1
0.331795559460406,0,313,1
0,0,313,1
0,0,313,1
0.503194322598575,0,313,1
0.503194322598575,0,313,1
0.673845598622156,0,313,1
0,0,313,1
0.503194322598575,0,313,1
0.503194322598575,0,313,1
0.331795559460406,0,313,1
0.331795559460406,0,313,1
0.331795559460406,0,313,1
0.503194322598575,0,313,1
0.503194322598575,0,313,1
0.503194322598575,0,313,1
0,0,313,1
0,0,313,1
0,0,313,1
0.673845598622156,0,313,1
0,0,313,1
0,0,313,1
0,0,313,1
0,0,313,1
0,0,313,1
0.503194322598575,0,313,1
0.673845598622156,0,313,1
0,0,313,1
0,0,313,1
0,0,313,1
0.503194322598575,0,313,1
0.673845598622156,0,313,1
0.503194322598575,0,313,1
0,0,313,1
0.331795559460406,0,313,1
0,0,313,1
0.503194322598575,0,313,1
0.503194322598575,0,313,1
0.331795559460406,0,313,1
0,0,313,1
0,0,313,1
0,0,313,1
0.673845598622156,0,313,1
0,0,313,1
0,0,313,1
0,0,313,1
0.331795559460406,0,313,1
0.503194322598575,0,313,1
0.503194322598575,0,313,1
0,0,313,1
0.503194322598575,0,313,1
0,0,313,1
0.331795559460406,0,313,1
0,0,313,1
0.673845598622156,0,313,1
0.673845598622156,0,313,1
0,0,313,1
0,0,313,1
0.503194322598575,0,313,1
0.331795559460406,0,313,2
0.331795559460406,0,313,2
0,0,313,2
0.673845598622156,0,313,2
0.673845598622156,0,313,2
0.503194322598575,0,313,2
0.673845598622156,1,313,2
0,0,313,2
0.503194322598575,0,313,2
0.503194322598575,0,313,2
0.503194322598575,0,313,2
0.673845598622156,0,313,2
0.503194322598575,0,313,2
0.503194322598575,0,313,2
0.503194322598575,0,313,2
0.503194322598575,0,313,2
0.503194322598575,0,313,2
0,0,313,2
0.673845598622156,0,313,2
0.503194322598575,0,313,2
0.503194322598575,0,313,2
0,0,313,2
0,1,313,2
0.331795559460406,0,313,2
0.503194322598575,0,313,2
0.503194322598575,0,313,2
0.503194322598575,0,313,2
0,0,313,2
0,0,313,2
0.331795559460406,0,313,2
0,0,313,2
0.673845598622156,0,313,2
0.503194322598575,0,313,2
0.673845598622156,0,313,2
0,0,313,2
0,0,313,2
0,0,313,2
0.331795559460406,0,313,2
0,0,313,2
0,0,313,2
0.331795559460406,0,313,2
0.673845598622156,0,313,2
0,0,313,2
0.503194322598575,0,313,2
0,0,313,2
0.503194322598575,0,313,2
0,0,313,2
0.503194322598575,0,313,2
0,0,313,2
0.673845598622156,0,313,2
0.503194322598575,0,313,2
0,0,313,2
0,0,313,2
0.331795559460406,0,313,2
0.503194322598575,0,313,2
0.331795559460406,0,313,2
0,0,313,2
0.503194322598575,0,313,2
0,0,313,2
0.673845598622156,0,313,2
0.503194322598575,0,313,2
0,0,313,2
0,0,313,2
0,0,313,2
0,0,313,2
0.331795559460406,0,313,2
0,0,313,2
0.503194322598575,0,313,2
0.503194322598575,0,313,2
0.673845598622156,0,313,2
0,0,313,2
0,0,313,2
0.503194322598575,0,313,2
0.503194322598575,0,313,2
0,0,313,2
0.331795559460406,0,313,2
0.673845598622156,0,313,2
0,0,313,2
0,0,313,2
0,0,313,2
0.673845598622156,1,313,3
0.673845598622156,1,313,3
0.503194322598575,0,313,3
0.503194322598575,0,313,3
0.503194322598575,0,313,3
0.503194322598575,0,313,3
0.503194322598575,0,313,3
0.503194322598575,0,313,3
0.673845598622156,1,313,3
0.503194322598575,1,313,3
0,0,313,3
0.503194322598575,0,313,3
0.331795559460406,0,313,3
0,0,313,3
0.331795559460406,0,313,3
0.673845598622156,0,313,3
0.503194322598575,0,313,3
0.503194322598575,0,313,3
0.503194322598575,0,313,3
0.331795559460406,0,313,3
0.503194322598575,0,313,3
0,0,313,3
0.673845598622156,0,313,3
0.503194322598575,0,313,3
0,0,313,3
0.331795559460406,0,313,3
0.503194322598575,0,313,3
0,0,313,3
0,0,313,3
0.673845598622156,0,313,3
0,0,313,3
0,0,313,3
0,0,313,3
0,0,313,3
0.331795559460406,0,313,3
0.503194322598575,0,313,3
0,0,313,3
0.331795559460406,0,313,3
0.503194322598575,0,313,3
0,0,313,3
0,0,313,3
0.673845598622156,0,313,3
0,0,313,3
0.673845598622156,0,313,3
0,0,313,3
0.503194322598575,0,313,3
0,0,313,3
0.503194322598575,0,313,3
0.503194322598575,0,313,3
0.331795559460406,0,313,3
0,0,313,3
0,0,313,3
0.503194322598575,0,313,3
0.673845598622156,0,313,3
0,0,313,3
0.331795559460406,0,313,3
0,0,313,3
0,0,313,3
0.503194322598575,0,313,3
0,0,313,3
0.673845598622156,0,313,3
0,0,313,3
0.503194322598575,0,313,3
0,0,313,3
0,0,313,3
0.503194322598575,0,313,3
0.673845598622156,0,313,3
0.331795559460406,0,313,3
0.503194322598575,0,313,3
0,0,313,3
0.331795559460406,0,313,3
0,0,313,3
0,0,313,3
0,0,313,3
0,0,313,3
0,0,313,3
0,0,313,3
0.503194322598575,0,313,3
0.673845598622156,0,313,3
0.503194322598575,0,313,3
0.695760534630784,1,313,4
0.599579989855793,1,313,4
0.599579989855793,0,313,4
0.495060237691808,0,313,4
0.599579989855793,0,313,4
0.599579989855793,0,313,4
0,0,313,4
0.599579989855793,0,313,4
0.599579989855793,0,313,4
0.599579989855793,0,313,4
0.599579989855793,0,313,4
0,0,313,4
0.495060237691808,0,313,4
0.695760534630784,0,313,4
0.695760534630784,0,313,4
0.695760534630784,1,313,4
0,0,313,4
0.599579989855793,1,313,4
0,0,313,4
0.495060237691808,0,313,4
0.599579989855793,0,313,4
0,0,313,4
0.599579989855793,0,313,4
0,0,313,4
0.695760534630784,0,313,4
0.495060237691808,0,313,4
0.695760534630784,0,313,4
0.599579989855793,0,313,4
0.599579989855793,0,313,4
0,0,313,4
0.599579989855793,0,313,4
0,0,313,4
0,0,313,4
0,0,313,4
0.695760534630784,0,313,4
0.599579989855793,0,313,4
0.599579989855793,0,313,4
0,0,313,4
0.695760534630784,0,313,4
0,0,313,4
0,0,313,4
0,0,313,4
0,0,313,4
0.599579989855793,0,313,4
0.495060237691808,0,313,4
0.495060237691808,0,313,4
0.599579989855793,0,313,4
0,0,313,4
0.599579989855793,0,313,4
0.599579989855793,0,313,4
0.695760534630784,0,313,4
0.495060237691808,0,313,4
0,0,313,4
0,0,313,4
0,0,313,4
0,0,313,4
0,0,313,4
0,0,313,4
0,0,313,4
0.695760534630784,0,313,4
0.599579989855793,0,313,4
0,0,313,4
0.495060237691808,0,313,4
0.599579989855793,0,313,4
0.495060237691808,0,313,4
0.599579989855793,0,313,4
0.695760534630784,1,313,4
0.599579989855793,0,313,4
0,0,313,4
0,0,313,4
0,0,313,4
0,0,313,4
0,0,313,4
0.599579989855793,0,313,4
0,0,313,4
0,0,313,4
0.495060237691808,0,313,4
0,0,313,4
0.599579989855793,1,313,4
0.695760534630784,1,313,4
0.599579989855793,0,313,5
0,0,313,5
0.599579989855793,0,313,5
0.695760534630784,0,313,5
0.599579989855793,0,313,5
0.599579989855793,0,313,5
0.495060237691808,0,313,5
0.495060237691808,0,313,5
0.695760534630784,0,313,5
0.695760534630784,0,313,5
0.599579989855793,1,313,5
0.599579989855793,0,313,5
0.695760534630784,0,313,5
0,0,313,5
0.599579989855793,0,313,5
0.599579989855793,0,313,5
0.599579989855793,0,313,5
0,0,313,5
0,0,313,5
0,0,313,5
0.599579989855793,0,313,5
0.495060237691808,0,313,5
0.495060237691808,0,313,5
0.695760534630784,0,313,5
0.599579989855793,0,313,5
0,0,313,5
0.599579989855793,0,313,5
0.599579989855793,0,313,5
0,0,313,5
0.695760534630784,0,313,5
0.599579989855793,0,313,5
0,0,313,5
0.599579989855793,0,313,5
0,0,313,5
0,0,313,5
0,0,313,5
0.495060237691808,0,313,5
0.599579989855793,0,313,5
0,0,313,5
0.695760534630784,0,313,5
0,0,313,5
0.495060237691808,0,313,5
0.599579989855793,0,313,5
0,0,313,5
0,0,313,5
0.599579989855793,0,313,5
0.695760534630784,0,313,5
0,0,313,5
0.695760534630784,0,313,5
0.599579989855793,0,313,5
0.695760534630784,0,313,5
0.599579989855793,0,313,5
0,0,313,5
0,0,313,5
0.495060237691808,0,313,5
0,0,313,5
0,0,313,5
0.599579989855793,0,313,5
0,0,313,5
0.599579989855793,0,313,5
0,0,313,5
0,0,313,5
0.495060237691808,0,313,5
0,0,313,5
0,0,313,5
0,0,313,5
0.695760534630784,0,313,5
0.599579989855793,0,313,5
0.599579989855793,0,313,5
0.495060237691808,0,313,5
0.599579989855793,0,313,5
0,0,313,5
0.599579989855793,0,313,5
0.495060237691808,0,313,5
0,0,313,5
0,0,313,5
0,0,313,5
0,0,313,5
0,0,313,5
0.695760534630784,0,313,5
0,0,313,6
0.599579989855793,0,313,6
0.599579989855793,0,313,6
0.495060237691808,0,313,6
0.599579989855793,0,313,6
0,0,313,6
0.695760534630784,0,313,6
0.695760534630784,0,313,6
0.599579989855793,0,313,6
0.695760534630784,0,313,6
0.599579989855793,0,313,6
0.495060237691808,0,313,6
0.599579989855793,1,313,6
0.599579989855793,1,313,6
0.599579989855793,0,313,6
0.695760534630784,0,313,6
0,0,313,6
0.495060237691808,0,313,6
0.599579989855793,0,313,6
0.599579989855793,0,313,6
0.495060237691808,0,313,6
0,0,313,6
0,0,313,6
0,0,313,6
0,0,313,6
0,0,313,6
0.599579989855793,0,313,6
0.599579989855793,0,313,6
0.599579989855793,0,313,6
0.599579989855793,0,313,6
0.695760534630784,0,313,6
0.695760534630784,0,313,6
0.599579989855793,0,313,6
0.495060237691808,0,313,6
0,0,313,6
0.599579989855793,0,313,6
0.599579989855793,0,313,6
0,0,313,6
0,0,313,6
0.695760534630784,0,313,6
0.495060237691808,0,313,6
0,0,313,6
0,0,313,6
0.695760534630784,0,313,6
0,0,313,6
0.599579989855793,0,313,6
0,0,313,6
0,0,313,6
0,0,313,6
0,0,313,6
0.695760534630784,0,313,6
0,0,313,6
0.599579989855793,0,313,6
0.495060237691808,0,313,6
0,0,313,6
0.695760534630784,1,313,6
0,0,313,6
0.495060237691808,0,313,6
0,0,313,6
0.599579989855793,0,313,6
0,0,313,6
0.599579989855793,0,313,6
0.599579989855793,0,313,6
0,0,313,6
0.599579989855793,1,313,6
0.599579989855793,1,313,6
0.495060237691808,1,313,6
0,0,313,6
0,0,313,6
0,0,313,6
0,0,313,6
0.495060237691808,0,313,6
0,0,313,6
0.599579989855793,0,313,6
0,0,313,6
0,0,313,6
0,0,313,6
0.695760534630784,0,313,6
0.599579989855793,0,313,6
0.695760534630784,0,313,6
0.284011983732154,0,314,1
0,0,314,1
0.560116276775284,0,314,1
0.803436866884225,1,314,1
0.803436866884225,1,314,1
0.560116276775284,0,314,1
0.560116276775284,0,314,1
0.803436866884225,1,314,1
0.560116276775284,0,314,1
0.284011983732154,0,314,1
0.560116276775284,1,314,1
0.560116276775284,0,314,1
0.560116276775284,0,314,1
0.560116276775284,0,314,1
0,0,314,1
0.803436866884225,0,314,1
0.803436866884225,0,314,1
0.284011983732154,0,314,1
0,0,314,1
0.560116276775284,0,314,1
0.560116276775284,0,314,1
0.560116276775284,0,314,1
0,0,314,1
0.560116276775284,0,314,1
0,0,314,1
0,0,314,1
0.560116276775284,0,314,1
0,0,314,1
0.284011983732154,0,314,1
0.803436866884225,0,314,1
0,0,314,1
0.560116276775284,0,314,1
0.560116276775284,0,314,1
0,0,314,1
0.284011983732154,0,314,1
0.560116276775284,0,314,1
0.803436866884225,0,314,1
0.560116276775284,0,314,1
0.284011983732154,0,314,1
0.560116276775284,0,314,1
0,0,314,1
0.803436866884225,0,314,1
0,0,314,1
0,0,314,1
0,0,314,1
0,0,314,1
0,0,314,1
0,0,314,1
0.284011983732154,0,314,1
0,0,314,1
0.560116276775284,0,314,1
0,0,314,1
0,0,314,1
0.560116276775284,0,314,1
0,0,314,1
0,0,314,1
0,0,314,1
0.284011983732154,0,314,1
0.803436866884225,0,314,1
0,0,314,1
0.803436866884225,0,314,1
0.560116276775284,0,314,1
0.560116276775284,0,314,1
0,0,314,1
0.803436866884225,0,314,1
0.560116276775284,1,314,1
0.560116276775284,1,314,1
0,0,314,1
0.560116276775284,0,314,1
0,0,314,1
0,0,314,1
0.560116276775284,0,314,1
0,0,314,1
0.284011983732154,0,314,1
0,0,314,1
0.803436866884225,0,314,1
0,0,314,1
0.284011983732154,0,314,1
0,0,314,1
0,0,314,1
0.803436866884225,1,314,2
0.560116276775284,0,314,2
0.284011983732154,0,314,2
0.803436866884225,0,314,2
0,0,314,2
0.560116276775284,0,314,2
0.803436866884225,1,314,2
0.284011983732154,0,314,2
0.560116276775284,0,314,2
0.803436866884225,0,314,2
0.560116276775284,0,314,2
0.560116276775284,0,314,2
0.560116276775284,0,314,2
0.560116276775284,0,314,2
0.560116276775284,0,314,2
0,0,314,2
0,0,314,2
0,0,314,2
0.284011983732154,0,314,2
0.560116276775284,1,314,2
0,1,314,2
0.560116276775284,1,314,2
0.560116276775284,0,314,2
0,0,314,2
0,0,314,2
0.560116276775284,0,314,2
0.284011983732154,0,314,2
0.560116276775284,0,314,2
0.803436866884225,0,314,2
0.803436866884225,1,314,2
0.560116276775284,0,314,2
0,0,314,2
0,0,314,2
0,0,314,2
0,0,314,2
0.560116276775284,0,314,2
0,0,314,2
0,1,314,2
0.803436866884225,1,314,2
0.560116276775284,0,314,2
0.284011983732154,0,314,2
0.284011983732154,0,314,2
0,0,314,2
0,0,314,2
0.560116276775284,0,314,2
0,0,314,2
0.803436866884225,0,314,2
0.560116276775284,0,314,2
0.560116276775284,0,314,2
0.803436866884225,0,314,2
0,0,314,2
0.560116276775284,0,314,2
0.560116276775284,0,314,2
0,0,314,2
0,0,314,2
0,0,314,2
0,0,314,2
0,0,314,2
0.284011983732154,0,314,2
0.803436866884225,1,314,2
0.560116276775284,0,314,2
0.284011983732154,0,314,2
0,0,314,2
0,0,314,2
0.803436866884225,1,314,2
0.560116276775284,0,314,2
0,0,314,2
0,0,314,2
0,0,314,2
0.560116276775284,0,314,2
0.284011983732154,0,314,2
0,0,314,2
0,0,314,2
0,0,314,2
0.284011983732154,0,314,2
0.560116276775284,0,314,2
0.560116276775284,0,314,2
0,0,314,2
0,0,314,2
0.803436866884225,0,314,2
0.560116276775284,0,314,3
0.803436866884225,0,314,3
0.803436866884225,0,314,3
0.560116276775284,0,314,3
0.560116276775284,0,314,3
0.560116276775284,0,314,3
0.560116276775284,0,314,3
0.560116276775284,0,314,3
0.284011983732154,0,314,3
0,0,314,3
0.803436866884225,0,314,3
0.560116276775284,0,314,3
0.803436866884225,1,314,3
0,0,314,3
0.284011983732154,0,314,3
0.560116276775284,0,314,3
0,0,314,3
0,0,314,3
0,0,314,3
0.560116276775284,0,314,3
0.560116276775284,0,314,3
0.560116276775284,0,314,3
0,0,314,3
0.803436866884225,0,314,3
0.560116276775284,0,314,3
0.803436866884225,0,314,3
0.560116276775284,0,314,3
0,0,314,3
0.284011983732154,0,314,3
0.560116276775284,0,314,3
0.284011983732154,0,314,3
0,0,314,3
0,0,314,3
0,0,314,3
0.560116276775284,0,314,3
0,0,314,3
0,0,314,3
0,0,314,3
0.284011983732154,0,314,3
0.803436866884225,0,314,3
0.284011983732154,0,314,3
0,0,314,3
0.560116276775284,1,314,3
0,0,314,3
0.560116276775284,0,314,3
0.560116276775284,0,314,3
0,0,314,3
0.803436866884225,0,314,3
0.560116276775284,0,314,3
0,0,314,3
0,1,314,3
0.560116276775284,0,314,3
0.284011983732154,0,314,3
0,0,314,3
0,0,314,3
0.560116276775284,0,314,3
0.284011983732154,0,314,3
0,0,314,3
0.803436866884225,0,314,3
0.803436866884225,0,314,3
0,0,314,3
0,0,314,3
0.560116276775284,0,314,3
0,0,314,3
0.284011983732154,0,314,3
0.560116276775284,0,314,3
0.803436866884225,0,314,3
0.803436866884225,0,314,3
0,0,314,3
0,0,314,3
0,0,314,3
0.560116276775284,0,314,3
0.284011983732154,0,314,3
0,0,314,3
0,0,314,3
0,0,314,3
0,0,314,3
0.560116276775284,0,314,3
0,0,314,3
0.560116276775284,0,314,3
0.656701434071692,1,314,4
0.656701434071692,1,314,4
0.656701434071692,1,314,4
0.656701434071692,1,314,4
0.847511188737387,1,314,4
0.656701434071692,1,314,4
0.397006225864162,1,314,4
0.847511188737387,1,314,4
0.847511188737387,1,314,4
0,0,314,4
0.656701434071692,0,314,4
0.656701434071692,0,314,4
0.397006225864162,1,314,4
0.656701434071692,1,314,4
0,0,314,4
0.847511188737387,1,314,4
0,0,314,4
0.656701434071692,1,314,4
0.656701434071692,1,314,4
0,0,314,4
0.656701434071692,1,314,4
0,0,314,4
0.847511188737387,0,314,4
0,0,314,4
0.656701434071692,0,314,4
0,0,314,4
0.656701434071692,0,314,4
0.397006225864162,0,314,4
0,0,314,4
0.397006225864162,0,314,4
0.656701434071692,1,314,4
0.847511188737387,1,314,4
0,1,314,4
0.656701434071692,1,314,4
0.656701434071692,0,314,4
0.656701434071692,0,314,4
0.847511188737387,0,314,4
0.397006225864162,0,314,4
0,0,314,4
0.656701434071692,0,314,4
0,0,314,4
0,0,314,4
0,0,314,4
0,0,314,4
0,0,314,4
0,0,314,4
0.397006225864162,0,314,4
0.847511188737387,0,314,4
0,0,314,4
0.847511188737387,1,314,4
0.847511188737387,1,314,4
0,0,314,4
0.397006225864162,1,314,4
0,0,314,4
0,0,314,4
0.656701434071692,1,314,4
0,0,314,4
0.656701434071692,0,314,4
0.397006225864162,0,314,4
0.656701434071692,0,314,4
0.656701434071692,1,314,4
0,0,314,4
0,0,314,4
0,0,314,4
0,0,314,4
0,0,314,4
0,0,314,4
0.656701434071692,0,314,4
0.847511188737387,1,314,4
0,0,314,4
0.656701434071692,1,314,4
0.397006225864162,0,314,4
0,0,314,4
0,0,314,4
0.397006225864162,0,314,4
0.656701434071692,1,314,4
0,0,314,4
0.656701434071692,1,314,4
0.847511188737387,1,314,4
0,0,314,4
0.656701434071692,1,314,5
0.656701434071692,1,314,5
0.656701434071692,1,314,5
0.397006225864162,0,314,5
0,0,314,5
0.847511188737387,1,314,5
0.847511188737387,1,314,5
0.656701434071692,0,314,5
0.397006225864162,1,314,5
0.847511188737387,1,314,5
0,0,314,5
0.656701434071692,1,314,5
0.656701434071692,1,314,5
0.847511188737387,1,314,5
0.656701434071692,1,314,5
0.656701434071692,1,314,5
0.656701434071692,1,314,5
0.656701434071692,1,314,5
0.656701434071692,0,314,5
0.847511188737387,1,314,5
0,0,314,5
0,0,314,5
0.847511188737387,1,314,5
0.397006225864162,1,314,5
0.656701434071692,1,314,5
0,0,314,5
0,0,314,5
0,0,314,5
0.656701434071692,0,314,5
0.397006225864162,1,314,5
0,0,314,5
0.656701434071692,1,314,5
0,0,314,5
0,0,314,5
0,0,314,5
0,0,314,5
0.656701434071692,1,314,5
0.847511188737387,1,314,5
0.656701434071692,1,314,5
0.397006225864162,1,314,5
0,0,314,5
0,0,314,5
0.847511188737387,0,314,5
0.656701434071692,1,314,5
0,0,314,5
0,0,314,5
0.656701434071692,1,314,5
0.397006225864162,1,314,5
0,0,314,5
0.656701434071692,1,314,5
0.656701434071692,1,314,5
0,0,314,5
0.397006225864162,0,314,5
0,0,314,5
0.397006225864162,1,314,5
0.847511188737387,1,314,5
0,0,314,5
0.847511188737387,1,314,5
0.656701434071692,1,314,5
0.656701434071692,1,314,5
0,1,314,5
0,0,314,5
0,0,314,5
0,0,314,5
0.656701434071692,1,314,5
0,0,314,5
0.847511188737387,1,314,5
0.397006225864162,0,314,5
0,0,314,5
0,0,314,5
0.397006225864162,1,314,5
0.847511188737387,1,314,5
0,0,314,5
0,0,314,5
0,0,314,5
0.656701434071692,1,314,5
0.656701434071692,1,314,5
0,0,314,5
0,0,314,5
0.656701434071692,0,314,5
0.656701434071692,0,314,6
0,0,314,6
0.656701434071692,0,314,6
0.847511188737387,1,314,6
0.656701434071692,1,314,6
0.847511188737387,1,314,6
0.656701434071692,0,314,6
0.656701434071692,1,314,6
0.656701434071692,1,314,6
0.656701434071692,1,314,6
0.397006225864162,1,314,6
0.847511188737387,1,314,6
0.656701434071692,1,314,6
0.847511188737387,1,314,6
0,0,314,6
0.397006225864162,1,314,6
0.397006225864162,1,314,6
0.656701434071692,1,314,6
0,0,314,6
0,0,314,6
0.656701434071692,1,314,6
0.656701434071692,1,314,6
0.656701434071692,1,314,6
0,0,314,6
0,0,314,6
0.847511188737387,0,314,6
0.397006225864162,1,314,6
0,0,314,6
0.656701434071692,1,314,6
0.656701434071692,1,314,6
0.847511188737387,1,314,6
0,0,314,6
0.397006225864162,0,314,6
0,0,314,6
0,0,314,6
0.656701434071692,1,314,6
0,0,314,6
0.656701434071692,1,314,6
0,0,314,6
0.656701434071692,1,314,6
0,0,314,6
0.656701434071692,1,314,6
0,0,314,6
0,0,314,6
0.847511188737387,1,314,6
0,0,314,6
0.397006225864162,1,314,6
0.847511188737387,1,314,6
0,0,314,6
0,0,314,6
0.656701434071692,1,314,6
0.656701434071692,0,314,6
0,0,314,6
0.397006225864162,0,314,6
0,0,314,6
0,0,314,6
0.656701434071692,1,314,6
0.397006225864162,0,314,6
0.656701434071692,1,314,6
0,0,314,6
0,0,314,6
0.847511188737387,1,314,6
0.847511188737387,1,314,6
0,0,314,6
0.656701434071692,1,314,6
0.847511188737387,1,314,6
0,0,314,6
0,0,314,6
0.656701434071692,1,314,6
0,0,314,6
0.397006225864162,1,314,6
0,0,314,6
0,0,314,6
0,0,314,6
0.397006225864162,1,314,6
0.847511188737387,1,314,6
0,0,314,6
0.656701434071692,1,314,6
0.656701434071692,1,314,6
0,0,314,6
0.800499748173072,1,316,1
0.63069969301825,1,316,1
0.800499748173072,1,316,1
0.63069969301825,1,316,1
0.63069969301825,1,316,1
0,0,316,1
0.420924015442677,0,316,1
0,0,316,1
0.800499748173072,1,316,1
0.63069969301825,1,316,1
0.63069969301825,1,316,1
0.800499748173072,1,316,1
0.63069969301825,1,316,1
0.420924015442677,0,316,1
0.63069969301825,1,316,1
0.63069969301825,1,316,1
0.420924015442677,1,316,1
0,0,316,1
0,0,316,1
0,0,316,1
0.63069969301825,0,316,1
0.63069969301825,0,316,1
0.63069969301825,1,316,1
0,0,316,1
0.420924015442677,1,316,1
0.63069969301825,1,316,1
0,0,316,1
0.63069969301825,0,316,1
0.63069969301825,0,316,1
0,0,316,1
0.800499748173072,0,316,1
0.800499748173072,0,316,1
0.63069969301825,1,316,1
0,0,316,1
0.63069969301825,1,316,1
0,0,316,1
0,0,316,1
0,0,316,1
0,0,316,1
0,0,316,1
0.420924015442677,0,316,1
0.63069969301825,0,316,1
0.800499748173072,1,316,1
0,0,316,1
0.420924015442677,1,316,1
0.63069969301825,0,316,1
0.800499748173072,0,316,1
0,0,316,1
0.63069969301825,1,316,1
0.800499748173072,1,316,1
0.420924015442677,1,316,1
0.63069969301825,0,316,1
0,0,316,1
0.800499748173072,0,316,1
0,0,316,1
0,0,316,1
0,0,316,1
0,0,316,1
0,0,316,1
0.63069969301825,0,316,1
0,0,316,1
0,0,316,1
0.63069969301825,0,316,1
0.420924015442677,0,316,1
0.420924015442677,1,316,1
0.63069969301825,1,316,1
0.800499748173072,1,316,1
0.63069969301825,1,316,1
0,0,316,1
0,0,316,1
0.420924015442677,0,316,1
0,0,316,1
0.63069969301825,0,316,1
0.63069969301825,0,316,1
0,0,316,1
0,0,316,1
0,0,316,1
0,0,316,1
0.800499748173072,0,316,1
0,0,316,1
0,0,316,2
0.63069969301825,0,316,2
0.800499748173072,1,316,2
0.63069969301825,1,316,2
0.63069969301825,0,316,2
0.63069969301825,1,316,2
0.800499748173072,1,316,2
0.63069969301825,1,316,2
0.420924015442677,1,316,2
0.420924015442677,1,316,2
0.63069969301825,1,316,2
0.800499748173072,1,316,2
0.63069969301825,1,316,2
0,0,316,2
0.800499748173072,1,316,2
0.63069969301825,1,316,2
0,0,316,2
0.800499748173072,1,316,2
0.63069969301825,1,316,2
0.63069969301825,1,316,2
0.420924015442677,1,316,2
0.63069969301825,1,316,2
0.800499748173072,1,316,2
0.63069969301825,1,316,2
0.63069969301825,1,316,2
0.63069969301825,0,316,2
0,0,316,2
0,0,316,2
0,0,316,2
0.420924015442677,0,316,2
0,0,316,2
0,0,316,2
0.420924015442677,1,316,2
0.800499748173072,1,316,2
0,0,316,2
0,0,316,2
0,0,316,2
0,0,316,2
0.800499748173072,0,316,2
0,0,316,2
0.420924015442677,1,316,2
0.63069969301825,1,316,2
0,0,316,2
0.63069969301825,1,316,2
0.63069969301825,1,316,2
0,0,316,2
0.63069969301825,1,316,2
0,0,316,2
0,0,316,2
0.63069969301825,1,316,2
0,0,316,2
0,0,316,2
0.63069969301825,1,316,2
0,0,316,2
0,0,316,2
0.63069969301825,1,316,2
0.420924015442677,0,316,2
0,0,316,2
0.420924015442677,0,316,2
0.800499748173072,0,316,2
0,0,316,2
0,0,316,2
0.63069969301825,1,316,2
0.800499748173072,1,316,2
0.800499748173072,1,316,2
0,0,316,2
0,0,316,2
0.800499748173072,0,316,2
0,0,316,2
0.420924015442677,0,316,2
0,0,316,2
0.420924015442677,1,316,2
0.63069969301825,0,316,2
0,0,316,2
0.63069969301825,0,316,2
0.63069969301825,1,316,2
0.63069969301825,1,316,2
0,0,316,2
0,0,316,2
0,0,316,2
0.63069969301825,1,316,3
0.800499748173072,0,316,3
0.63069969301825,1,316,3
0.800499748173072,1,316,3
0.63069969301825,1,316,3
0.420924015442677,0,316,3
0.63069969301825,1,316,3
0.420924015442677,1,316,3
0.800499748173072,1,316,3
0.63069969301825,1,316,3
0,0,316,3
0.63069969301825,1,316,3
0.63069969301825,1,316,3
0.800499748173072,1,316,3
0,0,316,3
0.63069969301825,1,316,3
0.63069969301825,1,316,3
0.800499748173072,1,316,3
0.420924015442677,0,316,3
0,0,316,3
0.63069969301825,0,316,3
0.63069969301825,0,316,3
0.63069969301825,1,316,3
0.420924015442677,1,316,3
0.63069969301825,0,316,3
0,0,316,3
0.800499748173072,1,316,3
0,0,316,3
0,0,316,3
0,0,316,3
0,0,316,3
0.63069969301825,0,316,3
0.63069969301825,1,316,3
0,0,316,3
0,0,316,3
0,0,316,3
0,0,316,3
0.420924015442677,0,316,3
0,0,316,3
0.63069969301825,0,316,3
0,0,316,3
0.420924015442677,0,316,3
0.63069969301825,0,316,3
0.800499748173072,1,316,3
0.63069969301825,0,316,3
0,0,316,3
0,0,316,3
0.800499748173072,0,316,3
0,0,316,3
0.800499748173072,0,316,3
0,0,316,3
0.63069969301825,0,316,3
0.63069969301825,1,316,3
0,0,316,3
0.63069969301825,0,316,3
0,0,316,3
0,0,316,3
0,0,316,3
0.420924015442677,0,316,3
0,0,316,3
0.420924015442677,1,316,3
0.63069969301825,0,316,3
0.800499748173072,0,316,3
0,0,316,3
0,0,316,3
0,0,316,3
0,0,316,3
0.420924015442677,0,316,3
0,0,316,3
0.420924015442677,0,316,3
0,0,316,3
0.800499748173072,0,316,3
0,0,316,3
0,0,316,3
0.800499748173072,1,316,3
0.63069969301825,1,316,3
0,0,316,3
0.63069969301825,1,316,3
0.63069969301825,0,316,3
0.63069969301825,0,316,3
0.465203844388121,1,316,4
0,0,316,4
0.719567351265372,1,316,4
0.465203844388121,1,316,4
0.465203844388121,1,316,4
0.465203844388121,0,316,4
0.465203844388121,1,316,4
0.719567351265372,1,316,4
0.465203844388121,0,316,4
0.227736511271898,0,316,4
0.227736511271898,0,316,4
0.719567351265372,1,316,4
0.465203844388121,1,316,4
0,0,316,4
0.719567351265372,1,316,4
0.465203844388121,0,316,4
0,0,316,4
0.719567351265372,1,316,4
0.465203844388121,1,316,4
0,0,316,4
0,0,316,4
0.719567351265372,1,316,4
0,0,316,4
0.465203844388121,1,316,4
0,0,316,4
0.227736511271898,0,316,4
0.465203844388121,1,316,4
0.465203844388121,1,316,4
0.465203844388121,1,316,4
0,0,316,4
0.465203844388121,0,316,4
0.227736511271898,0,316,4
0,0,316,4
0,0,316,4
0.465203844388121,1,316,4
0,0,316,4
0.465203844388121,0,316,4
0.227736511271898,0,316,4
0.719567351265372,1,316,4
0.465203844388121,0,316,4
0,0,316,4
0,0,316,4
0.227736511271898,1,316,4
0.719567351265372,1,316,4
0,0,316,4
0,0,316,4
0,0,316,4
0.465203844388121,0,316,4
0.227736511271898,1,316,4
0.719567351265372,0,316,4
0,0,316,4
0,0,316,4
0.719567351265372,1,316,4
0,0,316,4
0.227736511271898,0,316,4
0.465203844388121,0,316,4
0,0,316,4
0.465203844388121,1,316,4
0,0,316,4
0.465203844388121,1,316,4
0,1,316,4
0.465203844388121,0,316,4
0,0,316,4
0,0,316,4
0.227736511271898,1,316,4
0.465203844388121,1,316,4
0.465203844388121,0,316,4
0.227736511271898,1,316,4
0,0,316,4
0,0,316,4
0.719567351265372,0,316,4
0.719567351265372,0,316,4
0.465203844388121,0,316,4
0,0,316,4
0,0,316,4
0,0,316,4
0,0,316,4
0,0,316,4
0.465203844388121,0,316,4
0,0,316,4
0,0,316,5
0.465203844388121,0,316,5
0.719567351265372,0,316,5
0.465203844388121,0,316,5
0.719567351265372,1,316,5
0.465203844388121,0,316,5
0.465203844388121,1,316,5
0.719567351265372,1,316,5
0.719567351265372,0,316,5
0.465203844388121,0,316,5
0.227736511271898,0,316,5
0.227736511271898,0,316,5
0,0,316,5
0.465203844388121,1,316,5
0.465203844388121,0,316,5
0.465203844388121,0,316,5
0.465203844388121,0,316,5
0.227736511271898,1,316,5
0.465203844388121,1,316,5
0.465203844388121,0,316,5
0.719567351265372,1,316,5
0,0,316,5
0.719567351265372,1,316,5
0,0,316,5
0.465203844388121,0,316,5
0.465203844388121,1,316,5
0,0,316,5
0.227736511271898,1,316,5
0,1,316,5
0,0,316,5
0.465203844388121,0,316,5
0,1,316,5
0,0,316,5
0,1,316,5
0.465203844388121,0,316,5
0,1,316,5
0.227736511271898,0,316,5
0,1,316,5
0,1,316,5
0.719567351265372,1,316,5
0,0,316,5
0.465203844388121,1,316,5
0.719567351265372,1,316,5
0,0,316,5
0.227736511271898,0,316,5
0.465203844388121,0,316,5
0.465203844388121,1,316,5
0,0,316,5
0,1,316,5
0.227736511271898,0,316,5
0,0,316,5
0.465203844388121,1,316,5
0,0,316,5
0,0,316,5
0,0,316,5
0,0,316,5
0.465203844388121,0,316,5
0,0,316,5
0.719567351265372,1,316,5
0,0,316,5
0.465203844388121,0,316,5
0.719567351265372,0,316,5
0.465203844388121,0,316,5
0.227736511271898,1,316,5
0.465203844388121,1,316,5
0,0,316,5
0.719567351265372,1,316,5
0,1,316,5
0,0,316,5
0,0,316,5
0,1,316,5
0,0,316,5
0.465203844388121,0,316,5
0,0,316,5
0.227736511271898,0,316,5
0.227736511271898,0,316,5
0.465203844388121,0,316,5
0.465203844388121,0,316,5
0,0,316,5
0.719567351265372,0,316,5
0.465203844388121,0,316,6
0.465203844388121,0,316,6
0.719567351265372,0,316,6
0.719567351265372,0,316,6
0.465203844388121,0,316,6
0.227736511271898,0,316,6
0.719567351265372,0,316,6
0.465203844388121,0,316,6
0.227736511271898,0,316,6
0.719567351265372,0,316,6
0,0,316,6
0.465203844388121,1,316,6
0.465203844388121,0,316,6
0,0,316,6
0.465203844388121,0,316,6
0.465203844388121,0,316,6
0,0,316,6
0,0,316,6
0,0,316,6
0.465203844388121,0,316,6
0.465203844388121,0,316,6
0.227736511271898,0,316,6
0.465203844388121,0,316,6
0.465203844388121,0,316,6
0.465203844388121,0,316,6
0.719567351265372,0,316,6
0.719567351265372,0,316,6
0,0,316,6
0.227736511271898,0,316,6
0.465203844388121,0,316,6
0,0,316,6
0,0,316,6
0,0,316,6
0.719567351265372,0,316,6
0.227736511271898,0,316,6
0,0,316,6
0.465203844388121,0,316,6
0,0,316,6
0,0,316,6
0.227736511271898,0,316,6
0.465203844388121,0,316,6
0,0,316,6
0,0,316,6
0,0,316,6
0.465203844388121,0,316,6
0,0,316,6
0.465203844388121,0,316,6
0.719567351265372,0,316,6
0,0,316,6
0.227736511271898,0,316,6
0.465203844388121,0,316,6
0.227736511271898,0,316,6
0.465203844388121,0,316,6
0,0,316,6
0,0,316,6
0.465203844388121,0,316,6
0.719567351265372,0,316,6
0.719567351265372,0,316,6
0,0,316,6
0,0,316,6
0,0,316,6
0,0,316,6
0,0,316,6
0.465203844388121,0,316,6
0.465203844388121,0,316,6
0,0,316,6
0.465203844388121,0,316,6
0.465203844388121,1,316,6
0.227736511271898,1,316,6
0.465203844388121,0,316,6
0,0,316,6
0,0,316,6
0,0,316,6
0,0,316,6
0.719567351265372,1,316,6
0.719567351265372,0,316,6
0,0,316,6
0,0,316,6
0,0,316,6
0.227736511271898,0,316,6
0.626043184187632,1,317,1
0.441729784326624,1,317,1
0.272184281774833,1,317,1
0,1,317,1
0.441729784326624,1,317,1
0.272184281774833,0,317,1
0.626043184187632,1,317,1
0.441729784326624,0,317,1
0.441729784326624,1,317,1
0.441729784326624,0,317,1
0.441729784326624,1,317,1
0.626043184187632,1,317,1
0.626043184187632,0,317,1
0.441729784326624,1,317,1
0,1,317,1
0.441729784326624,1,317,1
0.626043184187632,1,317,1
0.272184281774833,1,317,1
0.441729784326624,0,317,1
0.626043184187632,1,317,1
0,0,317,1
0.441729784326624,1,317,1
0.441729784326624,0,317,1
0,1,317,1
0,1,317,1
0,1,317,1
0,1,317,1
0,1,317,1
0.272184281774833,1,317,1
0.441729784326624,0,317,1
0.441729784326624,1,317,1
0.441729784326624,0,317,1
0,1,317,1
0,1,317,1
0.441729784326624,0,317,1
0.441729784326624,1,317,1
0,0,317,1
0,1,317,1
0.272184281774833,0,317,1
0,0,317,1
0.626043184187632,1,317,1
0,1,317,1
0.272184281774833,1,317,1
0.626043184187632,1,317,1
0.441729784326624,0,317,1
0,1,317,1
0,0,317,1
0.441729784326624,1,317,1
0,1,317,1
0,0,317,1
0,0,317,1
0.272184281774833,1,317,1
0,0,317,1
0.441729784326624,0,317,1
0.626043184187632,1,317,1
0,0,317,1
0.626043184187632,1,317,1
0.441729784326624,0,317,1
0.441729784326624,1,317,1
0,0,317,1
0,1,317,1
0.441729784326624,0,317,1
0,1,317,1
0.272184281774833,1,317,1
0.441729784326624,1,317,1
0,0,317,1
0.272184281774833,0,317,1
0.626043184187632,1,317,1
0.441729784326624,0,317,1
0.441729784326624,1,317,1
0,0,317,1
0,1,317,1
0,0,317,1
0.626043184187632,0,317,1
0.272184281774833,1,317,1
0,0,317,1
0,0,317,1
0.441729784326624,1,317,1
0,0,317,1
0,0,317,1
0.441729784326624,0,317,2
0.441729784326624,0,317,2
0.626043184187632,1,317,2
0,0,317,2
0.441729784326624,1,317,2
0.626043184187632,0,317,2
0.441729784326624,1,317,2
0.441729784326624,1,317,2
0.441729784326624,1,317,2
0.626043184187632,1,317,2
0,0,317,2
0.441729784326624,1,317,2
0.272184281774833,0,317,2
0.441729784326624,0,317,2
0.272184281774833,1,317,2
0.626043184187632,0,317,2
0,1,317,2
0.441729784326624,0,317,2
0.626043184187632,1,317,2
0,1,317,2
0.272184281774833,0,317,2
0.626043184187632,1,317,2
0,1,317,2
0.441729784326624,1,317,2
0.272184281774833,0,317,2
0.441729784326624,1,317,2
0,1,317,2
0.441729784326624,1,317,2
0,1,317,2
0,1,317,2
0.441729784326624,1,317,2
0.441729784326624,0,317,2
0.626043184187632,1,317,2
0.626043184187632,1,317,2
0,1,317,2
0,1,317,2
0.272184281774833,0,317,2
0,1,317,2
0.441729784326624,1,317,2
0,0,317,2
0.441729784326624,0,317,2
0,1,317,2
0,1,317,2
0,0,317,2
0.441729784326624,1,317,2
0.272184281774833,0,317,2
0.441729784326624,1,317,2
0,0,317,2
0.441729784326624,1,317,2
0,0,317,2
0.441729784326624,1,317,2
0,0,317,2
0,1,317,2
0.441729784326624,0,317,2
0,1,317,2
0,0,317,2
0,1,317,2
0.441729784326624,1,317,2
0.272184281774833,0,317,2
0.626043184187632,1,317,2
0.272184281774833,0,317,2
0,0,317,2
0.626043184187632,1,317,2
0,0,317,2
0,1,317,2
0,1,317,2
0.441729784326624,1,317,2
0.626043184187632,1,317,2
0.272184281774833,0,317,2
0,1,317,2
0,1,317,2
0,1,317,2
0,1,317,2
0.441729784326624,0,317,2
0,1,317,2
0.272184281774833,0,317,2
0,1,317,2
0.626043184187632,0,317,2
0.441729784326624,0,317,2
0.441729784326624,1,317,2
0.626043184187632,1,317,3
0.272184281774833,1,317,3
0.441729784326624,0,317,3
0.272184281774833,1,317,3
0.441729784326624,0,317,3
0.441729784326624,1,317,3
0.441729784326624,1,317,3
0,0,317,3
0.441729784326624,1,317,3
0.441729784326624,0,317,3
0.441729784326624,1,317,3
0.441729784326624,0,317,3
0,0,317,3
0.626043184187632,1,317,3
0.626043184187632,1,317,3
0.626043184187632,1,317,3
0.441729784326624,1,317,3
0,0,317,3
0.626043184187632,1,317,3
0,0,317,3
0,1,317,3
0.626043184187632,1,317,3
0,1,317,3
0.441729784326624,1,317,3
0.272184281774833,0,317,3
0.441729784326624,1,317,3
0.441729784326624,1,317,3
0.272184281774833,1,317,3
0,0,317,3
0.441729784326624,1,317,3
0.441729784326624,0,317,3
0,1,317,3
0,0,317,3
0.441729784326624,0,317,3
0.626043184187632,1,317,3
0.441729784326624,0,317,3
0.441729784326624,0,317,3
0,0,317,3
0,0,317,3
0.441729784326624,0,317,3
0,0,317,3
0.272184281774833,0,317,3
0,0,317,3
0,1,317,3
0.626043184187632,0,317,3
0.272184281774833,1,317,3
0,0,317,3
0,0,317,3
0,0,317,3
0.626043184187632,0,317,3
0,0,317,3
0.441729784326624,0,317,3
0,0,317,3
0,0,317,3
0.272184281774833,0,317,3
0,0,317,3
0.272184281774833,0,317,3
0,0,317,3
0,0,317,3
0.626043184187632,0,317,3
0,0,317,3
0.441729784326624,0,317,3
0.441729784326624,0,317,3
0.441729784326624,0,317,3
0,0,317,3
0,0,317,3
0,0,317,3
0.441729784326624,0,317,3
0.626043184187632,1,317,3
0,1,317,3
0,0,317,3
0.441729784326624,0,317,3
0,0,317,3
0.272184281774833,1,317,3
0,1,317,3
0.272184281774833,1,317,3
0.441729784326624,1,317,3
0.441729784326624,0,317,3
0.626043184187632,0,317,3
0,0,317,3
0.327262816420509,1,317,4
0,0,317,4
0.789001791302899,1,317,4
0,0,317,4
0.327262816420509,0,317,4
0.789001791302899,1,317,4
0.0595186959734405,0,317,4
0.327262816420509,1,317,4
0.789001791302899,0,317,4
0.327262816420509,1,317,4
0.327262816420509,1,317,4
0.327262816420509,0,317,4
0.789001791302899,1,317,4
0.327262816420509,0,317,4
0.0595186959734405,1,317,4
0.327262816420509,0,317,4
0.327262816420509,1,317,4
0,0,317,4
0.327262816420509,1,317,4
0,0,317,4
0,0,317,4
0.327262816420509,1,317,4
0.327262816420509,0,317,4
0,0,317,4
0,1,317,4
0.327262816420509,0,317,4
0.789001791302899,0,317,4
0.0595186959734405,0,317,4
0,0,317,4
0.0595186959734405,0,317,4
0.327262816420509,0,317,4
0.789001791302899,1,317,4
0.0595186959734405,1,317,4
0,0,317,4
0,0,317,4
0,0,317,4
0,0,317,4
0.789001791302899,1,317,4
0.0595186959734405,0,317,4
0,0,317,4
0,0,317,4
0.327262816420509,0,317,4
0.327262816420509,0,317,4
0.327262816420509,0,317,4
0,0,317,4
0,0,317,4
0.789001791302899,0,317,4
0.327262816420509,0,317,4
0.327262816420509,0,317,4
0,0,317,4
0.327262816420509,0,317,4
0.327262816420509,1,317,4
0,0,317,4
0.0595186959734405,0,317,4
0,0,317,4
0.327262816420509,0,317,4
0,1,317,4
0,0,317,4
0,1,317,4
0.0595186959734405,0,317,4
0,0,317,4
0.789001791302899,1,317,4
0,1,317,4
0.789001791302899,0,317,4
0.327262816420509,1,317,4
0,0,317,4
0.327262816420509,1,317,4
0.789001791302899,1,317,4
0,0,317,4
0.0595186959734405,1,317,4
0,0,317,4
0,1,317,4
0,0,317,4
0.789001791302899,0,317,4
0,0,317,4
0,0,317,4
0.327262816420509,1,317,4
0.0595186959734405,0,317,4
0,0,317,4
0.327262816420509,0,317,4
0.327262816420509,0,317,5
0.0595186959734405,0,317,5
0.789001791302899,0,317,5
0.789001791302899,0,317,5
0.327262816420509,0,317,5
0.327262816420509,0,317,5
0.327262816420509,0,317,5
0.327262816420509,0,317,5
0.789001791302899,1,317,5
0.327262816420509,0,317,5
0.789001791302899,1,317,5
0.327262816420509,0,317,5
0,0,317,5
0.327262816420509,1,317,5
0,0,317,5
0.0595186959734405,0,317,5
0,1,317,5
0.0595186959734405,0,317,5
0,1,317,5
0.327262816420509,0,317,5
0.789001791302899,1,317,5
0,0,317,5
0,0,317,5
0,0,317,5
0.0595186959734405,0,317,5
0.789001791302899,1,317,5
0.327262816420509,0,317,5
0.327262816420509,0,317,5
0,0,317,5
0.327262816420509,0,317,5
0.327262816420509,1,317,5
0.327262816420509,1,317,5
0,0,317,5
0.0595186959734405,0,317,5
0,0,317,5
0.0595186959734405,0,317,5
0.327262816420509,0,317,5
0.327262816420509,0,317,5
0,0,317,5
0,0,317,5
0,0,317,5
0.789001791302899,0,317,5
0,0,317,5
0,0,317,5
0,0,317,5
0.327262816420509,0,317,5
0.327262816420509,0,317,5
0.789001791302899,0,317,5
0,0,317,5
0.327262816420509,0,317,5
0.327262816420509,0,317,5
0.789001791302899,0,317,5
0.0595186959734405,0,317,5
0.327262816420509,0,317,5
0,0,317,5
0,0,317,5
0,0,317,5
0.789001791302899,0,317,5
0,0,317,5
0.327262816420509,1,317,5
0,0,317,5
0,0,317,5
0.0595186959734405,0,317,5
0,0,317,5
0,0,317,5
0.327262816420509,0,317,5
0,0,317,5
0.789001791302899,0,317,5
0.327262816420509,0,317,5
0,0,317,5
0.0595186959734405,0,317,5
0.0595186959734405,0,317,5
0.327262816420509,0,317,5
0,0,317,5
0.327262816420509,0,317,5
0,0,317,5
0.789001791302899,0,317,5
0,0,317,5
0,0,317,5
0,0,317,5
0.327262816420509,0,317,6
0.327262816420509,0,317,6
0.789001791302899,0,317,6
0,0,317,6
0.789001791302899,1,317,6
0.327262816420509,1,317,6
0.789001791302899,1,317,6
0.327262816420509,0,317,6
0.327262816420509,1,317,6
0.327262816420509,1,317,6
0.327262816420509,1,317,6
0.0595186959734405,1,317,6
0.789001791302899,1,317,6
0.0595186959734405,0,317,6
0,1,317,6
0.327262816420509,1,317,6
0,1,317,6
0,1,317,6
0.327262816420509,1,317,6
0.789001791302899,0,317,6
0,0,317,6
0.327262816420509,1,317,6
0.327262816420509,0,317,6
0.327262816420509,0,317,6
0.789001791302899,0,317,6
0.327262816420509,1,317,6
0,0,317,6
0.327262816420509,0,317,6
0.0595186959734405,0,317,6
0,1,317,6
0.0595186959734405,1,317,6
0,1,317,6
0.327262816420509,0,317,6
0.327262816420509,1,317,6
0,1,317,6
0,0,317,6
0,0,317,6
0,0,317,6
0.0595186959734405,0,317,6
0,0,317,6
0,0,317,6
0,1,317,6
0.789001791302899,1,317,6
0.327262816420509,1,317,6
0.0595186959734405,0,317,6
0,0,317,6
0.327262816420509,0,317,6
0.789001791302899,0,317,6
0.327262816420509,0,317,6
0.0595186959734405,0,317,6
0.789001791302899,0,317,6
0.327262816420509,0,317,6
0,0,317,6
0,0,317,6
0.327262816420509,0,317,6
0,0,317,6
0.0595186959734405,0,317,6
0.789001791302899,0,317,6
0,0,317,6
0,0,317,6
0,0,317,6
0,0,317,6
0.327262816420509,0,317,6
0,0,317,6
0.327262816420509,1,317,6
0,0,317,6
0,0,317,6
0,0,317,6
0,0,317,6
0.0595186959734405,0,317,6
0,0,317,6
0.789001791302899,1,317,6
0,0,317,6
0,0,317,6
0.327262816420509,0,317,6
0.327262816420509,0,317,6
0,0,317,6
0.327262816420509,1,317,6
0.789001791302899,0,317,6
0.0595186959734405,1,317,6
0.545146803550853,1,318,1
0.30347515576379,0,318,1
0,0,318,1
0.545146803550853,1,318,1
0.767270846349255,1,318,1
0,0,318,1
0.545146803550853,1,318,1
0.545146803550853,1,318,1
0.30347515576379,0,318,1
0.767270846349255,1,318,1
0.545146803550853,1,318,1
0.545146803550853,1,318,1
0.545146803550853,1,318,1
0.767270846349255,1,318,1
0.545146803550853,1,318,1
0.767270846349255,1,318,1
0.545146803550853,1,318,1
0.545146803550853,1,318,1
0,1,318,1
0,0,318,1
0.545146803550853,1,318,1
0,0,318,1
0.545146803550853,1,318,1
0,0,318,1
0.545146803550853,1,318,1
0,0,318,1
0.767270846349255,1,318,1
0,0,318,1
0.767270846349255,1,318,1
0.545146803550853,1,318,1
0.30347515576379,1,318,1
0.30347515576379,0,318,1
0,0,318,1
0.30347515576379,1,318,1
0,0,318,1
0,0,318,1
0,0,318,1
0,0,318,1
0.767270846349255,1,318,1
0.545146803550853,1,318,1
0,0,318,1
0,1,318,1
0.30347515576379,1,318,1
0.545146803550853,1,318,1
0.545146803550853,1,318,1
0,0,318,1
0.767270846349255,1,318,1
0.545146803550853,1,318,1
0.545146803550853,1,318,1
0.767270846349255,1,318,1
0.545146803550853,1,318,1
0,1,318,1
0.545146803550853,1,318,1
0,0,318,1
0.767270846349255,1,318,1
0,1,318,1
0,0,318,1
0.545146803550853,1,318,1
0.30347515576379,1,318,1
0,0,318,1
0.30347515576379,1,318,1
0,1,318,1
0,0,318,1
0,1,318,1
0.767270846349255,1,318,1
0,1,318,1
0,1,318,1
0,1,318,1
0.545146803550853,1,318,1
0.30347515576379,1,318,1
0,0,318,1
0,0,318,1
0.30347515576379,1,318,1
0.545146803550853,1,318,1
0.545146803550853,1,318,1
0,1,318,1
0.767270846349255,1,318,1
0.545146803550853,1,318,1
0,1,318,1
0,1,318,1
0,0,318,2
0.767270846349255,1,318,2
0,1,318,2
0.545146803550853,1,318,2
0.767270846349255,1,318,2
0.30347515576379,0,318,2
0.767270846349255,1,318,2
0.545146803550853,1,318,2
0.545146803550853,1,318,2
0.30347515576379,0,318,2
0.545146803550853,1,318,2
0.545146803550853,1,318,2
0.545146803550853,1,318,2
0.545146803550853,0,318,2
0.545146803550853,1,318,2
0.767270846349255,1,318,2
0.545146803550853,1,318,2
0.545146803550853,0,318,2
0.545146803550853,1,318,2
0.767270846349255,1,318,2
0,0,318,2
0.545146803550853,1,318,2
0,1,318,2
0,0,318,2
0,0,318,2
0,0,318,2
0.767270846349255,1,318,2
0.30347515576379,0,318,2
0,0,318,2
0.30347515576379,1,318,2
0.545146803550853,1,318,2
0.545146803550853,1,318,2
0.545146803550853,1,318,2
0.545146803550853,1,318,2
0,0,318,2
0.767270846349255,1,318,2
0,0,318,2
0,0,318,2
0.767270846349255,1,318,2
0.30347515576379,1,318,2
0,0,318,2
0.545146803550853,1,318,2
0,0,318,2
0.545146803550853,1,318,2
0,0,318,2
0.30347515576379,1,318,2
0,0,318,2
0,0,318,2
0,0,318,2
0,0,318,2
0,0,318,2
0.545146803550853,0,318,2
0.767270846349255,1,318,2
0,0,318,2
0,1,318,2
0.30347515576379,0,318,2
0,0,318,2
0.545146803550853,1,318,2
0.30347515576379,1,318,2
0,0,318,2
0.767270846349255,1,318,2
0.545146803550853,1,318,2
0.545146803550853,1,318,2
0,1,318,2
0,0,318,2
0,0,318,2
0.767270846349255,0,318,2
0,0,318,2
0.30347515576379,1,318,2
0,0,318,2
0.545146803550853,1,318,2
0.545146803550853,0,318,2
0,0,318,2
0.545146803550853,1,318,2
0,0,318,2
0,0,318,2
0.545146803550853,1,318,2
0.30347515576379,1,318,2
0.767270846349255,1,318,2
0,0,318,2
0.545146803550853,1,318,3
0,0,318,3
0.545146803550853,1,318,3
0.30347515576379,1,318,3
0.767270846349255,1,318,3
0.545146803550853,1,318,3
0.767270846349255,1,318,3
0.545146803550853,1,318,3
0.545146803550853,1,318,3
0.545146803550853,0,318,3
0.767270846349255,1,318,3
0.767270846349255,1,318,3
0,0,318,3
0.545146803550853,1,318,3
0.30347515576379,0,318,3
0.545146803550853,1,318,3
0.767270846349255,1,318,3
0,0,318,3
0.545146803550853,1,318,3
0.767270846349255,1,318,3
0,0,318,3
0,0,318,3
0.545146803550853,1,318,3
0.30347515576379,0,318,3
0.30347515576379,0,318,3
0,0,318,3
0.545146803550853,1,318,3
0.545146803550853,1,318,3
0,0,318,3
0,0,318,3
0.545146803550853,1,318,3
0.545146803550853,0,318,3
0,0,318,3
0.545146803550853,1,318,3
0,0,318,3
0,0,318,3
0.30347515576379,1,318,3
0,0,318,3
0.767270846349255,1,318,3
0.545146803550853,1,318,3
0.545146803550853,1,318,3
0,1,318,3
0,0,318,3
0,0,318,3
0.30347515576379,1,318,3
0.545146803550853,0,318,3
0.767270846349255,1,318,3
0,0,318,3
0,0,318,3
0,0,318,3
0.545146803550853,1,318,3
0,0,318,3
0,1,318,3
0.767270846349255,1,318,3
0.545146803550853,1,318,3
0.30347515576379,1,318,3
0.767270846349255,1,318,3
0,1,318,3
0.545146803550853,0,318,3
0.545146803550853,1,318,3
0,0,318,3
0,0,318,3
0,0,318,3
0.30347515576379,0,318,3
0.30347515576379,1,318,3
0,0,318,3
0.545146803550853,1,318,3
0.767270846349255,1,318,3
0,0,318,3
0,0,318,3
0.767270846349255,1,318,3
0,0,318,3
0,1,318,3
0,0,318,3
0.545146803550853,1,318,3
0,1,318,3
0.545146803550853,1,318,3
0.30347515576379,1,318,3
0.545146803550853,0,318,3
0,1,318,3
0.685782409454846,1,318,4
0.456456365079078,1,318,4
0.456456365079078,1,318,4
0.685782409454846,1,318,4
0.456456365079078,1,318,4
0,0,318,4
0.456456365079078,1,318,4
0.685782409454846,1,318,4
0.456456365079078,1,318,4
0.456456365079078,1,318,4
0.244214911646952,0,318,4
0.244214911646952,1,318,4
0,0,318,4
0.456456365079078,1,318,4
0.685782409454846,1,318,4
0.456456365079078,1,318,4
0.456456365079078,1,318,4
0.685782409454846,1,318,4
0.244214911646952,1,318,4
0,0,318,4
0,1,318,4
0,1,318,4
0.456456365079078,1,318,4
0.244214911646952,1,318,4
0.456456365079078,1,318,4
0.685782409454846,1,318,4
0.456456365079078,1,318,4
0,1,318,4
0,1,318,4
0.456456365079078,0,318,4
0,0,318,4
0.456456365079078,1,318,4
0,1,318,4
0.244214911646952,1,318,4
0.456456365079078,1,318,4
0.244214911646952,1,318,4
0,1,318,4
0.456456365079078,1,318,4
0,1,318,4
0,1,318,4
0,1,318,4
0,0,318,4
0.685782409454846,0,318,4
0,0,318,4
0,0,318,4
0.456456365079078,1,318,4
0.685782409454846,1,318,4
0.456456365079078,1,318,4
0.244214911646952,1,318,4
0.456456365079078,1,318,4
0.456456365079078,1,318,4
0.456456365079078,1,318,4
0,0,318,4
0.685782409454846,1,318,4
0,1,318,4
0.244214911646952,1,318,4
0,1,318,4
0,0,318,4
0,1,318,4
0,1,318,4
0,0,318,4
0.685782409454846,1,318,4
0.456456365079078,1,318,4
0,1,318,4
0,1,318,4
0.456456365079078,1,318,4
0.456456365079078,1,318,4
0,0,318,4
0,0,318,4
0,1,318,4
0,1,318,4
0,1,318,4
0.685782409454846,0,318,4
0.244214911646952,1,318,4
0.685782409454846,1,318,4
0,1,318,4
0.456456365079078,1,318,4
0.244214911646952,0,318,4
0,1,318,4
0.456456365079078,1,318,4
0.456456365079078,1,318,5
0.456456365079078,1,318,5
0.685782409454846,1,318,5
0.456456365079078,1,318,5
0.685782409454846,1,318,5
0.244214911646952,1,318,5
0.456456365079078,1,318,5
0.456456365079078,1,318,5
0,0,318,5
0.244214911646952,1,318,5
0.456456365079078,0,318,5
0,0,318,5
0.685782409454846,1,318,5
0.456456365079078,0,318,5
0.456456365079078,1,318,5
0.685782409454846,1,318,5
0.685782409454846,1,318,5
0,1,318,5
0.456456365079078,0,318,5
0.456456365079078,0,318,5
0,1,318,5
0,1,318,5
0.456456365079078,1,318,5
0,0,318,5
0,1,318,5
0.456456365079078,1,318,5
0.685782409454846,1,318,5
0.244214911646952,1,318,5
0,1,318,5
0.456456365079078,1,318,5
0.456456365079078,1,318,5
0.244214911646952,1,318,5
0.456456365079078,1,318,5
0.244214911646952,1,318,5
0,0,318,5
0,0,318,5
0,0,318,5
0.456456365079078,0,318,5
0,1,318,5
0,1,318,5
0.456456365079078,1,318,5
0.244214911646952,1,318,5
0,0,318,5
0.685782409454846,1,318,5
0.456456365079078,1,318,5
0.685782409454846,1,318,5
0,1,318,5
0,0,318,5
0.456456365079078,1,318,5
0,1,318,5
0,1,318,5
0.244214911646952,1,318,5
0.244214911646952,1,318,5
0,1,318,5
0,0,318,5
0.456456365079078,0,318,5
0.685782409454846,1,318,5
0,1,318,5
0.456456365079078,1,318,5
0,0,318,5
0,1,318,5
0.456456365079078,1,318,5
0.685782409454846,1,318,5
0,1,318,5
0.456456365079078,1,318,5
0.456456365079078,1,318,5
0,0,318,5
0.244214911646952,1,318,5
0,1,318,5
0.685782409454846,0,318,5
0,1,318,5
0.456456365079078,1,318,5
0,1,318,5
0,0,318,5
0,1,318,5
0.244214911646952,0,318,5
0,0,318,5
0.685782409454846,1,318,5
0.456456365079078,1,318,5
0,1,318,5
0.456456365079078,1,318,6
0.244214911646952,1,318,6
0.456456365079078,1,318,6
0,1,318,6
0.456456365079078,1,318,6
0.456456365079078,1,318,6
0.456456365079078,1,318,6
0.456456365079078,1,318,6
0.685782409454846,1,318,6
0.456456365079078,1,318,6
0,1,318,6
0.685782409454846,1,318,6
0.685782409454846,1,318,6
0.456456365079078,1,318,6
0.244214911646952,1,318,6
0.685782409454846,1,318,6
0,1,318,6
0.456456365079078,1,318,6
0.456456365079078,1,318,6
0.456456365079078,1,318,6
0.685782409454846,1,318,6
0.244214911646952,0,318,6
0,0,318,6
0,1,318,6
0,1,318,6
0,1,318,6
0.456456365079078,0,318,6
0.244214911646952,1,318,6
0.456456365079078,1,318,6
0.456456365079078,1,318,6
0,1,318,6
0.685782409454846,1,318,6
0.456456365079078,1,318,6
0,1,318,6
0,0,318,6
0,1,318,6
0.456456365079078,0,318,6
0.685782409454846,1,318,6
0,1,318,6
0,0,318,6
0.244214911646952,1,318,6
0,1,318,6
0.685782409454846,0,318,6
0,1,318,6
0.244214911646952,1,318,6
0.456456365079078,1,318,6
0.456456365079078,1,318,6
0,1,318,6
0.456456365079078,1,318,6
0.244214911646952,1,318,6
0,0,318,6
0,1,318,6
0,1,318,6
0,0,318,6
0,0,318,6
0.685782409454846,1,318,6
0.456456365079078,1,318,6
0,0,318,6
0,0,318,6
0.244214911646952,1,318,6
0.685782409454846,1,318,6
0,1,318,6
0.456456365079078,1,318,6
0.456456365079078,1,318,6
0,1,318,6
0.456456365079078,1,318,6
0,1,318,6
0.456456365079078,1,318,6
0.685782409454846,1,318,6
0,1,318,6
0,0,318,6
0.456456365079078,1,318,6
0.456456365079078,1,318,6
0.685782409454846,1,318,6
0.244214911646952,1,318,6
0.244214911646952,0,318,6
0,1,318,6
0,1,318,6
0,0,318,6
0,1,318,6
0.636030993267465,1,319,1
0.636030993267465,1,319,1
0.636030993267465,1,319,1
0.727521562207756,1,319,1
0.636030993267465,1,319,1
0.727521562207756,1,319,1
0.636030993267465,1,319,1
0.533517906172442,1,319,1
0.636030993267465,1,319,1
0.727521562207756,1,319,1
0.533517906172442,1,319,1
0.727521562207756,1,319,1
0,0,319,1
0.636030993267465,1,319,1
0,1,319,1
0.636030993267465,1,319,1
0.636030993267465,1,319,1
0.636030993267465,1,319,1
0,1,319,1
0,0,319,1
0.533517906172442,1,319,1
0,0,319,1
0,0,319,1
0.636030993267465,0,319,1
0.636030993267465,1,319,1
0.727521562207756,1,319,1
0.636030993267465,0,319,1
0.533517906172442,1,319,1
0,0,319,1
0,0,319,1
0.727521562207756,0,319,1
0.636030993267465,1,319,1
0,0,319,1
0.636030993267465,1,319,1
0.727521562207756,1,319,1
0.636030993267465,1,319,1
0.727521562207756,1,319,1
0,0,319,1
0,0,319,1
0.533517906172442,1,319,1
0,0,319,1
0.533517906172442,0,319,1
0,1,319,1
0,0,319,1
0.636030993267465,1,319,1
0.636030993267465,0,319,1
0,0,319,1
0,0,319,1
0.533517906172442,1,319,1
0.636030993267465,1,319,1
0,1,319,1
0,1,319,1
0,0,319,1
0.727521562207756,1,319,1
0,0,319,1
0,0,319,1
0.636030993267465,0,319,1
0.636030993267465,1,319,1
0,0,319,1
0,1,319,1
0,1,319,1
0.533517906172442,0,319,1
0.727521562207756,1,319,1
0.636030993267465,1,319,1
0,0,319,1
0.533517906172442,1,319,1
0.727521562207756,1,319,1
0.636030993267465,1,319,1
0,1,319,1
0,0,319,1
0,0,319,1
0.636030993267465,1,319,1
0,1,319,1
0.533517906172442,1,319,1
0,1,319,1
0.636030993267465,0,319,1
0.636030993267465,0,319,1
0.727521562207756,1,319,1
0,0,319,1
0,1,319,1
0.727521562207756,1,319,2
0.636030993267465,1,319,2
0.636030993267465,1,319,2
0.636030993267465,1,319,2
0,0,319,2
0.533517906172442,1,319,2
0.636030993267465,1,319,2
0.636030993267465,1,319,2
0.636030993267465,1,319,2
0.636030993267465,1,319,2
0.636030993267465,1,319,2
0.533517906172442,1,319,2
0.727521562207756,1,319,2
0.727521562207756,1,319,2
0,1,319,2
0.727521562207756,1,319,2
0.636030993267465,1,319,2
0,1,319,2
0.636030993267465,1,319,2
0.727521562207756,1,319,2
0.533517906172442,1,319,2
0.636030993267465,0,319,2
0.636030993267465,1,319,2
0,0,319,2
0.636030993267465,0,319,2
0,0,319,2
0,0,319,2
0,0,319,2
0.727521562207756,0,319,2
0.636030993267465,1,319,2
0.533517906172442,1,319,2
0,1,319,2
0,1,319,2
0.636030993267465,1,319,2
0.636030993267465,1,319,2
0.727521562207756,1,319,2
0,1,319,2
0,0,319,2
0,1,319,2
0.533517906172442,1,319,2
0,1,319,2
0.727521562207756,1,319,2
0.636030993267465,1,319,2
0.533517906172442,1,319,2
0,0,319,2
0,0,319,2
0.636030993267465,0,319,2
0,0,319,2
0.636030993267465,1,319,2
0.533517906172442,1,319,2
0.727521562207756,1,319,2
0,1,319,2
0,1,319,2
0,0,319,2
0.636030993267465,1,319,2
0,1,319,2
0,0,319,2
0.636030993267465,1,319,2
0.727521562207756,1,319,2
0.533517906172442,1,319,2
0,0,319,2
0,0,319,2
0,0,319,2
0.636030993267465,1,319,2
0.636030993267465,1,319,2
0,1,319,2
0,0,319,2
0.636030993267465,1,319,2
0.636030993267465,1,319,2
0,1,319,2
0,0,319,2
0,0,319,2
0,0,319,2
0.533517906172442,0,319,2
0,0,319,2
0.533517906172442,1,319,2
0.727521562207756,1,319,2
0,0,319,2
0.727521562207756,1,319,2
0.636030993267465,1,319,2
0.636030993267465,0,319,3
0.727521562207756,1,319,3
0.533517906172442,1,319,3
0,0,319,3
0.636030993267465,1,319,3
0.636030993267465,1,319,3
0,1,319,3
0.727521562207756,1,319,3
0.636030993267465,1,319,3
0.636030993267465,0,319,3
0.636030993267465,1,319,3
0.636030993267465,1,319,3
0.727521562207756,1,319,3
0.533517906172442,1,319,3
0.727521562207756,1,319,3
0.636030993267465,0,319,3
0.636030993267465,1,319,3
0,1,319,3
0.727521562207756,0,319,3
0.636030993267465,1,319,3
0,1,319,3
0.533517906172442,1,319,3
0,0,319,3
0.636030993267465,1,319,3
0.727521562207756,1,319,3
0,1,319,3
0.636030993267465,1,319,3
0,1,319,3
0.636030993267465,1,319,3
0.636030993267465,1,319,3
0.533517906172442,1,319,3
0,0,319,3
0,0,319,3
0.636030993267465,0,319,3
0.533517906172442,0,319,3
0,0,319,3
0.533517906172442,1,319,3
0.636030993267465,1,319,3
0,1,319,3
0,0,319,3
0,0,319,3
0.636030993267465,1,319,3
0.727521562207756,1,319,3
0,1,319,3
0.727521562207756,1,319,3
0,0,319,3
0,1,319,3
0.636030993267465,1,319,3
0,1,319,3
0,0,319,3
0.636030993267465,0,319,3
0,1,319,3
0.636030993267465,1,319,3
0,0,319,3
0.636030993267465,1,319,3
0.533517906172442,1,319,3
0,0,319,3
0,0,319,3
0,0,319,3
0.727521562207756,1,319,3
0.727521562207756,1,319,3
0.533517906172442,1,319,3
0.636030993267465,1,319,3
0,1,319,3
0,0,319,3
0,0,319,3
0.533517906172442,1,319,3
0.727521562207756,1,319,3
0,0,319,3
0.727521562207756,1,319,3
0.636030993267465,1,319,3
0.636030993267465,1,319,3
0,1,319,3
0,1,319,3
0,1,319,3
0,1,319,3
0.533517906172442,1,319,3
0.636030993267465,1,319,3
0.636030993267465,1,319,3
0,0,319,3
0.791957170304055,1,319,4
0.517051594144255,1,319,4
0.517051594144255,1,319,4
0.791957170304055,1,319,4
0,0,319,4
0.791957170304055,1,319,4
0.791957170304055,0,319,4
0.517051594144255,1,319,4
0.231422267262768,1,319,4
0.517051594144255,0,319,4
0.517051594144255,1,319,4
0.517051594144255,1,319,4
0.231422267262768,1,319,4
0.517051594144255,1,319,4
0,1,319,4
0.517051594144255,0,319,4
0.517051594144255,1,319,4
0.517051594144255,1,319,4
0.791957170304055,1,319,4
0.231422267262768,0,319,4
0.517051594144255,1,319,4
0.517051594144255,1,319,4
0,0,319,4
0,0,319,4
0,0,319,4
0.517051594144255,1,319,4
0,1,319,4
0,1,319,4
0.231422267262768,1,319,4
0.517051594144255,0,319,4
0,0,319,4
0.791957170304055,0,319,4
0.791957170304055,1,319,4
0,1,319,4
0,1,319,4
0,1,319,4
0,1,319,4
0,1,319,4
0,0,319,4
0.791957170304055,1,319,4
0,0,319,4
0.231422267262768,0,319,4
0.231422267262768,0,319,4
0.517051594144255,1,319,4
0.517051594144255,1,319,4
0.517051594144255,1,319,4
0.517051594144255,1,319,4
0,1,319,4
0.791957170304055,1,319,4
0,0,319,4
0.517051594144255,1,319,4
0.791957170304055,0,319,4
0,0,319,4
0.231422267262768,0,319,4
0,0,319,4
0.517051594144255,1,319,4
0,1,319,4
0.231422267262768,1,319,4
0,1,319,4
0.517051594144255,1,319,4
0,1,319,4
0,0,319,4
0.517051594144255,1,319,4
0,1,319,4
0.791957170304055,1,319,4
0,0,319,4
0.517051594144255,1,319,4
0,0,319,4
0.517051594144255,1,319,4
0,1,319,4
0.231422267262768,1,319,4
0.791957170304055,0,319,4
0,1,319,4
0.517051594144255,1,319,4
0.231422267262768,0,319,4
0,1,319,4
0,1,319,4
0.517051594144255,1,319,4
0,1,319,4
0,1,319,4
0.517051594144255,1,319,5
0.791957170304055,1,319,5
0.517051594144255,0,319,5
0.517051594144255,1,319,5
0.791957170304055,1,319,5
0.517051594144255,0,319,5
0,0,319,5
0,0,319,5
0.791957170304055,0,319,5
0.517051594144255,0,319,5
0.517051594144255,1,319,5
0.791957170304055,0,319,5
0.517051594144255,1,319,5
0.231422267262768,1,319,5
0.517051594144255,1,319,5
0.231422267262768,1,319,5
0,1,319,5
0.231422267262768,1,319,5
0.517051594144255,1,319,5
0.517051594144255,0,319,5
0,0,319,5
0.517051594144255,1,319,5
0,0,319,5
0.517051594144255,1,319,5
0.517051594144255,1,319,5
0.517051594144255,0,319,5
0.231422267262768,0,319,5
0,0,319,5
0.791957170304055,0,319,5
0.791957170304055,0,319,5
0,0,319,5
0,0,319,5
0,0,319,5
0.791957170304055,0,319,5
0.231422267262768,0,319,5
0,0,319,5
0,0,319,5
0,0,319,5
0,0,319,5
0.517051594144255,1,319,5
0.517051594144255,1,319,5
0.231422267262768,1,319,5
0,1,319,5
0.517051594144255,1,319,5
0,1,319,5
0.791957170304055,1,319,5
0,0,319,5
0.517051594144255,1,319,5
0,1,319,5
0,1,319,5
0,1,319,5
0.517051594144255,1,319,5
0.791957170304055,1,319,5
0.517051594144255,1,319,5
0.231422267262768,1,319,5
0.517051594144255,1,319,5
0.791957170304055,1,319,5
0,0,319,5
0,1,319,5
0,1,319,5
0,0,319,5
0,0,319,5
0.231422267262768,0,319,5
0.517051594144255,0,319,5
0,0,319,5
0.231422267262768,0,319,5
0,0,319,5
0.791957170304055,0,319,5
0,1,319,5
0,1,319,5
0.791957170304055,0,319,5
0.231422267262768,1,319,5
0,1,319,5
0.517051594144255,1,319,5
0.517051594144255,0,319,5
0,1,319,5
0,1,319,5
0.517051594144255,1,319,5
0,1,319,5
0.517051594144255,1,319,5
0.517051594144255,0,319,6
0.231422267262768,1,319,6
0.791957170304055,1,319,6
0,1,319,6
0.517051594144255,1,319,6
0.231422267262768,1,319,6
0.517051594144255,1,319,6
0.517051594144255,1,319,6
0.791957170304055,1,319,6
0,1,319,6
0.517051594144255,1,319,6
0.517051594144255,1,319,6
0.517051594144255,1,319,6
0.517051594144255,1,319,6
0.791957170304055,1,319,6
0.791957170304055,1,319,6
0.517051594144255,1,319,6
0.231422267262768,1,319,6
0.517051594144255,1,319,6
0.517051594144255,1,319,6
0.791957170304055,1,319,6
0,0,319,6
0,0,319,6
0,1,319,6
0,1,319,6
0.517051594144255,1,319,6
0.517051594144255,1,319,6
0,0,319,6
0.791957170304055,1,319,6
0.517051594144255,1,319,6
0,1,319,6
0.231422267262768,0,319,6
0,0,319,6
0,0,319,6
0,0,319,6
0,0,319,6
0.231422267262768,0,319,6
0.517051594144255,0,319,6
0.791957170304055,1,319,6
0,0,319,6
0,0,319,6
0,0,319,6
0.517051594144255,1,319,6
0,1,319,6
0.517051594144255,1,319,6
0.517051594144255,1,319,6
0.231422267262768,1,319,6
0.791957170304055,0,319,6
0,0,319,6
0,1,319,6
0.791957170304055,1,319,6
0,1,319,6
0,1,319,6
0,1,319,6
0,0,319,6
0.517051594144255,0,319,6
0.517051594144255,0,319,6
0.517051594144255,1,319,6
0,0,319,6
0.231422267262768,0,319,6
0.517051594144255,1,319,6
0.791957170304055,1,319,6
0.231422267262768,1,319,6
0,0,319,6
0.791957170304055,1,319,6
0,1,319,6
0,0,319,6
0.517051594144255,0,319,6
0,0,319,6
0.517051594144255,0,319,6
0.231422267262768,0,319,6
0,0,319,6
0.517051594144255,0,319,6
0.791957170304055,1,319,6
0,0,319,6
0,1,319,6
0,0,319,6
0.231422267262768,0,319,6
0,0,319,6
0.517051594144255,1,319,6
0.348333783368093,1,320,1
0.499639259459917,1,320,1
0,0,320,1
0.348333783368093,0,320,1
0.222475237607883,0,320,1
0.348333783368093,1,320,1
0.222475237607883,0,320,1
0.499639259459917,0,320,1
0,0,320,1
0.499639259459917,1,320,1
0.348333783368093,0,320,1
0.499639259459917,1,320,1
0.348333783368093,0,320,1
0.348333783368093,1,320,1
0.348333783368093,1,320,1
0.348333783368093,0,320,1
0.222475237607883,0,320,1
0.348333783368093,1,320,1
0.222475237607883,0,320,1
0.348333783368093,0,320,1
0,0,320,1
0.348333783368093,0,320,1
0.499639259459917,0,320,1
0.348333783368093,0,320,1
0.348333783368093,0,320,1
0,0,320,1
0,0,320,1
0,0,320,1
0,0,320,1
0.499639259459917,0,320,1
0.348333783368093,0,320,1
0,0,320,1
0.348333783368093,1,320,1
0.222475237607883,0,320,1
0,0,320,1
0,0,320,1
0.499639259459917,0,320,1
0,0,320,1
0.348333783368093,0,320,1
0,0,320,1
0,0,320,1
0,0,320,1
0,0,320,1
0.348333783368093,0,320,1
0,0,320,1
0.222475237607883,0,320,1
0.499639259459917,0,320,1
0.348333783368093,0,320,1
0,0,320,1
0,0,320,1
0,0,320,1
0.348333783368093,0,320,1
0.348333783368093,0,320,1
0,0,320,1
0.222475237607883,0,320,1
0,0,320,1
0,0,320,1
0,0,320,1
0.348333783368093,0,320,1
0.348333783368093,0,320,1
0,0,320,1
0.499639259459917,0,320,1
0.499639259459917,0,320,1
0.222475237607883,0,320,1
0.222475237607883,0,320,1
0.499639259459917,1,320,1
0,0,320,1
0,0,320,1
0,0,320,1
0.348333783368093,0,320,1
0.348333783368093,0,320,1
0.499639259459917,0,320,1
0,0,320,1
0.222475237607883,0,320,1
0.348333783368093,0,320,1
0,0,320,1
0,0,320,1
0,0,320,1
0,0,320,1
0.348333783368093,0,320,1
0.348333783368093,1,320,2
0.499639259459917,1,320,2
0.348333783368093,0,320,2
0.499639259459917,1,320,2
0.348333783368093,1,320,2
0.499639259459917,1,320,2
0,0,320,2
0.222475237607883,0,320,2
0.348333783368093,1,320,2
0.348333783368093,0,320,2
0,1,320,2
0.348333783368093,0,320,2
0.222475237607883,1,320,2
0.348333783368093,1,320,2
0.499639259459917,0,320,2
0.348333783368093,0,320,2
0,0,320,2
0.348333783368093,1,320,2
0,0,320,2
0.499639259459917,0,320,2
0.348333783368093,1,320,2
0.348333783368093,0,320,2
0,0,320,2
0,0,320,2
0.348333783368093,1,320,2
0,0,320,2
0.499639259459917,0,320,2
0.222475237607883,1,320,2
0.222475237607883,0,320,2
0.348333783368093,0,320,2
0,0,320,2
0.348333783368093,0,320,2
0,1,320,2
0,0,320,2
0.348333783368093,0,320,2
0.499639259459917,1,320,2
0.499639259459917,1,320,2
0.348333783368093,0,320,2
0,0,320,2
0,0,320,2
0.222475237607883,0,320,2
0.348333783368093,0,320,2
0.222475237607883,0,320,2
0,0,320,2
0.348333783368093,0,320,2
0,0,320,2
0,0,320,2
0,0,320,2
0.499639259459917,1,320,2
0,0,320,2
0,0,320,2
0.348333783368093,0,320,2
0.348333783368093,1,320,2
0.222475237607883,1,320,2
0.348333783368093,0,320,2
0.222475237607883,0,320,2
0,0,320,2
0,0,320,2
0,0,320,2
0.499639259459917,1,320,2
0,0,320,2
0,0,320,2
0,0,320,2
0.348333783368093,0,320,2
0.499639259459917,1,320,2
0.499639259459917,1,320,2
0,0,320,2
0,0,320,2
0,0,320,2
0.348333783368093,0,320,2
0.348333783368093,0,320,2
0.348333783368093,1,320,2
0.348333783368093,0,320,2
0.222475237607883,0,320,2
0,0,320,2
0,0,320,2
0,0,320,2
0,0,320,2
0.222475237607883,0,320,2
0,0,320,2
0.348333783368093,0,320,3
0.499639259459917,1,320,3
0.499639259459917,1,320,3
0.348333783368093,0,320,3
0.348333783368093,0,320,3
0.348333783368093,0,320,3
0,0,320,3
0.348333783368093,0,320,3
0.499639259459917,0,320,3
0.348333783368093,0,320,3
0.222475237607883,0,320,3
0.348333783368093,0,320,3
0.348333783368093,0,320,3
0.499639259459917,0,320,3
0,0,320,3
0.222475237607883,0,320,3
0.348333783368093,1,320,3
0.348333783368093,1,320,3
0,0,320,3
0.222475237607883,0,320,3
0,0,320,3
0,0,320,3
0.348333783368093,0,320,3
0,0,320,3
0.499639259459917,0,320,3
0.348333783368093,0,320,3
0.222475237607883,0,320,3
0.348333783368093,0,320,3
0,0,320,3
0.499639259459917,0,320,3
0.348333783368093,0,320,3
0,0,320,3
0.222475237607883,0,320,3
0.348333783368093,0,320,3
0,0,320,3
0,0,320,3
0,0,320,3
0.348333783368093,0,320,3
0,0,320,3
0.499639259459917,0,320,3
0,0,320,3
0.499639259459917,0,320,3
0.348333783368093,0,320,3
0.348333783368093,0,320,3
0,0,320,3
0.222475237607883,0,320,3
0,0,320,3
0,0,320,3
0.348333783368093,0,320,3
0.222475237607883,0,320,3
0,0,320,3
0,0,320,3
0,0,320,3
0.222475237607883,0,320,3
0.348333783368093,0,320,3
0,0,320,3
0.499639259459917,0,320,3
0.348333783368093,0,320,3
0,0,320,3
0,0,320,3
0.348333783368093,0,320,3
0,0,320,3
0,0,320,3
0.499639259459917,1,320,3
0,0,320,3
0.499639259459917,0,320,3
0,0,320,3
0.348333783368093,0,320,3
0,0,320,3
0.348333783368093,0,320,3
0.499639259459917,0,320,3
0.222475237607883,0,320,3
0,0,320,3
0,0,320,3
0,0,320,3
0,0,320,3
0.348333783368093,0,320,3
0.348333783368093,0,320,3
0,0,320,3
0.222475237607883,0,320,3
1,1,320,4
0.999928527435364,0,320,4
0.999928527435364,0,320,4
0.999928527435364,0,320,4
0.999928527435364,0,320,4
1,1,320,4
1,1,320,4
1,1,320,4
3.01496744799348e-129,0,320,4
0.999928527435364,0,320,4
0.999928527435364,0,320,4
0,0,320,4
3.01496744799348e-129,0,320,4
0.999928527435364,0,320,4
0.999928527435364,1,320,4
0,0,320,4
0,0,320,4
0.999928527435364,0,320,4
0,0,320,4
3.01496744799348e-129,0,320,4
0.999928527435364,0,320,4
0.999928527435364,1,320,4
0,0,320,4
0.999928527435364,0,320,4
0,0,320,4
3.01496744799348e-129,0,320,4
1,0,320,4
0.999928527435364,0,320,4
1,0,320,4
0,0,320,4
0,0,320,4
0.999928527435364,0,320,4
0,0,320,4
0.999928527435364,0,320,4
0,0,320,4
0,0,320,4
0.999928527435364,0,320,4
0,0,320,4
0,0,320,4
3.01496744799348e-129,0,320,4
0.999928527435364,0,320,4
1,0,320,4
3.01496744799348e-129,0,320,4
0,0,320,4
0,0,320,4
1,0,320,4
0.999928527435364,0,320,4
0,0,320,4
0,0,320,4
0.999928527435364,0,320,4
0.999928527435364,0,320,4
3.01496744799348e-129,0,320,4
0.999928527435364,0,320,4
0,0,320,4
3.01496744799348e-129,0,320,4
0,0,320,4
0,0,320,4
1,0,320,4
0,0,320,4
0,0,320,4
0,0,320,4
0.999928527435364,0,320,4
1,0,320,4
0,0,320,4
0,0,320,4
3.01496744799348e-129,0,320,4
0.999928527435364,0,320,4
3.01496744799348e-129,0,320,4
0,0,320,4
1,0,320,4
1,0,320,4
0.999928527435364,0,320,4
0,0,320,4
0,0,320,4
0,0,320,4
0,0,320,4
0,0,320,4
0.999928527435364,0,320,4
0.999928527435364,0,320,4
0,0,320,4
0.999928527435364,0,320,5
3.01496744799348e-129,0,320,5
0.999928527435364,0,320,5
1,1,320,5
0.999928527435364,0,320,5
0.999928527435364,0,320,5
0.999928527435364,0,320,5
0.999928527435364,0,320,5
1,0,320,5
0,0,320,5
0.999928527435364,0,320,5
3.01496744799348e-129,0,320,5
0,0,320,5
0.999928527435364,0,320,5
1,1,320,5
1,0,320,5
0,0,320,5
0,0,320,5
3.01496744799348e-129,0,320,5
0.999928527435364,0,320,5
1,1,320,5
0.999928527435364,1,320,5
0,0,320,5
0,0,320,5
0.999928527435364,0,320,5
1,1,320,5
0,0,320,5
0.999928527435364,0,320,5
0.999928527435364,0,320,5
0,0,320,5
0.999928527435364,0,320,5
3.01496744799348e-129,0,320,5
0,0,320,5
0,0,320,5
0,0,320,5
0,0,320,5
0.999928527435364,0,320,5
0.999928527435364,0,320,5
0,0,320,5
3.01496744799348e-129,0,320,5
0,0,320,5
0,0,320,5
0,0,320,5
3.01496744799348e-129,0,320,5
0.999928527435364,0,320,5
1,0,320,5
0.999928527435364,0,320,5
1,0,320,5
0.999928527435364,0,320,5
0,0,320,5
3.01496744799348e-129,0,320,5
1,1,320,5
0,0,320,5
0,0,320,5
3.01496744799348e-129,0,320,5
1,1,320,5
0,0,320,5
0,0,320,5
0.999928527435364,0,320,5
0.999928527435364,0,320,5
0,0,320,5
0,0,320,5
0,0,320,5
0.999928527435364,0,320,5
0,0,320,5
0.999928527435364,1,320,5
1,1,320,5
0,0,320,5
0,0,320,5
3.01496744799348e-129,0,320,5
0.999928527435364,0,320,5
1,0,320,5
0.999928527435364,1,320,5
0,0,320,5
0,0,320,5
0,0,320,5
3.01496744799348e-129,0,320,5
0,0,320,5
0.999928527435364,0,320,5
0,0,320,5
0.999928527435364,0,320,6
0.999928527435364,0,320,6
0.999928527435364,0,320,6
0.999928527435364,0,320,6
0,0,320,6
0.999928527435364,0,320,6
1,0,320,6
1,0,320,6
3.01496744799348e-129,0,320,6
3.01496744799348e-129,0,320,6
0.999928527435364,0,320,6
0,0,320,6
1,1,320,6
0.999928527435364,0,320,6
1,1,320,6
0.999928527435364,0,320,6
3.01496744799348e-129,0,320,6
0.999928527435364,0,320,6
0,0,320,6
0.999928527435364,0,320,6
0,0,320,6
0.999928527435364,0,320,6
0,0,320,6
1,0,320,6
0.999928527435364,0,320,6
0,0,320,6
0,0,320,6
0.999928527435364,0,320,6
3.01496744799348e-129,0,320,6
0,0,320,6
0.999928527435364,0,320,6
1,0,320,6
0,0,320,6
0.999928527435364,0,320,6
0,0,320,6
0,0,320,6
0.999928527435364,0,320,6
0.999928527435364,0,320,6
0,0,320,6
0.999928527435364,0,320,6
0,0,320,6
0,0,320,6
3.01496744799348e-129,0,320,6
0,0,320,6
1,0,320,6
3.01496744799348e-129,0,320,6
0,0,320,6
1,0,320,6
0.999928527435364,0,320,6
0,0,320,6
0.999928527435364,0,320,6
0,0,320,6
0,0,320,6
0.999928527435364,0,320,6
1,0,320,6
3.01496744799348e-129,0,320,6
1,0,320,6
3.01496744799348e-129,0,320,6
0.999928527435364,0,320,6
0,0,320,6
0,0,320,6
0,0,320,6
0,0,320,6
0,0,320,6
0,0,320,6
0.999928527435364,0,320,6
0.999928527435364,0,320,6
1,0,320,6
0.999928527435364,0,320,6
0,0,320,6
0,0,320,6
0.999928527435364,0,320,6
1,0,320,6
0,0,320,6
3.01496744799348e-129,0,320,6
0,0,320,6
0,0,320,6
0,0,320,6
3.01496744799348e-129,0,320,6
0,0,320,6
0.245039232891506,0,321,1
0.245039232891506,0,321,1
0.446260352268706,0,321,1
0.338380464588302,0,321,1
0.338380464588302,0,321,1
0.338380464588302,0,321,1
0.338380464588302,0,321,1
0,0,321,1
0.338380464588302,0,321,1
0.446260352268706,1,321,1
0.338380464588302,0,321,1
0.338380464588302,0,321,1
0.446260352268706,1,321,1
0.446260352268706,1,321,1
0,0,321,1
0.338380464588302,0,321,1
0.338380464588302,0,321,1
0.338380464588302,0,321,1
0.245039232891506,0,321,1
0.338380464588302,0,321,1
0.338380464588302,0,321,1
0,0,321,1
0.446260352268706,0,321,1
0,0,321,1
0,0,321,1
0.338380464588302,0,321,1
0,0,321,1
0.245039232891506,0,321,1
0,0,321,1
0.446260352268706,0,321,1
0.338380464588302,1,321,1
0,0,321,1
0.338380464588302,0,321,1
0.338380464588302,0,321,1
0,0,321,1
0.446260352268706,1,321,1
0,0,321,1
0,0,321,1
0.338380464588302,0,321,1
0,0,321,1
0.245039232891506,0,321,1
0.446260352268706,0,321,1
0.245039232891506,0,321,1
0,0,321,1
0.338380464588302,0,321,1
0,0,321,1
0,0,321,1
0,0,321,1
0.446260352268706,0,321,1
0,0,321,1
0.338380464588302,0,321,1
0.245039232891506,0,321,1
0,0,321,1
0.446260352268706,0,321,1
0.338380464588302,0,321,1
0,0,321,1
0.338380464588302,0,321,1
0,0,321,1
0,0,321,1
0,0,321,1
0,0,321,1
0.245039232891506,0,321,1
0.338380464588302,0,321,1
0,0,321,1
0.446260352268706,0,321,1
0,0,321,1
0,0,321,1
0,0,321,1
0.245039232891506,0,321,1
0.245039232891506,0,321,1
0.338380464588302,0,321,1
0,0,321,1
0.446260352268706,0,321,1
0,0,321,1
0,0,321,1
0,0,321,1
0.338380464588302,0,321,1
0.338380464588302,0,321,1
0.338380464588302,0,321,1
0,0,321,1
0.338380464588302,0,321,2
0.446260352268706,1,321,2
0.338380464588302,0,321,2
0.338380464588302,0,321,2
0.338380464588302,0,321,2
0.338380464588302,1,321,2
0.338380464588302,0,321,2
0.245039232891506,0,321,2
0.245039232891506,0,321,2
0.446260352268706,1,321,2
0.446260352268706,0,321,2
0.338380464588302,0,321,2
0,0,321,2
0,0,321,2
0.446260352268706,0,321,2
0.338380464588302,0,321,2
0,0,321,2
0.245039232891506,0,321,2
0,0,321,2
0.338380464588302,0,321,2
0.446260352268706,0,321,2
0.338380464588302,0,321,2
0,0,321,2
0,0,321,2
0.338380464588302,0,321,2
0,0,321,2
0.338380464588302,0,321,2
0,0,321,2
0.446260352268706,0,321,2
0.338380464588302,0,321,2
0.245039232891506,0,321,2
0.338380464588302,0,321,2
0,0,321,2
0.245039232891506,0,321,2
0,0,321,2
0,0,321,2
0,0,321,2
0,0,321,2
0.338380464588302,0,321,2
0,0,321,2
0.446260352268706,0,321,2
0.338380464588302,0,321,2
0,0,321,2
0.245039232891506,0,321,2
0,0,321,2
0.338380464588302,0,321,2
0.338380464588302,0,321,2
0.446260352268706,0,321,2
0.245039232891506,0,321,2
0.338380464588302,0,321,2
0.245039232891506,0,321,2
0,0,321,2
0.338380464588302,0,321,2
0,0,321,2
0.446260352268706,0,321,2
0,0,321,2
0,0,321,2
0.338380464588302,0,321,2
0,0,321,2
0,0,321,2
0,0,321,2
0.338380464588302,0,321,2
0.446260352268706,0,321,2
0,0,321,2
0.446260352268706,0,321,2
0,0,321,2
0.338380464588302,0,321,2
0,0,321,2
0,0,321,2
0.338380464588302,0,321,2
0,0,321,2
0.245039232891506,0,321,2
0,0,321,2
0.446260352268706,0,321,2
0.338380464588302,0,321,2
0.245039232891506,0,321,2
0,0,321,2
0.338380464588302,0,321,2
0,0,321,2
0,0,321,2
0.245039232891506,0,321,3
0.446260352268706,0,321,3
0.338380464588302,0,321,3
0.446260352268706,0,321,3
0.338380464588302,0,321,3
0,0,321,3
0.338380464588302,0,321,3
0.338380464588302,0,321,3
0.446260352268706,0,321,3
0.338380464588302,0,321,3
0.338380464588302,0,321,3
0.245039232891506,0,321,3
0.338380464588302,0,321,3
0,0,321,3
0.446260352268706,0,321,3
0.338380464588302,0,321,3
0.338380464588302,0,321,3
0.245039232891506,0,321,3
0,0,321,3
0,0,321,3
0.245039232891506,0,321,3
0,0,321,3
0.338380464588302,0,321,3
0,0,321,3
0.338380464588302,0,321,3
0,0,321,3
0,0,321,3
0.446260352268706,0,321,3
0.446260352268706,0,321,3
0.338380464588302,0,321,3
0.338380464588302,0,321,3
0.338380464588302,0,321,3
0,0,321,3
0,0,321,3
0.338380464588302,0,321,3
0,0,321,3
0.245039232891506,0,321,3
0.446260352268706,0,321,3
0,0,321,3
0.338380464588302,0,321,3
0,0,321,3
0,0,321,3
0,0,321,3
0.338380464588302,0,321,3
0.338380464588302,0,321,3
0.446260352268706,0,321,3
0,0,321,3
0.245039232891506,0,321,3
0,0,321,3
0.245039232891506,0,321,3
0.338380464588302,0,321,3
0,0,321,3
0,0,321,3
0.338380464588302,0,321,3
0.446260352268706,0,321,3
0.338380464588302,0,321,3
0.338380464588302,0,321,3
0.245039232891506,0,321,3
0,0,321,3
0,0,321,3
0,0,321,3
0,0,321,3
0,0,321,3
0.446260352268706,0,321,3
0.446260352268706,0,321,3
0,0,321,3
0.338380464588302,0,321,3
0,0,321,3
0.338380464588302,0,321,3
0.446260352268706,0,321,3
0,0,321,3
0.338380464588302,0,321,3
0,0,321,3
0.245039232891506,0,321,3
0,0,321,3
0.338380464588302,0,321,3
0,0,321,3
0,0,321,3
0,0,321,3
0.245039232891506,0,321,3
0.474814435309927,1,321,4
0.712878919545109,1,321,4
0.474814435309927,0,321,4
0.474814435309927,0,321,4
0.247672810198218,0,321,4
0.712878919545109,1,321,4
0.474814435309927,0,321,4
0.247672810198218,1,321,4
0.474814435309927,1,321,4
0,0,321,4
0.474814435309927,1,321,4
0,0,321,4
0.712878919545109,1,321,4
0.474814435309927,0,321,4
0.712878919545109,1,321,4
0.474814435309927,0,321,4
0,0,321,4
0.712878919545109,1,321,4
0.474814435309927,0,321,4
0.474814435309927,0,321,4
0,0,321,4
0.247672810198218,1,321,4
0.474814435309927,1,321,4
0.247672810198218,0,321,4
0.474814435309927,1,321,4
0.474814435309927,1,321,4
0.474814435309927,1,321,4
0.712878919545109,1,321,4
0,0,321,4
0,0,321,4
0,0,321,4
0,0,321,4
0.712878919545109,1,321,4
0.712878919545109,1,321,4
0.247672810198218,0,321,4
0,0,321,4
0.474814435309927,0,321,4
0,0,321,4
0.247672810198218,1,321,4
0.474814435309927,1,321,4
0.474814435309927,1,321,4
0,0,321,4
0,0,321,4
0,0,321,4
0,0,321,4
0,0,321,4
0,0,321,4
0.474814435309927,1,321,4
0.712878919545109,1,321,4
0,0,321,4
0.474814435309927,1,321,4
0.247672810198218,1,321,4
0,0,321,4
0.247672810198218,0,321,4
0.474814435309927,0,321,4
0,0,321,4
0.474814435309927,1,321,4
0,0,321,4
0,0,321,4
0,0,321,4
0,0,321,4
0,0,321,4
0.712878919545109,1,321,4
0.474814435309927,1,321,4
0,0,321,4
0,0,321,4
0.474814435309927,1,321,4
0,0,321,4
0,0,321,4
0.712878919545109,1,321,4
0,1,321,4
0,0,321,4
0,0,321,4
0.712878919545109,1,321,4
0,0,321,4
0.247672810198218,0,321,4
0.247672810198218,1,321,4
0.474814435309927,1,321,4
0.474814435309927,1,321,4
0.474814435309927,1,321,4
0.712878919545109,0,321,5
0.474814435309927,1,321,5
0.474814435309927,1,321,5
0.712878919545109,1,321,5
0,0,321,5
0.712878919545109,0,321,5
0.474814435309927,1,321,5
0.474814435309927,1,321,5
0.247672810198218,0,321,5
0.712878919545109,1,321,5
0.474814435309927,1,321,5
0,0,321,5
0.474814435309927,1,321,5
0.474814435309927,1,321,5
0.247672810198218,1,321,5
0.474814435309927,1,321,5
0.474814435309927,1,321,5
0,1,321,5
0.712878919545109,0,321,5
0,0,321,5
0,0,321,5
0.247672810198218,1,321,5
0.474814435309927,1,321,5
0,0,321,5
0,0,321,5
0,0,321,5
0.712878919545109,1,321,5
0.247672810198218,1,321,5
0.474814435309927,1,321,5
0.474814435309927,0,321,5
0.474814435309927,1,321,5
0.474814435309927,1,321,5
0.247672810198218,0,321,5
0,0,321,5
0.247672810198218,0,321,5
0.474814435309927,1,321,5
0,0,321,5
0.474814435309927,0,321,5
0,0,321,5
0,0,321,5
0,0,321,5
0.474814435309927,1,321,5
0,1,321,5
0.712878919545109,1,321,5
0,0,321,5
0.712878919545109,0,321,5
0,0,321,5
0.474814435309927,0,321,5
0.712878919545109,1,321,5
0.474814435309927,0,321,5
0.474814435309927,1,321,5
0,0,321,5
0.247672810198218,0,321,5
0.474814435309927,0,321,5
0.712878919545109,1,321,5
0.474814435309927,1,321,5
0,0,321,5
0,0,321,5
0.247672810198218,0,321,5
0,1,321,5
0,0,321,5
0,0,321,5
0,0,321,5
0,0,321,5
0,0,321,5
0,0,321,5
0.474814435309927,1,321,5
0,0,321,5
0,0,321,5
0.712878919545109,1,321,5
0,0,321,5
0.474814435309927,1,321,5
0.474814435309927,1,321,5
0,0,321,5
0.247672810198218,1,321,5
0,0,321,5
0.247672810198218,1,321,5
0,0,321,5
0.712878919545109,1,321,5
0.474814435309927,0,321,5
0.247672810198218,0,321,6
0.474814435309927,1,321,6
0.474814435309927,1,321,6
0,0,321,6
0.712878919545109,1,321,6
0.712878919545109,1,321,6
0.474814435309927,1,321,6
0.474814435309927,1,321,6
0.712878919545109,1,321,6
0.474814435309927,0,321,6
0.474814435309927,1,321,6
0,0,321,6
0.712878919545109,1,321,6
0.474814435309927,0,321,6
0.247672810198218,0,321,6
0.474814435309927,1,321,6
0,0,321,6
0.474814435309927,0,321,6
0.712878919545109,1,321,6
0.474814435309927,1,321,6
0.247672810198218,1,321,6
0,0,321,6
0,0,321,6
0,0,321,6
0.474814435309927,0,321,6
0.712878919545109,1,321,6
0,0,321,6
0,1,321,6
0.474814435309927,1,321,6
0.474814435309927,1,321,6
0.247672810198218,1,321,6
0.474814435309927,1,321,6
0,0,321,6
0.247672810198218,0,321,6
0.474814435309927,0,321,6
0.712878919545109,1,321,6
0,0,321,6
0.474814435309927,1,321,6
0,0,321,6
0.474814435309927,1,321,6
0,0,321,6
0,0,321,6
0.247672810198218,0,321,6
0,0,321,6
0,0,321,6
0.474814435309927,1,321,6
0,0,321,6
0.712878919545109,1,321,6
0,0,321,6
0,0,321,6
0,0,321,6
0,0,321,6
0,0,321,6
0,0,321,6
0.247672810198218,0,321,6
0,0,321,6
0.247672810198218,0,321,6
0.474814435309927,0,321,6
0.474814435309927,0,321,6
0.474814435309927,0,321,6
0.474814435309927,1,321,6
0.712878919545109,1,321,6
0,0,321,6
0.712878919545109,1,321,6
0,0,321,6
0.474814435309927,1,321,6
0,0,321,6
0.474814435309927,1,321,6
0.712878919545109,1,321,6
0.474814435309927,1,321,6
0,0,321,6
0.712878919545109,1,321,6
0.474814435309927,1,321,6
0,0,321,6
0.247672810198218,0,321,6
0,0,321,6
0,0,321,6
0,0,321,6
0.247672810198218,0,321,6
0,0,321,6
0.626861550924288,1,322,1
0.850198924155425,1,322,1
0.332120537351839,1,322,1
0,1,322,1
0.850198924155425,1,322,1
0.626861550924288,0,322,1
0.850198924155425,1,322,1
0.626861550924288,1,322,1
0.626861550924288,1,322,1
0.626861550924288,1,322,1
0.626861550924288,1,322,1
0,0,322,1
0.626861550924288,1,322,1
0.332120537351839,1,322,1
0.850198924155425,1,322,1
0.626861550924288,1,322,1
0.850198924155425,1,322,1
0.332120537351839,1,322,1
0.626861550924288,1,322,1
0.626861550924288,1,322,1
0,0,322,1
0.626861550924288,1,322,1
0,1,322,1
0.332120537351839,1,322,1
0,1,322,1
0.850198924155425,1,322,1
0.626861550924288,1,322,1
0,1,322,1
0.626861550924288,1,322,1
0,1,322,1
0.626861550924288,1,322,1
0,0,322,1
0.626861550924288,1,322,1
0.626861550924288,1,322,1
0,1,322,1
0,1,322,1
0.332120537351839,1,322,1
0.626861550924288,1,322,1
0,1,322,1
0.850198924155425,1,322,1
0,0,322,1
0,1,322,1
0,1,322,1
0.850198924155425,1,322,1
0.626861550924288,1,322,1
0,1,322,1
0,0,322,1
0.332120537351839,1,322,1
0.850198924155425,1,322,1
0,1,322,1
0,1,322,1
0,1,322,1
0.332120537351839,1,322,1
0,0,322,1
0,1,322,1
0,1,322,1
0.626861550924288,1,322,1
0,0,322,1
0.626861550924288,1,322,1
0.332120537351839,1,322,1
0,1,322,1
0.850198924155425,1,322,1
0.626861550924288,1,322,1
0.626861550924288,1,322,1
0.850198924155425,1,322,1
0,1,322,1
0.626861550924288,1,322,1
0,1,322,1
0,1,322,1
0.626861550924288,0,322,1
0.332120537351839,1,322,1
0.850198924155425,1,322,1
0.626861550924288,1,322,1
0,1,322,1
0,1,322,1
0,1,322,1
0.332120537351839,1,322,1
0,0,322,1
0,1,322,1
0.626861550924288,1,322,1
0.626861550924288,0,322,2
0.626861550924288,1,322,2
0.850198924155425,1,322,2
0.332120537351839,1,322,2
0.626861550924288,1,322,2
0.850198924155425,1,322,2
0.626861550924288,1,322,2
0.850198924155425,1,322,2
0,0,322,2
0.626861550924288,1,322,2
0,1,322,2
0.626861550924288,1,322,2
0.626861550924288,1,322,2
0.626861550924288,1,322,2
0.332120537351839,0,322,2
0.850198924155425,1,322,2
0.332120537351839,1,322,2
0.626861550924288,1,322,2
0.626861550924288,1,322,2
0.626861550924288,1,322,2
0,1,322,2
0.332120537351839,1,322,2
0,1,322,2
0,0,322,2
0,0,322,2
0,1,322,2
0.850198924155425,1,322,2
0.850198924155425,0,322,2
0.626861550924288,1,322,2
0.626861550924288,1,322,2
0,0,322,2
0.626861550924288,1,322,2
0.850198924155425,1,322,2
0.850198924155425,1,322,2
0.626861550924288,0,322,2
0,1,322,2
0,1,322,2
0.332120537351839,1,322,2
0,0,322,2
0,0,322,2
0.626861550924288,1,322,2
0,0,322,2
0.332120537351839,1,322,2
0,0,322,2
0,1,322,2
0,0,322,2
0.626861550924288,1,322,2
0.626861550924288,1,322,2
0.626861550924288,1,322,2
0,0,322,2
0,0,322,2
0.626861550924288,1,322,2
0,1,322,2
0.332120537351839,0,322,2
0.626861550924288,1,322,2
0.850198924155425,1,322,2
0,1,322,2
0.850198924155425,1,322,2
0,0,322,2
0.626861550924288,1,322,2
0,0,322,2
0.332120537351839,1,322,2
0,1,322,2
0,0,322,2
0,0,322,2
0,1,322,2
0.626861550924288,1,322,2
0.332120537351839,1,322,2
0,1,322,2
0,0,322,2
0.626861550924288,1,322,2
0.850198924155425,1,322,2
0.332120537351839,1,322,2
0,1,322,2
0,1,322,2
0.626861550924288,1,322,2
0,1,322,2
0,0,322,2
0.626861550924288,1,322,2
0.850198924155425,1,322,2
0.626861550924288,0,322,3
0.850198924155425,0,322,3
0.626861550924288,0,322,3
0.626861550924288,0,322,3
0.626861550924288,1,322,3
0.626861550924288,1,322,3
0.850198924155425,1,322,3
0,1,322,3
0.626861550924288,1,322,3
0.332120537351839,1,322,3
0.626861550924288,1,322,3
0.626861550924288,1,322,3
0,1,322,3
0.850198924155425,1,322,3
0.332120537351839,1,322,3
0.850198924155425,1,322,3
0,1,322,3
0,1,322,3
0,0,322,3
0.626861550924288,1,322,3
0.626861550924288,1,322,3
0.626861550924288,1,322,3
0.626861550924288,1,322,3
0.332120537351839,0,322,3
0,1,322,3
0,1,322,3
0.850198924155425,1,322,3
0.850198924155425,1,322,3
0,0,322,3
0.626861550924288,1,322,3
0.626861550924288,1,322,3
0.332120537351839,1,322,3
0.332120537351839,1,322,3
0.850198924155425,1,322,3
0.626861550924288,1,322,3
0,0,322,3
0.626861550924288,1,322,3
0,1,322,3
0,0,322,3
0,1,322,3
0.626861550924288,1,322,3
0,0,322,3
0.626861550924288,1,322,3
0.850198924155425,1,322,3
0.332120537351839,1,322,3
0,1,322,3
0,1,322,3
0,1,322,3
0.626861550924288,1,322,3
0.850198924155425,1,322,3
0.332120537351839,1,322,3
0.626861550924288,1,322,3
0,1,322,3
0,1,322,3
0,1,322,3
0.626861550924288,0,322,3
0.850198924155425,1,322,3
0.332120537351839,1,322,3
0,1,322,3
0,0,322,3
0.626861550924288,1,322,3
0,0,322,3
0,1,322,3
0,0,322,3
0.850198924155425,1,322,3
0.626861550924288,1,322,3
0.626861550924288,1,322,3
0,1,322,3
0.332120537351839,1,322,3
0.850198924155425,0,322,3
0,1,322,3
0,1,322,3
0.626861550924288,1,322,3
0.332120537351839,1,322,3
0,1,322,3
0,1,322,3
0.626861550924288,1,322,3
0,1,322,3
0,1,322,3
0,1,322,3
0.648468680244411,1,322,4
0.648468680244411,1,322,4
0.858836444183518,1,322,4
0.358695735577359,1,322,4
0.648468680244411,1,322,4
0,0,322,4
0.858836444183518,1,322,4
0,0,322,4
0.648468680244411,1,322,4
0.858836444183518,1,322,4
0.858836444183518,1,322,4
0.648468680244411,1,322,4
0.648468680244411,1,322,4
0.648468680244411,1,322,4
0.648468680244411,1,322,4
0.358695735577359,1,322,4
0,1,322,4
0,1,322,4
0.648468680244411,1,322,4
0,1,322,4
0.858836444183518,1,322,4
0.648468680244411,1,322,4
0.358695735577359,1,322,4
0,1,322,4
0.858836444183518,1,322,4
0.648468680244411,1,322,4
0.358695735577359,1,322,4
0.648468680244411,1,322,4
0.648468680244411,1,322,4
0,1,322,4
0,0,322,4
0.648468680244411,1,322,4
0.648468680244411,1,322,4
0.858836444183518,1,322,4
0.648468680244411,1,322,4
0,0,322,4
0,0,322,4
0.858836444183518,1,322,4
0,1,322,4
0.358695735577359,1,322,4
0.648468680244411,1,322,4
0.648468680244411,1,322,4
0.358695735577359,1,322,4
0,0,322,4
0,0,322,4
0,0,322,4
0,0,322,4
0,0,322,4
0,0,322,4
0.858836444183518,1,322,4
0.648468680244411,1,322,4
0.648468680244411,1,322,4
0,1,322,4
0.358695735577359,1,322,4
0.648468680244411,1,322,4
0.648468680244411,1,322,4
0,0,322,4
0.358695735577359,1,322,4
0,0,322,4
0,0,322,4
0.858836444183518,1,322,4
0,1,322,4
0,0,322,4
0,0,322,4
0,1,322,4
0,1,322,4
0,0,322,4
0.358695735577359,1,322,4
0,1,322,4
0,1,322,4
0,0,322,4
0.648468680244411,1,322,4
0.358695735577359,1,322,4
0.648468680244411,1,322,4
0.648468680244411,1,322,4
0.858836444183518,1,322,4
0,0,322,4
0.648468680244411,1,322,4
0,1,322,4
0.858836444183518,1,322,4
0.648468680244411,0,322,5
0.648468680244411,1,322,5
0.858836444183518,1,322,5
0.648468680244411,1,322,5
0,1,322,5
0.648468680244411,1,322,5
0.358695735577359,1,322,5
0.858836444183518,1,322,5
0.648468680244411,1,322,5
0,1,322,5
0.358695735577359,1,322,5
0.648468680244411,1,322,5
0.648468680244411,1,322,5
0.858836444183518,1,322,5
0.858836444183518,1,322,5
0.648468680244411,1,322,5
0.648468680244411,1,322,5
0,1,322,5
0,0,322,5
0.858836444183518,1,322,5
0.858836444183518,1,322,5
0.648468680244411,0,322,5
0.648468680244411,1,322,5
0,0,322,5
0,0,322,5
0.358695735577359,1,322,5
0.648468680244411,1,322,5
0.648468680244411,1,322,5
0,1,322,5
0.648468680244411,1,322,5
0,1,322,5
0.358695735577359,1,322,5
0,0,322,5
0.358695735577359,1,322,5
0.358695735577359,1,322,5
0,1,322,5
0.648468680244411,1,322,5
0,0,322,5
0,0,322,5
0.648468680244411,1,322,5
0.648468680244411,1,322,5
0.648468680244411,1,322,5
0,0,322,5
0,1,322,5
0,1,322,5
0.858836444183518,1,322,5
0,0,322,5
0.858836444183518,1,322,5
0.858836444183518,1,322,5
0.648468680244411,1,322,5
0,1,322,5
0,1,322,5
0,1,322,5
0,1,322,5
0.648468680244411,1,322,5
0.648468680244411,0,322,5
0.358695735577359,1,322,5
0,0,322,5
0.648468680244411,1,322,5
0,0,322,5
0,0,322,5
0.358695735577359,1,322,5
0,1,322,5
0.858836444183518,1,322,5
0,1,322,5
0,1,322,5
0.648468680244411,0,322,5
0.648468680244411,1,322,5
0,1,322,5
0.358695735577359,1,322,5
0.648468680244411,1,322,5
0,1,322,5
0.648468680244411,1,322,5
0.358695735577359,0,322,5
0.858836444183518,1,322,5
0,1,322,5
0.858836444183518,1,322,5
0,0,322,5
0,0,322,5
0,1,322,5
0.648468680244411,1,322,6
0.648468680244411,1,322,6
0.648468680244411,1,322,6
0.858836444183518,1,322,6
0.358695735577359,0,322,6
0.648468680244411,1,322,6
0,0,322,6
0.858836444183518,1,322,6
0.648468680244411,1,322,6
0.648468680244411,1,322,6
0.858836444183518,1,322,6
0.358695735577359,1,322,6
0,0,322,6
0.648468680244411,1,322,6
0.648468680244411,1,322,6
0.858836444183518,1,322,6
0,1,322,6
0.358695735577359,1,322,6
0.648468680244411,1,322,6
0,0,322,6
0,0,322,6
0,0,322,6
0.648468680244411,1,322,6
0.858836444183518,1,322,6
0,1,322,6
0.858836444183518,1,322,6
0.648468680244411,1,322,6
0.648468680244411,1,322,6
0,1,322,6
0.648468680244411,1,322,6
0.358695735577359,1,322,6
0.648468680244411,1,322,6
0,0,322,6
0.358695735577359,1,322,6
0,1,322,6
0,1,322,6
0.648468680244411,1,322,6
0,1,322,6
0,0,322,6
0.648468680244411,1,322,6
0,0,322,6
0.648468680244411,1,322,6
0,1,322,6
0.358695735577359,1,322,6
0,1,322,6
0.648468680244411,1,322,6
0.858836444183518,1,322,6
0.858836444183518,1,322,6
0,1,322,6
0,0,322,6
0,0,322,6
0.858836444183518,1,322,6
0,1,322,6
0,1,322,6
0,1,322,6
0.858836444183518,1,322,6
0,0,322,6
0.648468680244411,1,322,6
0.648468680244411,1,322,6
0.358695735577359,1,322,6
0.358695735577359,1,322,6
0.648468680244411,1,322,6
0,1,322,6
0.648468680244411,1,322,6
0.648468680244411,1,322,6
0.358695735577359,1,322,6
0,0,322,6
0,1,322,6
0.858836444183518,1,322,6
0,1,322,6
0.858836444183518,1,322,6
0.648468680244411,1,322,6
0,1,322,6
0,1,322,6
0.648468680244411,1,322,6
0.358695735577359,1,322,6
0.648468680244411,0,322,6
0,0,322,6
0,1,322,6
0,0,322,6
0.440929594342394,1,323,1
0.103272337116657,1,323,1
0.440929594342394,1,323,1
0,0,323,1
0.440929594342394,0,323,1
0.103272337116657,0,323,1
0.843776800548714,1,323,1
0.843776800548714,1,323,1
0,0,323,1
0.843776800548714,1,323,1
0.440929594342394,0,323,1
0.843776800548714,1,323,1
0.440929594342394,1,323,1
0.440929594342394,1,323,1
0.440929594342394,0,323,1
0.440929594342394,1,323,1
0,1,323,1
0.440929594342394,1,323,1
0,1,323,1
0,0,323,1
0.440929594342394,1,323,1
0,1,323,1
0,0,323,1
0.440929594342394,1,323,1
0.103272337116657,0,323,1
0.440929594342394,0,323,1
0.440929594342394,1,323,1
0.843776800548714,1,323,1
0.440929594342394,0,323,1
0.103272337116657,0,323,1
0,0,323,1
0.843776800548714,0,323,1
0.440929594342394,1,323,1
0.843776800548714,1,323,1
0.440929594342394,0,323,1
0,0,323,1
0,0,323,1
0,0,323,1
0.103272337116657,0,323,1
0.440929594342394,0,323,1
0.440929594342394,0,323,1
0,0,323,1
0.843776800548714,0,323,1
0.103272337116657,0,323,1
0,0,323,1
0,0,323,1
0,0,323,1
0,0,323,1
0,0,323,1
0.103272337116657,1,323,1
0.440929594342394,1,323,1
0.440929594342394,0,323,1
0,0,323,1
0.843776800548714,1,323,1
0.440929594342394,1,323,1
0.843776800548714,1,323,1
0,0,323,1
0,0,323,1
0,0,323,1
0.440929594342394,1,323,1
0,0,323,1
0,0,323,1
0,0,323,1
0.103272337116657,0,323,1
0.440929594342394,0,323,1
0,0,323,1
0.103272337116657,1,323,1
0.440929594342394,0,323,1
0.843776800548714,1,323,1
0,0,323,1
0.843776800548714,0,323,1
0,0,323,1
0.103272337116657,0,323,1
0,0,323,1
0.440929594342394,0,323,1
0,1,323,1
0.440929594342394,1,323,1
0,0,323,1
0,0,323,1
0,0,323,1
0.843776800548714,1,323,2
0.440929594342394,1,323,2
0,0,323,2
0.440929594342394,1,323,2
0.440929594342394,1,323,2
0.440929594342394,0,323,2
0,1,323,2
0.440929594342394,1,323,2
0.103272337116657,0,323,2
0.843776800548714,1,323,2
0.843776800548714,1,323,2
0.440929594342394,1,323,2
0.843776800548714,1,323,2
0.440929594342394,1,323,2
0.440929594342394,1,323,2
0.103272337116657,0,323,2
0,0,323,2
0.440929594342394,0,323,2
0.440929594342394,0,323,2
0.440929594342394,0,323,2
0,0,323,2
0,0,323,2
0.440929594342394,0,323,2
0.843776800548714,1,323,2
0.440929594342394,1,323,2
0,1,323,2
0.440929594342394,0,323,2
0.103272337116657,1,323,2
0,1,323,2
0,0,323,2
0.103272337116657,1,323,2
0.843776800548714,1,323,2
0,0,323,2
0,0,323,2
0.440929594342394,1,323,2
0,0,323,2
0,1,323,2
0.843776800548714,1,323,2
0.843776800548714,1,323,2
0,1,323,2
0.103272337116657,0,323,2
0,0,323,2
0.440929594342394,1,323,2
0,1,323,2
0.103272337116657,1,323,2
0.440929594342394,1,323,2
0.440929594342394,1,323,2
0,1,323,2
0,1,323,2
0,0,323,2
0.103272337116657,1,323,2
0.440929594342394,1,323,2
0.440929594342394,0,323,2
0,1,323,2
0.843776800548714,1,323,2
0.103272337116657,0,323,2
0,0,323,2
0,1,323,2
0.440929594342394,1,323,2
0,0,323,2
0,0,323,2
0.843776800548714,0,323,2
0.440929594342394,0,323,2
0,0,323,2
0.440929594342394,1,323,2
0,1,323,2
0,1,323,2
0,1,323,2
0,0,323,2
0.103272337116657,1,323,2
0.103272337116657,1,323,2
0.440929594342394,1,323,2
0,0,323,2
0.843776800548714,1,323,2
0.843776800548714,0,323,2
0,0,323,2
0.440929594342394,1,323,2
0,0,323,2
0,0,323,2
0.440929594342394,0,323,2
0.440929594342394,0,323,3
0,1,323,3
0,1,323,3
0.440929594342394,1,323,3
0.440929594342394,1,323,3
0.440929594342394,1,323,3
0.440929594342394,1,323,3
0.843776800548714,1,323,3
0.440929594342394,1,323,3
0.440929594342394,1,323,3
0.843776800548714,1,323,3
0.843776800548714,1,323,3
0.103272337116657,0,323,3
0.843776800548714,1,323,3
0.440929594342394,1,323,3
0.103272337116657,0,323,3
0,0,323,3
0.103272337116657,0,323,3
0.440929594342394,0,323,3
0.103272337116657,0,323,3
0,0,323,3
0,0,323,3
0,0,323,3
0,0,323,3
0.440929594342394,0,323,3
0.440929594342394,0,323,3
0.843776800548714,0,323,3
0.440929594342394,0,323,3
0.440929594342394,0,323,3
0.843776800548714,0,323,3
0.440929594342394,0,323,3
0,0,323,3
0.843776800548714,1,323,3
0.440929594342394,1,323,3
0.440929594342394,1,323,3
0,0,323,3
0,0,323,3
0.440929594342394,1,323,3
0.843776800548714,1,323,3
0,0,323,3
0,0,323,3
0,0,323,3
0,0,323,3
0.103272337116657,0,323,3
0.440929594342394,0,323,3
0.103272337116657,0,323,3
0,0,323,3
0,1,323,3
0.843776800548714,1,323,3
0,1,323,3
0,0,323,3
0,1,323,3
0.440929594342394,1,323,3
0.440929594342394,0,323,3
0,1,323,3
0,1,323,3
0.440929594342394,0,323,3
0,1,323,3
0.440929594342394,1,323,3
0.843776800548714,1,323,3
0,0,323,3
0,0,323,3
0.103272337116657,0,323,3
0.103272337116657,0,323,3
0,1,323,3
0,1,323,3
0.440929594342394,1,323,3
0,1,323,3
0.103272337116657,1,323,3
0.440929594342394,0,323,3
0.440929594342394,1,323,3
0.843776800548714,1,323,3
0,0,323,3
0,0,323,3
0,0,323,3
0,0,323,3
0.440929594342394,1,323,3
0.843776800548714,1,323,3
0,0,323,3
0.103272337116657,0,323,3
0,0,323,4
0.504033513421977,1,323,4
0.504033513421977,1,323,4
0.246420519727652,1,323,4
0.504033513421977,1,323,4
0.246420519727652,0,323,4
0.504033513421977,1,323,4
0.504033513421977,1,323,4
0.759522569176941,1,323,4
0.759522569176941,1,323,4
0.504033513421977,0,323,4
0.759522569176941,1,323,4
0.504033513421977,1,323,4
0.759522569176941,1,323,4
0.504033513421977,0,323,4
0,0,323,4
0,0,323,4
0,0,323,4
0,0,323,4
0.759522569176941,0,323,4
0,0,323,4
0.504033513421977,0,323,4
0,0,323,4
0.504033513421977,0,323,4
0.246420519727652,0,323,4
0.759522569176941,1,323,4
0.504033513421977,1,323,4
0.246420519727652,0,323,4
0.504033513421977,1,323,4
0.504033513421977,1,323,4
0,0,323,4
0.504033513421977,1,323,4
0,0,323,4
0.246420519727652,1,323,4
0,0,323,4
0.504033513421977,1,323,4
0.504033513421977,1,323,4
0.246420519727652,1,323,4
0,0,323,4
0.759522569176941,1,323,4
0,1,323,4
0.504033513421977,0,323,4
0,0,323,4
0,0,323,4
0.504033513421977,0,323,4
0.759522569176941,0,323,4
0,0,323,4
0,0,323,4
0.504033513421977,0,323,4
0.759522569176941,1,323,4
0.504033513421977,1,323,4
0,0,323,4
0,0,323,4
0,0,323,4
0.246420519727652,0,323,4
0.504033513421977,0,323,4
0,0,323,4
0.759522569176941,0,323,4
0.504033513421977,0,323,4
0,0,323,4
0.246420519727652,0,323,4
0,0,323,4
0,0,323,4
0,0,323,4
0.246420519727652,1,323,4
0.504033513421977,1,323,4
0,0,323,4
0.504033513421977,1,323,4
0,0,323,4
0.246420519727652,1,323,4
0,0,323,4
0,0,323,4
0,0,323,4
0,0,323,4
0.759522569176941,1,323,4
0.504033513421977,0,323,4
0,0,323,4
0.759522569176941,0,323,4
0,0,323,4
0.504033513421977,1,323,4
0.759522569176941,1,323,5
0,1,323,5
0.504033513421977,1,323,5
0.504033513421977,1,323,5
0,1,323,5
0.504033513421977,1,323,5
0.246420519727652,1,323,5
0.246420519727652,1,323,5
0.504033513421977,1,323,5
0.504033513421977,1,323,5
0.504033513421977,1,323,5
0.504033513421977,1,323,5
0.504033513421977,1,323,5
0.759522569176941,1,323,5
0.759522569176941,1,323,5
0.759522569176941,1,323,5
0,0,323,5
0,0,323,5
0.504033513421977,1,323,5
0.759522569176941,1,323,5
0.246420519727652,1,323,5
0.504033513421977,1,323,5
0,0,323,5
0.504033513421977,1,323,5
0.504033513421977,1,323,5
0.504033513421977,1,323,5
0,0,323,5
0.759522569176941,1,323,5
0.246420519727652,1,323,5
0,0,323,5
0,0,323,5
0.504033513421977,0,323,5
0,0,323,5
0,0,323,5
0.759522569176941,0,323,5
0.504033513421977,0,323,5
0.504033513421977,0,323,5
0.246420519727652,0,323,5
0.246420519727652,0,323,5
0,0,323,5
0.504033513421977,0,323,5
0.504033513421977,0,323,5
0,0,323,5
0,0,323,5
0.759522569176941,0,323,5
0,0,323,5
0,0,323,5
0,0,323,5
0.246420519727652,0,323,5
0,0,323,5
0,0,323,5
0.759522569176941,0,323,5
0,0,323,5
0,0,323,5
0.504033513421977,0,323,5
0.759522569176941,1,323,5
0,0,323,5
0,0,323,5
0.504033513421977,0,323,5
0.246420519727652,0,323,5
0,0,323,5
0.504033513421977,0,323,5
0,0,323,5
0.504033513421977,0,323,5
0,0,323,5
0,0,323,5
0,0,323,5
0.504033513421977,0,323,5
0.759522569176941,0,323,5
0.246420519727652,0,323,5
0,0,323,5
0,0,323,5
0.246420519727652,0,323,5
0.759522569176941,0,323,5
0,0,323,5
0.504033513421977,0,323,5
0,0,323,5
0.504033513421977,1,323,5
0,1,323,5
0.504033513421977,1,323,5
0.504033513421977,1,323,6
0.759522569176941,1,323,6
0.504033513421977,1,323,6
0.504033513421977,1,323,6
0.759522569176941,1,323,6
0.504033513421977,1,323,6
0,1,323,6
0.759522569176941,1,323,6
0.504033513421977,1,323,6
0.246420519727652,1,323,6
0.504033513421977,1,323,6
0.759522569176941,1,323,6
0.504033513421977,1,323,6
0.246420519727652,1,323,6
0,1,323,6
0.504033513421977,1,323,6
0.246420519727652,1,323,6
0.759522569176941,1,323,6
0.759522569176941,1,323,6
0,0,323,6
0.504033513421977,1,323,6
0,0,323,6
0.504033513421977,1,323,6
0.504033513421977,1,323,6
0,0,323,6
0.504033513421977,1,323,6
0,1,323,6
0,0,323,6
0.246420519727652,1,323,6
0.504033513421977,0,323,6
0,0,323,6
0.504033513421977,1,323,6
0.759522569176941,1,323,6
0,0,323,6
0.759522569176941,1,323,6
0.504033513421977,1,323,6
0,0,323,6
0,0,323,6
0.504033513421977,1,323,6
0,0,323,6
0,0,323,6
0.246420519727652,0,323,6
0.504033513421977,0,323,6
0.246420519727652,0,323,6
0,0,323,6
0.504033513421977,0,323,6
0,0,323,6
0,0,323,6
0,0,323,6
0.246420519727652,0,323,6
0,0,323,6
0,0,323,6
0.504033513421977,0,323,6
0,0,323,6
0.504033513421977,0,323,6
0,0,323,6
0.504033513421977,0,323,6
0,0,323,6
0.504033513421977,0,323,6
0.759522569176941,0,323,6
0.246420519727652,0,323,6
0.759522569176941,0,323,6
0,0,323,6
0,0,323,6
0.759522569176941,1,323,6
0.504033513421977,1,323,6
0,0,323,6
0,0,323,6
0,0,323,6
0.246420519727652,1,323,6
0,0,323,6
0,0,323,6
0.759522569176941,1,323,6
0,1,323,6
0,0,323,6
0.246420519727652,1,323,6
0.504033513421977,1,323,6
0,0,323,6
0.504033513421977,1,323,6
0.504033513421977,0,323,6
0.566708659921391,1,324,1
0.566708659921391,1,324,1
0,0,324,1
0.465226386854632,0,324,1
0.662887673720322,1,324,1
0.566708659921391,1,324,1
0.662887673720322,1,324,1
0.566708659921391,1,324,1
0.566708659921391,1,324,1
0.566708659921391,0,324,1
0.465226386854632,1,324,1
0.566708659921391,1,324,1
0,0,324,1
0.662887673720322,0,324,1
0.662887673720322,1,324,1
0.566708659921391,1,324,1
0.566708659921391,1,324,1
0.566708659921391,1,324,1
0,0,324,1
0.465226386854632,1,324,1
0,0,324,1
0.566708659921391,1,324,1
0.566708659921391,0,324,1
0,0,324,1
0,0,324,1
0,0,324,1
0.662887673720322,0,324,1
0.566708659921391,1,324,1
0.465226386854632,1,324,1
0.662887673720322,1,324,1
0.566708659921391,1,324,1
0,0,324,1
0,0,324,1
0.465226386854632,0,324,1
0,0,324,1
0.662887673720322,1,324,1
0.662887673720322,1,324,1
0.566708659921391,1,324,1
0,0,324,1
0.566708659921391,0,324,1
0,1,324,1
0,0,324,1
0,0,324,1
0,0,324,1
0,0,324,1
0.566708659921391,0,324,1
0.465226386854632,0,324,1
0.566708659921391,1,324,1
0,0,324,1
0.465226386854632,1,324,1
0,0,324,1
0.566708659921391,1,324,1
0.566708659921391,1,324,1
0.566708659921391,1,324,1
0,0,324,1
0,0,324,1
0.662887673720322,1,324,1
0,0,324,1
0,0,324,1
0.465226386854632,1,324,1
0.566708659921391,1,324,1
0,0,324,1
0,0,324,1
0.662887673720322,1,324,1
0.566708659921391,1,324,1
0.662887673720322,1,324,1
0,0,324,1
0.566708659921391,1,324,1
0.662887673720322,1,324,1
0,0,324,1
0.465226386854632,1,324,1
0,0,324,1
0,0,324,1
0,1,324,1
0,1,324,1
0.465226386854632,1,324,1
0.566708659921391,0,324,1
0,0,324,1
0,0,324,1
0.566708659921391,0,324,1
0,0,324,2
0.566708659921391,1,324,2
0.465226386854632,1,324,2
0.662887673720322,1,324,2
0.566708659921391,1,324,2
0.662887673720322,1,324,2
0.662887673720322,1,324,2
0,0,324,2
0.566708659921391,1,324,2
0.566708659921391,1,324,2
0.566708659921391,1,324,2
0.465226386854632,0,324,2
0.566708659921391,1,324,2
0.566708659921391,1,324,2
0.662887673720322,1,324,2
0.566708659921391,1,324,2
0,0,324,2
0.566708659921391,1,324,2
0.566708659921391,1,324,2
0.662887673720322,1,324,2
0,0,324,2
0,0,324,2
0.566708659921391,1,324,2
0,0,324,2
0.662887673720322,1,324,2
0.465226386854632,1,324,2
0.566708659921391,1,324,2
0,0,324,2
0,0,324,2
0.566708659921391,1,324,2
0.566708659921391,1,324,2
0.465226386854632,1,324,2
0,0,324,2
0.465226386854632,1,324,2
0.465226386854632,1,324,2
0,0,324,2
0,0,324,2
0,0,324,2
0,0,324,2
0.662887673720322,1,324,2
0,0,324,2
0.566708659921391,1,324,2
0,0,324,2
0.566708659921391,0,324,2
0,0,324,2
0.662887673720322,1,324,2
0.566708659921391,0,324,2
0.566708659921391,1,324,2
0.662887673720322,1,324,2
0,0,324,2
0.566708659921391,1,324,2
0.662887673720322,1,324,2
0,0,324,2
0,0,324,2
0,0,324,2
0.465226386854632,1,324,2
0,0,324,2
0.566708659921391,1,324,2
0.566708659921391,1,324,2
0.566708659921391,1,324,2
0,0,324,2
0.465226386854632,0,324,2
0,0,324,2
0,0,324,2
0.662887673720322,1,324,2
0,0,324,2
0,0,324,2
0.465226386854632,0,324,2
0,0,324,2
0.566708659921391,1,324,2
0.566708659921391,1,324,2
0,0,324,2
0.566708659921391,1,324,2
0.662887673720322,0,324,2
0,0,324,2
0.566708659921391,1,324,2
0,0,324,2
0,0,324,2
0.465226386854632,0,324,2
0,0,324,2
0.566708659921391,0,324,3
0.566708659921391,1,324,3
0.566708659921391,1,324,3
0.566708659921391,1,324,3
0.566708659921391,1,324,3
0.566708659921391,1,324,3
0,0,324,3
0.662887673720322,1,324,3
0.662887673720322,1,324,3
0,1,324,3
0.566708659921391,1,324,3
0.465226386854632,1,324,3
0.465226386854632,1,324,3
0.662887673720322,1,324,3
0.566708659921391,1,324,3
0.662887673720322,1,324,3
0.566708659921391,1,324,3
0,0,324,3
0.662887673720322,1,324,3
0,0,324,3
0,0,324,3
0.566708659921391,0,324,3
0.566708659921391,1,324,3
0.662887673720322,1,324,3
0,0,324,3
0.566708659921391,0,324,3
0,0,324,3
0.566708659921391,1,324,3
0,0,324,3
0.465226386854632,0,324,3
0.465226386854632,0,324,3
0.566708659921391,0,324,3
0,0,324,3
0,0,324,3
0,0,324,3
0.662887673720322,1,324,3
0,0,324,3
0.566708659921391,1,324,3
0,0,324,3
0.465226386854632,1,324,3
0,0,324,3
0,0,324,3
0.566708659921391,1,324,3
0.566708659921391,1,324,3
0.465226386854632,0,324,3
0,0,324,3
0.662887673720322,0,324,3
0.566708659921391,1,324,3
0,0,324,3
0,0,324,3
0.566708659921391,1,324,3
0.465226386854632,1,324,3
0.566708659921391,1,324,3
0.662887673720322,1,324,3
0,0,324,3
0.465226386854632,1,324,3
0.566708659921391,1,324,3
0,0,324,3
0.566708659921391,1,324,3
0.662887673720322,1,324,3
0,0,324,3
0,0,324,3
0,0,324,3
0,0,324,3
0,0,324,3
0.566708659921391,0,324,3
0.662887673720322,0,324,3
0,0,324,3
0,0,324,3
0,0,324,3
0.662887673720322,0,324,3
0.566708659921391,0,324,3
0.465226386854632,0,324,3
0.566708659921391,1,324,3
0,0,324,3
0.566708659921391,1,324,3
0,0,324,3
0,0,324,3
0.465226386854632,1,324,3
0,0,324,3
0,1,324,4
0.218931550111801,0,324,4
0.544262601905623,1,324,4
0.835749173896072,1,324,4
0.544262601905623,1,324,4
0,1,324,4
0.835749173896072,1,324,4
0.218931550111801,1,324,4
0.544262601905623,1,324,4
0.835749173896072,1,324,4
0.544262601905623,1,324,4
0.544262601905623,1,324,4
0.544262601905623,0,324,4
0.544262601905623,1,324,4
0.835749173896072,1,324,4
0.544262601905623,1,324,4
0.544262601905623,1,324,4
0,1,324,4
0.835749173896072,1,324,4
0.218931550111801,0,324,4
0.544262601905623,1,324,4
0,1,324,4
0,1,324,4
0.544262601905623,1,324,4
0.544262601905623,1,324,4
0.218931550111801,1,324,4
0,1,324,4
0,1,324,4
0,1,324,4
0.835749173896072,1,324,4
0.544262601905623,1,324,4
0.544262601905623,1,324,4
0,1,324,4
0,1,324,4
0,1,324,4
0.544262601905623,1,324,4
0.544262601905623,1,324,4
0,1,324,4
0,1,324,4
0.218931550111801,1,324,4
0,1,324,4
0,1,324,4
0.835749173896072,1,324,4
0.544262601905623,1,324,4
0.835749173896072,1,324,4
0.544262601905623,1,324,4
0.218931550111801,1,324,4
0,1,324,4
0.835749173896072,1,324,4
0.218931550111801,1,324,4
0,0,324,4
0.544262601905623,1,324,4
0,1,324,4
0.544262601905623,1,324,4
0,1,324,4
0,1,324,4
0.835749173896072,1,324,4
0.218931550111801,1,324,4
0.544262601905623,1,324,4
0,1,324,4
0.544262601905623,1,324,4
0,0,324,4
0,1,324,4
0,1,324,4
0.218931550111801,0,324,4
0.544262601905623,1,324,4
0.218931550111801,1,324,4
0.835749173896072,1,324,4
0,1,324,4
0.544262601905623,1,324,4
0,0,324,4
0,1,324,4
0,1,324,4
0,1,324,4
0.835749173896072,1,324,4
0,1,324,4
0,0,324,4
0.544262601905623,1,324,4
0,0,324,4
0.544262601905623,1,324,4
0.544262601905623,1,324,5
0.544262601905623,1,324,5
0.544262601905623,1,324,5
0,1,324,5
0.544262601905623,1,324,5
0.835749173896072,1,324,5
0.218931550111801,1,324,5
0,1,324,5
0.544262601905623,1,324,5
0.218931550111801,1,324,5
0.835749173896072,1,324,5
0.544262601905623,1,324,5
0.835749173896072,1,324,5
0.835749173896072,1,324,5
0.544262601905623,1,324,5
0.544262601905623,1,324,5
0.835749173896072,1,324,5
0.544262601905623,1,324,5
0,0,324,5
0.544262601905623,1,324,5
0.835749173896072,1,324,5
0.544262601905623,1,324,5
0,1,324,5
0.218931550111801,1,324,5
0,1,324,5
0,1,324,5
0.544262601905623,1,324,5
0.544262601905623,1,324,5
0.544262601905623,1,324,5
0,0,324,5
0.218931550111801,1,324,5
0,1,324,5
0.544262601905623,1,324,5
0.218931550111801,1,324,5
0,1,324,5
0,1,324,5
0.835749173896072,1,324,5
0.544262601905623,1,324,5
0,0,324,5
0,0,324,5
0,1,324,5
0,0,324,5
0.218931550111801,1,324,5
0.544262601905623,1,324,5
0,0,324,5
0,1,324,5
0.544262601905623,1,324,5
0.835749173896072,1,324,5
0,0,324,5
0,0,324,5
0,1,324,5
0,1,324,5
0,1,324,5
0.544262601905623,1,324,5
0,1,324,5
0.544262601905623,1,324,5
0.544262601905623,1,324,5
0.218931550111801,1,324,5
0,1,324,5
0.835749173896072,1,324,5
0.544262601905623,1,324,5
0.218931550111801,1,324,5
0.835749173896072,1,324,5
0,0,324,5
0,0,324,5
0,1,324,5
0.218931550111801,1,324,5
0.835749173896072,1,324,5
0,0,324,5
0,1,324,5
0,0,324,5
0,0,324,5
0.544262601905623,1,324,5
0.218931550111801,1,324,5
0.835749173896072,1,324,5
0.544262601905623,0,324,5
0.544262601905623,1,324,5
0,1,324,5
0.544262601905623,1,324,5
0,1,324,5
0.544262601905623,1,324,6
0.218931550111801,1,324,6
0.544262601905623,1,324,6
0,0,324,6
0.544262601905623,1,324,6
0.835749173896072,1,324,6
0.544262601905623,1,324,6
0.544262601905623,1,324,6
0.544262601905623,1,324,6
0,1,324,6
0.835749173896072,1,324,6
0.835749173896072,1,324,6
0.835749173896072,1,324,6
0.218931550111801,1,324,6
0.544262601905623,1,324,6
0.544262601905623,1,324,6
0.218931550111801,1,324,6
0,0,324,6
0.544262601905623,1,324,6
0.544262601905623,1,324,6
0.835749173896072,1,324,6
0,0,324,6
0.835749173896072,1,324,6
0,1,324,6
0.218931550111801,1,324,6
0,1,324,6
0,1,324,6
0.544262601905623,1,324,6
0.544262601905623,1,324,6
0.544262601905623,1,324,6
0.544262601905623,1,324,6
0,0,324,6
0,1,324,6
0.544262601905623,1,324,6
0,1,324,6
0.544262601905623,1,324,6
0.218931550111801,1,324,6
0,1,324,6
0.835749173896072,1,324,6
0,1,324,6
0,1,324,6
0.544262601905623,1,324,6
0,1,324,6
0.544262601905623,1,324,6
0,1,324,6
0.218931550111801,1,324,6
0,1,324,6
0.835749173896072,1,324,6
0,0,324,6
0.218931550111801,1,324,6
0,1,324,6
0,1,324,6
0,1,324,6
0.835749173896072,1,324,6
0,0,324,6
0.835749173896072,1,324,6
0,1,324,6
0.544262601905623,1,324,6
0.218931550111801,1,324,6
0.544262601905623,1,324,6
0.544262601905623,1,324,6
0,1,324,6
0,1,324,6
0.544262601905623,1,324,6
0,0,324,6
0.835749173896072,1,324,6
0.544262601905623,1,324,6
0.218931550111801,1,324,6
0.835749173896072,1,324,6
0.544262601905623,1,324,6
0.218931550111801,1,324,6
0,0,324,6
0.544262601905623,1,324,6
0,1,324,6
0,0,324,6
0,1,324,6
0,1,324,6
0.544262601905623,1,324,6
0,1,324,6
0,1,324,6
0.098600451836505,0,401,1
0.467686735683075,0,401,1
0.467686735683075,0,401,1
0.467686735683075,1,401,1
0.875882782938309,1,401,1
0.098600451836505,1,401,1
0.467686735683075,1,401,1
0.467686735683075,1,401,1
0.875882782938309,1,401,1
0.467686735683075,1,401,1
0.098600451836505,1,401,1
0,0,401,1
0,0,401,1
0.467686735683075,1,401,1
0.098600451836505,0,401,1
0.467686735683075,0,401,1
0.875882782938309,1,401,1
0,0,401,1
0.098600451836505,1,401,1
0,0,401,1
0.467686735683075,1,401,1
0.467686735683075,1,401,1
0,0,401,1
0.467686735683075,1,401,1
0.467686735683075,1,401,1
0,0,401,1
0,0,401,1
0.098600451836505,0,401,1
0,0,401,1
0.875882782938309,1,401,1
0.467686735683075,1,401,1
0.467686735683075,1,401,1
0,0,401,1
0.098600451836505,0,401,1
0.098600451836505,0,401,1
0,0,401,1
0.467686735683075,1,401,1
0.467686735683075,1,401,1
0,0,401,1
0.467686735683075,1,401,1
0.875882782938309,1,401,1
0,0,401,1
0,0,401,1
0,0,401,1
0,0,401,1
0,0,401,1
0.875882782938309,1,401,1
0.467686735683075,1,401,1
0,0,401,1
0.467686735683075,1,401,1
0,1,401,1
0.467686735683075,1,401,1
0.467686735683075,1,401,1
0.467686735683075,1,401,1
0,0,401,1
0,0,401,1
0.875882782938309,1,401,1
0,0,401,1
0,0,401,1
0,0,401,1
0.875882782938309,1,401,1
0.098600451836505,1,401,1
0.098600451836505,1,401,1
0,1,401,1
0.098600451836505,0,401,1
0.467686735683075,1,401,1
0,0,401,1
0,0,401,1
0.098600451836505,1,401,1
0.467686735683075,1,401,1
0,0,401,1
0,1,401,1
0.875882782938309,1,401,1
0.875882782938309,1,401,1
0,1,401,1
0.467686735683075,1,401,1
0,0,401,1
0.467686735683075,1,401,1
0,0,401,1
0,0,401,1
0.459440669680973,0,401,2
0.459440669680973,1,401,2
0.629694207511469,1,401,2
0.629694207511469,1,401,2
0.772837811157774,1,401,2
0,0,401,2
0.629694207511469,1,401,2
0.772837811157774,1,401,2
0.629694207511469,1,401,2
0.629694207511469,1,401,2
0.459440669680973,1,401,2
0.629694207511469,1,401,2
0.629694207511469,1,401,2
0.459440669680973,1,401,2
0,0,401,2
0.629694207511469,1,401,2
0.629694207511469,1,401,2
0.459440669680973,1,401,2
0.629694207511469,1,401,2
0.459440669680973,1,401,2
0,0,401,2
0.772837811157774,1,401,2
0,0,401,2
0.629694207511469,1,401,2
0,1,401,2
0,0,401,2
0.772837811157774,1,401,2
0,1,401,2
0,0,401,2
0.629694207511469,1,401,2
0.629694207511469,1,401,2
0.629694207511469,1,401,2
0,0,401,2
0,0,401,2
0.772837811157774,0,401,2
0.629694207511469,1,401,2
0,0,401,2
0.629694207511469,1,401,2
0.459440669680973,1,401,2
0.629694207511469,1,401,2
0.459440669680973,1,401,2
0,0,401,2
0,0,401,2
0.629694207511469,1,401,2
0,1,401,2
0,0,401,2
0,0,401,2
0.772837811157774,1,401,2
0,1,401,2
0.629694207511469,1,401,2
0.772837811157774,1,401,2
0,1,401,2
0,0,401,2
0,0,401,2
0,0,401,2
0.459440669680973,0,401,2
0.629694207511469,1,401,2
0.629694207511469,1,401,2
0.772837811157774,1,401,2
0.629694207511469,1,401,2
0,0,401,2
0.459440669680973,1,401,2
0,0,401,2
0,0,401,2
0.772837811157774,1,401,2
0.629694207511469,1,401,2
0.459440669680973,1,401,2
0,0,401,2
0.772837811157774,1,401,2
0,0,401,2
0,0,401,2
0,0,401,2
0,0,401,2
0.629694207511469,0,401,2
0,0,401,2
0.629694207511469,0,401,2
0,0,401,2
0.459440669680973,0,401,2
0.629694207511469,1,401,2
0,0,401,2
0.444403892472478,0,401,3
0.70105471689326,0,401,3
0.444403892472478,0,401,3
0.70105471689326,0,401,3
0.444403892472478,1,401,3
0.444403892472478,1,401,3
0.214343305765242,1,401,3
0,1,401,3
0.444403892472478,1,401,3
0.444403892472478,1,401,3
0.214343305765242,1,401,3
0.214343305765242,1,401,3
0.214343305765242,1,401,3
0.444403892472478,1,401,3
0.444403892472478,1,401,3
0,1,401,3
0,1,401,3
0.444403892472478,1,401,3
0,1,401,3
0.444403892472478,1,401,3
0.70105471689326,1,401,3
0.444403892472478,1,401,3
0.444403892472478,1,401,3
0.70105471689326,1,401,3
0,1,401,3
0.444403892472478,1,401,3
0,0,401,3
0.444403892472478,1,401,3
0,1,401,3
0.214343305765242,1,401,3
0.214343305765242,1,401,3
0,1,401,3
0.444403892472478,0,401,3
0,1,401,3
0.214343305765242,1,401,3
0,1,401,3
0.214343305765242,1,401,3
0,1,401,3
0,1,401,3
0,1,401,3
0.70105471689326,1,401,3
0.444403892472478,1,401,3
0,1,401,3
0.70105471689326,1,401,3
0,1,401,3
0.444403892472478,1,401,3
0.444403892472478,1,401,3
0,1,401,3
0,1,401,3
0,1,401,3
0,1,401,3
0,1,401,3
0.70105471689326,1,401,3
0,0,401,3
0.444403892472478,1,401,3
0.444403892472478,1,401,3
0,1,401,3
0.70105471689326,1,401,3
0,1,401,3
0.214343305765242,1,401,3
0.444403892472478,1,401,3
0,1,401,3
0.214343305765242,1,401,3
0.444403892472478,1,401,3
0,0,401,3
0.444403892472478,1,401,3
0.70105471689326,1,401,3
0,1,401,3
0,1,401,3
0,1,401,3
0,1,401,3
0,1,401,3
0.70105471689326,1,401,3
0.444403892472478,1,401,3
0.214343305765242,1,401,3
0,1,401,3
0.214343305765242,1,401,3
0,1,401,3
0.444403892472478,1,401,3
0.444403892472478,1,401,3
0.395983832526717,0,401,4
0.107356092581891,1,401,4
0.781355191247513,1,401,4
0.395983832526717,1,401,4
0.107356092581891,1,401,4
0,1,401,4
0.107356092581891,1,401,4
0.395983832526717,0,401,4
0.395983832526717,1,401,4
0.107356092581891,1,401,4
0.395983832526717,1,401,4
0,1,401,4
0.395983832526717,1,401,4
0.781355191247513,1,401,4
0.395983832526717,1,401,4
0.395983832526717,1,401,4
0.395983832526717,1,401,4
0.395983832526717,1,401,4
0.781355191247513,1,401,4
0.395983832526717,1,401,4
0,0,401,4
0.107356092581891,0,401,4
0.395983832526717,0,401,4
0,0,401,4
0.395983832526717,0,401,4
0,0,401,4
0.781355191247513,0,401,4
0.107356092581891,0,401,4
0,0,401,4
0,0,401,4
0,0,401,4
0.395983832526717,0,401,4
0.395983832526717,1,401,4
0,0,401,4
0.395983832526717,1,401,4
0,0,401,4
0.781355191247513,1,401,4
0.107356092581891,1,401,4
0,0,401,4
0,0,401,4
0,0,401,4
0,1,401,4
0,0,401,4
0.395983832526717,0,401,4
0.107356092581891,0,401,4
0.395983832526717,1,401,4
0.781355191247513,1,401,4
0,0,401,4
0,0,401,4
0.781355191247513,1,401,4
0,0,401,4
0.395983832526717,1,401,4
0,0,401,4
0,1,401,4
0,0,401,4
0.107356092581891,0,401,4
0.107356092581891,0,401,4
0.395983832526717,0,401,4
0,0,401,4
0.395983832526717,0,401,4
0,0,401,4
0.781355191247513,1,401,4
0,0,401,4
0.395983832526717,0,401,4
0,0,401,4
0,0,401,4
0,0,401,4
0.395983832526717,0,401,4
0,0,401,4
0.107356092581891,0,401,4
0.395983832526717,0,401,4
0.395983832526717,0,401,4
0.781355191247513,0,401,4
0,0,401,4
0,0,401,4
0.781355191247513,1,401,4
0,0,401,4
0,1,401,4
0.107356092581891,1,401,4
0.395983832526717,1,401,4
0.574124027596538,1,401,5
0.574124027596538,1,401,5
0,0,401,5
0.444290878467862,0,401,5
0.574124027596538,1,401,5
0,0,401,5
0.694482540428173,1,401,5
0.574124027596538,1,401,5
0.444290878467862,0,401,5
0.574124027596538,1,401,5
0.574124027596538,1,401,5
0.444290878467862,1,401,5
0.694482540428173,1,401,5
0.574124027596538,1,401,5
0.574124027596538,1,401,5
0.444290878467862,1,401,5
0.574124027596538,1,401,5
0.444290878467862,1,401,5
0,1,401,5
0,0,401,5
0,0,401,5
0,0,401,5
0.694482540428173,0,401,5
0.574124027596538,1,401,5
0.444290878467862,1,401,5
0,0,401,5
0.574124027596538,0,401,5
0.574124027596538,0,401,5
0.574124027596538,1,401,5
0,0,401,5
0.574124027596538,1,401,5
0.694482540428173,1,401,5
0.574124027596538,1,401,5
0.444290878467862,1,401,5
0.574124027596538,1,401,5
0,0,401,5
0,0,401,5
0.574124027596538,0,401,5
0,1,401,5
0.574124027596538,1,401,5
0.694482540428173,1,401,5
0,0,401,5
0,1,401,5
0,0,401,5
0,0,401,5
0,0,401,5
0.444290878467862,1,401,5
0.694482540428173,1,401,5
0.574124027596538,1,401,5
0.444290878467862,1,401,5
0,0,401,5
0,0,401,5
0.444290878467862,1,401,5
0,0,401,5
0.574124027596538,0,401,5
0.574124027596538,1,401,5
0.694482540428173,1,401,5
0,1,401,5
0,0,401,5
0,0,401,5
0.574124027596538,0,401,5
0,0,401,5
0.694482540428173,1,401,5
0,0,401,5
0.444290878467862,1,401,5
0,0,401,5
0,0,401,5
0,0,401,5
0,0,401,5
0.444290878467862,1,401,5
0.574124027596538,1,401,5
0.694482540428173,1,401,5
0,1,401,5
0.694482540428173,1,401,5
0.574124027596538,1,401,5
0,0,401,5
0.574124027596538,0,401,5
0.574124027596538,0,401,5
0,0,401,5
0,0,401,5
0.293602152012839,0,401,6
0.431085669138669,0,401,6
0,0,401,6
0.293602152012839,0,401,6
0.431085669138669,0,401,6
0.431085669138669,0,401,6
0.431085669138669,0,401,6
0.431085669138669,0,401,6
0.293602152012839,0,401,6
0.580081247589458,0,401,6
0.580081247589458,0,401,6
0,1,401,6
0.431085669138669,0,401,6
0.293602152012839,0,401,6
0.431085669138669,1,401,6
0.431085669138669,0,401,6
0.431085669138669,0,401,6
0,0,401,6
0.293602152012839,0,401,6
0,0,401,6
0.431085669138669,0,401,6
0.431085669138669,0,401,6
0.580081247589458,0,401,6
0.431085669138669,0,401,6
0,0,401,6
0,0,401,6
0.431085669138669,0,401,6
0,0,401,6
0.431085669138669,0,401,6
0,0,401,6
0.293602152012839,0,401,6
0.580081247589458,0,401,6
0,0,401,6
0,0,401,6
0,0,401,6
0.431085669138669,0,401,6
0.293602152012839,0,401,6
0.431085669138669,0,401,6
0,0,401,6
0.431085669138669,1,401,6
0.580081247589458,1,401,6
0,0,401,6
0.431085669138669,0,401,6
0.580081247589458,0,401,6
0,1,401,6
0,1,401,6
0,1,401,6
0.293602152012839,1,401,6
0,1,401,6
0.293602152012839,1,401,6
0,1,401,6
0.580081247589458,1,401,6
0,1,401,6
0.580081247589458,1,401,6
0,1,401,6
0.431085669138669,1,401,6
0,1,401,6
0.431085669138669,1,401,6
0.431085669138669,1,401,6
0.431085669138669,1,401,6
0,0,401,6
0.293602152012839,1,401,6
0,1,401,6
0,1,401,6
0.580081247589458,1,401,6
0,1,401,6
0,1,401,6
0,1,401,6
0,0,401,6
0.431085669138669,1,401,6
0.293602152012839,1,401,6
0,1,401,6
0.431085669138669,1,401,6
0,1,401,6
0,1,401,6
0.580081247589458,1,401,6
0.431085669138669,0,401,6
0.431085669138669,1,401,6
0.293602152012839,1,401,6
0,1,401,6
0.117399367089592,1,402,1
0.117399367089592,0,402,1
0.766498870103867,1,402,1
0.397876122297588,1,402,1
0.397876122297588,1,402,1
0.397876122297588,0,402,1
0.117399367089592,1,402,1
0.766498870103867,1,402,1
0.397876122297588,1,402,1
0.397876122297588,1,402,1
0,0,402,1
0.117399367089592,0,402,1
0.397876122297588,0,402,1
0.397876122297588,1,402,1
0.397876122297588,1,402,1
0,0,402,1
0,1,402,1
0.397876122297588,0,402,1
0.766498870103867,1,402,1
0.397876122297588,1,402,1
0,1,402,1
0.397876122297588,1,402,1
0,1,402,1
0,0,402,1
0,0,402,1
0,0,402,1
0.117399367089592,1,402,1
0.397876122297588,1,402,1
0.397876122297588,1,402,1
0.766498870103867,1,402,1
0.397876122297588,1,402,1
0.117399367089592,1,402,1
0,0,402,1
0.397876122297588,1,402,1
0,1,402,1
0.397876122297588,1,402,1
0,1,402,1
0,1,402,1
0.117399367089592,1,402,1
0,1,402,1
0,1,402,1
0.766498870103867,1,402,1
0,1,402,1
0.397876122297588,1,402,1
0.117399367089592,1,402,1
0.766498870103867,1,402,1
0.397876122297588,1,402,1
0,0,402,1
0.117399367089592,0,402,1
0.397876122297588,1,402,1
0.397876122297588,1,402,1
0,0,402,1
0,0,402,1
0,0,402,1
0,0,402,1
0,0,402,1
0.397876122297588,0,402,1
0.117399367089592,1,402,1
0.766498870103867,1,402,1
0.397876122297588,1,402,1
0.766498870103867,1,402,1
0,1,402,1
0,1,402,1
0,0,402,1
0.397876122297588,1,402,1
0.766498870103867,1,402,1
0,1,402,1
0.766498870103867,1,402,1
0.117399367089592,1,402,1
0,0,402,1
0,0,402,1
0,0,402,1
0.397876122297588,0,402,1
0,1,402,1
0,0,402,1
0.397876122297588,1,402,1
0.397876122297588,1,402,1
0,1,402,1
0.117399367089592,1,402,1
0,1,402,1
0.780091687365232,1,402,2
0.593661036957745,1,402,2
0.593661036957745,1,402,2
0.593661036957745,1,402,2
0.780091687365232,1,402,2
0.593661036957745,1,402,2
0.593661036957745,1,402,2
0.375672074845788,1,402,2
0.375672074845788,1,402,2
0,1,402,2
0.593661036957745,1,402,2
0.375672074845788,1,402,2
0.375672074845788,1,402,2
0.593661036957745,1,402,2
0.593661036957745,1,402,2
0,0,402,2
0.780091687365232,1,402,2
0.375672074845788,1,402,2
0,0,402,2
0.593661036957745,1,402,2
0.593661036957745,1,402,2
0,0,402,2
0.593661036957745,1,402,2
0.593661036957745,1,402,2
0,0,402,2
0,0,402,2
0.593661036957745,1,402,2
0,0,402,2
0.375672074845788,1,402,2
0,0,402,2
0.593661036957745,1,402,2
0.780091687365232,1,402,2
0.593661036957745,1,402,2
0.593661036957745,1,402,2
0,0,402,2
0,0,402,2
0,1,402,2
0,1,402,2
0.780091687365232,1,402,2
0.375672074845788,1,402,2
0,0,402,2
0.593661036957745,1,402,2
0,0,402,2
0.593661036957745,1,402,2
0.375672074845788,1,402,2
0,0,402,2
0,0,402,2
0.780091687365232,1,402,2
0,0,402,2
0,0,402,2
0.593661036957745,1,402,2
0,0,402,2
0.593661036957745,1,402,2
0,0,402,2
0,0,402,2
0,0,402,2
0.780091687365232,1,402,2
0.375672074845788,1,402,2
0.593661036957745,1,402,2
0.780091687365232,1,402,2
0.593661036957745,1,402,2
0,0,402,2
0.375672074845788,1,402,2
0,0,402,2
0,0,402,2
0.780091687365232,1,402,2
0,0,402,2
0.593661036957745,1,402,2
0.593661036957745,1,402,2
0.375672074845788,1,402,2
0,0,402,2
0.593661036957745,1,402,2
0.375672074845788,1,402,2
0,0,402,2
0.593661036957745,1,402,2
0,0,402,2
0,0,402,2
0,0,402,2
0.780091687365232,1,402,2
0,0,402,2
0.508724299598681,1,402,3
0,0,402,3
0.508724299598681,1,402,3
0.196852732001006,1,402,3
0.508724299598681,1,402,3
0.508724299598681,1,402,3
0.813950029587156,1,402,3
0.196852732001006,1,402,3
0.196852732001006,1,402,3
0.196852732001006,1,402,3
0.508724299598681,1,402,3
0.508724299598681,1,402,3
0.508724299598681,1,402,3
0,1,402,3
0.508724299598681,1,402,3
0.813950029587156,1,402,3
0,1,402,3
0.813950029587156,1,402,3
0,0,402,3
0.508724299598681,1,402,3
0.196852732001006,1,402,3
0,0,402,3
0,0,402,3
0.813950029587156,1,402,3
0.508724299598681,1,402,3
0,0,402,3
0.196852732001006,1,402,3
0.508724299598681,1,402,3
0,0,402,3
0.508724299598681,1,402,3
0.508724299598681,1,402,3
0.508724299598681,1,402,3
0,0,402,3
0,0,402,3
0,0,402,3
0.813950029587156,1,402,3
0,0,402,3
0,0,402,3
0.508724299598681,1,402,3
0.508724299598681,1,402,3
0,0,402,3
0.813950029587156,1,402,3
0.196852732001006,1,402,3
0.508724299598681,1,402,3
0,0,402,3
0,0,402,3
0.196852732001006,1,402,3
0.508724299598681,1,402,3
0.508724299598681,1,402,3
0,0,402,3
0,0,402,3
0,1,402,3
0.508724299598681,1,402,3
0,1,402,3
0.813950029587156,1,402,3
0.196852732001006,1,402,3
0.813950029587156,1,402,3
0.508724299598681,1,402,3
0,0,402,3
0.196852732001006,1,402,3
0.508724299598681,1,402,3
0,0,402,3
0,0,402,3
0,0,402,3
0,0,402,3
0.813950029587156,1,402,3
0.508724299598681,1,402,3
0.508724299598681,1,402,3
0.813950029587156,1,402,3
0,0,402,3
0,0,402,3
0,0,402,3
0,1,402,3
0,0,402,3
0,0,402,3
0.508724299598681,1,402,3
0.196852732001006,1,402,3
0.196852732001006,0,402,3
0,0,402,3
0.508724299598681,1,402,3
0.314580279732045,1,402,4
0.469313665321929,1,402,4
0,0,402,4
0.389159655678474,1,402,4
0.314580279732045,1,402,4
0.389159655678474,1,402,4
0.314580279732045,1,402,4
0.389159655678474,1,402,4
0.389159655678474,1,402,4
0.389159655678474,1,402,4
0.469313665321929,1,402,4
0.389159655678474,1,402,4
0,0,402,4
0.389159655678474,1,402,4
0.389159655678474,1,402,4
0.314580279732045,1,402,4
0,0,402,4
0,0,402,4
0.389159655678474,1,402,4
0,0,402,4
0.389159655678474,1,402,4
0.469313665321929,1,402,4
0,0,402,4
0.469313665321929,1,402,4
0.389159655678474,1,402,4
0.389159655678474,1,402,4
0,0,402,4
0.389159655678474,1,402,4
0.389159655678474,1,402,4
0,0,402,4
0.314580279732045,1,402,4
0.314580279732045,1,402,4
0.314580279732045,1,402,4
0,0,402,4
0,0,402,4
0.389159655678474,1,402,4
0.469313665321929,1,402,4
0.389159655678474,1,402,4
0,0,402,4
0.469313665321929,0,402,4
0.389159655678474,1,402,4
0,0,402,4
0.389159655678474,1,402,4
0.314580279732045,1,402,4
0,0,402,4
0,0,402,4
0,0,402,4
0,0,402,4
0.389159655678474,1,402,4
0,0,402,4
0.314580279732045,0,402,4
0,0,402,4
0,0,402,4
0.389159655678474,1,402,4
0,0,402,4
0,0,402,4
0.389159655678474,1,402,4
0.314580279732045,1,402,4
0.469313665321929,1,402,4
0,0,402,4
0.469313665321929,1,402,4
0,0,402,4
0.389159655678474,1,402,4
0,0,402,4
0.314580279732045,0,402,4
0.389159655678474,1,402,4
0,0,402,4
0,0,402,4
0,0,402,4
0.469313665321929,1,402,4
0.469313665321929,1,402,4
0,0,402,4
0.389159655678474,1,402,4
0.314580279732045,1,402,4
0,0,402,4
0.389159655678474,1,402,4
0.389159655678474,1,402,4
0,0,402,4
0,0,402,4
0,0,402,4
0.535256910774612,1,402,5
0.0521820169641158,1,402,5
0.535256910774612,1,402,5
0.960149295858841,1,402,5
0,0,402,5
0.535256910774612,1,402,5
0.535256910774612,1,402,5
0.0521820169641158,1,402,5
0.960149295858841,1,402,5
0.535256910774612,1,402,5
0.0521820169641158,1,402,5
0.535256910774612,1,402,5
0.0521820169641158,1,402,5
0.535256910774612,1,402,5
0,0,402,5
0.535256910774612,1,402,5
0.535256910774612,1,402,5
0.535256910774612,1,402,5
0.960149295858841,1,402,5
0.535256910774612,1,402,5
0,0,402,5
0.960149295858841,1,402,5
0.0521820169641158,1,402,5
0.0521820169641158,1,402,5
0,0,402,5
0.535256910774612,1,402,5
0.535256910774612,1,402,5
0.535256910774612,1,402,5
0,0,402,5
0,0,402,5
0,0,402,5
0,0,402,5
0.535256910774612,1,402,5
0.535256910774612,1,402,5
0,0,402,5
0,0,402,5
0.0521820169641158,0,402,5
0.535256910774612,1,402,5
0.960149295858841,1,402,5
0.535256910774612,1,402,5
0.960149295858841,1,402,5
0.0521820169641158,1,402,5
0,0,402,5
0,0,402,5
0,0,402,5
0,0,402,5
0,0,402,5
0,0,402,5
0,0,402,5
0,0,402,5
0.0521820169641158,0,402,5
0,0,402,5
0.0521820169641158,0,402,5
0,0,402,5
0.535256910774612,1,402,5
0.960149295858841,1,402,5
0.535256910774612,1,402,5
0.535256910774612,1,402,5
0.535256910774612,1,402,5
0,0,402,5
0,0,402,5
0,0,402,5
0,0,402,5
0.960149295858841,1,402,5
0,0,402,5
0.960149295858841,1,402,5
0,0,402,5
0.535256910774612,1,402,5
0.960149295858841,1,402,5
0,0,402,5
0.535256910774612,1,402,5
0.535256910774612,1,402,5
0,0,402,5
0,0,402,5
0,0,402,5
0.0521820169641158,1,402,5
0.0521820169641158,1,402,5
0,0,402,5
0.535256910774612,1,402,5
0,0,402,5
0.0447915858140565,0,402,6
0.547517132955335,0,402,6
0.547517132955335,1,402,6
0.968967527861312,1,402,6
0.968967527861312,1,402,6
0.547517132955335,1,402,6
0.547517132955335,1,402,6
0.547517132955335,1,402,6
0.0447915858140565,1,402,6
0.547517132955335,1,402,6
0.0447915858140565,1,402,6
0,0,402,6
0.0447915858140565,0,402,6
0.547517132955335,1,402,6
0.547517132955335,1,402,6
0,0,402,6
0.547517132955335,1,402,6
0.547517132955335,1,402,6
0.547517132955335,1,402,6
0.547517132955335,1,402,6
0,0,402,6
0.968967527861312,1,402,6
0,0,402,6
0,0,402,6
0.547517132955335,1,402,6
0.968967527861312,1,402,6
0,0,402,6
0.547517132955335,0,402,6
0.0447915858140565,1,402,6
0.0447915858140565,0,402,6
0,0,402,6
0,0,402,6
0,0,402,6
0,0,402,6
0.547517132955335,1,402,6
0,0,402,6
0.547517132955335,1,402,6
0.547517132955335,1,402,6
0.968967527861312,1,402,6
0,1,402,6
0,0,402,6
0.0447915858140565,0,402,6
0.547517132955335,1,402,6
0,0,402,6
0.0447915858140565,1,402,6
0.968967527861312,1,402,6
0,0,402,6
0,0,402,6
0,0,402,6
0.968967527861312,1,402,6
0,0,402,6
0,0,402,6
0.547517132955335,1,402,6
0,0,402,6
0,0,402,6
0.547517132955335,1,402,6
0.547517132955335,1,402,6
0,0,402,6
0,0,402,6
0.0447915858140565,0,402,6
0,0,402,6
0.547517132955335,1,402,6
0.968967527861312,1,402,6
0.0447915858140565,1,402,6
0,0,402,6
0.547517132955335,1,402,6
0,0,402,6
0.0447915858140565,0,402,6
0,0,402,6
0.547517132955335,1,402,6
0.547517132955335,1,402,6
0,0,402,6
0,0,402,6
0.547517132955335,1,402,6
0.968967527861312,1,402,6
0.968967527861312,1,402,6
0,0,402,6
0,0,402,6
0.0447915858140565,1,402,6
0,0,402,6
0.151147974381555,1,403,1
0.414681255452612,1,403,1
0.738141791671949,1,403,1
0.738141791671949,1,403,1
0,0,403,1
0.151147974381555,0,403,1
0.414681255452612,0,403,1
0.414681255452612,0,403,1
0.151147974381555,1,403,1
0.414681255452612,1,403,1
0.414681255452612,1,403,1
0.414681255452612,0,403,1
0.151147974381555,1,403,1
0.414681255452612,1,403,1
0.414681255452612,1,403,1
0,0,403,1
0.414681255452612,1,403,1
0.414681255452612,1,403,1
0.414681255452612,1,403,1
0,0,403,1
0.151147974381555,1,403,1
0.414681255452612,0,403,1
0.738141791671949,1,403,1
0.151147974381555,0,403,1
0.414681255452612,1,403,1
0,0,403,1
0.738141791671949,1,403,1
0,0,403,1
0,0,403,1
0.414681255452612,0,403,1
0,0,403,1
0,0,403,1
0.151147974381555,1,403,1
0,0,403,1
0,0,403,1
0,0,403,1
0.414681255452612,1,403,1
0.151147974381555,0,403,1
0,0,403,1
0.414681255452612,1,403,1
0,0,403,1
0.738141791671949,1,403,1
0,0,403,1
0.738141791671949,1,403,1
0,0,403,1
0.414681255452612,1,403,1
0,0,403,1
0.414681255452612,1,403,1
0.414681255452612,0,403,1
0.151147974381555,1,403,1
0,0,403,1
0,0,403,1
0,0,403,1
0.414681255452612,1,403,1
0.738141791671949,1,403,1
0.738141791671949,1,403,1
0.151147974381555,1,403,1
0,0,403,1
0,0,403,1
0,0,403,1
0,0,403,1
0.414681255452612,1,403,1
0,0,403,1
0.414681255452612,1,403,1
0.414681255452612,1,403,1
0,0,403,1
0,0,403,1
0,0,403,1
0.414681255452612,1,403,1
0.414681255452612,0,403,1
0,0,403,1
0,0,403,1
0,0,403,1
0.738141791671949,1,403,1
0.414681255452612,1,403,1
0,0,403,1
0.151147974381555,0,403,1
0.151147974381555,1,403,1
0,0,403,1
0.738141791671949,1,403,1
0.397912426043441,1,403,2
0.397912426043441,1,403,2
0,0,403,2
0.397912426043441,1,403,2
0.0851114523759281,1,403,2
0,0,403,2
0.397912426043441,0,403,2
0.824407464129444,1,403,2
0.397912426043441,1,403,2
0.0851114523759281,1,403,2
0.397912426043441,1,403,2
0.397912426043441,1,403,2
0.824407464129444,1,403,2
0.0851114523759281,1,403,2
0.397912426043441,1,403,2
0.0851114523759281,1,403,2
0.824407464129444,1,403,2
0,0,403,2
0.397912426043441,1,403,2
0,0,403,2
0.397912426043441,1,403,2
0,0,403,2
0.0851114523759281,1,403,2
0.824407464129444,1,403,2
0.397912426043441,1,403,2
0.397912426043441,1,403,2
0.0851114523759281,1,403,2
0,0,403,2
0.397912426043441,1,403,2
0,0,403,2
0,0,403,2
0.397912426043441,0,403,2
0,0,403,2
0,0,403,2
0.824407464129444,1,403,2
0,0,403,2
0.397912426043441,0,403,2
0.397912426043441,1,403,2
0,0,403,2
0,1,403,2
0,0,403,2
0.397912426043441,1,403,2
0,0,403,2
0.0851114523759281,1,403,2
0,0,403,2
0.0851114523759281,1,403,2
0.397912426043441,1,403,2
0.824407464129444,1,403,2
0.0851114523759281,1,403,2
0,0,403,2
0,0,403,2
0,0,403,2
0.0851114523759281,1,403,2
0,0,403,2
0.397912426043441,1,403,2
0,0,403,2
0.397912426043441,1,403,2
0.824407464129444,1,403,2
0.397912426043441,1,403,2
0,0,403,2
0,0,403,2
0,0,403,2
0.824407464129444,1,403,2
0.397912426043441,1,403,2
0,0,403,2
0,0,403,2
0.824407464129444,1,403,2
0,0,403,2
0,0,403,2
0.397912426043441,1,403,2
0.0851114523759281,1,403,2
0.397912426043441,1,403,2
0.824407464129444,1,403,2
0.0851114523759281,1,403,2
0,0,403,2
0,0,403,2
0.397912426043441,1,403,2
0,0,403,2
0,0,403,2
0.397912426043441,1,403,2
0.459728083788312,1,403,3
0.459728083788312,1,403,3
0,0,403,3
0.459728083788312,0,403,3
0.15812334067016,0,403,3
0.794028805782878,1,403,3
0.459728083788312,0,403,3
0.15812334067016,0,403,3
0.459728083788312,1,403,3
0.459728083788312,1,403,3
0.15812334067016,0,403,3
0,0,403,3
0.794028805782878,1,403,3
0.459728083788312,1,403,3
0.15812334067016,1,403,3
0.459728083788312,1,403,3
0,0,403,3
0.459728083788312,1,403,3
0.459728083788312,1,403,3
0,0,403,3
0.15812334067016,0,403,3
0.794028805782878,1,403,3
0,0,403,3
0,0,403,3
0.459728083788312,1,403,3
0.459728083788312,1,403,3
0.15812334067016,0,403,3
0.459728083788312,1,403,3
0,0,403,3
0.459728083788312,1,403,3
0.794028805782878,1,403,3
0,0,403,3
0.15812334067016,1,403,3
0.15812334067016,1,403,3
0,0,403,3
0,0,403,3
0,0,403,3
0.794028805782878,1,403,3
0.459728083788312,1,403,3
0,0,403,3
0,0,403,3
0.794028805782878,1,403,3
0.459728083788312,1,403,3
0,0,403,3
0.459728083788312,1,403,3
0.459728083788312,1,403,3
0,0,403,3
0,0,403,3
0.15812334067016,1,403,3
0.459728083788312,0,403,3
0.459728083788312,0,403,3
0,0,403,3
0,0,403,3
0,0,403,3
0,0,403,3
0.459728083788312,1,403,3
0,0,403,3
0,0,403,3
0,0,403,3
0.794028805782878,1,403,3
0.15812334067016,1,403,3
0.794028805782878,1,403,3
0,0,403,3
0.459728083788312,1,403,3
0.459728083788312,1,403,3
0,0,403,3
0,0,403,3
0.459728083788312,1,403,3
0.15812334067016,1,403,3
0,0,403,3
0.459728083788312,1,403,3
0,0,403,3
0.794028805782878,1,403,3
0,0,403,3
0.15812334067016,1,403,3
0.794028805782878,1,403,3
0,0,403,3
0,0,403,3
0.459728083788312,1,403,3
0,0,403,3
0,0,403,4
0.419761471376527,0,403,4
0.419761471376527,0,403,4
0,0,403,4
0.419761471376527,1,403,4
0.190497670992832,1,403,4
0.419761471376527,1,403,4
0.190497670992832,1,403,4
0.419761471376527,1,403,4
0.419761471376527,1,403,4
0.190497670992832,1,403,4
0.419761471376527,1,403,4
0.689819242642888,1,403,4
0.419761471376527,1,403,4
0.689819242642888,1,403,4
0.190497670992832,1,403,4
0.419761471376527,0,403,4
0,0,403,4
0.419761471376527,0,403,4
0,0,403,4
0.419761471376527,1,403,4
0,1,403,4
0,0,403,4
0.190497670992832,0,403,4
0.419761471376527,1,403,4
0.419761471376527,0,403,4
0,0,403,4
0.689819242642888,0,403,4
0,0,403,4
0.190497670992832,0,403,4
0.689819242642888,1,403,4
0.419761471376527,1,403,4
0,0,403,4
0.190497670992832,0,403,4
0,0,403,4
0,0,403,4
0.689819242642888,1,403,4
0.419761471376527,1,403,4
0,1,403,4
0,1,403,4
0.689819242642888,1,403,4
0.419761471376527,1,403,4
0,1,403,4
0,1,403,4
0.419761471376527,1,403,4
0.190497670992832,1,403,4
0,1,403,4
0.419761471376527,1,403,4
0.190497670992832,0,403,4
0,0,403,4
0,1,403,4
0,1,403,4
0.419761471376527,1,403,4
0,1,403,4
0.419761471376527,1,403,4
0,1,403,4
0.419761471376527,1,403,4
0,1,403,4
0.689819242642888,1,403,4
0.689819242642888,1,403,4
0.190497670992832,1,403,4
0.419761471376527,1,403,4
0,1,403,4
0,1,403,4
0.419761471376527,0,403,4
0,0,403,4
0,0,403,4
0.190497670992832,1,403,4
0,1,403,4
0.419761471376527,1,403,4
0.190497670992832,1,403,4
0,1,403,4
0.689819242642888,1,403,4
0,1,403,4
0,1,403,4
0.689819242642888,1,403,4
0,0,403,4
0,0,403,4
0.419761471376527,1,403,4
0.419761471376527,1,403,4
0.14536703602693,0,403,5
0.373230957948209,0,403,5
0.675824604186094,0,403,5
0.373230957948209,0,403,5
0.373230957948209,0,403,5
0.14536703602693,0,403,5
0.373230957948209,0,403,5
0.373230957948209,1,403,5
0.14536703602693,0,403,5
0.675824604186094,1,403,5
0,0,403,5
0.373230957948209,1,403,5
0.373230957948209,0,403,5
0.14536703602693,1,403,5
0.373230957948209,1,403,5
0,1,403,5
0.373230957948209,0,403,5
0,0,403,5
0.373230957948209,0,403,5
0,1,403,5
0.373230957948209,1,403,5
0.675824604186094,1,403,5
0,0,403,5
0.14536703602693,0,403,5
0.373230957948209,1,403,5
0,1,403,5
0,1,403,5
0.675824604186094,1,403,5
0.373230957948209,1,403,5
0.14536703602693,1,403,5
0,1,403,5
0.373230957948209,1,403,5
0.373230957948209,0,403,5
0,0,403,5
0.373230957948209,1,403,5
0,0,403,5
0.675824604186094,1,403,5
0.675824604186094,1,403,5
0,1,403,5
0.14536703602693,1,403,5
0,1,403,5
0,1,403,5
0.373230957948209,1,403,5
0,1,403,5
0,1,403,5
0.373230957948209,1,403,5
0.14536703602693,1,403,5
0,1,403,5
0.675824604186094,0,403,5
0,0,403,5
0.373230957948209,1,403,5
0,0,403,5
0,0,403,5
0,0,403,5
0.675824604186094,1,403,5
0.373230957948209,1,403,5
0.373230957948209,1,403,5
0,1,403,5
0,1,403,5
0.14536703602693,1,403,5
0.373230957948209,1,403,5
0.14536703602693,1,403,5
0,1,403,5
0,1,403,5
0.373230957948209,0,403,5
0.14536703602693,1,403,5
0.675824604186094,1,403,5
0.373230957948209,1,403,5
0,0,403,5
0,0,403,5
0.675824604186094,1,403,5
0,1,403,5
0.373230957948209,1,403,5
0.14536703602693,0,403,5
0,1,403,5
0,0,403,5
0.373230957948209,0,403,5
0,0,403,5
0,0,403,5
0,0,403,5
0.106048570933207,0,403,6
0.543602299503901,0,403,6
0.543602299503901,0,403,6
0.543602299503901,0,403,6
0,0,403,6
0.543602299503901,1,403,6
0.922831897766997,1,403,6
0,1,403,6
0.543602299503901,1,403,6
0.922831897766997,1,403,6
0.543602299503901,1,403,6
0.543602299503901,1,403,6
0.106048570933207,1,403,6
0.106048570933207,1,403,6
0.106048570933207,1,403,6
0.543602299503901,1,403,6
0.922831897766997,1,403,6
0,0,403,6
0,0,403,6
0.543602299503901,1,403,6
0,0,403,6
0.543602299503901,0,403,6
0,0,403,6
0.543602299503901,1,403,6
0,0,403,6
0.106048570933207,0,403,6
0.922831897766997,1,403,6
0.543602299503901,1,403,6
0.543602299503901,1,403,6
0.543602299503901,1,403,6
0.106048570933207,1,403,6
0,0,403,6
0,0,403,6
0,0,403,6
0,0,403,6
0.543602299503901,0,403,6
0.106048570933207,0,403,6
0.543602299503901,0,403,6
0.543602299503901,0,403,6
0.543602299503901,1,403,6
0,0,403,6
0.106048570933207,1,403,6
0,0,403,6
0.922831897766997,1,403,6
0.922831897766997,1,403,6
0,0,403,6
0,0,403,6
0,0,403,6
0,0,403,6
0,0,403,6
0,0,403,6
0,0,403,6
0,0,403,6
0.922831897766997,1,403,6
0,1,403,6
0.922831897766997,1,403,6
0.106048570933207,1,403,6
0.543602299503901,1,403,6
0.543602299503901,1,403,6
0.543602299503901,1,403,6
0,0,403,6
0,0,403,6
0.543602299503901,1,403,6
0.106048570933207,0,403,6
0,0,403,6
0.543602299503901,1,403,6
0.543602299503901,1,403,6
0.106048570933207,1,403,6
0,1,403,6
0,0,403,6
0.106048570933207,1,403,6
0,0,403,6
0,0,403,6
0.543602299503901,1,403,6
0.922831897766997,1,403,6
0.922831897766997,1,403,6
0,0,403,6
0,0,403,6
0.543602299503901,1,403,6
0,0,403,6
0,0,404,1
0.378479130851696,0,404,1
0.378479130851696,0,404,1
0.0769591894319776,0,404,1
0.378479130851696,0,404,1
0.816435388670756,0,404,1
0.0769591894319776,0,404,1
0.378479130851696,0,404,1
0.816435388670756,0,404,1
0.0769591894319776,0,404,1
0.378479130851696,0,404,1
0,0,404,1
0.378479130851696,0,404,1
0.378479130851696,0,404,1
0.378479130851696,0,404,1
0.0769591894319776,0,404,1
0,0,404,1
0.816435388670756,0,404,1
0.378479130851696,0,404,1
0,0,404,1
0.378479130851696,0,404,1
0,0,404,1
0,0,404,1
0.378479130851696,0,404,1
0.378479130851696,0,404,1
0.816435388670756,0,404,1
0,0,404,1
0,0,404,1
0.378479130851696,0,404,1
0.0769591894319776,0,404,1
0.0769591894319776,0,404,1
0.378479130851696,0,404,1
0.816435388670756,0,404,1
0.378479130851696,0,404,1
0,0,404,1
0,0,404,1
0,0,404,1
0.0769591894319776,0,404,1
0,0,404,1
0,0,404,1
0.816435388670756,0,404,1
0.0769591894319776,0,404,1
0,0,404,1
0,0,404,1
0.378479130851696,0,404,1
0,0,404,1
0.378479130851696,0,404,1
0.378479130851696,0,404,1
0,0,404,1
0,0,404,1
0.816435388670756,0,404,1
0,0,404,1
0.816435388670756,0,404,1
0,0,404,1
0,0,404,1
0,0,404,1
0.378479130851696,0,404,1
0.0769591894319776,0,404,1
0.378479130851696,0,404,1
0,0,404,1
0,0,404,1
0.0769591894319776,0,404,1
0.378479130851696,0,404,1
0.378479130851696,0,404,1
0.816435388670756,0,404,1
0,0,404,1
0.0769591894319776,0,404,1
0.378479130851696,0,404,1
0,0,404,1
0.378479130851696,0,404,1
0,0,404,1
0.378479130851696,0,404,1
0,0,404,1
0.0769591894319776,0,404,1
0,0,404,1
0.816435388670756,1,404,1
0,0,404,1
0,0,404,1
0.378479130851696,0,404,1
0,0,404,1
0.0400862976808838,0,404,2
0.012942786770049,0,404,2
0.0400862976808838,0,404,2
0.0400862976808838,0,404,2
0.0400862976808838,0,404,2
0,0,404,2
0.012942786770049,0,404,2
0.117385177080291,0,404,2
0.117385177080291,0,404,2
0.0400862976808838,0,404,2
0.012942786770049,0,404,2
0,0,404,2
0.0400862976808838,0,404,2
0.012942786770049,0,404,2
0.0400862976808838,0,404,2
0.0400862976808838,0,404,2
0.0400862976808838,0,404,2
0.0400862976808838,0,404,2
0.012942786770049,0,404,2
0,0,404,2
0,0,404,2
0.0400862976808838,0,404,2
0,0,404,2
0.117385177080291,0,404,2
0,0,404,2
0,0,404,2
0.0400862976808838,0,404,2
0,0,404,2
0.117385177080291,0,404,2
0.012942786770049,0,404,2
0.0400862976808838,0,404,2
0.0400862976808838,0,404,2
0.117385177080291,0,404,2
0,0,404,2
0,0,404,2
0,0,404,2
0,0,404,2
0.0400862976808838,0,404,2
0,0,404,2
0,0,404,2
0.0400862976808838,0,404,2
0,0,404,2
0,0,404,2
0.012942786770049,0,404,2
0.0400862976808838,0,404,2
0.012942786770049,0,404,2
0.117385177080291,0,404,2
0.0400862976808838,0,404,2
0.0400862976808838,0,404,2
0.0400862976808838,0,404,2
0,0,404,2
0,0,404,2
0,0,404,2
0.0400862976808838,0,404,2
0.117385177080291,0,404,2
0,0,404,2
0,0,404,2
0.012942786770049,0,404,2
0.117385177080291,0,404,2
0,0,404,2
0,0,404,2
0.012942786770049,0,404,2
0.0400862976808838,0,404,2
0,0,404,2
0.117385177080291,0,404,2
0.0400862976808838,0,404,2
0,0,404,2
0,0,404,2
0.012942786770049,0,404,2
0.0400862976808838,0,404,2
0,0,404,2
0,0,404,2
0.117385177080291,0,404,2
0,0,404,2
0.0400862976808838,0,404,2
0.012942786770049,0,404,2
0,0,404,2
0.0400862976808838,0,404,2
0,0,404,2
0,0,404,2
0.421166179691451,0,404,3
0.589029757828702,0,404,3
0.589029757828702,1,404,3
0.589029757828702,1,404,3
0.738444555508441,1,404,3
0.589029757828702,1,404,3
0.421166179691451,1,404,3
0.589029757828702,1,404,3
0,0,404,3
0.738444555508441,1,404,3
0.589029757828702,1,404,3
0.421166179691451,1,404,3
0.421166179691451,1,404,3
0,0,404,3
0.589029757828702,1,404,3
0.589029757828702,1,404,3
0,0,404,3
0,0,404,3
0.738444555508441,1,404,3
0.421166179691451,0,404,3
0,0,404,3
0.738444555508441,1,404,3
0.421166179691451,1,404,3
0.589029757828702,1,404,3
0.589029757828702,1,404,3
0,0,404,3
0.589029757828702,1,404,3
0.589029757828702,1,404,3
0,1,404,3
0,0,404,3
0.589029757828702,1,404,3
0.589029757828702,1,404,3
0.421166179691451,0,404,3
0.589029757828702,0,404,3
0.738444555508441,1,404,3
0,0,404,3
0.589029757828702,1,404,3
0,0,404,3
0,0,404,3
0,0,404,3
0.738444555508441,1,404,3
0,0,404,3
0,0,404,3
0,0,404,3
0.589029757828702,1,404,3
0,0,404,3
0.589029757828702,0,404,3
0.421166179691451,0,404,3
0,0,404,3
0,0,404,3
0.421166179691451,0,404,3
0,0,404,3
0.589029757828702,1,404,3
0.589029757828702,1,404,3
0.738444555508441,1,404,3
0.738444555508441,1,404,3
0.589029757828702,1,404,3
0.421166179691451,1,404,3
0,0,404,3
0,0,404,3
0.589029757828702,0,404,3
0,0,404,3
0,0,404,3
0,0,404,3
0.589029757828702,0,404,3
0,0,404,3
0.738444555508441,1,404,3
0.589029757828702,1,404,3
0,0,404,3
0.738444555508441,1,404,3
0.421166179691451,1,404,3
0,0,404,3
0,0,404,3
0,0,404,3
0.589029757828702,1,404,3
0.589029757828702,1,404,3
0,0,404,3
0,0,404,3
0,0,404,3
0.421166179691451,1,404,3
0.484133313148363,0,404,4
0.291069125223978,0,404,4
0.484133313148363,0,404,4
0.291069125223978,0,404,4
0.484133313148363,0,404,4
0.484133313148363,0,404,4
0.291069125223978,0,404,4
0.682052663628256,0,404,4
0.484133313148363,0,404,4
0,0,404,4
0.682052663628256,0,404,4
0.484133313148363,0,404,4
0,0,404,4
0.484133313148363,0,404,4
0.484133313148363,0,404,4
0.291069125223978,0,404,4
0,0,404,4
0,0,404,4
0.682052663628256,0,404,4
0.484133313148363,1,404,4
0.484133313148363,1,404,4
0.484133313148363,1,404,4
0,0,404,4
0.484133313148363,1,404,4
0.484133313148363,1,404,4
0.291069125223978,1,404,4
0,1,404,4
0,0,404,4
0,0,404,4
0.484133313148363,0,404,4
0.291069125223978,0,404,4
0.682052663628256,0,404,4
0.484133313148363,0,404,4
0,0,404,4
0,0,404,4
0.291069125223978,0,404,4
0,1,404,4
0,1,404,4
0.484133313148363,0,404,4
0.291069125223978,1,404,4
0,0,404,4
0.484133313148363,0,404,4
0,0,404,4
0.682052663628256,0,404,4
0.682052663628256,0,404,4
0.484133313148363,0,404,4
0,1,404,4
0,1,404,4
0,1,404,4
0,1,404,4
0.484133313148363,1,404,4
0.484133313148363,1,404,4
0,1,404,4
0.682052663628256,1,404,4
0,1,404,4
0,1,404,4
0,1,404,4
0,1,404,4
0,1,404,4
0.291069125223978,1,404,4
0.484133313148363,1,404,4
0.291069125223978,1,404,4
0.682052663628256,1,404,4
0.484133313148363,1,404,4
0.484133313148363,0,404,4
0.484133313148363,1,404,4
0,0,404,4
0,1,404,4
0.682052663628256,1,404,4
0.484133313148363,1,404,4
0.484133313148363,1,404,4
0.682052663628256,1,404,4
0,1,404,4
0,1,404,4
0,1,404,4
0,1,404,4
0.291069125223978,1,404,4
0.291069125223978,1,404,4
0,1,404,4
0,0,404,4
0.892697675200972,1,404,5
0.593042105350126,1,404,5
0.593042105350126,0,404,5
0.593042105350126,0,404,5
0.203350079635265,0,404,5
0.593042105350126,0,404,5
0.593042105350126,0,404,5
0.203350079635265,0,404,5
0.593042105350126,0,404,5
0.203350079635265,0,404,5
0,0,404,5
0,0,404,5
0.593042105350126,1,404,5
0.892697675200972,1,404,5
0.593042105350126,0,404,5
0.203350079635265,0,404,5
0.203350079635265,0,404,5
0.593042105350126,0,404,5
0,0,404,5
0,0,404,5
0.892697675200972,1,404,5
0.593042105350126,1,404,5
0,0,404,5
0.203350079635265,0,404,5
0.593042105350126,0,404,5
0.593042105350126,0,404,5
0.593042105350126,0,404,5
0,0,404,5
0,0,404,5
0.593042105350126,0,404,5
0.892697675200972,0,404,5
0,0,404,5
0,0,404,5
0.892697675200972,0,404,5
0,0,404,5
0.203350079635265,0,404,5
0,0,404,5
0.593042105350126,0,404,5
0,0,404,5
0,0,404,5
0,0,404,5
0.892697675200972,0,404,5
0,0,404,5
0.593042105350126,0,404,5
0.203350079635265,0,404,5
0.593042105350126,0,404,5
0.593042105350126,0,404,5
0,0,404,5
0,0,404,5
0,0,404,5
0,0,404,5
0.203350079635265,0,404,5
0.203350079635265,0,404,5
0,0,404,5
0.892697675200972,0,404,5
0.892697675200972,0,404,5
0.593042105350126,1,404,5
0.593042105350126,1,404,5
0.593042105350126,1,404,5
0,0,404,5
0,0,404,5
0,0,404,5
0,0,404,5
0.593042105350126,1,404,5
0,0,404,5
0,0,404,5
0,0,404,5
0.593042105350126,1,404,5
0.892697675200972,1,404,5
0.203350079635265,0,404,5
0.593042105350126,1,404,5
0,0,404,5
0,0,404,5
0.892697675200972,1,404,5
0,0,404,5
0,0,404,5
0,0,404,5
0.203350079635265,0,404,5
0.593042105350126,1,404,5
0.593042105350126,1,404,5
0.237073179976672,0,404,6
0.457159160952069,0,404,6
0.457159160952069,1,404,6
0.237073179976672,0,404,6
0.695344150786358,0,404,6
0.457159160952069,1,404,6
0.457159160952069,1,404,6
0,0,404,6
0.695344150786358,1,404,6
0.237073179976672,0,404,6
0.457159160952069,1,404,6
0.457159160952069,1,404,6
0.457159160952069,1,404,6
0,0,404,6
0.457159160952069,0,404,6
0.237073179976672,0,404,6
0,0,404,6
0.457159160952069,0,404,6
0.237073179976672,0,404,6
0.237073179976672,0,404,6
0,0,404,6
0.457159160952069,0,404,6
0.695344150786358,0,404,6
0,0,404,6
0.457159160952069,1,404,6
0.695344150786358,1,404,6
0.457159160952069,0,404,6
0,0,404,6
0,0,404,6
0,0,404,6
0.457159160952069,1,404,6
0.457159160952069,1,404,6
0.457159160952069,1,404,6
0,0,404,6
0,0,404,6
0.695344150786358,1,404,6
0.237073179976672,1,404,6
0.695344150786358,1,404,6
0,0,404,6
0,0,404,6
0.457159160952069,1,404,6
0.457159160952069,1,404,6
0,0,404,6
0,0,404,6
0.237073179976672,1,404,6
0,0,404,6
0,0,404,6
0.457159160952069,1,404,6
0,0,404,6
0.237073179976672,0,404,6
0.457159160952069,1,404,6
0.457159160952069,1,404,6
0.237073179976672,1,404,6
0,0,404,6
0,0,404,6
0,0,404,6
0.695344150786358,1,404,6
0,0,404,6
0.457159160952069,1,404,6
0,0,404,6
0.695344150786358,1,404,6
0,0,404,6
0,0,404,6
0.457159160952069,1,404,6
0,0,404,6
0,0,404,6
0.695344150786358,1,404,6
0,0,404,6
0.457159160952069,1,404,6
0.457159160952069,1,404,6
0,0,404,6
0,0,404,6
0.237073179976672,0,404,6
0.237073179976672,0,404,6
0.695344150786358,1,404,6
0,0,404,6
0.457159160952069,0,404,6
0.457159160952069,1,404,6
0,0,404,6
0,0,404,6
0.0910750925908043,0,405,1
0.496415339684003,0,405,1
0.496415339684003,0,405,1
0.496415339684003,1,405,1
0.0910750925908043,1,405,1
0,0,405,1
0.90652294591863,1,405,1
0.90652294591863,1,405,1
0.0910750925908043,0,405,1
0.496415339684003,1,405,1
0.0910750925908043,0,405,1
0.496415339684003,1,405,1
0,0,405,1
0.496415339684003,0,405,1
0.496415339684003,1,405,1
0.496415339684003,1,405,1
0,0,405,1
0.0910750925908043,1,405,1
0,1,405,1
0.496415339684003,1,405,1
0.496415339684003,1,405,1
0.90652294591863,1,405,1
0.496415339684003,1,405,1
0.496415339684003,0,405,1
0,0,405,1
0,0,405,1
0.496415339684003,1,405,1
0.0910750925908043,1,405,1
0.496415339684003,0,405,1
0.90652294591863,1,405,1
0,1,405,1
0,1,405,1
0.90652294591863,0,405,1
0.90652294591863,1,405,1
0,0,405,1
0,0,405,1
0.0910750925908043,0,405,1
0.496415339684003,0,405,1
0,0,405,1
0,1,405,1
0,1,405,1
0.0910750925908043,0,405,1
0,0,405,1
0,0,405,1
0.496415339684003,1,405,1
0.496415339684003,1,405,1
0,0,405,1
0.496415339684003,0,405,1
0.496415339684003,1,405,1
0,1,405,1
0,0,405,1
0,0,405,1
0.496415339684003,1,405,1
0.496415339684003,1,405,1
0,1,405,1
0.0910750925908043,1,405,1
0,0,405,1
0,0,405,1
0.496415339684003,1,405,1
0,1,405,1
0.0910750925908043,1,405,1
0.90652294591863,1,405,1
0.90652294591863,1,405,1
0,0,405,1
0.496415339684003,1,405,1
0.0910750925908043,1,405,1
0.496415339684003,1,405,1
0.90652294591863,1,405,1
0.496415339684003,1,405,1
0,1,405,1
0,1,405,1
0.90652294591863,1,405,1
0.496415339684003,1,405,1
0,1,405,1
0,1,405,1
0,1,405,1
0.0910750925908043,1,405,1
0,1,405,1
0,1,405,1
0,1,405,1
0.343069513339388,1,405,2
0.529766835950075,0,405,2
0.343069513339388,1,405,2
0.529766835950075,1,405,2
0,1,405,2
0.708490022600983,0,405,2
0,0,405,2
0.529766835950075,1,405,2
0.529766835950075,1,405,2
0.343069513339388,1,405,2
0.529766835950075,0,405,2
0.529766835950075,1,405,2
0.529766835950075,1,405,2
0.529766835950075,1,405,2
0.708490022600983,1,405,2
0.343069513339388,1,405,2
0.343069513339388,1,405,2
0,1,405,2
0.529766835950075,1,405,2
0.708490022600983,0,405,2
0,1,405,2
0.529766835950075,1,405,2
0,0,405,2
0.343069513339388,1,405,2
0,0,405,2
0.529766835950075,1,405,2
0.529766835950075,0,405,2
0.708490022600983,1,405,2
0.529766835950075,1,405,2
0.529766835950075,1,405,2
0,0,405,2
0,0,405,2
0,0,405,2
0,0,405,2
0.708490022600983,1,405,2
0.529766835950075,1,405,2
0,1,405,2
0,0,405,2
0,0,405,2
0,0,405,2
0.529766835950075,1,405,2
0.343069513339388,1,405,2
0.529766835950075,1,405,2
0.529766835950075,1,405,2
0,0,405,2
0.708490022600983,1,405,2
0.343069513339388,0,405,2
0,0,405,2
0.708490022600983,1,405,2
0,0,405,2
0,0,405,2
0,0,405,2
0.343069513339388,1,405,2
0,0,405,2
0.529766835950075,1,405,2
0.529766835950075,1,405,2
0,0,405,2
0,0,405,2
0,0,405,2
0,0,405,2
0.529766835950075,0,405,2
0.529766835950075,1,405,2
0.343069513339388,1,405,2
0.708490022600983,1,405,2
0,0,405,2
0,0,405,2
0.708490022600983,1,405,2
0.529766835950075,1,405,2
0.343069513339388,0,405,2
0.343069513339388,1,405,2
0,1,405,2
0,0,405,2
0.529766835950075,1,405,2
0,1,405,2
0,1,405,2
0.529766835950075,1,405,2
0,1,405,2
0.708490022600983,1,405,2
0.529766835950075,1,405,2
0,1,405,2
0.861309931373247,0,405,3
0.562384847500101,1,405,3
0.861309931373247,1,405,3
0,0,405,3
0.562384847500101,1,405,3
0.562384847500101,1,405,3
0.210067325363545,1,405,3
0.562384847500101,1,405,3
0.562384847500101,1,405,3
0.210067325363545,1,405,3
0.562384847500101,1,405,3
0.210067325363545,1,405,3
0.210067325363545,1,405,3
0,0,405,3
0.562384847500101,1,405,3
0.562384847500101,1,405,3
0.562384847500101,1,405,3
0.861309931373247,1,405,3
0.861309931373247,1,405,3
0,1,405,3
0,1,405,3
0,0,405,3
0,0,405,3
0.210067325363545,1,405,3
0.562384847500101,1,405,3
0.562384847500101,1,405,3
0.562384847500101,1,405,3
0.562384847500101,1,405,3
0,1,405,3
0,1,405,3
0.210067325363545,0,405,3
0.562384847500101,0,405,3
0.562384847500101,0,405,3
0,0,405,3
0.861309931373247,1,405,3
0,0,405,3
0,0,405,3
0.562384847500101,0,405,3
0,0,405,3
0.210067325363545,0,405,3
0.861309931373247,1,405,3
0.562384847500101,1,405,3
0.562384847500101,1,405,3
0.210067325363545,1,405,3
0,1,405,3
0,1,405,3
0,0,405,3
0,1,405,3
0.210067325363545,0,405,3
0,0,405,3
0,0,405,3
0.861309931373247,1,405,3
0.562384847500101,1,405,3
0.861309931373247,1,405,3
0,0,405,3
0.562384847500101,1,405,3
0,1,405,3
0,0,405,3
0.562384847500101,1,405,3
0,0,405,3
0,0,405,3
0,1,405,3
0.562384847500101,1,405,3
0.210067325363545,1,405,3
0,0,405,3
0.562384847500101,0,405,3
0.562384847500101,0,405,3
0,0,405,3
0.210067325363545,0,405,3
0.562384847500101,0,405,3
0,0,405,3
0,0,405,3
0.562384847500101,1,405,3
0.861309931373247,1,405,3
0,1,405,3
0,0,405,3
0.210067325363545,0,405,3
0,0,405,3
0.861309931373247,1,405,3
0,0,405,3
0.393737125231923,1,405,4
0.293263544558884,1,405,4
0,1,405,4
0.393737125231923,1,405,4
0.393737125231923,1,405,4
0.393737125231923,1,405,4
0.504081355262046,1,405,4
0.293263544558884,1,405,4
0.393737125231923,1,405,4
0.393737125231923,1,405,4
0.293263544558884,1,405,4
0.504081355262046,1,405,4
0.393737125231923,1,405,4
0,1,405,4
0.293263544558884,1,405,4
0.393737125231923,1,405,4
0,0,405,4
0,0,405,4
0.393737125231923,1,405,4
0.393737125231923,1,405,4
0.393737125231923,1,405,4
0.393737125231923,1,405,4
0.293263544558884,1,405,4
0.504081355262046,1,405,4
0.393737125231923,1,405,4
0.393737125231923,1,405,4
0,1,405,4
0,1,405,4
0.504081355262046,1,405,4
0,1,405,4
0,1,405,4
0.293263544558884,1,405,4
0.293263544558884,0,405,4
0,0,405,4
0,0,405,4
0,1,405,4
0,0,405,4
0,1,405,4
0.504081355262046,1,405,4
0.504081355262046,1,405,4
0,1,405,4
0.393737125231923,1,405,4
0.393737125231923,1,405,4
0,1,405,4
0.393737125231923,1,405,4
0.393737125231923,1,405,4
0.293263544558884,1,405,4
0,1,405,4
0.293263544558884,1,405,4
0,1,405,4
0.393737125231923,1,405,4
0,1,405,4
0,1,405,4
0,1,405,4
0,1,405,4
0,1,405,4
0.393737125231923,1,405,4
0.293263544558884,1,405,4
0,1,405,4
0.393737125231923,1,405,4
0.504081355262046,1,405,4
0,1,405,4
0.393737125231923,1,405,4
0.504081355262046,1,405,4
0,0,405,4
0.393737125231923,1,405,4
0.393737125231923,1,405,4
0,1,405,4
0.393737125231923,1,405,4
0.293263544558884,0,405,4
0,1,405,4
0.293263544558884,1,405,4
0,1,405,4
0.393737125231923,1,405,4
0.504081355262046,1,405,4
0,1,405,4
0,1,405,4
0,1,405,4
0,1,405,4
0.504081355262046,1,405,4
0.486065482960114,0,405,5
0,0,405,5
0.486065482960114,0,405,5
0.784450324443359,1,405,5
0.486065482960114,1,405,5
0.197293470203968,1,405,5
0.486065482960114,1,405,5
0.486065482960114,1,405,5
0.486065482960114,1,405,5
0.197293470203968,1,405,5
0.486065482960114,1,405,5
0.486065482960114,1,405,5
0.197293470203968,1,405,5
0,1,405,5
0.784450324443359,1,405,5
0.197293470203968,1,405,5
0.486065482960114,0,405,5
0,0,405,5
0.197293470203968,0,405,5
0.197293470203968,1,405,5
0.784450324443359,1,405,5
0,0,405,5
0,1,405,5
0.784450324443359,1,405,5
0.486065482960114,1,405,5
0,1,405,5
0.486065482960114,1,405,5
0,1,405,5
0,1,405,5
0.486065482960114,1,405,5
0.486065482960114,1,405,5
0.486065482960114,1,405,5
0.486065482960114,0,405,5
0,0,405,5
0.486065482960114,1,405,5
0,1,405,5
0.784450324443359,1,405,5
0,1,405,5
0,1,405,5
0,1,405,5
0.197293470203968,1,405,5
0.197293470203968,1,405,5
0.784450324443359,1,405,5
0,1,405,5
0.486065482960114,1,405,5
0.486065482960114,1,405,5
0,1,405,5
0,1,405,5
0,1,405,5
0.197293470203968,1,405,5
0,1,405,5
0.197293470203968,1,405,5
0.486065482960114,1,405,5
0.784450324443359,1,405,5
0.486065482960114,1,405,5
0.784450324443359,1,405,5
0,1,405,5
0,1,405,5
0,1,405,5
0,1,405,5
0.486065482960114,1,405,5
0,1,405,5
0.486065482960114,1,405,5
0,1,405,5
0,1,405,5
0,1,405,5
0,1,405,5
0,1,405,5
0,1,405,5
0,1,405,5
0.486065482960114,1,405,5
0.486065482960114,1,405,5
0.486065482960114,1,405,5
0.197293470203968,1,405,5
0,1,405,5
0,1,405,5
0.197293470203968,1,405,5
0.784450324443359,1,405,5
0.784450324443359,1,405,5
0.486065482960114,1,405,5
0.112367412395224,0,405,6
0.366260373395358,0,405,6
0.366260373395358,0,405,6
0,1,405,6
0.366260373395358,1,405,6
0.725158668247891,1,405,6
0,1,405,6
0.725158668247891,1,405,6
0.366260373395358,1,405,6
0.112367412395224,1,405,6
0.366260373395358,1,405,6
0.366260373395358,1,405,6
0.112367412395224,1,405,6
0.112367412395224,1,405,6
0.366260373395358,1,405,6
0.366260373395358,1,405,6
0,1,405,6
0.112367412395224,1,405,6
0.725158668247891,1,405,6
0.366260373395358,1,405,6
0,1,405,6
0.366260373395358,1,405,6
0.366260373395358,1,405,6
0.725158668247891,1,405,6
0,1,405,6
0,1,405,6
0.112367412395224,1,405,6
0.366260373395358,1,405,6
0.366260373395358,1,405,6
0.366260373395358,1,405,6
0,1,405,6
0,1,405,6
0.725158668247891,1,405,6
0.366260373395358,1,405,6
0.112367412395224,1,405,6
0,1,405,6
0,1,405,6
0,1,405,6
0.366260373395358,1,405,6
0,1,405,6
0,1,405,6
0.366260373395358,1,405,6
0,1,405,6
0.366260373395358,1,405,6
0.725158668247891,1,405,6
0,1,405,6
0,1,405,6
0.112367412395224,1,405,6
0.112367412395224,0,405,6
0,0,405,6
0,0,405,6
0,1,405,6
0.725158668247891,0,405,6
0,0,405,6
0.366260373395358,1,405,6
0,1,405,6
0.366260373395358,1,405,6
0.725158668247891,0,405,6
0,0,405,6
0.112367412395224,0,405,6
0.366260373395358,0,405,6
0.366260373395358,1,405,6
0,1,405,6
0,1,405,6
0.112367412395224,0,405,6
0,0,405,6
0,0,405,6
0,0,405,6
0,0,405,6
0.366260373395358,0,405,6
0,0,405,6
0.725158668247891,0,405,6
0.366260373395358,0,405,6
0.366260373395358,0,405,6
0,1,405,6
0,0,405,6
0.725158668247891,0,405,6
0.112367412395224,0,405,6
0.366260373395358,1,405,6
0,1,405,6
0.418368385870106,1,406,1
0.418368385870106,1,406,1
0.418368385870106,1,406,1
0.902071398928798,1,406,1
0.0531810942407836,1,406,1
0,0,406,1
0.418368385870106,1,406,1
0.902071398928798,1,406,1
0.418368385870106,1,406,1
0,0,406,1
0.418368385870106,1,406,1
0.0531810942407836,0,406,1
0.0531810942407836,1,406,1
0.0531810942407836,1,406,1
0.418368385870106,0,406,1
0.418368385870106,1,406,1
0.418368385870106,1,406,1
0.0531810942407836,0,406,1
0.902071398928798,1,406,1
0.0531810942407836,1,406,1
0,0,406,1
0.418368385870106,0,406,1
0.418368385870106,1,406,1
0.902071398928798,0,406,1
0.418368385870106,1,406,1
0,1,406,1
0.418368385870106,1,406,1
0,1,406,1
0,0,406,1
0,0,406,1
0,0,406,1
0.418368385870106,1,406,1
0,0,406,1
0.0531810942407836,0,406,1
0,0,406,1
0,0,406,1
0.418368385870106,1,406,1
0,1,406,1
0.0531810942407836,1,406,1
0,0,406,1
0.418368385870106,1,406,1
0.902071398928798,1,406,1
0,1,406,1
0.902071398928798,1,406,1
0,1,406,1
0.418368385870106,0,406,1
0,0,406,1
0.418368385870106,0,406,1
0,0,406,1
0,0,406,1
0.418368385870106,1,406,1
0.902071398928798,1,406,1
0,0,406,1
0,1,406,1
0.0531810942407836,1,406,1
0,1,406,1
0.418368385870106,0,406,1
0.902071398928798,1,406,1
0.418368385870106,1,406,1
0.0531810942407836,0,406,1
0.418368385870106,1,406,1
0,1,406,1
0,1,406,1
0,0,406,1
0.0531810942407836,0,406,1
0.418368385870106,1,406,1
0,0,406,1
0,1,406,1
0,0,406,1
0,0,406,1
0,1,406,1
0,1,406,1
0.0531810942407836,0,406,1
0.418368385870106,0,406,1
0.418368385870106,0,406,1
0.902071398928798,1,406,1
0.902071398928798,1,406,1
0.418368385870106,0,406,1
0,1,406,1
0,1,406,1
0.811598695090328,0,406,2
1.45729938974164e-08,1,406,2
0.999999999214703,1,406,2
1.45729938974164e-08,1,406,2
0.811598695090328,1,406,2
0.811598695090328,0,406,2
0.811598695090328,1,406,2
0.811598695090328,0,406,2
1.45729938974164e-08,1,406,2
0,1,406,2
1.45729938974164e-08,1,406,2
0.811598695090328,0,406,2
0.811598695090328,1,406,2
0,1,406,2
0.811598695090328,1,406,2
0.999999999214703,0,406,2
0,0,406,2
0,1,406,2
0.811598695090328,1,406,2
0.811598695090328,0,406,2
0,1,406,2
1.45729938974164e-08,1,406,2
0.811598695090328,1,406,2
0,0,406,2
0.811598695090328,1,406,2
0.811598695090328,1,406,2
0,1,406,2
0.999999999214703,1,406,2
1.45729938974164e-08,0,406,2
0.999999999214703,1,406,2
0.811598695090328,1,406,2
0,0,406,2
0,0,406,2
0,0,406,2
0,0,406,2
0.811598695090328,1,406,2
0.999999999214703,1,406,2
0,1,406,2
0.999999999214703,1,406,2
0,1,406,2
0,0,406,2
1.45729938974164e-08,1,406,2
1.45729938974164e-08,1,406,2
0,0,406,2
0.811598695090328,1,406,2
0.811598695090328,1,406,2
0,0,406,2
0.811598695090328,1,406,2
0.999999999214703,0,406,2
0.811598695090328,1,406,2
0,0,406,2
0,1,406,2
0,0,406,2
0.811598695090328,1,406,2
1.45729938974164e-08,1,406,2
0,0,406,2
0,0,406,2
0.999999999214703,1,406,2
0.811598695090328,1,406,2
0.811598695090328,1,406,2
1.45729938974164e-08,1,406,2
0,1,406,2
0,0,406,2
0,0,406,2
0,0,406,2
0,0,406,2
0,0,406,2
0,1,406,2
0,0,406,2
0.999999999214703,1,406,2
0.811598695090328,1,406,2
0.811598695090328,0,406,2
0,0,406,2
0.811598695090328,1,406,2
0.999999999214703,1,406,2
1.45729938974164e-08,0,406,2
0,0,406,2
1.45729938974164e-08,0,406,2
0.811598695090328,1,406,2
0,1,406,2
0.275831412514462,0,406,3
0.727708740089201,1,406,3
0.502224262565727,1,406,3
0.502224262565727,1,406,3
0.727708740089201,1,406,3
0.502224262565727,1,406,3
0.275831412514462,1,406,3
0.502224262565727,0,406,3
0.275831412514462,1,406,3
0,0,406,3
0.502224262565727,1,406,3
0.502224262565727,1,406,3
0.502224262565727,1,406,3
0,0,406,3
0.275831412514462,1,406,3
0.502224262565727,1,406,3
0.727708740089201,1,406,3
0.275831412514462,0,406,3
0.502224262565727,1,406,3
0,1,406,3
0.502224262565727,0,406,3
0,1,406,3
0.502224262565727,1,406,3
0,0,406,3
0.502224262565727,1,406,3
0.275831412514462,1,406,3
0.727708740089201,1,406,3
0,0,406,3
0,1,406,3
0,0,406,3
0.502224262565727,0,406,3
0.502224262565727,1,406,3
0.502224262565727,1,406,3
0.275831412514462,0,406,3
0,0,406,3
0.502224262565727,1,406,3
0,0,406,3
0,0,406,3
0,0,406,3
0,0,406,3
0.727708740089201,1,406,3
0.502224262565727,1,406,3
0.275831412514462,0,406,3
0.502224262565727,1,406,3
0,0,406,3
0,0,406,3
0.727708740089201,1,406,3
0,0,406,3
0,0,406,3
0,0,406,3
0,0,406,3
0.502224262565727,1,406,3
0.502224262565727,1,406,3
0.727708740089201,1,406,3
0.727708740089201,0,406,3
0,0,406,3
0.502224262565727,1,406,3
0,0,406,3
0.502224262565727,0,406,3
0.275831412514462,1,406,3
0,0,406,3
0.275831412514462,0,406,3
0,0,406,3
0,0,406,3
0.727708740089201,1,406,3
0,0,406,3
0,0,406,3
0,0,406,3
0,0,406,3
0.275831412514462,0,406,3
0,0,406,3
0.502224262565727,1,406,3
0.502224262565727,1,406,3
0.727708740089201,1,406,3
0.502224262565727,1,406,3
0,0,406,3
0.275831412514462,0,406,3
0,0,406,3
0,0,406,3
0.502224262565727,1,406,3
0.525334296943022,1,406,4
0.648700669737048,1,406,4
0.648700669737048,1,406,4
0,1,406,4
0.648700669737048,1,406,4
0.648700669737048,1,406,4
0.648700669737048,1,406,4
0.525334296943022,1,406,4
0.648700669737048,1,406,4
0.525334296943022,1,406,4
0.754959654367182,1,406,4
0.525334296943022,1,406,4
0.648700669737048,0,406,4
0,1,406,4
0.648700669737048,1,406,4
0.754959654367182,1,406,4
0,0,406,4
0.648700669737048,1,406,4
0.525334296943022,1,406,4
0.648700669737048,1,406,4
0,0,406,4
0.648700669737048,1,406,4
0,1,406,4
0.754959654367182,1,406,4
0,1,406,4
0.648700669737048,1,406,4
0.754959654367182,1,406,4
0,1,406,4
0,0,406,4
0.648700669737048,1,406,4
0.648700669737048,1,406,4
0.525334296943022,0,406,4
0,0,406,4
0,1,406,4
0.648700669737048,1,406,4
0,1,406,4
0,1,406,4
0.648700669737048,0,406,4
0.525334296943022,1,406,4
0.525334296943022,1,406,4
0.648700669737048,1,406,4
0,1,406,4
0,1,406,4
0.754959654367182,1,406,4
0.648700669737048,1,406,4
0,1,406,4
0,1,406,4
0.754959654367182,1,406,4
0,0,406,4
0,0,406,4
0.525334296943022,1,406,4
0,1,406,4
0.754959654367182,1,406,4
0.648700669737048,1,406,4
0,1,406,4
0.525334296943022,1,406,4
0.648700669737048,1,406,4
0,1,406,4
0,1,406,4
0,1,406,4
0.648700669737048,1,406,4
0,1,406,4
0.648700669737048,0,406,4
0.754959654367182,1,406,4
0,0,406,4
0.648700669737048,0,406,4
0,0,406,4
0,0,406,4
0.648700669737048,1,406,4
0,1,406,4
0.754959654367182,1,406,4
0,1,406,4
0,1,406,4
0.525334296943022,1,406,4
0.648700669737048,1,406,4
0.648700669737048,1,406,4
0,1,406,4
0.754959654367182,0,406,4
0.525334296943022,1,406,4
0,0,406,4
0.495510073372298,0,406,5
0.529550495707341,1,406,5
0.563318226798872,1,406,5
0,0,406,5
0.563318226798872,1,406,5
0.529550495707341,1,406,5
0.529550495707341,0,406,5
0.529550495707341,0,406,5
0,1,406,5
0.529550495707341,1,406,5
0.495510073372298,1,406,5
0.529550495707341,1,406,5
0.529550495707341,1,406,5
0.529550495707341,0,406,5
0.495510073372298,1,406,5
0.495510073372298,1,406,5
0,0,406,5
0.529550495707341,1,406,5
0.529550495707341,1,406,5
0,0,406,5
0.495510073372298,0,406,5
0,1,406,5
0,1,406,5
0.495510073372298,1,406,5
0.563318226798872,1,406,5
0.529550495707341,1,406,5
0.529550495707341,1,406,5
0,1,406,5
0.529550495707341,1,406,5
0,1,406,5
0.563318226798872,1,406,5
0.529550495707341,1,406,5
0,0,406,5
0.529550495707341,1,406,5
0,0,406,5
0,0,406,5
0,1,406,5
0,0,406,5
0.529550495707341,1,406,5
0,1,406,5
0.529550495707341,0,406,5
0.563318226798872,1,406,5
0.563318226798872,1,406,5
0,1,406,5
0.495510073372298,1,406,5
0,0,406,5
0.529550495707341,1,406,5
0.495510073372298,1,406,5
0,0,406,5
0.495510073372298,1,406,5
0,0,406,5
0,0,406,5
0.529550495707341,1,406,5
0.529550495707341,1,406,5
0.529550495707341,0,406,5
0.563318226798872,1,406,5
0.563318226798872,1,406,5
0,1,406,5
0,1,406,5
0,0,406,5
0,0,406,5
0,0,406,5
0.529550495707341,0,406,5
0.495510073372298,1,406,5
0,0,406,5
0,0,406,5
0.495510073372298,1,406,5
0,1,406,5
0.563318226798872,1,406,5
0,1,406,5
0.529550495707341,0,406,5
0,0,406,5
0.563318226798872,1,406,5
0,0,406,5
0.495510073372298,1,406,5
0,0,406,5
0.529550495707341,1,406,5
0.529550495707341,1,406,5
0.529550495707341,1,406,5
0,0,406,5
0.448393933062101,0,406,6
0.448393933062101,1,406,6
0,0,406,6
0.448393933062101,1,406,6
0.448393933062101,1,406,6
0.437222499368687,1,406,6
0.437222499368687,0,406,6
0.448393933062101,1,406,6
0.437222499368687,1,406,6
0,0,406,6
0.448393933062101,1,406,6
0.448393933062101,1,406,6
0.437222499368687,0,406,6
0.448393933062101,0,406,6
0.459617689333559,1,406,6
0.459617689333559,1,406,6
0.448393933062101,0,406,6
0,0,406,6
0.437222499368687,1,406,6
0.459617689333559,1,406,6
0.459617689333559,0,406,6
0.448393933062101,1,406,6
0,0,406,6
0,0,406,6
0.437222499368687,0,406,6
0.448393933062101,0,406,6
0,0,406,6
0,0,406,6
0.448393933062101,0,406,6
0,1,406,6
0.448393933062101,1,406,6
0.448393933062101,1,406,6
0,0,406,6
0.459617689333559,1,406,6
0,1,406,6
0.437222499368687,1,406,6
0,0,406,6
0.448393933062101,0,406,6
0.437222499368687,0,406,6
0.448393933062101,1,406,6
0,0,406,6
0.459617689333559,1,406,6
0,1,406,6
0.448393933062101,1,406,6
0,1,406,6
0.448393933062101,1,406,6
0,0,406,6
0,1,406,6
0,0,406,6
0.459617689333559,1,406,6
0,0,406,6
0,0,406,6
0,0,406,6
0.448393933062101,1,406,6
0,0,406,6
0.437222499368687,1,406,6
0.448393933062101,1,406,6
0.448393933062101,1,406,6
0,0,406,6
0,0,406,6
0,0,406,6
0.448393933062101,1,406,6
0.437222499368687,1,406,6
0.459617689333559,1,406,6
0.448393933062101,0,406,6
0,0,406,6
0.437222499368687,1,406,6
0.459617689333559,1,406,6
0.448393933062101,1,406,6
0.448393933062101,0,406,6
0.448393933062101,1,406,6
0,0,406,6
0,0,406,6
0.459617689333559,1,406,6
0,0,406,6
0,0,406,6
0,0,406,6
0,0,406,6
0,0,406,6
0.437222499368687,1,406,6
0.0942460492643316,0,407,1
0.486921356415964,1,407,1
0.486921356415964,1,407,1
0.486921356415964,1,407,1
0.0942460492643316,0,407,1
0.486921356415964,1,407,1
0.0942460492643316,0,407,1
0.896433088555818,1,407,1
0,0,407,1
0,0,407,1
0.486921356415964,1,407,1
0.896433088555818,1,407,1
0.486921356415964,1,407,1
0.0942460492643316,0,407,1
0.486921356415964,1,407,1
0.486921356415964,1,407,1
0,0,407,1
0,0,407,1
0.896433088555818,1,407,1
0.0942460492643316,0,407,1
0.486921356415964,1,407,1
0,0,407,1
0,0,407,1
0.486921356415964,1,407,1
0,0,407,1
0,0,407,1
0.896433088555818,1,407,1
0.486921356415964,1,407,1
0.486921356415964,1,407,1
0.0942460492643316,0,407,1
0.486921356415964,1,407,1
0.486921356415964,1,407,1
0,0,407,1
0,0,407,1
0.0942460492643316,0,407,1
0.0942460492643316,0,407,1
0,0,407,1
0,0,407,1
0,0,407,1
0,0,407,1
0,0,407,1
0.486921356415964,1,407,1
0.486921356415964,1,407,1
0.896433088555818,1,407,1
0.486921356415964,1,407,1
0.896433088555818,1,407,1
0.486921356415964,1,407,1
0,0,407,1
0,0,407,1
0,0,407,1
0,0,407,1
0.486921356415964,1,407,1
0.896433088555818,1,407,1
0.0942460492643316,0,407,1
0.486921356415964,1,407,1
0.896433088555818,1,407,1
0.0942460492643316,0,407,1
0.486921356415964,1,407,1
0,0,407,1
0,0,407,1
0,0,407,1
0.486921356415964,1,407,1
0,0,407,1
0,0,407,1
0.0942460492643316,0,407,1
0,0,407,1
0,0,407,1
0,0,407,1
0.0942460492643316,0,407,1
0,0,407,1
0.896433088555818,1,407,1
0,1,407,1
0.486921356415964,1,407,1
0,0,407,1
0,0,407,1
0.896433088555818,1,407,1
0,0,407,1
0.486921356415964,1,407,1
0.486921356415964,1,407,1
0.486921356415964,1,407,1
0.0082801751428956,0,407,2
0.283261545686716,0,407,2
0.94925651565393,1,407,2
0.0082801751428956,0,407,2
0,0,407,2
0.283261545686716,1,407,2
0.283261545686716,0,407,2
0.283261545686716,1,407,2
0.283261545686716,1,407,2
0.283261545686716,1,407,2
0,0,407,2
0.0082801751428956,0,407,2
0.94925651565393,1,407,2
0.283261545686716,1,407,2
0.283261545686716,1,407,2
0.0082801751428956,0,407,2
0.283261545686716,0,407,2
0.94925651565393,1,407,2
0,0,407,2
0.94925651565393,1,407,2
0,0,407,2
0,0,407,2
0.283261545686716,1,407,2
0.283261545686716,1,407,2
0.283261545686716,1,407,2
0,0,407,2
0.0082801751428956,0,407,2
0.0082801751428956,0,407,2
0,0,407,2
0,0,407,2
0.283261545686716,1,407,2
0.283261545686716,1,407,2
0,0,407,2
0,0,407,2
0.283261545686716,0,407,2
0.283261545686716,1,407,2
0,0,407,2
0.0082801751428956,0,407,2
0.94925651565393,1,407,2
0,0,407,2
0.283261545686716,1,407,2
0,0,407,2
0.94925651565393,1,407,2
0.0082801751428956,0,407,2
0,0,407,2
0,0,407,2
0.283261545686716,0,407,2
0,0,407,2
0,0,407,2
0.283261545686716,0,407,2
0,0,407,2
0.0082801751428956,0,407,2
0.94925651565393,1,407,2
0,0,407,2
0,0,407,2
0,0,407,2
0.283261545686716,1,407,2
0,0,407,2
0,0,407,2
0.0082801751428956,0,407,2
0.283261545686716,1,407,2
0.94925651565393,1,407,2
0,0,407,2
0.283261545686716,0,407,2
0,0,407,2
0.0082801751428956,0,407,2
0,0,407,2
0.283261545686716,1,407,2
0,0,407,2
0,0,407,2
0.0082801751428956,0,407,2
0,0,407,2
0.94925651565393,1,407,2
0.283261545686716,1,407,2
0.283261545686716,1,407,2
0,1,407,2
0,1,407,2
0.283261545686716,1,407,2
0.94925651565393,1,407,2
0,0,407,2
0.456726646043188,1,407,3
0,0,407,3
0.998908505730309,1,407,3
0.998908505730309,1,407,3
0.456726646043188,1,407,3
0.456726646043188,1,407,3
0,0,407,3
0.456726646043188,1,407,3
0.000771678452869844,0,407,3
0.000771678452869844,0,407,3
0.000771678452869844,0,407,3
0.456726646043188,1,407,3
0.456726646043188,1,407,3
0.456726646043188,1,407,3
0.000771678452869844,0,407,3
0.456726646043188,0,407,3
0.456726646043188,1,407,3
0.998908505730309,1,407,3
0,0,407,3
0,0,407,3
0.000771678452869844,0,407,3
0,0,407,3
0,0,407,3
0.998908505730309,1,407,3
0.000771678452869844,0,407,3
0.456726646043188,1,407,3
0,0,407,3
0.456726646043188,1,407,3
0.456726646043188,1,407,3
0.456726646043188,1,407,3
0.456726646043188,1,407,3
0,0,407,3
0,0,407,3
0.998908505730309,1,407,3
0.000771678452869844,0,407,3
0,1,407,3
0.456726646043188,1,407,3
0,0,407,3
0,0,407,3
0.000771678452869844,0,407,3
0,0,407,3
0.456726646043188,1,407,3
0.456726646043188,1,407,3
0,0,407,3
0.998908505730309,1,407,3
0.456726646043188,1,407,3
0,0,407,3
0,0,407,3
0,0,407,3
0.456726646043188,1,407,3
0.000771678452869844,0,407,3
0.000771678452869844,0,407,3
0.456726646043188,1,407,3
0.998908505730309,1,407,3
0,0,407,3
0,0,407,3
0,0,407,3
0.456726646043188,1,407,3
0,0,407,3
0,0,407,3
0,0,407,3
0.998908505730309,1,407,3
0.456726646043188,1,407,3
0,0,407,3
0.456726646043188,1,407,3
0,1,407,3
0,0,407,3
0.000771678452869844,0,407,3
0,0,407,3
0.456726646043188,1,407,3
0.000771678452869844,0,407,3
0,1,407,3
0.456726646043188,1,407,3
0,0,407,3
0.456726646043188,1,407,3
0,0,407,3
0,0,407,3
0,0,407,3
0.998908505730309,1,407,3
0.998908505730309,1,407,3
0.4488622085276,1,407,4
0.4488622085276,1,407,4
0.30495473153369,1,407,4
0.30495473153369,0,407,4
0.4488622085276,0,407,4
0.4488622085276,1,407,4
0.30495473153369,0,407,4
0.4488622085276,1,407,4
0.4488622085276,1,407,4
0.601873102628912,1,407,4
0.4488622085276,1,407,4
0.601873102628912,1,407,4
0,0,407,4
0.30495473153369,0,407,4
0.4488622085276,1,407,4
0,0,407,4
0,0,407,4
0.4488622085276,1,407,4
0.30495473153369,0,407,4
0.601873102628912,1,407,4
0.601873102628912,1,407,4
0.4488622085276,1,407,4
0,0,407,4
0.4488622085276,1,407,4
0.4488622085276,1,407,4
0,0,407,4
0.4488622085276,1,407,4
0.30495473153369,0,407,4
0.4488622085276,1,407,4
0,0,407,4
0,0,407,4
0,0,407,4
0.30495473153369,0,407,4
0,0,407,4
0,0,407,4
0,0,407,4
0,0,407,4
0.601873102628912,1,407,4
0.4488622085276,1,407,4
0.601873102628912,1,407,4
0.4488622085276,1,407,4
0,0,407,4
0.4488622085276,1,407,4
0.4488622085276,1,407,4
0,0,407,4
0.30495473153369,0,407,4
0,0,407,4
0,0,407,4
0,0,407,4
0.601873102628912,1,407,4
0.4488622085276,1,407,4
0,0,407,4
0,0,407,4
0.30495473153369,0,407,4
0.30495473153369,1,407,4
0,0,407,4
0,0,407,4
0,0,407,4
0,0,407,4
0.4488622085276,1,407,4
0.601873102628912,1,407,4
0,0,407,4
0.4488622085276,1,407,4
0.4488622085276,1,407,4
0,0,407,4
0.601873102628912,1,407,4
0,0,407,4
0,0,407,4
0.601873102628912,1,407,4
0.4488622085276,1,407,4
0,0,407,4
0,0,407,4
0,0,407,4
0.4488622085276,1,407,4
0.30495473153369,1,407,4
0.4488622085276,1,407,4
0.4488622085276,1,407,4
0.30495473153369,0,407,4
0,0,407,4
0,0,407,4
0.567978056821282,1,407,5
0.567978056821282,1,407,5
0.567978056821282,1,407,5
0.567978056821282,1,407,5
0.567978056821282,1,407,5
0.567978056821282,1,407,5
0.113270691063604,0,407,5
0,0,407,5
0,0,407,5
0.567978056821282,1,407,5
0.93118089200206,1,407,5
0.113270691063604,1,407,5
0.567978056821282,1,407,5
0.113270691063604,1,407,5
0.113270691063604,0,407,5
0.93118089200206,1,407,5
0,0,407,5
0.567978056821282,1,407,5
0.567978056821282,1,407,5
0.93118089200206,1,407,5
0.113270691063604,1,407,5
0,0,407,5
0,0,407,5
0,0,407,5
0.567978056821282,1,407,5
0.567978056821282,1,407,5
0.567978056821282,1,407,5
0.567978056821282,1,407,5
0.93118089200206,1,407,5
0,0,407,5
0.113270691063604,0,407,5
0,0,407,5
0.113270691063604,0,407,5
0,0,407,5
0,0,407,5
0.567978056821282,1,407,5
0.93118089200206,1,407,5
0,0,407,5
0,0,407,5
0.567978056821282,1,407,5
0.113270691063604,0,407,5
0,0,407,5
0.93118089200206,1,407,5
0,0,407,5
0,0,407,5
0.567978056821282,1,407,5
0.567978056821282,1,407,5
0,0,407,5
0,0,407,5
0,0,407,5
0.113270691063604,0,407,5
0.567978056821282,1,407,5
0,0,407,5
0.113270691063604,0,407,5
0.567978056821282,1,407,5
0.93118089200206,1,407,5
0,0,407,5
0,0,407,5
0.567978056821282,1,407,5
0,0,407,5
0,0,407,5
0,0,407,5
0.93118089200206,1,407,5
0.567978056821282,1,407,5
0,0,407,5
0.93118089200206,1,407,5
0.567978056821282,1,407,5
0.567978056821282,1,407,5
0.93118089200206,1,407,5
0.113270691063604,1,407,5
0,0,407,5
0,0,407,5
0.567978056821282,1,407,5
0.567978056821282,1,407,5
0,0,407,5
0,0,407,5
0,0,407,5
0,0,407,5
0,0,407,5
0.113270691063604,0,407,5
0.446914088474555,0,407,6
0.0608912880641014,0,407,6
0,0,407,6
0.0608912880641014,0,407,6
0.446914088474555,1,407,6
0.446914088474555,1,407,6
0.446914088474555,1,407,6
0.909664653935606,1,407,6
0.446914088474555,1,407,6
0.0608912880641014,0,407,6
0,0,407,6
0.909664653935606,1,407,6
0.446914088474555,1,407,6
0.446914088474555,1,407,6
0.446914088474555,1,407,6
0.0608912880641014,0,407,6
0,0,407,6
0.0608912880641014,0,407,6
0.909664653935606,1,407,6
0.446914088474555,0,407,6
0.446914088474555,1,407,6
0.446914088474555,1,407,6
0,0,407,6
0,0,407,6
0,0,407,6
0.909664653935606,1,407,6
0.0608912880641014,0,407,6
0.446914088474555,1,407,6
0.446914088474555,1,407,6
0,0,407,6
0.446914088474555,0,407,6
0,0,407,6
0,0,407,6
0,0,407,6
0.0608912880641014,0,407,6
0.446914088474555,1,407,6
0,0,407,6
0.446914088474555,1,407,6
0.0608912880641014,0,407,6
0.909664653935606,1,407,6
0,0,407,6
0.446914088474555,1,407,6
0,0,407,6
0,0,407,6
0,0,407,6
0,0,407,6
0.909664653935606,1,407,6
0.446914088474555,1,407,6
0,0,407,6
0.909664653935606,1,407,6
0,0,407,6
0,0,407,6
0.446914088474555,1,407,6
0,0,407,6
0.446914088474555,1,407,6
0.446914088474555,1,407,6
0,0,407,6
0.446914088474555,1,407,6
0.0608912880641014,1,407,6
0,0,407,6
0,0,407,6
0,0,407,6
0.909664653935606,1,407,6
0.0608912880641014,0,407,6
0.446914088474555,1,407,6
0.909664653935606,1,407,6
0.446914088474555,1,407,6
0,0,407,6
0.909664653935606,1,407,6
0,0,407,6
0.0608912880641014,0,407,6
0,0,407,6
0,0,407,6
0,0,407,6
0,0,407,6
0,0,407,6
0.446914088474555,0,407,6
0.446914088474555,1,407,6
0.0608912880641014,1,407,6
0,1,407,6
0,0,408,1
0.471912435919745,1,408,1
0,0,408,1
0.999783885072168,1,408,1
0.471912435919745,1,408,1
0.471912435919745,1,408,1
0.000172589605494149,0,408,1
0.471912435919745,1,408,1
0.000172589605494149,0,408,1
0.471912435919745,1,408,1
0.000172589605494149,1,408,1
0.471912435919745,1,408,1
0.471912435919745,1,408,1
0.999783885072168,1,408,1
0.000172589605494149,0,408,1
0.471912435919745,1,408,1
0.000172589605494149,0,408,1
0.471912435919745,1,408,1
0.471912435919745,1,408,1
0.471912435919745,1,408,1
0,0,408,1
0.471912435919745,1,408,1
0.999783885072168,1,408,1
0.471912435919745,1,408,1
0,0,408,1
0.471912435919745,1,408,1
0,0,408,1
0,0,408,1
0,0,408,1
0,0,408,1
0.000172589605494149,1,408,1
0.999783885072168,1,408,1
0.471912435919745,1,408,1
0.471912435919745,1,408,1
0,0,408,1
0,0,408,1
0,0,408,1
0.000172589605494149,0,408,1
0.000172589605494149,0,408,1
0.999783885072168,1,408,1
0.471912435919745,1,408,1
0,0,408,1
0,1,408,1
0,0,408,1
0.471912435919745,1,408,1
0,1,408,1
0,0,408,1
0.999783885072168,1,408,1
0.999783885072168,1,408,1
0,0,408,1
0.471912435919745,1,408,1
0.000172589605494149,1,408,1
0.471912435919745,1,408,1
0.999783885072168,1,408,1
0,0,408,1
0,1,408,1
0.000172589605494149,0,408,1
0,0,408,1
0,0,408,1
0,1,408,1
0.471912435919745,1,408,1
0,0,408,1
0.471912435919745,1,408,1
0,0,408,1
0,0,408,1
0,0,408,1
0.999783885072168,1,408,1
0.999783885072168,1,408,1
0,0,408,1
0.471912435919745,1,408,1
0,0,408,1
0,0,408,1
0,0,408,1
0.471912435919745,1,408,1
0.000172589605494149,0,408,1
0.471912435919745,1,408,1
0.471912435919745,1,408,1
0.000172589605494149,0,408,1
0,0,408,1
0,0,408,1
0,0,408,2
0.00290271024901253,0,408,2
0.00290271024901253,0,408,2
0.409632144285365,0,408,2
0.409632144285365,1,408,2
0.409632144285365,1,408,2
0.00290271024901253,0,408,2
0.00290271024901253,0,408,2
0,0,408,2
0.993989572989197,1,408,2
0.409632144285365,1,408,2
0.993989572989197,1,408,2
0.409632144285365,1,408,2
0.409632144285365,1,408,2
0.409632144285365,1,408,2
0.409632144285365,1,408,2
0.993989572989197,1,408,2
0.00290271024901253,0,408,2
0.409632144285365,1,408,2
0,0,408,2
0,0,408,2
0.00290271024901253,0,408,2
0.409632144285365,1,408,2
0.409632144285365,1,408,2
0,0,408,2
0,0,408,2
0.409632144285365,1,408,2
0.409632144285365,1,408,2
0,0,408,2
0,0,408,2
0.409632144285365,0,408,2
0.993989572989197,1,408,2
0.409632144285365,1,408,2
0.993989572989197,1,408,2
0,0,408,2
0,0,408,2
0,0,408,2
0.00290271024901253,0,408,2
0.00290271024901253,0,408,2
0.993989572989197,1,408,2
0,0,408,2
0,0,408,2
0,0,408,2
0,0,408,2
0.409632144285365,0,408,2
0,0,408,2
0.409632144285365,1,408,2
0.409632144285365,1,408,2
0,0,408,2
0.409632144285365,1,408,2
0,0,408,2
0.409632144285365,1,408,2
0,0,408,2
0.409632144285365,1,408,2
0.00290271024901253,0,408,2
0.993989572989197,1,408,2
0.00290271024901253,0,408,2
0,0,408,2
0.409632144285365,0,408,2
0,0,408,2
0,0,408,2
0,0,408,2
0,0,408,2
0.993989572989197,1,408,2
0.993989572989197,1,408,2
0.409632144285365,1,408,2
0,0,408,2
0,0,408,2
0.00290271024901253,1,408,2
0.409632144285365,1,408,2
0,0,408,2
0,0,408,2
0,0,408,2
0,0,408,2
0,0,408,2
0.00290271024901253,0,408,2
0.409632144285365,1,408,2
0,0,408,2
0.993989572989197,1,408,2
0.409632144285365,0,408,2
0.756119210716452,0,408,3
0.99997296129694,0,408,3
0.756119210716452,1,408,3
0.756119210716452,1,408,3
0.756119210716452,1,408,3
0.000259842446954344,1,408,3
0.000259842446954344,0,408,3
0.756119210716452,1,408,3
0.99997296129694,1,408,3
0.000259842446954344,1,408,3
0.756119210716452,1,408,3
0.756119210716452,1,408,3
0.000259842446954344,1,408,3
0,0,408,3
0.756119210716452,1,408,3
0,0,408,3
0.756119210716452,1,408,3
0.756119210716452,1,408,3
0.000259842446954344,0,408,3
0,0,408,3
0,0,408,3
0,1,408,3
0,0,408,3
0.756119210716452,1,408,3
0.756119210716452,1,408,3
0.99997296129694,1,408,3
0,0,408,3
0.99997296129694,1,408,3
0.756119210716452,1,408,3
0,0,408,3
0.000259842446954344,0,408,3
0.756119210716452,1,408,3
0.756119210716452,1,408,3
0,0,408,3
0,0,408,3
0.000259842446954344,0,408,3
0,0,408,3
0.756119210716452,1,408,3
0,0,408,3
0.756119210716452,1,408,3
0.99997296129694,1,408,3
0,0,408,3
0,0,408,3
0,0,408,3
0,0,408,3
0.756119210716452,0,408,3
0.99997296129694,1,408,3
0.000259842446954344,1,408,3
0.756119210716452,1,408,3
0,0,408,3
0,0,408,3
0,0,408,3
0,0,408,3
0.000259842446954344,0,408,3
0.99997296129694,1,408,3
0.99997296129694,1,408,3
0.756119210716452,1,408,3
0,0,408,3
0,0,408,3
0.756119210716452,1,408,3
0,0,408,3
0.756119210716452,1,408,3
0,0,408,3
0.000259842446954344,1,408,3
0,0,408,3
0.756119210716452,1,408,3
0.756119210716452,0,408,3
0,0,408,3
0,0,408,3
0.000259842446954344,1,408,3
0.99997296129694,1,408,3
0,0,408,3
0.000259842446954344,1,408,3
0,0,408,3
0,0,408,3
0.756119210716452,1,408,3
0.756119210716452,1,408,3
0,0,408,3
0,0,408,3
0.99997296129694,1,408,3
0.105075668553603,0,408,4
0.577468612962034,1,408,4
0.577468612962034,1,408,4
0.577468612962034,1,408,4
0.577468612962034,1,408,4
0.577468612962034,1,408,4
0.940857346104846,1,408,4
0,0,408,4
0.577468612962034,1,408,4
0,1,408,4
0.577468612962034,1,408,4
0.105075668553603,1,408,4
0.105075668553603,1,408,4
0.105075668553603,1,408,4
0.940857346104846,1,408,4
0.577468612962034,1,408,4
0.577468612962034,1,408,4
0.940857346104846,1,408,4
0.940857346104846,1,408,4
0.577468612962034,1,408,4
0.577468612962034,1,408,4
0,1,408,4
0,1,408,4
0,0,408,4
0,0,408,4
0.105075668553603,0,408,4
0.105075668553603,1,408,4
0.577468612962034,1,408,4
0,0,408,4
0,0,408,4
0.577468612962034,1,408,4
0.577468612962034,1,408,4
0.105075668553603,1,408,4
0,1,408,4
0,1,408,4
0,1,408,4
0.940857346104846,1,408,4
0.940857346104846,1,408,4
0.577468612962034,0,408,4
0.577468612962034,1,408,4
0,0,408,4
0,0,408,4
0,0,408,4
0.577468612962034,1,408,4
0.577468612962034,1,408,4
0,1,408,4
0.105075668553603,1,408,4
0,0,408,4
0.105075668553603,1,408,4
0.577468612962034,1,408,4
0,1,408,4
0,0,408,4
0.105075668553603,0,408,4
0.577468612962034,1,408,4
0,0,408,4
0,1,408,4
0,1,408,4
0.940857346104846,1,408,4
0,0,408,4
0,1,408,4
0.577468612962034,1,408,4
0.577468612962034,1,408,4
0,0,408,4
0.940857346104846,1,408,4
0.105075668553603,1,408,4
0,0,408,4
0,0,408,4
0.940857346104846,1,408,4
0,0,408,4
0,0,408,4
0.577468612962034,1,408,4
0,1,408,4
0,0,408,4
0.105075668553603,1,408,4
0,0,408,4
0.577468612962034,1,408,4
0.577468612962034,1,408,4
0.940857346104846,1,408,4
0,0,408,4
0.577468612962034,1,408,4
0.101469689879852,0,408,5
0.101469689879852,1,408,5
0.101469689879852,0,408,5
0,0,408,5
0.553917354070533,1,408,5
0,0,408,5
0.553917354070533,1,408,5
0.9317586298556,1,408,5
0.553917354070533,1,408,5
0.9317586298556,1,408,5
0.553917354070533,1,408,5
0.101469689879852,1,408,5
0.553917354070533,1,408,5
0.553917354070533,1,408,5
0.553917354070533,1,408,5
0.553917354070533,1,408,5
0.553917354070533,1,408,5
0.553917354070533,1,408,5
0.9317586298556,1,408,5
0,1,408,5
0,0,408,5
0.101469689879852,0,408,5
0,0,408,5
0.101469689879852,0,408,5
0,0,408,5
0,0,408,5
0.553917354070533,1,408,5
0,0,408,5
0.553917354070533,1,408,5
0.553917354070533,1,408,5
0.553917354070533,1,408,5
0.9317586298556,1,408,5
0,0,408,5
0.9317586298556,1,408,5
0.9317586298556,1,408,5
0,0,408,5
0.101469689879852,1,408,5
0.553917354070533,1,408,5
0,0,408,5
0.553917354070533,1,408,5
0,0,408,5
0,0,408,5
0.101469689879852,1,408,5
0,0,408,5
0,0,408,5
0.553917354070533,0,408,5
0.553917354070533,1,408,5
0,0,408,5
0.9317586298556,1,408,5
0,0,408,5
0.101469689879852,1,408,5
0.9317586298556,1,408,5
0,0,408,5
0.553917354070533,1,408,5
0,1,408,5
0,0,408,5
0,0,408,5
0.553917354070533,1,408,5
0,0,408,5
0.553917354070533,1,408,5
0,0,408,5
0.101469689879852,0,408,5
0,0,408,5
0.553917354070533,1,408,5
0,0,408,5
0.553917354070533,1,408,5
0.9317586298556,1,408,5
0,1,408,5
0,0,408,5
0,0,408,5
0,0,408,5
0.553917354070533,0,408,5
0.553917354070533,1,408,5
0.101469689879852,0,408,5
0,0,408,5
0.9317586298556,1,408,5
0,0,408,5
0.553917354070533,1,408,5
0.101469689879852,0,408,5
0,0,408,5
0,0,408,6
7.60572618302079e-06,0,408,6
0.484494766247082,1,408,6
7.60572618302079e-06,1,408,6
0.999991389502843,1,408,6
0.484494766247082,1,408,6
7.60572618302079e-06,1,408,6
7.60572618302079e-06,1,408,6
0.999991389502843,1,408,6
0.484494766247082,1,408,6
0,1,408,6
0.484494766247082,1,408,6
0.484494766247082,1,408,6
0.484494766247082,1,408,6
0.484494766247082,1,408,6
0.484494766247082,1,408,6
0.484494766247082,0,408,6
0,0,408,6
7.60572618302079e-06,1,408,6
0.484494766247082,1,408,6
0.999991389502843,1,408,6
0,0,408,6
0,0,408,6
0,0,408,6
0,0,408,6
0,0,408,6
0.484494766247082,1,408,6
7.60572618302079e-06,1,408,6
0.999991389502843,1,408,6
0.484494766247082,1,408,6
0.484494766247082,1,408,6
0.484494766247082,1,408,6
0,0,408,6
0.484494766247082,1,408,6
0,0,408,6
7.60572618302079e-06,1,408,6
0.999991389502843,1,408,6
0,0,408,6
0,0,408,6
0.484494766247082,1,408,6
0,0,408,6
0,0,408,6
0,0,408,6
0,0,408,6
0.999991389502843,1,408,6
0.484494766247082,1,408,6
0.484494766247082,1,408,6
7.60572618302079e-06,1,408,6
7.60572618302079e-06,0,408,6
0,0,408,6
0,0,408,6
0,0,408,6
0,0,408,6
0,0,408,6
0,0,408,6
0.484494766247082,0,408,6
7.60572618302079e-06,0,408,6
0.484494766247082,1,408,6
0.484494766247082,1,408,6
0.999991389502843,1,408,6
0.484494766247082,1,408,6
0.999991389502843,1,408,6
0,0,408,6
0,1,408,6
0.999991389502843,1,408,6
0,1,408,6
0,0,408,6
0.484494766247082,0,408,6
0,0,408,6
0.484494766247082,1,408,6
0,0,408,6
7.60572618302079e-06,0,408,6
0.484494766247082,1,408,6
0,0,408,6
0,0,408,6
0.484494766247082,1,408,6
7.60572618302079e-06,1,408,6
0,0,408,6
0,0,408,6
0.999991389502843,1,408,6
0.327741690108019,1,409,1
0,1,409,1
0.327741690108019,1,409,1
0.560687869585083,1,409,1
0.769648107153182,1,409,1
0.560687869585083,1,409,1
0.560687869585083,1,409,1
0.560687869585083,1,409,1
0.769648107153182,1,409,1
0.327741690108019,1,409,1
0,1,409,1
0.560687869585083,1,409,1
0.560687869585083,1,409,1
0.327741690108019,1,409,1
0.560687869585083,1,409,1
0.560687869585083,1,409,1
0,1,409,1
0.560687869585083,1,409,1
0,1,409,1
0.560687869585083,1,409,1
0.327741690108019,1,409,1
0.560687869585083,1,409,1
0,1,409,1
0,1,409,1
0.560687869585083,1,409,1
0.769648107153182,1,409,1
0.327741690108019,1,409,1
0.769648107153182,1,409,1
0.560687869585083,1,409,1
0,1,409,1
0,1,409,1
0.560687869585083,1,409,1
0.769648107153182,1,409,1
0.327741690108019,1,409,1
0.327741690108019,1,409,1
0.769648107153182,1,409,1
0,0,409,1
0,0,409,1
0.560687869585083,1,409,1
0.560687869585083,1,409,1
0.560687869585083,1,409,1
0,1,409,1
0,0,409,1
0,0,409,1
0.560687869585083,0,409,1
0,1,409,1
0,0,409,1
0,1,409,1
0,0,409,1
0,1,409,1
0,0,409,1
0.560687869585083,1,409,1
0,0,409,1
0.560687869585083,0,409,1
0,0,409,1
0,0,409,1
0.560687869585083,1,409,1
0.327741690108019,0,409,1
0,0,409,1
0.769648107153182,1,409,1
0.560687869585083,0,409,1
0.327741690108019,0,409,1
0,0,409,1
0.769648107153182,1,409,1
0.560687869585083,0,409,1
0.769648107153182,1,409,1
0.327741690108019,0,409,1
0.327741690108019,0,409,1
0,0,409,1
0.560687869585083,1,409,1
0,0,409,1
0,1,409,1
0,0,409,1
0.560687869585083,1,409,1
0.560687869585083,0,409,1
0,1,409,1
0,0,409,1
0.769648107153182,1,409,1
0,0,409,1
0,0,409,1
0.628603704260417,0,409,2
0.750667390892521,0,409,2
0.628603704260417,1,409,2
0.693004437929322,1,409,2
0,0,409,2
0.693004437929322,0,409,2
0.693004437929322,0,409,2
0.628603704260417,0,409,2
0,0,409,2
0.693004437929322,1,409,2
0.693004437929322,1,409,2
0.693004437929322,0,409,2
0.693004437929322,0,409,2
0.750667390892521,0,409,2
0.628603704260417,0,409,2
0.693004437929322,1,409,2
0.628603704260417,0,409,2
0.693004437929322,0,409,2
0.750667390892521,1,409,2
0.628603704260417,0,409,2
0.693004437929322,1,409,2
0.693004437929322,1,409,2
0,0,409,2
0.750667390892521,0,409,2
0.693004437929322,0,409,2
0.693004437929322,0,409,2
0,0,409,2
0,0,409,2
0,0,409,2
0,1,409,2
0.693004437929322,0,409,2
0,0,409,2
0,0,409,2
0.693004437929322,1,409,2
0.628603704260417,1,409,2
0,0,409,2
0,0,409,2
0.693004437929322,1,409,2
0,1,409,2
0,0,409,2
0,0,409,2
0.750667390892521,0,409,2
0.693004437929322,1,409,2
0.628603704260417,0,409,2
0.750667390892521,0,409,2
0,0,409,2
0,1,409,2
0.693004437929322,0,409,2
0.693004437929322,1,409,2
0.693004437929322,1,409,2
0,0,409,2
0,0,409,2
0.628603704260417,0,409,2
0,0,409,2
0,0,409,2
0.750667390892521,1,409,2
0.628603704260417,1,409,2
0.693004437929322,1,409,2
0,0,409,2
0.693004437929322,1,409,2
0.750667390892521,1,409,2
0,0,409,2
0,0,409,2
0,0,409,2
0.628603704260417,1,409,2
0.693004437929322,1,409,2
0,0,409,2
0,0,409,2
0.693004437929322,0,409,2
0.628603704260417,1,409,2
0.693004437929322,0,409,2
0,0,409,2
0,0,409,2
0,0,409,2
0,0,409,2
0.693004437929322,1,409,2
0.750667390892521,1,409,2
0,0,409,2
0.750667390892521,1,409,2
0,0,409,2
0.7003207291558,0,409,3
0.7003207291558,0,409,3
0.7003207291558,0,409,3
0.241775020785577,0,409,3
0.7003207291558,0,409,3
0.241775020785577,0,409,3
0,0,409,3
0.7003207291558,0,409,3
0.944831983298764,0,409,3
0.7003207291558,0,409,3
0,0,409,3
0.944831983298764,1,409,3
0.241775020785577,1,409,3
0.241775020785577,1,409,3
0.7003207291558,1,409,3
0.7003207291558,1,409,3
0.7003207291558,1,409,3
0.241775020785577,1,409,3
0.7003207291558,1,409,3
0.7003207291558,1,409,3
0,0,409,3
0.944831983298764,0,409,3
0,0,409,3
0,1,409,3
0,0,409,3
0.241775020785577,1,409,3
0.944831983298764,1,409,3
0.7003207291558,1,409,3
0,1,409,3
0.7003207291558,0,409,3
0.7003207291558,0,409,3
0,0,409,3
0.7003207291558,0,409,3
0.241775020785577,1,409,3
0,0,409,3
0,1,409,3
0.7003207291558,1,409,3
0,0,409,3
0.944831983298764,1,409,3
0,1,409,3
0.944831983298764,0,409,3
0.7003207291558,0,409,3
0,0,409,3
0.7003207291558,0,409,3
0.241775020785577,1,409,3
0,0,409,3
0,0,409,3
0,1,409,3
0.7003207291558,0,409,3
0,0,409,3
0.241775020785577,1,409,3
0,0,409,3
0.7003207291558,0,409,3
0.944831983298764,1,409,3
0.944831983298764,1,409,3
0,0,409,3
0,0,409,3
0.7003207291558,1,409,3
0,0,409,3
0,1,409,3
0.7003207291558,1,409,3
0,0,409,3
0,1,409,3
0.241775020785577,0,409,3
0,0,409,3
0,1,409,3
0.7003207291558,1,409,3
0.7003207291558,0,409,3
0.944831983298764,1,409,3
0.241775020785577,0,409,3
0,1,409,3
0,0,409,3
0,0,409,3
0.7003207291558,0,409,3
0.7003207291558,0,409,3
0,0,409,3
0,1,409,3
0.944831983298764,1,409,3
0.241775020785577,1,409,3
0,0,409,3
0.455132824479107,1,409,4
0.733900353542934,1,409,4
0.602830957054524,1,409,4
0.602830957054524,1,409,4
0.602830957054524,1,409,4
0.602830957054524,1,409,4
0.733900353542934,1,409,4
0,1,409,4
0.455132824479107,1,409,4
0.455132824479107,1,409,4
0.602830957054524,1,409,4
0.602830957054524,1,409,4
0.455132824479107,1,409,4
0,1,409,4
0.602830957054524,1,409,4
0.602830957054524,1,409,4
0.602830957054524,1,409,4
0.602830957054524,1,409,4
0,1,409,4
0.602830957054524,1,409,4
0.602830957054524,1,409,4
0,1,409,4
0,0,409,4
0,0,409,4
0,1,409,4
0.602830957054524,1,409,4
0.602830957054524,1,409,4
0,1,409,4
0.733900353542934,1,409,4
0.455132824479107,1,409,4
0.733900353542934,1,409,4
0.455132824479107,1,409,4
0.602830957054524,1,409,4
0.602830957054524,1,409,4
0.733900353542934,1,409,4
0.733900353542934,1,409,4
0,1,409,4
0.455132824479107,1,409,4
0.455132824479107,1,409,4
0,1,409,4
0,1,409,4
0,1,409,4
0,1,409,4
0.602830957054524,1,409,4
0,0,409,4
0,1,409,4
0.602830957054524,1,409,4
0,1,409,4
0.602830957054524,1,409,4
0,1,409,4
0.455132824479107,0,409,4
0,0,409,4
0.602830957054524,1,409,4
0.602830957054524,1,409,4
0,1,409,4
0.733900353542934,1,409,4
0.455132824479107,1,409,4
0,0,409,4
0,0,409,4
0.733900353542934,1,409,4
0,0,409,4
0.602830957054524,1,409,4
0,0,409,4
0,0,409,4
0,0,409,4
0.455132824479107,0,409,4
0.733900353542934,1,409,4
0.602830957054524,1,409,4
0,0,409,4
0,0,409,4
0.455132824479107,1,409,4
0.733900353542934,1,409,4
0,0,409,4
0.602830957054524,0,409,4
0.602830957054524,1,409,4
0,0,409,4
0.602830957054524,1,409,4
0,0,409,4
0,0,409,4
0,0,409,4
0.274268534451649,0,409,5
0.274268534451649,0,409,5
0.42124741081479,1,409,5
0.274268534451649,1,409,5
0,1,409,5
0.274268534451649,1,409,5
0.16403731751409,1,409,5
0.274268534451649,1,409,5
0.274268534451649,1,409,5
0.274268534451649,0,409,5
0.16403731751409,1,409,5
0.274268534451649,0,409,5
0.16403731751409,1,409,5
0.42124741081479,1,409,5
0,1,409,5
0.16403731751409,1,409,5
0,0,409,5
0,0,409,5
0.42124741081479,1,409,5
0.274268534451649,1,409,5
0,0,409,5
0.274268534451649,1,409,5
0,0,409,5
0.274268534451649,1,409,5
0,1,409,5
0.274268534451649,0,409,5
0.16403731751409,1,409,5
0.16403731751409,1,409,5
0.274268534451649,0,409,5
0.274268534451649,1,409,5
0.42124741081479,1,409,5
0,1,409,5
0,0,409,5
0,0,409,5
0.16403731751409,0,409,5
0.42124741081479,1,409,5
0,1,409,5
0.42124741081479,0,409,5
0,0,409,5
0,0,409,5
0,0,409,5
0,1,409,5
0.274268534451649,1,409,5
0.274268534451649,1,409,5
0.274268534451649,0,409,5
0.274268534451649,0,409,5
0,1,409,5
0.16403731751409,1,409,5
0.42124741081479,0,409,5
0,0,409,5
0.42124741081479,1,409,5
0,1,409,5
0,1,409,5
0.16403731751409,1,409,5
0,1,409,5
0.16403731751409,0,409,5
0,0,409,5
0,0,409,5
0.274268534451649,0,409,5
0.274268534451649,0,409,5
0,0,409,5
0.274268534451649,0,409,5
0.274268534451649,1,409,5
0,0,409,5
0.42124741081479,0,409,5
0,0,409,5
0.274268534451649,1,409,5
0.274268534451649,1,409,5
0,0,409,5
0.16403731751409,0,409,5
0,0,409,5
0.16403731751409,0,409,5
0,1,409,5
0.274268534451649,1,409,5
0.42124741081479,1,409,5
0,1,409,5
0.274268534451649,0,409,5
0,0,409,5
0,0,409,5
0,1,409,5
0.379857044615333,0,409,6
0.50193254792319,0,409,6
0.50193254792319,1,409,6
0.379857044615333,1,409,6
0.50193254792319,1,409,6
0.379857044615333,1,409,6
0.50193254792319,1,409,6
0.50193254792319,1,409,6
0,0,409,6
0.50193254792319,1,409,6
0,0,409,6
0.50193254792319,1,409,6
0.623778084561408,1,409,6
0.379857044615333,1,409,6
0.623778084561408,1,409,6
0.50193254792319,1,409,6
0,0,409,6
0,0,409,6
0.50193254792319,0,409,6
0.379857044615333,1,409,6
0.50193254792319,1,409,6
0.379857044615333,1,409,6
0.50193254792319,1,409,6
0.623778084561408,1,409,6
0,1,409,6
0,1,409,6
0,1,409,6
0.50193254792319,1,409,6
0.50193254792319,1,409,6
0.623778084561408,1,409,6
0.50193254792319,0,409,6
0,0,409,6
0,0,409,6
0,1,409,6
0,0,409,6
0.50193254792319,1,409,6
0.623778084561408,1,409,6
0,1,409,6
0.50193254792319,1,409,6
0.379857044615333,1,409,6
0.623778084561408,1,409,6
0,0,409,6
0,0,409,6
0.50193254792319,1,409,6
0,1,409,6
0,1,409,6
0.50193254792319,1,409,6
0.379857044615333,1,409,6
0.50193254792319,1,409,6
0,1,409,6
0,0,409,6
0,0,409,6
0,1,409,6
0,0,409,6
0.623778084561408,1,409,6
0.379857044615333,1,409,6
0.50193254792319,0,409,6
0,0,409,6
0.623778084561408,1,409,6
0,0,409,6
0,0,409,6
0.379857044615333,0,409,6
0.50193254792319,0,409,6
0.50193254792319,1,409,6
0,0,409,6
0.623778084561408,1,409,6
0.50193254792319,1,409,6
0.50193254792319,1,409,6
0.50193254792319,1,409,6
0.50193254792319,1,409,6
0,0,409,6
0,0,409,6
0.379857044615333,1,409,6
0,0,409,6
0,0,409,6
0.623778084561408,1,409,6
0.379857044615333,0,409,6
0,0,409,6
0,1,409,6
0,0,409,6
0.397384744144831,0,411,1
0.397384744144831,0,411,1
0,1,411,1
0.397384744144831,1,411,1
0.132170420709278,1,411,1
0.397384744144831,1,411,1
0.397384744144831,1,411,1
0.132170420709278,1,411,1
0.397384744144831,1,411,1
0.132170420709278,1,411,1
0.740612640734892,1,411,1
0.397384744144831,1,411,1
0.740612640734892,1,411,1
0,1,411,1
0.132170420709278,1,411,1
0.397384744144831,1,411,1
0,1,411,1
0.397384744144831,1,411,1
0.740612640734892,1,411,1
0.397384744144831,1,411,1
0,1,411,1
0.740612640734892,1,411,1
0,1,411,1
0.397384744144831,1,411,1
0,1,411,1
0,1,411,1
0,1,411,1
0.132170420709278,0,411,1
0.397384744144831,1,411,1
0.132170420709278,1,411,1
0.397384744144831,1,411,1
0.397384744144831,1,411,1
0,0,411,1
0,1,411,1
0.740612640734892,1,411,1
0.397384744144831,1,411,1
0.397384744144831,1,411,1
0,1,411,1
0,1,411,1
0,1,411,1
0.397384744144831,1,411,1
0.132170420709278,1,411,1
0,1,411,1
0,0,411,1
0.132170420709278,1,411,1
0.740612640734892,1,411,1
0,1,411,1
0.397384744144831,1,411,1
0,0,411,1
0,1,411,1
0,1,411,1
0,1,411,1
0.397384744144831,1,411,1
0.132170420709278,0,411,1
0,0,411,1
0.740612640734892,0,411,1
0,1,411,1
0.397384744144831,1,411,1
0.397384744144831,1,411,1
0,1,411,1
0.397384744144831,0,411,1
0,0,411,1
0.132170420709278,0,411,1
0.740612640734892,1,411,1
0,0,411,1
0.132170420709278,1,411,1
0,1,411,1
0,1,411,1
0.740612640734892,1,411,1
0.132170420709278,1,411,1
0,1,411,1
0,1,411,1
0.397384744144831,1,411,1
0,1,411,1
0.397384744144831,1,411,1
0,1,411,1
0.740612640734892,1,411,1
0,1,411,1
0.397384744144831,1,411,1
0.397384744144831,1,411,1
0.720984332089264,0,411,2
0.720984332089264,0,411,2
0.720984332089264,0,411,2
0.879676427261827,1,411,2
0,0,411,2
0.477347853562575,0,411,2
0.720984332089264,1,411,2
0.720984332089264,1,411,2
0.720984332089264,1,411,2
0.477347853562575,1,411,2
0.477347853562575,1,411,2
0.720984332089264,1,411,2
0.477347853562575,1,411,2
0.879676427261827,0,411,2
0,0,411,2
0.720984332089264,1,411,2
0.720984332089264,0,411,2
0,1,411,2
0,1,411,2
0.720984332089264,0,411,2
0.879676427261827,1,411,2
0.879676427261827,1,411,2
0.720984332089264,0,411,2
0,0,411,2
0.720984332089264,0,411,2
0.477347853562575,0,411,2
0,1,411,2
0,0,411,2
0.477347853562575,1,411,2
0.720984332089264,0,411,2
0,0,411,2
0.720984332089264,1,411,2
0,1,411,2
0,0,411,2
0.720984332089264,0,411,2
0.720984332089264,0,411,2
0,0,411,2
0,1,411,2
0.720984332089264,1,411,2
0.879676427261827,1,411,2
0.720984332089264,1,411,2
0,0,411,2
0.477347853562575,1,411,2
0.477347853562575,1,411,2
0,0,411,2
0.879676427261827,1,411,2
0,0,411,2
0,1,411,2
0.477347853562575,0,411,2
0.720984332089264,0,411,2
0.879676427261827,1,411,2
0,1,411,2
0.720984332089264,0,411,2
0,1,411,2
0.477347853562575,0,411,2
0,1,411,2
0.720984332089264,0,411,2
0,0,411,2
0,1,411,2
0.879676427261827,1,411,2
0,1,411,2
0.720984332089264,1,411,2
0,1,411,2
0,0,411,2
0.879676427261827,1,411,2
0,1,411,2
0,1,411,2
0,1,411,2
0.879676427261827,0,411,2
0,0,411,2
0.720984332089264,0,411,2
0.720984332089264,1,411,2
0,1,411,2
0,1,411,2
0.477347853562575,1,411,2
0,1,411,2
0.720984332089264,1,411,2
0,1,411,2
0.477347853562575,0,411,2
0.720984332089264,1,411,2
0.940270584543226,0,411,3
0,0,411,3
0.501462583684456,1,411,3
0.0603899432918913,1,411,3
0,0,411,3
0.501462583684456,0,411,3
0.501462583684456,1,411,3
0.501462583684456,1,411,3
0.501462583684456,1,411,3
0.0603899432918913,0,411,3
0.0603899432918913,1,411,3
0.0603899432918913,1,411,3
0.501462583684456,1,411,3
0.501462583684456,1,411,3
0.501462583684456,1,411,3
0.940270584543226,1,411,3
0,0,411,3
0.501462583684456,1,411,3
0.501462583684456,1,411,3
0.501462583684456,1,411,3
0,1,411,3
0,1,411,3
0,0,411,3
0.501462583684456,0,411,3
0,1,411,3
0.501462583684456,1,411,3
0,1,411,3
0.940270584543226,1,411,3
0.501462583684456,1,411,3
0.940270584543226,1,411,3
0.0603899432918913,0,411,3
0.0603899432918913,1,411,3
0.501462583684456,0,411,3
0.501462583684456,1,411,3
0.0603899432918913,0,411,3
0,1,411,3
0,1,411,3
0.940270584543226,1,411,3
0,1,411,3
0,1,411,3
0.0603899432918913,0,411,3
0,1,411,3
0,0,411,3
0.940270584543226,0,411,3
0,1,411,3
0,1,411,3
0.501462583684456,1,411,3
0.501462583684456,1,411,3
0.501462583684456,1,411,3
0,0,411,3
0,0,411,3
0,1,411,3
0.0603899432918913,0,411,3
0.940270584543226,0,411,3
0,1,411,3
0,1,411,3
0.0603899432918913,1,411,3
0.940270584543226,1,411,3
0,1,411,3
0,1,411,3
0,1,411,3
0.501462583684456,1,411,3
0.501462583684456,1,411,3
0.501462583684456,1,411,3
0.940270584543226,1,411,3
0.0603899432918913,1,411,3
0.940270584543226,1,411,3
0.501462583684456,0,411,3
0,1,411,3
0.501462583684456,1,411,3
0.501462583684456,1,411,3
0.501462583684456,0,411,3
0,1,411,3
0,1,411,3
0,1,411,3
0,0,411,3
0,1,411,3
0.0603899432918913,1,411,3
0,1,411,3
0,1,411,3
0.469562606143515,0,411,4
0,0,411,4
0.469562606143515,1,411,4
0.106486820582488,0,411,4
0.469562606143515,0,411,4
0.867994209537161,1,411,4
0.469562606143515,1,411,4
0.867994209537161,1,411,4
0.106486820582488,1,411,4
0.106486820582488,1,411,4
0.469562606143515,0,411,4
0.469562606143515,1,411,4
0.469562606143515,1,411,4
0.106486820582488,1,411,4
0,0,411,4
0.469562606143515,0,411,4
0,1,411,4
0,0,411,4
0,1,411,4
0,0,411,4
0.469562606143515,1,411,4
0.867994209537161,1,411,4
0.469562606143515,1,411,4
0,1,411,4
0.106486820582488,1,411,4
0.469562606143515,0,411,4
0,0,411,4
0.867994209537161,1,411,4
0.106486820582488,0,411,4
0.469562606143515,1,411,4
0.469562606143515,1,411,4
0.469562606143515,1,411,4
0,1,411,4
0,1,411,4
0,1,411,4
0,1,411,4
0.867994209537161,1,411,4
0.469562606143515,1,411,4
0,1,411,4
0.469562606143515,0,411,4
0.106486820582488,0,411,4
0.106486820582488,1,411,4
0.867994209537161,1,411,4
0.469562606143515,1,411,4
0,1,411,4
0.469562606143515,1,411,4
0,0,411,4
0,0,411,4
0,1,411,4
0.106486820582488,0,411,4
0.469562606143515,0,411,4
0,0,411,4
0.867994209537161,0,411,4
0,1,411,4
0,1,411,4
0,1,411,4
0.469562606143515,1,411,4
0,1,411,4
0.469562606143515,1,411,4
0.867994209537161,0,411,4
0,0,411,4
0,0,411,4
0.106486820582488,1,411,4
0.469562606143515,1,411,4
0.469562606143515,0,411,4
0.106486820582488,0,411,4
0,1,411,4
0,1,411,4
0,1,411,4
0,1,411,4
0,0,411,4
0.867994209537161,1,411,4
0,1,411,4
0.106486820582488,0,411,4
0.469562606143515,1,411,4
0.469562606143515,1,411,4
0,1,411,4
0.867994209537161,1,411,4
0,0,411,4
0.469562606143515,1,411,4
0.597806568986506,0,411,5
0.597806568986506,0,411,5
0.996843728990842,0,411,5
0.597806568986506,1,411,5
0.597806568986506,1,411,5
0.00694658309481013,0,411,5
0.00694658309481013,0,411,5
0.597806568986506,1,411,5
0.597806568986506,1,411,5
0.597806568986506,1,411,5
0,0,411,5
0.00694658309481013,1,411,5
0.00694658309481013,1,411,5
0.597806568986506,1,411,5
0.996843728990842,1,411,5
0,0,411,5
0.597806568986506,1,411,5
0.00694658309481013,0,411,5
0.00694658309481013,0,411,5
0.996843728990842,1,411,5
0,0,411,5
0.597806568986506,0,411,5
0.597806568986506,1,411,5
0,1,411,5
0.597806568986506,0,411,5
0.597806568986506,1,411,5
0,0,411,5
0,1,411,5
0.597806568986506,1,411,5
0,1,411,5
0.996843728990842,1,411,5
0,0,411,5
0,0,411,5
0,0,411,5
0.597806568986506,1,411,5
0,1,411,5
0.597806568986506,1,411,5
0,0,411,5
0.996843728990842,1,411,5
0.597806568986506,1,411,5
0,0,411,5
0.00694658309481013,1,411,5
0,0,411,5
0.00694658309481013,0,411,5
0.597806568986506,1,411,5
0,1,411,5
0,0,411,5
0.996843728990842,1,411,5
0,0,411,5
0.00694658309481013,0,411,5
0,0,411,5
0,0,411,5
0.597806568986506,1,411,5
0,1,411,5
0.597806568986506,1,411,5
0.996843728990842,1,411,5
0.597806568986506,0,411,5
0.597806568986506,1,411,5
0.00694658309481013,0,411,5
0.996843728990842,1,411,5
0,0,411,5
0,0,411,5
0,1,411,5
0,0,411,5
0.597806568986506,1,411,5
0,0,411,5
0,0,411,5
0,0,411,5
0.597806568986506,1,411,5
0,1,411,5
0,0,411,5
0.00694658309481013,0,411,5
0.996843728990842,1,411,5
0.597806568986506,1,411,5
0,0,411,5
0.00694658309481013,0,411,5
0,0,411,5
0.597806568986506,1,411,5
0,0,411,5
0.996843728990842,1,411,5
0.504598923521901,0,411,6
2.38870164018676e-262,0,411,6
0.504598923521901,0,411,6
0,0,411,6
0,0,411,6
2.38870164018676e-262,0,411,6
2.38870164018676e-262,0,411,6
2.38870164018676e-262,0,411,6
0.504598923521901,1,411,6
0.504598923521901,0,411,6
0.504598923521901,0,411,6
0.504598923521901,1,411,6
0.504598923521901,1,411,6
0.504598923521901,1,411,6
1,0,411,6
1,1,411,6
0,0,411,6
1,1,411,6
1,1,411,6
0.504598923521901,1,411,6
0,0,411,6
0.504598923521901,1,411,6
0.504598923521901,1,411,6
0,0,411,6
0.504598923521901,1,411,6
0,0,411,6
0.504598923521901,0,411,6
0,0,411,6
0,0,411,6
0.504598923521901,1,411,6
2.38870164018676e-262,0,411,6
2.38870164018676e-262,0,411,6
0,0,411,6
0,0,411,6
0,0,411,6
0.504598923521901,1,411,6
0,0,411,6
2.38870164018676e-262,1,411,6
0.504598923521901,1,411,6
0,0,411,6
1,1,411,6
1,1,411,6
0,0,411,6
0,0,411,6
0.504598923521901,1,411,6
0.504598923521901,1,411,6
2.38870164018676e-262,1,411,6
0,0,411,6
0,0,411,6
0,0,411,6
0,0,411,6
0,0,411,6
2.38870164018676e-262,1,411,6
1,1,411,6
0,0,411,6
0.504598923521901,1,411,6
1,1,411,6
0,1,411,6
0.504598923521901,1,411,6
2.38870164018676e-262,1,411,6
0.504598923521901,1,411,6
0,0,411,6
0.504598923521901,1,411,6
0,0,411,6
0,0,411,6
0.504598923521901,1,411,6
0,0,411,6
1,1,411,6
0,1,411,6
0.504598923521901,1,411,6
2.38870164018676e-262,0,411,6
0,0,411,6
0,1,411,6
2.38870164018676e-262,0,411,6
0,0,411,6
0,0,411,6
1,1,411,6
0.504598923521901,1,411,6
0.504598923521901,1,411,6
0,0,411,6
0.337520072682123,0,412,1
0.287025198437312,0,412,1
0.287025198437312,0,412,1
0.39201395644596,0,412,1
0.39201395644596,1,412,1
0.337520072682123,0,412,1
0.337520072682123,0,412,1
0.287025198437312,0,412,1
0.337520072682123,0,412,1
0,0,412,1
0.337520072682123,0,412,1
0.337520072682123,0,412,1
0,0,412,1
0.337520072682123,0,412,1
0.337520072682123,0,412,1
0.287025198437312,0,412,1
0.39201395644596,1,412,1
0,0,412,1
0.337520072682123,0,412,1
0,1,412,1
0.337520072682123,0,412,1
0,1,412,1
0.39201395644596,1,412,1
0,0,412,1
0.337520072682123,0,412,1
0.287025198437312,0,412,1
0,0,412,1
0.287025198437312,0,412,1
0.337520072682123,0,412,1
0,1,412,1
0.337520072682123,0,412,1
0.337520072682123,1,412,1
0.287025198437312,0,412,1
0,0,412,1
0,1,412,1
0,1,412,1
0.287025198437312,1,412,1
0.337520072682123,0,412,1
0.337520072682123,1,412,1
0.337520072682123,1,412,1
0.39201395644596,0,412,1
0.39201395644596,0,412,1
0,0,412,1
0.337520072682123,1,412,1
0,0,412,1
0,0,412,1
0,0,412,1
0,0,412,1
0,0,412,1
0.39201395644596,0,412,1
0.337520072682123,0,412,1
0.287025198437312,0,412,1
0.337520072682123,0,412,1
0.337520072682123,0,412,1
0,0,412,1
0.337520072682123,0,412,1
0.287025198437312,0,412,1
0,0,412,1
0,0,412,1
0,0,412,1
0,0,412,1
0.39201395644596,1,412,1
0,0,412,1
0,0,412,1
0,0,412,1
0,0,412,1
0,0,412,1
0.39201395644596,1,412,1
0,0,412,1
0.337520072682123,0,412,1
0,0,412,1
0.39201395644596,0,412,1
0.337520072682123,1,412,1
0.287025198437312,1,412,1
0.287025198437312,1,412,1
0,0,412,1
0.337520072682123,0,412,1
0.337520072682123,1,412,1
0,0,412,1
0,0,412,1
0.45695159690995,1,412,2
0.45695159690995,1,412,2
0.551437976936827,1,412,2
0.45695159690995,1,412,2
0,0,412,2
0.45695159690995,1,412,2
0.45695159690995,1,412,2
0.45695159690995,1,412,2
0.551437976936827,1,412,2
0.45695159690995,1,412,2
0.365464432432177,1,412,2
0.45695159690995,1,412,2
0.365464432432177,1,412,2
0.365464432432177,1,412,2
0.365464432432177,1,412,2
0,1,412,2
0.45695159690995,1,412,2
0,0,412,2
0.551437976936827,1,412,2
0,0,412,2
0.45695159690995,1,412,2
0.45695159690995,1,412,2
0,0,412,2
0.551437976936827,1,412,2
0,0,412,2
0.45695159690995,1,412,2
0,1,412,2
0.45695159690995,1,412,2
0.365464432432177,1,412,2
0,0,412,2
0.45695159690995,1,412,2
0.365464432432177,1,412,2
0,0,412,2
0.45695159690995,1,412,2
0,0,412,2
0.365464432432177,0,412,2
0.551437976936827,1,412,2
0,0,412,2
0,1,412,2
0.365464432432177,1,412,2
0.551437976936827,1,412,2
0,0,412,2
0.45695159690995,1,412,2
0.45695159690995,1,412,2
0,0,412,2
0,0,412,2
0.45695159690995,0,412,2
0,0,412,2
0.551437976936827,1,412,2
0.551437976936827,1,412,2
0,0,412,2
0,0,412,2
0,0,412,2
0,0,412,2
0.365464432432177,0,412,2
0.45695159690995,0,412,2
0,0,412,2
0.45695159690995,1,412,2
0,0,412,2
0.45695159690995,1,412,2
0.45695159690995,1,412,2
0.365464432432177,1,412,2
0,0,412,2
0,0,412,2
0.551437976936827,1,412,2
0,0,412,2
0,0,412,2
0.365464432432177,0,412,2
0,0,412,2
0,0,412,2
0.45695159690995,0,412,2
0.365464432432177,0,412,2
0,0,412,2
0.45695159690995,1,412,2
0.551437976936827,1,412,2
0,1,412,2
0,0,412,2
0.45695159690995,1,412,2
0,0,412,2
0.45695159690995,1,412,2
0.23713883946183,0,412,3
0.745573841139219,1,412,3
0.488341272050732,1,412,3
0.488341272050732,1,412,3
0.23713883946183,1,412,3
0.23713883946183,1,412,3
0,0,412,3
0.488341272050732,0,412,3
0.23713883946183,0,412,3
0.745573841139219,1,412,3
0.488341272050732,1,412,3
0.488341272050732,1,412,3
0.488341272050732,1,412,3
0.488341272050732,1,412,3
0.488341272050732,1,412,3
0,1,412,3
0.745573841139219,1,412,3
0,0,412,3
0,0,412,3
0,0,412,3
0.488341272050732,1,412,3
0,0,412,3
0.23713883946183,1,412,3
0.745573841139219,1,412,3
0.488341272050732,1,412,3
0.488341272050732,1,412,3
0,0,412,3
0.488341272050732,1,412,3
0,1,412,3
0.488341272050732,1,412,3
0.23713883946183,0,412,3
0.488341272050732,1,412,3
0,0,412,3
0,0,412,3
0.745573841139219,1,412,3
0,0,412,3
0.488341272050732,1,412,3
0.23713883946183,1,412,3
0.488341272050732,1,412,3
0.23713883946183,1,412,3
0.488341272050732,1,412,3
0.488341272050732,1,412,3
0,1,412,3
0,0,412,3
0,0,412,3
0.745573841139219,1,412,3
0,0,412,3
0,0,412,3
0,0,412,3
0,0,412,3
0,0,412,3
0.488341272050732,1,412,3
0.488341272050732,1,412,3
0.23713883946183,0,412,3
0.745573841139219,1,412,3
0,0,412,3
0.745573841139219,1,412,3
0,0,412,3
0,0,412,3
0.488341272050732,0,412,3
0,0,412,3
0.488341272050732,1,412,3
0,1,412,3
0.23713883946183,0,412,3
0,0,412,3
0.745573841139219,1,412,3
0,0,412,3
0.488341272050732,0,412,3
0.488341272050732,0,412,3
0,0,412,3
0.745573841139219,1,412,3
0,0,412,3
0.488341272050732,1,412,3
0.23713883946183,1,412,3
0.23713883946183,1,412,3
0,1,412,3
0,0,412,3
0.488341272050732,1,412,3
0,0,412,3
0,1,412,3
0.0926958499651228,0,412,4
0.935346244770243,1,412,4
0.548684830910919,1,412,4
0,0,412,4
0.548684830910919,1,412,4
0.0926958499651228,1,412,4
0.548684830910919,1,412,4
0,0,412,4
0.548684830910919,1,412,4
0.548684830910919,1,412,4
0.935346244770243,1,412,4
0.0926958499651228,1,412,4
0.548684830910919,1,412,4
0.548684830910919,1,412,4
0.0926958499651228,0,412,4
0.548684830910919,1,412,4
0.548684830910919,1,412,4
0.548684830910919,1,412,4
0,0,412,4
0.935346244770243,1,412,4
0,0,412,4
0.548684830910919,1,412,4
0.548684830910919,1,412,4
0,0,412,4
0,0,412,4
0.0926958499651228,1,412,4
0,0,412,4
0.548684830910919,1,412,4
0.0926958499651228,1,412,4
0.935346244770243,1,412,4
0,0,412,4
0.548684830910919,1,412,4
0.935346244770243,1,412,4
0.548684830910919,1,412,4
0,0,412,4
0,0,412,4
0.548684830910919,1,412,4
0.548684830910919,1,412,4
0,0,412,4
0,0,412,4
0,0,412,4
0.0926958499651228,0,412,4
0.548684830910919,0,412,4
0,0,412,4
0,0,412,4
0,0,412,4
0.0926958499651228,0,412,4
0.935346244770243,0,412,4
0,0,412,4
0.935346244770243,1,412,4
0,0,412,4
0,0,412,4
0,0,412,4
0,0,412,4
0.0926958499651228,0,412,4
0.548684830910919,0,412,4
0,0,412,4
0.548684830910919,1,412,4
0.935346244770243,1,412,4
0,0,412,4
0.548684830910919,1,412,4
0.548684830910919,0,412,4
0.0926958499651228,0,412,4
0,0,412,4
0.0926958499651228,0,412,4
0.548684830910919,1,412,4
0,0,412,4
0.935346244770243,1,412,4
0.0926958499651228,1,412,4
0,0,412,4
0,0,412,4
0,0,412,4
0.548684830910919,1,412,4
0.935346244770243,1,412,4
0,1,412,4
0.548684830910919,1,412,4
0.548684830910919,1,412,4
0,0,412,4
0,0,412,4
0,0,412,4
0,0,412,5
0.98161388479541,1,412,5
0,0,412,5
0.630897098886306,1,412,5
0.630897098886306,1,412,5
0.0518839379762242,0,412,5
0.98161388479541,1,412,5
0.630897098886306,1,412,5
0.630897098886306,1,412,5
0.630897098886306,1,412,5
0.0518839379762242,0,412,5
0.0518839379762242,1,412,5
0.630897098886306,1,412,5
0.630897098886306,0,412,5
0.630897098886306,1,412,5
0.0518839379762242,1,412,5
0.0518839379762242,1,412,5
0.630897098886306,1,412,5
0.630897098886306,1,412,5
0,0,412,5
0,0,412,5
0.98161388479541,1,412,5
0.630897098886306,1,412,5
0,0,412,5
0,0,412,5
0.630897098886306,1,412,5
0,0,412,5
0.630897098886306,1,412,5
0.98161388479541,1,412,5
0.630897098886306,0,412,5
0,0,412,5
0.0518839379762242,1,412,5
0.98161388479541,1,412,5
0.0518839379762242,1,412,5
0,0,412,5
0.0518839379762242,0,412,5
0,0,412,5
0.630897098886306,1,412,5
0,0,412,5
0.630897098886306,0,412,5
0,0,412,5
0,0,412,5
0,0,412,5
0.630897098886306,1,412,5
0,0,412,5
0,0,412,5
0.98161388479541,1,412,5
0.630897098886306,1,412,5
0,0,412,5
0,0,412,5
0.0518839379762242,1,412,5
0,0,412,5
0.0518839379762242,1,412,5
0,0,412,5
0.98161388479541,1,412,5
0.630897098886306,1,412,5
0.630897098886306,0,412,5
0.630897098886306,1,412,5
0,0,412,5
0.630897098886306,0,412,5
0,0,412,5
0.98161388479541,1,412,5
0,0,412,5
0,0,412,5
0.98161388479541,1,412,5
0,0,412,5
0.630897098886306,0,412,5
0.0518839379762242,0,412,5
0,0,412,5
0,0,412,5
0,0,412,5
0.630897098886306,1,412,5
0,0,412,5
0,0,412,5
0.98161388479541,1,412,5
0,0,412,5
0.630897098886306,0,412,5
0.0518839379762242,0,412,5
0.630897098886306,0,412,5
0,0,412,5
0.941611515292723,1,412,6
0.572085058262883,0,412,6
0.0997731560580978,0,412,6
0.572085058262883,0,412,6
0.0997731560580978,0,412,6
0.572085058262883,0,412,6
0.572085058262883,1,412,6
0.572085058262883,0,412,6
0.572085058262883,1,412,6
0.0997731560580978,1,412,6
0.572085058262883,0,412,6
0.0997731560580978,1,412,6
0,0,412,6
0,0,412,6
0.941611515292723,1,412,6
0.572085058262883,1,412,6
0.0997731560580978,1,412,6
0,0,412,6
0.572085058262883,1,412,6
0,0,412,6
0,0,412,6
0.572085058262883,0,412,6
0.572085058262883,0,412,6
0.0997731560580978,0,412,6
0,0,412,6
0.572085058262883,0,412,6
0.941611515292723,1,412,6
0.572085058262883,0,412,6
0.941611515292723,1,412,6
0,0,412,6
0,0,412,6
0.572085058262883,1,412,6
0,0,412,6
0.572085058262883,0,412,6
0.941611515292723,1,412,6
0,0,412,6
0,0,412,6
0,0,412,6
0.572085058262883,0,412,6
0.572085058262883,1,412,6
0,0,412,6
0,0,412,6
0,0,412,6
0.0997731560580978,0,412,6
0.572085058262883,0,412,6
0.0997731560580978,0,412,6
0,0,412,6
0.941611515292723,1,412,6
0,0,412,6
0,0,412,6
0,0,412,6
0.0997731560580978,1,412,6
0.941611515292723,1,412,6
0,0,412,6
0,0,412,6
0.572085058262883,0,412,6
0.572085058262883,0,412,6
0.941611515292723,1,412,6
0.572085058262883,1,412,6
0,0,412,6
0.572085058262883,0,412,6
0,0,412,6
0.0997731560580978,0,412,6
0,0,412,6
0.572085058262883,1,412,6
0,0,412,6
0,0,412,6
0,0,412,6
0.941611515292723,1,412,6
0.572085058262883,0,412,6
0.572085058262883,0,412,6
0,0,412,6
0.0997731560580978,0,412,6
0.941611515292723,1,412,6
0.0997731560580978,0,412,6
0,0,412,6
0.572085058262883,1,412,6
0,0,412,6
0,0,412,6
0,0,412,6
0.680646088364711,0,413,1
0.680646088364711,0,413,1
0.680646088364711,0,413,1
0.680646088364711,0,413,1
0,0,413,1
0,0,413,1
0.0097052365082398,0,413,1
0.680646088364711,0,413,1
0.0097052365082398,0,413,1
0.680646088364711,0,413,1
0.680646088364711,1,413,1
0.997847181337574,1,413,1
0.997847181337574,1,413,1
0.0097052365082398,0,413,1
0.0097052365082398,0,413,1
0.680646088364711,1,413,1
0,0,413,1
0,0,413,1
0.680646088364711,1,413,1
0,0,413,1
0.680646088364711,0,413,1
0,0,413,1
0.997847181337574,1,413,1
0.0097052365082398,0,413,1
0.997847181337574,1,413,1
0,0,413,1
0.680646088364711,0,413,1
0.680646088364711,1,413,1
0.680646088364711,1,413,1
0.680646088364711,1,413,1
0,0,413,1
0.0097052365082398,0,413,1
0,0,413,1
0,0,413,1
0.997847181337574,1,413,1
0.0097052365082398,0,413,1
0,0,413,1
0.997847181337574,1,413,1
0,0,413,1
0,0,413,1
0.680646088364711,1,413,1
0.680646088364711,1,413,1
0.0097052365082398,0,413,1
0.680646088364711,1,413,1
0.680646088364711,1,413,1
0,0,413,1
0,0,413,1
0,0,413,1
0.0097052365082398,0,413,1
0,0,413,1
0.997847181337574,1,413,1
0,0,413,1
0.680646088364711,0,413,1
0,0,413,1
0,0,413,1
0,0,413,1
0.0097052365082398,0,413,1
0,0,413,1
0.680646088364711,1,413,1
0,0,413,1
0,0,413,1
0.680646088364711,0,413,1
0.680646088364711,1,413,1
0.997847181337574,1,413,1
0.997847181337574,1,413,1
0.997847181337574,1,413,1
0,0,413,1
0.680646088364711,1,413,1
0.0097052365082398,0,413,1
0.0097052365082398,0,413,1
0,0,413,1
0.680646088364711,0,413,1
0.680646088364711,1,413,1
0,0,413,1
0,0,413,1
0,0,413,1
0,0,413,1
0,0,413,1
0,0,413,1
0.680646088364711,0,413,1
0,0,413,2
0.486532885245466,0,413,2
0.967836237621937,1,413,2
0.0289731254840439,0,413,2
0.0289731254840439,0,413,2
0.486532885245466,1,413,2
0.967836237621937,1,413,2
0.486532885245466,1,413,2
0.486532885245466,1,413,2
0.486532885245466,1,413,2
0,1,413,2
0.486532885245466,1,413,2
0.486532885245466,1,413,2
0.0289731254840439,0,413,2
0.486532885245466,0,413,2
0.0289731254840439,0,413,2
0.967836237621937,1,413,2
0.486532885245466,1,413,2
0.0289731254840439,0,413,2
0,0,413,2
0,0,413,2
0.0289731254840439,0,413,2
0.486532885245466,0,413,2
0.486532885245466,1,413,2
0.486532885245466,0,413,2
0.486532885245466,0,413,2
0,0,413,2
0.967836237621937,1,413,2
0,0,413,2
0,0,413,2
0.486532885245466,0,413,2
0,0,413,2
0,0,413,2
0.486532885245466,0,413,2
0,0,413,2
0,0,413,2
0.486532885245466,0,413,2
0,0,413,2
0.486532885245466,0,413,2
0.486532885245466,0,413,2
0.967836237621937,1,413,2
0,0,413,2
0.0289731254840439,0,413,2
0,0,413,2
0.0289731254840439,0,413,2
0.967836237621937,1,413,2
0,0,413,2
0,0,413,2
0,0,413,2
0,0,413,2
0.967836237621937,0,413,2
0,0,413,2
0.486532885245466,0,413,2
0.486532885245466,0,413,2
0.486532885245466,1,413,2
0.0289731254840439,0,413,2
0.0289731254840439,0,413,2
0,0,413,2
0,0,413,2
0,0,413,2
0.967836237621937,1,413,2
0,0,413,2
0.486532885245466,0,413,2
0,0,413,2
0.486532885245466,0,413,2
0,0,413,2
0.967836237621937,1,413,2
0,0,413,2
0,0,413,2
0,0,413,2
0.486532885245466,0,413,2
0.0289731254840439,0,413,2
0,0,413,2
0.0289731254840439,0,413,2
0,0,413,2
0,0,413,2
0.486532885245466,0,413,2
0.486532885245466,0,413,2
0,0,413,2
0.967836237621937,1,413,2
0.596240507615122,0,413,3
0.942085970296438,1,413,3
0.118210399574885,0,413,3
0.596240507615122,0,413,3
0.596240507615122,0,413,3
0,0,413,3
0.596240507615122,0,413,3
0.942085970296438,1,413,3
0.596240507615122,0,413,3
0.118210399574885,0,413,3
0,0,413,3
0.596240507615122,0,413,3
0.596240507615122,0,413,3
0.596240507615122,1,413,3
0.118210399574885,0,413,3
0.118210399574885,0,413,3
0,0,413,3
0,0,413,3
0.118210399574885,0,413,3
0.596240507615122,0,413,3
0.596240507615122,0,413,3
0,0,413,3
0.942085970296438,1,413,3
0.118210399574885,0,413,3
0.942085970296438,1,413,3
0.596240507615122,1,413,3
0.596240507615122,1,413,3
0,0,413,3
0.596240507615122,0,413,3
0,0,413,3
0.596240507615122,0,413,3
0,0,413,3
0,0,413,3
0,0,413,3
0,0,413,3
0.596240507615122,0,413,3
0.942085970296438,1,413,3
0,0,413,3
0,0,413,3
0,0,413,3
0.118210399574885,0,413,3
0.942085970296438,1,413,3
0.596240507615122,0,413,3
0,0,413,3
0,0,413,3
0.596240507615122,0,413,3
0.118210399574885,0,413,3
0.596240507615122,0,413,3
0.596240507615122,0,413,3
0,0,413,3
0.118210399574885,0,413,3
0,0,413,3
0.596240507615122,0,413,3
0.942085970296438,0,413,3
0,0,413,3
0,0,413,3
0,0,413,3
0.118210399574885,0,413,3
0.596240507615122,1,413,3
0,0,413,3
0.596240507615122,0,413,3
0,0,413,3
0.942085970296438,1,413,3
0,0,413,3
0,0,413,3
0.118210399574885,0,413,3
0,0,413,3
0,0,413,3
0.596240507615122,0,413,3
0,0,413,3
0,0,413,3
0.942085970296438,1,413,3
0.942085970296438,1,413,3
0.596240507615122,0,413,3
0,0,413,3
0,0,413,3
0.118210399574885,0,413,3
0.596240507615122,0,413,3
0.596240507615122,0,413,3
0,0,413,3
0.0984136218541701,0,413,4
0.48430997314968,0,413,4
0.48430997314968,1,413,4
0.0984136218541701,1,413,4
0.889870126250499,0,413,4
0.48430997314968,0,413,4
0.48430997314968,1,413,4
0.48430997314968,1,413,4
0,0,413,4
0.48430997314968,1,413,4
0,0,413,4
0.48430997314968,0,413,4
0.0984136218541701,0,413,4
0.48430997314968,1,413,4
0.0984136218541701,1,413,4
0.889870126250499,1,413,4
0,0,413,4
0.48430997314968,0,413,4
0,0,413,4
0,0,413,4
0.889870126250499,1,413,4
0.48430997314968,1,413,4
0.48430997314968,1,413,4
0.48430997314968,1,413,4
0,0,413,4
0,0,413,4
0.48430997314968,1,413,4
0.889870126250499,1,413,4
0.0984136218541701,1,413,4
0.48430997314968,1,413,4
0,0,413,4
0.0984136218541701,1,413,4
0,0,413,4
0,0,413,4
0,0,413,4
0.48430997314968,1,413,4
0.48430997314968,1,413,4
0,0,413,4
0,0,413,4
0.48430997314968,1,413,4
0.889870126250499,1,413,4
0.889870126250499,1,413,4
0.0984136218541701,1,413,4
0,0,413,4
0.0984136218541701,1,413,4
0,0,413,4
0.48430997314968,1,413,4
0,0,413,4
0.48430997314968,1,413,4
0,0,413,4
0.48430997314968,1,413,4
0.0984136218541701,1,413,4
0,1,413,4
0.48430997314968,1,413,4
0,0,413,4
0,0,413,4
0,0,413,4
0,0,413,4
0.889870126250499,1,413,4
0,0,413,4
0.889870126250499,1,413,4
0.48430997314968,1,413,4
0.0984136218541701,1,413,4
0,0,413,4
0.889870126250499,1,413,4
0,0,413,4
0,0,413,4
0.48430997314968,1,413,4
0.48430997314968,1,413,4
0,0,413,4
0,0,413,4
0,0,413,4
0.889870126250499,1,413,4
0,1,413,4
0,0,413,4
0.48430997314968,1,413,4
0.0984136218541701,0,413,4
0,0,413,4
0.0984136218541701,0,413,4
0.48430997314968,0,413,4
0.327529670939339,1,413,5
0.99999999787806,1,413,5
0.327529670939339,1,413,5
0.327529670939339,1,413,5
5.03370820595969e-10,1,413,5
0.327529670939339,1,413,5
5.03370820595969e-10,0,413,5
5.03370820595969e-10,0,413,5
0.327529670939339,1,413,5
0.327529670939339,1,413,5
0,0,413,5
0,0,413,5
0.327529670939339,1,413,5
5.03370820595969e-10,0,413,5
0.99999999787806,1,413,5
0.327529670939339,1,413,5
0.99999999787806,1,413,5
0.327529670939339,1,413,5
0,0,413,5
0.327529670939339,0,413,5
0.327529670939339,1,413,5
5.03370820595969e-10,1,413,5
0.327529670939339,1,413,5
0,0,413,5
0.327529670939339,1,413,5
0,0,413,5
0,0,413,5
0,0,413,5
5.03370820595969e-10,0,413,5
0.99999999787806,0,413,5
0,0,413,5
0.327529670939339,1,413,5
0.327529670939339,1,413,5
0.99999999787806,1,413,5
0,0,413,5
0,0,413,5
0.327529670939339,1,413,5
0,0,413,5
0,0,413,5
0,0,413,5
0,0,413,5
0,0,413,5
0.327529670939339,1,413,5
0,0,413,5
0.327529670939339,1,413,5
0.99999999787806,1,413,5
5.03370820595969e-10,0,413,5
5.03370820595969e-10,0,413,5
0,0,413,5
0.99999999787806,1,413,5
0,0,413,5
0,0,413,5
0.99999999787806,1,413,5
0,0,413,5
5.03370820595969e-10,0,413,5
0,0,413,5
0.327529670939339,1,413,5
5.03370820595969e-10,0,413,5
0.327529670939339,1,413,5
0,0,413,5
0.327529670939339,1,413,5
0.327529670939339,1,413,5
0,0,413,5
0,0,413,5
5.03370820595969e-10,0,413,5
0,0,413,5
0,0,413,5
0.327529670939339,1,413,5
0,0,413,5
0.327529670939339,1,413,5
0,0,413,5
0.327529670939339,1,413,5
0.99999999787806,1,413,5
0.99999999787806,1,413,5
0,0,413,5
0,0,413,5
0,0,413,5
5.03370820595969e-10,0,413,5
0.327529670939339,1,413,5
0,0,413,5
4.05999584771284e-137,0,413,6
1,1,413,6
4.05999584771284e-137,0,413,6
0.49682485733582,1,413,6
0.49682485733582,1,413,6
0,0,413,6
0.49682485733582,0,413,6
0.49682485733582,1,413,6
0.49682485733582,1,413,6
0.49682485733582,1,413,6
4.05999584771284e-137,1,413,6
4.05999584771284e-137,0,413,6
1,1,413,6
0.49682485733582,1,413,6
0.49682485733582,1,413,6
0,1,413,6
1,1,413,6
0.49682485733582,1,413,6
0.49682485733582,1,413,6
0.49682485733582,0,413,6
0,1,413,6
0,0,413,6
0,0,413,6
0,0,413,6
0.49682485733582,0,413,6
1,1,413,6
0,0,413,6
4.05999584771284e-137,0,413,6
0.49682485733582,0,413,6
0,0,413,6
0.49682485733582,0,413,6
4.05999584771284e-137,0,413,6
0.49682485733582,1,413,6
0,0,413,6
1,1,413,6
1,1,413,6
0.49682485733582,1,413,6
4.05999584771284e-137,1,413,6
0,0,413,6
4.05999584771284e-137,0,413,6
0.49682485733582,1,413,6
0,0,413,6
0,0,413,6
0,0,413,6
0.49682485733582,0,413,6
0,0,413,6
0,0,413,6
0,0,413,6
1,1,413,6
0.49682485733582,0,413,6
0,0,413,6
0.49682485733582,0,413,6
4.05999584771284e-137,0,413,6
0,0,413,6
0,0,413,6
1,1,413,6
0.49682485733582,1,413,6
0,0,413,6
0,0,413,6
4.05999584771284e-137,0,413,6
0.49682485733582,0,413,6
0,0,413,6
0,0,413,6
0,0,413,6
0,0,413,6
0.49682485733582,0,413,6
0,0,413,6
0,0,413,6
4.05999584771284e-137,0,413,6
0,0,413,6
0,0,413,6
0.49682485733582,0,413,6
0,0,413,6
4.05999584771284e-137,0,413,6
0,0,413,6
1,1,413,6
0.49682485733582,1,413,6
0.49682485733582,1,413,6
0,0,413,6
1,1,413,6
0,0,414,1
0.284836068904747,1,414,1
0.284836068904747,1,414,1
0.998338950794717,1,414,1
0.284836068904747,1,414,1
0.000263857009591638,1,414,1
0,1,414,1
0.284836068904747,1,414,1
0.284836068904747,1,414,1
0.000263857009591638,1,414,1
0.000263857009591638,1,414,1
0.000263857009591638,1,414,1
0.284836068904747,1,414,1
0.284836068904747,1,414,1
0.998338950794717,1,414,1
0.284836068904747,1,414,1
0,0,414,1
0.998338950794717,1,414,1
0,1,414,1
0.284836068904747,1,414,1
0.284836068904747,1,414,1
0.284836068904747,1,414,1
0,0,414,1
0.284836068904747,1,414,1
0,1,414,1
0.284836068904747,1,414,1
0.998338950794717,1,414,1
0,1,414,1
0.000263857009591638,1,414,1
0.000263857009591638,1,414,1
0.284836068904747,1,414,1
0,0,414,1
0.000263857009591638,0,414,1
0.284836068904747,1,414,1
0,0,414,1
0,1,414,1
0.000263857009591638,0,414,1
0,1,414,1
0,0,414,1
0.284836068904747,1,414,1
0,0,414,1
0,1,414,1
0.284836068904747,1,414,1
0.998338950794717,1,414,1
0,1,414,1
0.998338950794717,1,414,1
0,1,414,1
0.284836068904747,1,414,1
0,0,414,1
0.284836068904747,1,414,1
0.000263857009591638,1,414,1
0,1,414,1
0.998338950794717,1,414,1
0.284836068904747,1,414,1
0,1,414,1
0.284836068904747,1,414,1
0,1,414,1
0,1,414,1
0,1,414,1
0,1,414,1
0,0,414,1
0.998338950794717,1,414,1
0.284836068904747,1,414,1
0.000263857009591638,1,414,1
0,0,414,1
0.000263857009591638,0,414,1
0.284836068904747,1,414,1
0.998338950794717,1,414,1
0.284836068904747,1,414,1
0,1,414,1
0,1,414,1
0.284836068904747,1,414,1
0,1,414,1
0.998338950794717,1,414,1
0,1,414,1
0.000263857009591638,1,414,1
0,1,414,1
0,0,414,1
0,0,414,1
0.284836068904747,1,414,1
0.525222242933728,0,414,2
0.000724157236389001,0,414,2
0.525222242933728,1,414,2
0.525222242933728,0,414,2
0.525222242933728,1,414,2
0.000724157236389001,1,414,2
0.525222242933728,1,414,2
0,0,414,2
0.99940818645911,1,414,2
0.000724157236389001,0,414,2
0.525222242933728,0,414,2
0.99940818645911,1,414,2
0.525222242933728,1,414,2
0.525222242933728,1,414,2
0,1,414,2
0.000724157236389001,0,414,2
0.99940818645911,1,414,2
0.525222242933728,1,414,2
0,0,414,2
0.525222242933728,0,414,2
0,0,414,2
0.000724157236389001,0,414,2
0.525222242933728,1,414,2
0.525222242933728,1,414,2
0,0,414,2
0,0,414,2
0.99940818645911,1,414,2
0,0,414,2
0.525222242933728,1,414,2
0,0,414,2
0.525222242933728,0,414,2
0.000724157236389001,0,414,2
0.525222242933728,0,414,2
0,0,414,2
0,0,414,2
0,0,414,2
0,0,414,2
0.000724157236389001,0,414,2
0,0,414,2
0.99940818645911,1,414,2
0.525222242933728,0,414,2
0.525222242933728,1,414,2
0.000724157236389001,0,414,2
0,0,414,2
0.99940818645911,1,414,2
0,0,414,2
0,0,414,2
0.525222242933728,1,414,2
0,0,414,2
0,0,414,2
0.000724157236389001,0,414,2
0.000724157236389001,0,414,2
0.525222242933728,0,414,2
0,0,414,2
0,0,414,2
0.525222242933728,0,414,2
0,0,414,2
0.525222242933728,0,414,2
0,0,414,2
0,0,414,2
0,0,414,2
0.525222242933728,0,414,2
0.99940818645911,1,414,2
0.99940818645911,1,414,2
0,0,414,2
0.99940818645911,1,414,2
0,0,414,2
0,0,414,2
0.000724157236389001,0,414,2
0.525222242933728,0,414,2
0.525222242933728,0,414,2
0.99940818645911,1,414,2
0,0,414,2
0.525222242933728,1,414,2
0,0,414,2
0,0,414,2
0,0,414,2
0.525222242933728,0,414,2
0.000724157236389001,0,414,2
0,0,414,2
0.547409973020852,0,414,3
0,0,414,3
0.999314729369609,1,414,3
0.547409973020852,0,414,3
0.0010021663766443,0,414,3
0,0,414,3
0.999314729369609,1,414,3
0.0010021663766443,1,414,3
0.547409973020852,1,414,3
0.547409973020852,1,414,3
0.547409973020852,1,414,3
0.547409973020852,1,414,3
0.547409973020852,1,414,3
0.547409973020852,1,414,3
0.0010021663766443,1,414,3
0.0010021663766443,0,414,3
0,0,414,3
0.547409973020852,0,414,3
0,1,414,3
0.999314729369609,1,414,3
0.999314729369609,1,414,3
0.547409973020852,1,414,3
0,1,414,3
0.547409973020852,0,414,3
0.547409973020852,1,414,3
0,1,414,3
0,0,414,3
0.547409973020852,1,414,3
0.0010021663766443,1,414,3
0,0,414,3
0.547409973020852,0,414,3
0.0010021663766443,1,414,3
0.547409973020852,0,414,3
0,0,414,3
0.0010021663766443,0,414,3
0,0,414,3
0.0010021663766443,0,414,3
0.547409973020852,0,414,3
0.999314729369609,1,414,3
0.547409973020852,1,414,3
0,1,414,3
0.999314729369609,1,414,3
0,0,414,3
0,0,414,3
0,0,414,3
0,0,414,3
0,0,414,3
0.547409973020852,0,414,3
0.0010021663766443,0,414,3
0.999314729369609,1,414,3
0.547409973020852,1,414,3
0,1,414,3
0.999314729369609,1,414,3
0.547409973020852,1,414,3
0,0,414,3
0.547409973020852,1,414,3
0,0,414,3
0,0,414,3
0.0010021663766443,0,414,3
0,0,414,3
0.547409973020852,1,414,3
0,0,414,3
0,0,414,3
0,0,414,3
0.999314729369609,1,414,3
0,0,414,3
0.999314729369609,1,414,3
0,0,414,3
0,0,414,3
0,0,414,3
0.547409973020852,1,414,3
0,0,414,3
0,0,414,3
0.547409973020852,1,414,3
0,0,414,3
0.0010021663766443,0,414,3
0.547409973020852,1,414,3
0,0,414,3
0.0010021663766443,0,414,3
0.547409973020852,1,414,3
0,0,414,4
0.444274039646991,0,414,4
0.444274039646991,1,414,4
0.444274039646991,1,414,4
0.444274039646991,1,414,4
0,0,414,4
0.444274039646991,1,414,4
0.22796919270312,0,414,4
0.444274039646991,1,414,4
0.22796919270312,1,414,4
0.444274039646991,1,414,4
0.444274039646991,0,414,4
0.22796919270312,0,414,4
0.22796919270312,1,414,4
0.683985046200442,1,414,4
0.683985046200442,1,414,4
0,0,414,4
0.444274039646991,1,414,4
0.444274039646991,1,414,4
0.22796919270312,0,414,4
0.444274039646991,1,414,4
0.444274039646991,1,414,4
0,0,414,4
0,0,414,4
0.22796919270312,0,414,4
0,1,414,4
0,1,414,4
0.683985046200442,1,414,4
0.444274039646991,1,414,4
0.444274039646991,1,414,4
0.683985046200442,1,414,4
0,0,414,4
0.22796919270312,0,414,4
0,0,414,4
0,0,414,4
0.444274039646991,1,414,4
0,1,414,4
0,1,414,4
0,0,414,4
0.444274039646991,1,414,4
0,1,414,4
0,1,414,4
0.444274039646991,1,414,4
0,0,414,4
0.683985046200442,1,414,4
0.444274039646991,1,414,4
0.22796919270312,0,414,4
0.683985046200442,1,414,4
0,0,414,4
0.444274039646991,1,414,4
0,0,414,4
0,0,414,4
0.22796919270312,1,414,4
0.683985046200442,1,414,4
0.444274039646991,1,414,4
0.22796919270312,0,414,4
0.444274039646991,1,414,4
0,0,414,4
0,0,414,4
0.444274039646991,1,414,4
0,0,414,4
0,0,414,4
0.683985046200442,1,414,4
0,0,414,4
0,0,414,4
0.683985046200442,1,414,4
0.444274039646991,1,414,4
0.444274039646991,1,414,4
0.683985046200442,1,414,4
0.444274039646991,1,414,4
0,1,414,4
0,0,414,4
0.444274039646991,1,414,4
0.22796919270312,0,414,4
0,0,414,4
0,0,414,4
0.22796919270312,0,414,4
0,0,414,4
0,0,414,4
0,0,414,4
2.9638557806376e-05,0,414,5
0,0,414,5
0.999848061936693,1,414,5
0.306345687843573,1,414,5
0.306345687843573,1,414,5
2.9638557806376e-05,1,414,5
2.9638557806376e-05,0,414,5
0.999848061936693,1,414,5
0.306345687843573,1,414,5
0.306345687843573,1,414,5
0.306345687843573,1,414,5
0,0,414,5
0.306345687843573,1,414,5
0.306345687843573,1,414,5
0.306345687843573,1,414,5
2.9638557806376e-05,1,414,5
0.999848061936693,1,414,5
0,0,414,5
0.306345687843573,0,414,5
2.9638557806376e-05,1,414,5
0,0,414,5
0,0,414,5
0.306345687843573,1,414,5
0.306345687843573,1,414,5
0.306345687843573,1,414,5
0.306345687843573,1,414,5
0,0,414,5
0.306345687843573,1,414,5
0.999848061936693,1,414,5
0,0,414,5
0,0,414,5
2.9638557806376e-05,1,414,5
0.306345687843573,1,414,5
0.306345687843573,1,414,5
0,1,414,5
0,0,414,5
0.306345687843573,1,414,5
0,1,414,5
0,0,414,5
0,0,414,5
2.9638557806376e-05,1,414,5
0,0,414,5
0.306345687843573,1,414,5
0,0,414,5
0.999848061936693,1,414,5
2.9638557806376e-05,0,414,5
0,0,414,5
0.999848061936693,1,414,5
0,0,414,5
0,0,414,5
0,0,414,5
2.9638557806376e-05,0,414,5
0,0,414,5
0.306345687843573,1,414,5
0.306345687843573,1,414,5
0,0,414,5
0.999848061936693,1,414,5
0,0,414,5
2.9638557806376e-05,0,414,5
0.999848061936693,1,414,5
0.306345687843573,1,414,5
0.306345687843573,1,414,5
0,0,414,5
0,0,414,5
0,0,414,5
0.306345687843573,1,414,5
0.999848061936693,1,414,5
0.306345687843573,1,414,5
0,0,414,5
2.9638557806376e-05,1,414,5
0,0,414,5
0.306345687843573,1,414,5
0,0,414,5
0.306345687843573,1,414,5
0,0,414,5
2.9638557806376e-05,0,414,5
0,0,414,5
0.999848061936693,1,414,5
0,0,414,5
0,0,414,5
0.0918369999075477,0,414,6
0.0918369999075477,0,414,6
0.421763336173282,0,414,6
0,0,414,6
0.421763336173282,0,414,6
0.421763336173282,1,414,6
0.0918369999075477,0,414,6
0.421763336173282,1,414,6
0.421763336173282,1,414,6
0.840282406800833,1,414,6
0.421763336173282,1,414,6
0.421763336173282,1,414,6
0.840282406800833,1,414,6
0.0918369999075477,0,414,6
0.421763336173282,1,414,6
0,0,414,6
0,0,414,6
0.421763336173282,0,414,6
0,0,414,6
0.840282406800833,1,414,6
0.421763336173282,1,414,6
0.0918369999075477,0,414,6
0.421763336173282,1,414,6
0.421763336173282,1,414,6
0.421763336173282,1,414,6
0,1,414,6
0.0918369999075477,1,414,6
0.840282406800833,1,414,6
0,0,414,6
0,0,414,6
0,0,414,6
0.421763336173282,1,414,6
0.421763336173282,1,414,6
0,0,414,6
0.421763336173282,1,414,6
0.421763336173282,1,414,6
0,0,414,6
0.421763336173282,1,414,6
0,0,414,6
0,0,414,6
0,0,414,6
0.0918369999075477,0,414,6
0,0,414,6
0,0,414,6
0.840282406800833,1,414,6
0.0918369999075477,0,414,6
0.840282406800833,1,414,6
0,1,414,6
0,0,414,6
0.421763336173282,1,414,6
0,0,414,6
0,0,414,6
0.0918369999075477,0,414,6
0.421763336173282,1,414,6
0.840282406800833,1,414,6
0.840282406800833,1,414,6
0,0,414,6
0.421763336173282,1,414,6
0,0,414,6
0.0918369999075477,0,414,6
0,0,414,6
0,0,414,6
0,0,414,6
0.421763336173282,0,414,6
0.421763336173282,0,414,6
0,0,414,6
0.840282406800833,1,414,6
0,0,414,6
0.421763336173282,1,414,6
0,0,414,6
0.840282406800833,1,414,6
0,0,414,6
0,0,414,6
0.0918369999075477,0,414,6
0,0,414,6
0.421763336173282,1,414,6
0.0918369999075477,0,414,6
0,0,414,6
0,0,414,6
0.421763336173282,1,414,6
0.792319914811167,1,415,1
0.438916885939756,1,415,1
0.438916885939756,1,415,1
0.138228224189879,0,415,1
0,0,415,1
0.438916885939756,1,415,1
0.138228224189879,0,415,1
0.138228224189879,0,415,1
0.438916885939756,1,415,1
0.438916885939756,1,415,1
0.792319914811167,1,415,1
0,0,415,1
0.438916885939756,1,415,1
0.438916885939756,1,415,1
0.138228224189879,0,415,1
0.438916885939756,1,415,1
0.438916885939756,0,415,1
0.438916885939756,1,415,1
0.438916885939756,1,415,1
0.792319914811167,1,415,1
0,0,415,1
0,0,415,1
0,1,415,1
0,0,415,1
0.438916885939756,0,415,1
0.138228224189879,1,415,1
0,0,415,1
0.438916885939756,1,415,1
0,0,415,1
0.138228224189879,0,415,1
0.438916885939756,1,415,1
0.792319914811167,1,415,1
0.138228224189879,0,415,1
0.792319914811167,1,415,1
0.438916885939756,1,415,1
0.438916885939756,1,415,1
0,0,415,1
0,0,415,1
0,0,415,1
0.792319914811167,1,415,1
0.138228224189879,1,415,1
0,0,415,1
0,0,415,1
0.438916885939756,1,415,1
0,0,415,1
0,0,415,1
0.438916885939756,0,415,1
0,0,415,1
0.438916885939756,1,415,1
0,0,415,1
0.792319914811167,1,415,1
0.438916885939756,1,415,1
0,0,415,1
0,0,415,1
0,0,415,1
0.792319914811167,1,415,1
0.438916885939756,0,415,1
0.138228224189879,0,415,1
0.438916885939756,1,415,1
0,1,415,1
0.138228224189879,0,415,1
0,0,415,1
0,0,415,1
0,0,415,1
0,0,415,1
0.138228224189879,0,415,1
0.792319914811167,1,415,1
0.792319914811167,1,415,1
0.138228224189879,0,415,1
0.438916885939756,1,415,1
0,0,415,1
0,0,415,1
0.438916885939756,1,415,1
0,0,415,1
0.438916885939756,1,415,1
0,0,415,1
0,0,415,1
0,0,415,1
0.438916885939756,1,415,1
0,0,415,1
0.768650102982055,1,415,2
0.768650102982055,1,415,2
0.768650102982055,1,415,2
0.640037688843292,1,415,2
0.640037688843292,0,415,2
0.768650102982055,1,415,2
0.768650102982055,1,415,2
0,0,415,2
0.640037688843292,1,415,2
0.640037688843292,1,415,2
0.768650102982055,1,415,2
0.768650102982055,1,415,2
0.861270359827057,1,415,2
0,0,415,2
0.861270359827057,1,415,2
0.768650102982055,1,415,2
0,0,415,2
0,0,415,2
0.768650102982055,1,415,2
0,0,415,2
0,0,415,2
0.640037688843292,1,415,2
0.640037688843292,0,415,2
0.861270359827057,0,415,2
0.768650102982055,1,415,2
0.768650102982055,1,415,2
0,1,415,2
0.768650102982055,1,415,2
0,0,415,2
0.768650102982055,1,415,2
0.768650102982055,1,415,2
0.861270359827057,1,415,2
0,0,415,2
0,0,415,2
0.640037688843292,1,415,2
0.768650102982055,1,415,2
0,1,415,2
0.768650102982055,1,415,2
0,0,415,2
0.640037688843292,1,415,2
0.768650102982055,0,415,2
0,0,415,2
0,0,415,2
0.861270359827057,0,415,2
0,0,415,2
0.768650102982055,1,415,2
0.861270359827057,1,415,2
0,0,415,2
0,0,415,2
0,0,415,2
0,0,415,2
0,0,415,2
0,0,415,2
0.640037688843292,0,415,2
0.861270359827057,1,415,2
0,0,415,2
0.640037688843292,1,415,2
0.768650102982055,1,415,2
0,0,415,2
0.768650102982055,1,415,2
0.768650102982055,1,415,2
0.768650102982055,1,415,2
0,0,415,2
0.861270359827057,1,415,2
0.768650102982055,1,415,2
0.640037688843292,1,415,2
0,0,415,2
0.768650102982055,1,415,2
0.768650102982055,1,415,2
0,0,415,2
0,0,415,2
0,0,415,2
0,0,415,2
0.861270359827057,1,415,2
0,0,415,2
0.768650102982055,1,415,2
0.861270359827057,1,415,2
0,0,415,2
0.640037688843292,1,415,2
0,0,415,2
0.500975032849887,0,415,3
0.500975032849887,0,415,3
0.694791046906087,0,415,3
0.694791046906087,1,415,3
0.500975032849887,1,415,3
0.694791046906087,1,415,3
0.694791046906087,1,415,3
0,0,415,3
0.694791046906087,1,415,3
0.83771567890505,1,415,3
0.694791046906087,1,415,3
0.83771567890505,1,415,3
0.694791046906087,1,415,3
0,1,415,3
0.694791046906087,1,415,3
0.500975032849887,1,415,3
0.694791046906087,0,415,3
0.500975032849887,0,415,3
0.694791046906087,1,415,3
0,0,415,3
0,0,415,3
0.83771567890505,1,415,3
0.694791046906087,0,415,3
0.694791046906087,1,415,3
0.694791046906087,1,415,3
0.500975032849887,1,415,3
0,0,415,3
0,0,415,3
0,0,415,3
0,0,415,3
0.694791046906087,0,415,3
0.83771567890505,1,415,3
0.694791046906087,1,415,3
0.83771567890505,1,415,3
0,0,415,3
0,0,415,3
0.500975032849887,0,415,3
0.694791046906087,1,415,3
0,1,415,3
0.500975032849887,0,415,3
0.694791046906087,1,415,3
0.83771567890505,1,415,3
0,0,415,3
0,0,415,3
0.694791046906087,1,415,3
0,0,415,3
0,0,415,3
0,0,415,3
0.694791046906087,1,415,3
0.83771567890505,1,415,3
0,1,415,3
0,0,415,3
0.694791046906087,1,415,3
0.694791046906087,1,415,3
0,0,415,3
0.500975032849887,1,415,3
0,0,415,3
0.83771567890505,1,415,3
0.500975032849887,1,415,3
0,0,415,3
0.694791046906087,1,415,3
0,0,415,3
0,1,415,3
0,0,415,3
0,0,415,3
0.83771567890505,1,415,3
0.83771567890505,1,415,3
0.500975032849887,1,415,3
0.500975032849887,0,415,3
0.694791046906087,1,415,3
0,0,415,3
0,0,415,3
0.694791046906087,1,415,3
0,0,415,3
0,0,415,3
0,0,415,3
0,0,415,3
0.694791046906087,1,415,3
0.694791046906087,1,415,3
0,0,415,3
0.942436862607474,1,415,4
0.803846694732955,1,415,4
0,0,415,4
0,0,415,4
0.803846694732955,1,415,4
0.803846694732955,1,415,4
0.506359046699021,0,415,4
0.506359046699021,0,415,4
0.803846694732955,1,415,4
0.803846694732955,1,415,4
0.506359046699021,1,415,4
0.803846694732955,1,415,4
0.803846694732955,1,415,4
0.803846694732955,1,415,4
0.942436862607474,1,415,4
0.506359046699021,1,415,4
0.803846694732955,1,415,4
0,0,415,4
0,0,415,4
0,0,415,4
0.803846694732955,1,415,4
0.506359046699021,1,415,4
0.803846694732955,1,415,4
0.803846694732955,1,415,4
0.506359046699021,1,415,4
0.803846694732955,1,415,4
0.942436862607474,1,415,4
0,0,415,4
0,0,415,4
0,0,415,4
0.942436862607474,1,415,4
0.803846694732955,1,415,4
0.506359046699021,1,415,4
0.506359046699021,1,415,4
0,1,415,4
0.942436862607474,1,415,4
0.803846694732955,1,415,4
0,0,415,4
0,0,415,4
0,0,415,4
0,0,415,4
0.803846694732955,1,415,4
0.803846694732955,1,415,4
0,1,415,4
0,0,415,4
0,0,415,4
0.803846694732955,1,415,4
0.942436862607474,1,415,4
0,0,415,4
0,0,415,4
0.803846694732955,1,415,4
0.803846694732955,1,415,4
0.803846694732955,1,415,4
0,0,415,4
0,0,415,4
0.803846694732955,1,415,4
0,0,415,4
0.506359046699021,0,415,4
0,1,415,4
0.942436862607474,1,415,4
0,0,415,4
0,0,415,4
0.942436862607474,1,415,4
0.506359046699021,1,415,4
0,0,415,4
0,0,415,4
0.942436862607474,1,415,4
0.803846694732955,1,415,4
0,0,415,4
0,0,415,4
0,0,415,4
0,0,415,4
0.506359046699021,1,415,4
0.803846694732955,1,415,4
0,0,415,4
0,0,415,4
0.506359046699021,1,415,4
0.803846694732955,0,415,4
0.942436862607474,1,415,4
0.803846694732955,1,415,4
0.0292292813127326,0,415,5
0.653028797534455,1,415,5
0,0,415,5
0.653028797534455,1,415,5
0.653028797534455,1,415,5
0.991571549861407,1,415,5
0.0292292813127326,0,415,5
0.653028797534455,1,415,5
0.653028797534455,1,415,5
0.653028797534455,1,415,5
0.0292292813127326,1,415,5
0,0,415,5
0.653028797534455,1,415,5
0.653028797534455,1,415,5
0.991571549861407,1,415,5
0.0292292813127326,0,415,5
0.653028797534455,1,415,5
0,0,415,5
0.653028797534455,0,415,5
0,0,415,5
0,0,415,5
0.653028797534455,1,415,5
0,0,415,5
0.0292292813127326,0,415,5
0,0,415,5
0.653028797534455,1,415,5
0,0,415,5
0.991571549861407,1,415,5
0.653028797534455,1,415,5
0.653028797534455,1,415,5
0.991571549861407,1,415,5
0.0292292813127326,0,415,5
0,0,415,5
0.991571549861407,1,415,5
0,0,415,5
0,0,415,5
0.991571549861407,1,415,5
0,0,415,5
0,0,415,5
0.653028797534455,1,415,5
0.653028797534455,1,415,5
0,0,415,5
0.0292292813127326,0,415,5
0,0,415,5
0.653028797534455,1,415,5
0.0292292813127326,0,415,5
0,0,415,5
0.653028797534455,1,415,5
0.0292292813127326,0,415,5
0,0,415,5
0.991571549861407,1,415,5
0,0,415,5
0.653028797534455,1,415,5
0.653028797534455,1,415,5
0.653028797534455,1,415,5
0,1,415,5
0,0,415,5
0.0292292813127326,0,415,5
0,0,415,5
0,0,415,5
0,0,415,5
0,0,415,5
0.991571549861407,1,415,5
0.653028797534455,1,415,5
0,0,415,5
0,0,415,5
0.0292292813127326,0,415,5
0.991571549861407,1,415,5
0,0,415,5
0.653028797534455,0,415,5
0,0,415,5
0.0292292813127326,0,415,5
0.653028797534455,1,415,5
0.653028797534455,1,415,5
0,0,415,5
0.653028797534455,1,415,5
0.991571549861407,1,415,5
0,0,415,5
0,0,415,5
0,0,415,5
0.813098861644141,1,415,6
0,0,415,6
0.462419436105353,1,415,6
0.462419436105353,1,415,6
0.145357693614256,0,415,6
0.462419436105353,1,415,6
0.145357693614256,1,415,6
0.145357693614256,0,415,6
0.813098861644141,1,415,6
0.462419436105353,1,415,6
0,0,415,6
0.462419436105353,1,415,6
0.145357693614256,0,415,6
0.462419436105353,1,415,6
0.462419436105353,0,415,6
0.462419436105353,1,415,6
0,0,415,6
0,0,415,6
0,0,415,6
0.462419436105353,1,415,6
0.462419436105353,1,415,6
0.462419436105353,1,415,6
0.462419436105353,1,415,6
0.813098861644141,1,415,6
0.145357693614256,0,415,6
0,0,415,6
0.462419436105353,1,415,6
0,0,415,6
0.462419436105353,1,415,6
0.813098861644141,1,415,6
0.145357693614256,0,415,6
0,0,415,6
0.145357693614256,0,415,6
0,0,415,6
0.462419436105353,1,415,6
0,0,415,6
0.462419436105353,1,415,6
0.813098861644141,1,415,6
0.145357693614256,0,415,6
0.813098861644141,1,415,6
0,0,415,6
0.462419436105353,1,415,6
0,0,415,6
0,0,415,6
0.462419436105353,1,415,6
0,0,415,6
0,0,415,6
0,0,415,6
0.813098861644141,1,415,6
0,0,415,6
0,0,415,6
0,0,415,6
0.145357693614256,0,415,6
0.145357693614256,0,415,6
0.462419436105353,1,415,6
0,0,415,6
0,0,415,6
0,0,415,6
0,0,415,6
0.813098861644141,1,415,6
0,0,415,6
0.462419436105353,1,415,6
0.462419436105353,1,415,6
0.462419436105353,1,415,6
0,0,415,6
0,0,415,6
0.145357693614256,0,415,6
0.145357693614256,0,415,6
0,0,415,6
0,0,415,6
0,0,415,6
0.462419436105353,0,415,6
0.813098861644141,1,415,6
0.462419436105353,1,415,6
0,0,415,6
0,0,415,6
0.462419436105353,1,415,6
0.813098861644141,1,415,6
0.462419436105353,1,415,6
0,0,415,6
0.528329112047873,1,416,1
0.949599578415178,1,416,1
0.0624347124150698,0,416,1
0.528329112047873,1,416,1
0.0624347124150698,1,416,1
0,0,416,1
0.528329112047873,0,416,1
0.949599578415178,1,416,1
0.528329112047873,0,416,1
0.0624347124150698,1,416,1
0.528329112047873,1,416,1
0,0,416,1
0.0624347124150698,1,416,1
0.528329112047873,1,416,1
0.528329112047873,1,416,1
0.528329112047873,1,416,1
0,0,416,1
0.528329112047873,1,416,1
0,0,416,1
0.949599578415178,1,416,1
0.528329112047873,1,416,1
0.528329112047873,0,416,1
0.0624347124150698,0,416,1
0.0624347124150698,0,416,1
0.528329112047873,1,416,1
0,0,416,1
0,0,416,1
0.949599578415178,1,416,1
0,0,416,1
0.528329112047873,1,416,1
0.528329112047873,1,416,1
0,0,416,1
0,0,416,1
0.0624347124150698,0,416,1
0.528329112047873,1,416,1
0,0,416,1
0,0,416,1
0.949599578415178,1,416,1
0.949599578415178,1,416,1
0,0,416,1
0.528329112047873,0,416,1
0,0,416,1
0,0,416,1
0,0,416,1
0.528329112047873,1,416,1
0.0624347124150698,0,416,1
0.528329112047873,0,416,1
0,0,416,1
0.528329112047873,0,416,1
0.528329112047873,1,416,1
0.0624347124150698,1,416,1
0.0624347124150698,1,416,1
0,0,416,1
0,0,416,1
0,0,416,1
0,1,416,1
0.949599578415178,1,416,1
0,0,416,1
0.949599578415178,0,416,1
0.528329112047873,0,416,1
0,0,416,1
0.528329112047873,0,416,1
0,0,416,1
0,0,416,1
0,0,416,1
0,0,416,1
0.0624347124150698,0,416,1
0,0,416,1
0.528329112047873,1,416,1
0.528329112047873,1,416,1
0.528329112047873,0,416,1
0,1,416,1
0.949599578415178,1,416,1
0,0,416,1
0.528329112047873,1,416,1
0.0624347124150698,1,416,1
0,0,416,1
0,1,416,1
0.949599578415178,1,416,1
0,1,416,1
0.323010734351915,0,416,2
0.623208999546094,1,416,2
0.85149214404623,1,416,2
0.623208999546094,1,416,2
0.323010734351915,1,416,2
0.623208999546094,1,416,2
0,0,416,2
0.85149214404623,1,416,2
0.623208999546094,1,416,2
0.623208999546094,1,416,2
0.623208999546094,1,416,2
0.323010734351915,1,416,2
0.623208999546094,1,416,2
0.323010734351915,1,416,2
0.623208999546094,1,416,2
0,0,416,2
0.623208999546094,1,416,2
0,0,416,2
0,0,416,2
0.623208999546094,1,416,2
0,1,416,2
0.623208999546094,1,416,2
0,0,416,2
0,0,416,2
0.323010734351915,1,416,2
0.85149214404623,1,416,2
0.623208999546094,1,416,2
0.623208999546094,1,416,2
0.623208999546094,1,416,2
0.85149214404623,1,416,2
0.323010734351915,1,416,2
0,0,416,2
0.323010734351915,0,416,2
0,0,416,2
0,0,416,2
0.623208999546094,0,416,2
0,1,416,2
0,0,416,2
0,0,416,2
0.623208999546094,0,416,2
0.85149214404623,1,416,2
0,0,416,2
0.623208999546094,1,416,2
0,1,416,2
0.623208999546094,1,416,2
0,1,416,2
0.85149214404623,1,416,2
0.323010734351915,1,416,2
0,0,416,2
0.323010734351915,1,416,2
0,0,416,2
0,0,416,2
0.85149214404623,1,416,2
0,1,416,2
0,1,416,2
0.323010734351915,1,416,2
0.623208999546094,1,416,2
0,1,416,2
0.623208999546094,1,416,2
0.623208999546094,1,416,2
0.623208999546094,1,416,2
0,1,416,2
0,1,416,2
0.85149214404623,1,416,2
0,0,416,2
0,1,416,2
0.323010734351915,1,416,2
0,0,416,2
0.623208999546094,1,416,2
0.85149214404623,1,416,2
0,0,416,2
0,1,416,2
0,1,416,2
0,0,416,2
0,1,416,2
0.623208999546094,1,416,2
0.85149214404623,1,416,2
0.623208999546094,1,416,2
0.323010734351915,1,416,2
0.623208999546094,1,416,2
0.101087006547995,0,416,3
0.562465682815995,1,416,3
0.562465682815995,0,416,3
0.562465682815995,0,416,3
0.562465682815995,1,416,3
0.562465682815995,1,416,3
0.562465682815995,1,416,3
0.101087006547995,1,416,3
0.101087006547995,1,416,3
0,0,416,3
0.936288263756747,1,416,3
0.936288263756747,1,416,3
0,0,416,3
0.562465682815995,1,416,3
0.562465682815995,1,416,3
0.101087006547995,1,416,3
0.936288263756747,1,416,3
0.562465682815995,1,416,3
0,0,416,3
0.562465682815995,1,416,3
0.562465682815995,0,416,3
0.936288263756747,1,416,3
0.562465682815995,1,416,3
0.101087006547995,1,416,3
0,0,416,3
0.101087006547995,1,416,3
0,0,416,3
0,0,416,3
0.562465682815995,0,416,3
0,0,416,3
0.562465682815995,1,416,3
0,0,416,3
0.101087006547995,0,416,3
0,0,416,3
0,0,416,3
0.936288263756747,1,416,3
0.562465682815995,1,416,3
0,0,416,3
0.562465682815995,1,416,3
0,0,416,3
0.936288263756747,1,416,3
0,0,416,3
0,0,416,3
0.562465682815995,1,416,3
0.562465682815995,1,416,3
0,0,416,3
0,0,416,3
0.101087006547995,1,416,3
0,0,416,3
0.936288263756747,1,416,3
0.101087006547995,0,416,3
0,0,416,3
0,0,416,3
0.562465682815995,1,416,3
0.936288263756747,1,416,3
0.562465682815995,1,416,3
0.562465682815995,1,416,3
0,0,416,3
0,0,416,3
0.101087006547995,0,416,3
0.562465682815995,0,416,3
0,0,416,3
0,0,416,3
0,0,416,3
0.562465682815995,1,416,3
0,0,416,3
0,0,416,3
0.101087006547995,0,416,3
0,0,416,3
0,0,416,3
0.562465682815995,1,416,3
0,0,416,3
0.562465682815995,0,416,3
0.936288263756747,1,416,3
0.101087006547995,1,416,3
0.562465682815995,1,416,3
0.936288263756747,1,416,3
0,0,416,3
0,0,416,3
0,0,416,3
0.390238689728793,1,416,4
0,0,416,4
0.390238689728793,1,416,4
0,0,416,4
0.164116450085271,0,416,4
0.390238689728793,1,416,4
0.390238689728793,1,416,4
0.390238689728793,1,416,4
0.390238689728793,1,416,4
0.675966158389954,1,416,4
0.164116450085271,0,416,4
0.390238689728793,0,416,4
0.675966158389954,1,416,4
0.164116450085271,0,416,4
0.390238689728793,1,416,4
0.164116450085271,0,416,4
0,0,416,4
0,0,416,4
0.390238689728793,1,416,4
0.390238689728793,1,416,4
0.390238689728793,1,416,4
0.390238689728793,1,416,4
0.164116450085271,1,416,4
0,0,416,4
0.675966158389954,1,416,4
0.390238689728793,1,416,4
0.390238689728793,1,416,4
0.675966158389954,1,416,4
0,0,416,4
0,0,416,4
0,0,416,4
0.164116450085271,1,416,4
0.675966158389954,1,416,4
0.390238689728793,1,416,4
0,0,416,4
0,0,416,4
0.390238689728793,1,416,4
0,0,416,4
0.390238689728793,1,416,4
0,0,416,4
0,0,416,4
0,0,416,4
0.164116450085271,0,416,4
0,0,416,4
0.164116450085271,1,416,4
0.675966158389954,1,416,4
0.390238689728793,1,416,4
0,0,416,4
0.390238689728793,0,416,4
0.390238689728793,1,416,4
0,0,416,4
0,0,416,4
0.164116450085271,0,416,4
0.675966158389954,1,416,4
0.390238689728793,1,416,4
0.675966158389954,1,416,4
0,0,416,4
0,0,416,4
0,0,416,4
0.164116450085271,0,416,4
0,0,416,4
0,0,416,4
0,0,416,4
0.390238689728793,1,416,4
0.390238689728793,1,416,4
0.164116450085271,1,416,4
0,0,416,4
0.675966158389954,1,416,4
0,0,416,4
0.675966158389954,1,416,4
0,0,416,4
0,0,416,4
0,0,416,4
0.390238689728793,1,416,4
0.164116450085271,0,416,4
0.390238689728793,1,416,4
0,0,416,4
0.390238689728793,1,416,4
0,0,416,4
0,0,416,4
0,0,416,5
0.452414256734668,1,416,5
0.691888051312339,1,416,5
0.452414256734668,1,416,5
0.233115425363205,0,416,5
0.452414256734668,1,416,5
0.233115425363205,1,416,5
0.233115425363205,0,416,5
0.691888051312339,1,416,5
0,0,416,5
0.452414256734668,1,416,5
0.452414256734668,1,416,5
0.452414256734668,1,416,5
0.452414256734668,1,416,5
0.452414256734668,1,416,5
0.233115425363205,1,416,5
0,0,416,5
0.452414256734668,1,416,5
0,0,416,5
0.691888051312339,1,416,5
0.452414256734668,1,416,5
0.691888051312339,1,416,5
0,0,416,5
0.452414256734668,0,416,5
0,0,416,5
0,0,416,5
0.233115425363205,0,416,5
0.452414256734668,1,416,5
0.233115425363205,1,416,5
0,0,416,5
0.452414256734668,1,416,5
0.452414256734668,1,416,5
0.452414256734668,1,416,5
0,0,416,5
0,0,416,5
0.233115425363205,1,416,5
0.233115425363205,0,416,5
0.691888051312339,1,416,5
0.452414256734668,1,416,5
0,0,416,5
0,0,416,5
0,0,416,5
0,0,416,5
0.691888051312339,1,416,5
0,0,416,5
0.452414256734668,0,416,5
0,0,416,5
0.452414256734668,1,416,5
0.233115425363205,0,416,5
0.452414256734668,1,416,5
0,0,416,5
0,0,416,5
0,0,416,5
0.452414256734668,1,416,5
0.452414256734668,1,416,5
0.691888051312339,1,416,5
0.452414256734668,0,416,5
0,0,416,5
0,0,416,5
0,0,416,5
0,0,416,5
0,0,416,5
0.233115425363205,0,416,5
0.691888051312339,1,416,5
0.691888051312339,1,416,5
0,0,416,5
0.691888051312339,0,416,5
0,0,416,5
0.452414256734668,1,416,5
0.233115425363205,0,416,5
0,0,416,5
0.452414256734668,1,416,5
0.452414256734668,1,416,5
0,0,416,5
0,0,416,5
0.452414256734668,1,416,5
0,0,416,5
0.233115425363205,0,416,5
0,0,416,5
0,0,416,5
0.509635697581248,1,416,6
0.0415195539517625,1,416,6
0.0415195539517625,1,416,6
0.0415195539517625,1,416,6
0.509635697581248,1,416,6
0,0,416,6
0.509635697581248,1,416,6
0.961442339270672,1,416,6
0.509635697581248,1,416,6
0.509635697581248,1,416,6
0.509635697581248,1,416,6
0.961442339270672,1,416,6
0.509635697581248,1,416,6
0,0,416,6
0.509635697581248,1,416,6
0.0415195539517625,1,416,6
0.0415195539517625,1,416,6
0.509635697581248,1,416,6
0.509635697581248,1,416,6
0.961442339270672,1,416,6
0,0,416,6
0.961442339270672,1,416,6
0,0,416,6
0,0,416,6
0.509635697581248,1,416,6
0,0,416,6
0.509635697581248,1,416,6
0.509635697581248,1,416,6
0,0,416,6
0,0,416,6
0.0415195539517625,0,416,6
0.509635697581248,1,416,6
0,0,416,6
0,0,416,6
0.961442339270672,1,416,6
0.509635697581248,1,416,6
0.509635697581248,1,416,6
0,0,416,6
0,0,416,6
0.509635697581248,1,416,6
0,0,416,6
0,0,416,6
0.0415195539517625,0,416,6
0.961442339270672,1,416,6
0,0,416,6
0.0415195539517625,0,416,6
0,0,416,6
0.509635697581248,1,416,6
0.0415195539517625,0,416,6
0.509635697581248,1,416,6
0.509635697581248,1,416,6
0,0,416,6
0,0,416,6
0.961442339270672,1,416,6
0,0,416,6
0,0,416,6
0,0,416,6
0.0415195539517625,0,416,6
0.509635697581248,1,416,6
0.961442339270672,1,416,6
0,0,416,6
0.509635697581248,1,416,6
0,0,416,6
0,0,416,6
0.509635697581248,1,416,6
0,0,416,6
0,0,416,6
0.961442339270672,1,416,6
0.0415195539517625,1,416,6
0.0415195539517625,1,416,6
0,0,416,6
0.509635697581248,1,416,6
0.961442339270672,1,416,6
0.509635697581248,1,416,6
0,0,416,6
0,0,416,6
0,0,416,6
0,0,416,6
0.509635697581248,1,416,6
0,0,416,6
0.0724684593692559,0,417,1
0.645759993747517,1,417,1
0.645759993747517,1,417,1
0.645759993747517,1,417,1
0,0,417,1
0,0,417,1
0.645759993747517,1,417,1
0.0724684593692559,0,417,1
0.0724684593692559,0,417,1
0.645759993747517,1,417,1
0.645759993747517,1,417,1
0.645759993747517,1,417,1
0.645759993747517,1,417,1
0.977028956778455,1,417,1
0.977028956778455,1,417,1
0.0724684593692559,0,417,1
0.0724684593692559,0,417,1
0.645759993747517,1,417,1
0.645759993747517,1,417,1
0.645759993747517,1,417,1
0,0,417,1
0,0,417,1
0,0,417,1
0.977028956778455,1,417,1
0,0,417,1
0.645759993747517,1,417,1
0,0,417,1
0.0724684593692559,0,417,1
0.645759993747517,1,417,1
0.977028956778455,1,417,1
0.645759993747517,1,417,1
0,0,417,1
0.0724684593692559,0,417,1
0.645759993747517,1,417,1
0.977028956778455,1,417,1
0,0,417,1
0,0,417,1
0.0724684593692559,0,417,1
0,0,417,1
0,0,417,1
0,0,417,1
0.645759993747517,1,417,1
0,0,417,1
0,0,417,1
0,0,417,1
0.977028956778455,1,417,1
0.645759993747517,1,417,1
0.645759993747517,1,417,1
0.0724684593692559,0,417,1
0,0,417,1
0.645759993747517,1,417,1
0.977028956778455,1,417,1
0.0724684593692559,0,417,1
0.645759993747517,1,417,1
0.645759993747517,1,417,1
0,0,417,1
0,0,417,1
0,0,417,1
0,0,417,1
0,0,417,1
0,0,417,1
0.977028956778455,1,417,1
0,0,417,1
0.645759993747517,1,417,1
0.0724684593692559,0,417,1
0.645759993747517,1,417,1
0,0,417,1
0.977028956778455,1,417,1
0,0,417,1
0,0,417,1
0.645759993747517,1,417,1
0,0,417,1
0.977028956778455,1,417,1
0.645759993747517,1,417,1
0,0,417,1
0.0724684593692559,0,417,1
0.645759993747517,1,417,1
0,0,417,1
0,0,417,1
0,0,417,1
0.472576445492352,1,417,2
0.472576445492352,1,417,2
0.472576445492352,1,417,2
0.472576445492352,1,417,2
0.995541078723173,1,417,2
0.00358291812783652,0,417,2
0.472576445492352,0,417,2
0,0,417,2
0.472576445492352,1,417,2
0.00358291812783652,0,417,2
0.00358291812783652,0,417,2
0,0,417,2
0.00358291812783652,0,417,2
0.472576445492352,1,417,2
0.995541078723173,1,417,2
0.472576445492352,1,417,2
0.995541078723173,1,417,2
0,0,417,2
0.472576445492352,1,417,2
0,0,417,2
0.472576445492352,1,417,2
0.00358291812783652,0,417,2
0.472576445492352,1,417,2
0.995541078723173,1,417,2
0.472576445492352,0,417,2
0.472576445492352,1,417,2
0,0,417,2
0,0,417,2
0,0,417,2
0,0,417,2
0.472576445492352,0,417,2
0.00358291812783652,0,417,2
0,0,417,2
0,0,417,2
0.472576445492352,0,417,2
0.472576445492352,1,417,2
0,0,417,2
0,0,417,2
0.995541078723173,1,417,2
0,0,417,2
0.995541078723173,1,417,2
0,0,417,2
0,0,417,2
0.00358291812783652,0,417,2
0,0,417,2
0.00358291812783652,0,417,2
0.472576445492352,0,417,2
0.472576445492352,1,417,2
0.00358291812783652,0,417,2
0,0,417,2
0.472576445492352,1,417,2
0.00358291812783652,0,417,2
0.472576445492352,0,417,2
0,0,417,2
0.995541078723173,1,417,2
0,0,417,2
0,0,417,2
0,0,417,2
0.472576445492352,0,417,2
0,0,417,2
0,0,417,2
0.995541078723173,1,417,2
0,0,417,2
0.472576445492352,0,417,2
0,0,417,2
0.00358291812783652,0,417,2
0,0,417,2
0,0,417,2
0.995541078723173,1,417,2
0,0,417,2
0,0,417,2
0.00358291812783652,0,417,2
0.472576445492352,0,417,2
0.472576445492352,1,417,2
0,0,417,2
0.472576445492352,1,417,2
0.995541078723173,1,417,2
0,0,417,2
0.472576445492352,0,417,2
0,0,417,2
1,1,417,3
8.33989904119481e-14,0,417,3
8.33989904119481e-14,0,417,3
0,0,417,3
8.33989904119481e-14,0,417,3
8.33989904119481e-14,1,417,3
0,0,417,3
0,0,417,3
8.33989904119481e-14,1,417,3
0,0,417,3
0,0,417,3
1,1,417,3
8.33989904119481e-14,1,417,3
8.33989904119481e-14,1,417,3
8.33989904119481e-14,0,417,3
0,0,417,3
1,1,417,3
0,0,417,3
8.33989904119481e-14,1,417,3
0,0,417,3
8.33989904119481e-14,1,417,3
1,1,417,3
0,0,417,3
8.33989904119481e-14,0,417,3
0,0,417,3
8.33989904119481e-14,1,417,3
8.33989904119481e-14,1,417,3
0,0,417,3
0,0,417,3
8.33989904119481e-14,1,417,3
0,0,417,3
0,0,417,3
0,0,417,3
0,0,417,3
1,1,417,3
1,1,417,3
0,0,417,3
0,0,417,3
0,0,417,3
0,0,417,3
8.33989904119481e-14,1,417,3
0,0,417,3
0,0,417,3
0,0,417,3
8.33989904119481e-14,1,417,3
8.33989904119481e-14,1,417,3
0,0,417,3
8.33989904119481e-14,1,417,3
0,0,417,3
0,0,417,3
8.33989904119481e-14,1,417,3
0,0,417,3
0,0,417,3
1,1,417,3
8.33989904119481e-14,1,417,3
0,0,417,3
0,0,417,3
8.33989904119481e-14,1,417,3
0,0,417,3
0,0,417,3
1,1,417,3
0,0,417,3
0,0,417,3
8.33989904119481e-14,1,417,3
0,0,417,3
8.33989904119481e-14,1,417,3
8.33989904119481e-14,1,417,3
1,1,417,3
0,0,417,3
0,0,417,3
0,0,417,3
0,0,417,3
0,0,417,3
0,0,417,3
0,0,417,3
0,0,417,3
8.33989904119481e-14,1,417,3
1,1,417,3
0,0,417,3
8.33989904119481e-14,1,417,3
0.838984467020483,1,417,4
0.838984467020483,1,417,4
0.0354452612954626,1,417,4
0.0354452612954626,0,417,4
0.304387153221439,1,417,4
0.304387153221439,1,417,4
0.304387153221439,1,417,4
0.304387153221439,1,417,4
0.304387153221439,1,417,4
0.304387153221439,1,417,4
0.304387153221439,1,417,4
0.0354452612954626,0,417,4
0.304387153221439,1,417,4
0,1,417,4
0,1,417,4
0.0354452612954626,1,417,4
0.304387153221439,1,417,4
0.838984467020483,1,417,4
0.304387153221439,1,417,4
0,1,417,4
0.0354452612954626,1,417,4
0.838984467020483,1,417,4
0.304387153221439,1,417,4
0,1,417,4
0.0354452612954626,0,417,4
0.304387153221439,1,417,4
0.304387153221439,1,417,4
0.304387153221439,1,417,4
0,1,417,4
0,0,417,4
0,0,417,4
0,1,417,4
0.0354452612954626,0,417,4
0.0354452612954626,0,417,4
0,0,417,4
0,0,417,4
0.304387153221439,0,417,4
0.304387153221439,1,417,4
0,1,417,4
0.304387153221439,1,417,4
0,0,417,4
0,0,417,4
0,0,417,4
0,0,417,4
0,0,417,4
0.838984467020483,1,417,4
0.304387153221439,1,417,4
0.838984467020483,1,417,4
0,0,417,4
0,0,417,4
0.304387153221439,1,417,4
0,0,417,4
0,0,417,4
0,0,417,4
0.304387153221439,1,417,4
0,1,417,4
0,0,417,4
0,0,417,4
0.304387153221439,1,417,4
0.0354452612954626,0,417,4
0.838984467020483,1,417,4
0.838984467020483,1,417,4
0.304387153221439,1,417,4
0.0354452612954626,0,417,4
0,0,417,4
0.0354452612954626,0,417,4
0.304387153221439,1,417,4
0.838984467020483,1,417,4
0.304387153221439,1,417,4
0,1,417,4
0,0,417,4
0,0,417,4
0,0,417,4
0.304387153221439,1,417,4
0,1,417,4
0.838984467020483,1,417,4
0.304387153221439,1,417,4
0.0354452612954626,0,417,4
0,0,417,4
0,0,417,4
0.629675487747535,0,417,5
0.629675487747535,1,417,5
0.629675487747535,1,417,5
0,0,417,5
0.137200170632461,0,417,5
0.947865790266258,1,417,5
0.137200170632461,0,417,5
0,0,417,5
0.947865790266258,1,417,5
0.629675487747535,1,417,5
0.137200170632461,0,417,5
0.137200170632461,0,417,5
0.629675487747535,1,417,5
0.629675487747535,1,417,5
0.629675487747535,0,417,5
0.629675487747535,0,417,5
0,0,417,5
0.629675487747535,0,417,5
0,0,417,5
0,0,417,5
0.947865790266258,1,417,5
0,0,417,5
0.629675487747535,1,417,5
0.137200170632461,0,417,5
0,0,417,5
0.629675487747535,1,417,5
0.629675487747535,0,417,5
0.947865790266258,1,417,5
0,0,417,5
0.629675487747535,1,417,5
0.629675487747535,1,417,5
0.137200170632461,0,417,5
0,0,417,5
0.137200170632461,0,417,5
0,0,417,5
0.629675487747535,0,417,5
0,0,417,5
0.947865790266258,1,417,5
0,0,417,5
0,0,417,5
0,0,417,5
0.629675487747535,0,417,5
0.137200170632461,0,417,5
0,0,417,5
0.629675487747535,0,417,5
0,0,417,5
0.629675487747535,0,417,5
0.947865790266258,1,417,5
0.629675487747535,0,417,5
0,0,417,5
0.947865790266258,1,417,5
0,0,417,5
0.137200170632461,0,417,5
0,0,417,5
0.137200170632461,0,417,5
0.947865790266258,1,417,5
0,0,417,5
0.629675487747535,0,417,5
0.629675487747535,1,417,5
0,0,417,5
0,0,417,5
0.629675487747535,0,417,5
0,0,417,5
0,0,417,5
0,0,417,5
0.629675487747535,0,417,5
0.947865790266258,1,417,5
0.137200170632461,0,417,5
0.947865790266258,1,417,5
0,0,417,5
0.629675487747535,1,417,5
0,0,417,5
0.629675487747535,0,417,5
0,0,417,5
0.629675487747535,0,417,5
0,0,417,5
0,0,417,5
0,0,417,5
0.137200170632461,0,417,5
0,0,417,5
0,0,417,6
0.00840669519903071,0,417,6
0.00840669519903071,0,417,6
0.373486684755125,0,417,6
0.976699615026479,1,417,6
0.373486684755125,0,417,6
0.373486684755125,1,417,6
0.00840669519903071,0,417,6
0.976699615026479,1,417,6
0.373486684755125,1,417,6
0.373486684755125,1,417,6
0,0,417,6
0.373486684755125,0,417,6
0.00840669519903071,0,417,6
0.373486684755125,0,417,6
0.373486684755125,1,417,6
0,0,417,6
0,0,417,6
0.373486684755125,0,417,6
0.00840669519903071,0,417,6
0,0,417,6
0.373486684755125,0,417,6
0,0,417,6
0.976699615026479,1,417,6
0.373486684755125,1,417,6
0,0,417,6
0.976699615026479,1,417,6
0.373486684755125,1,417,6
0,0,417,6
0.373486684755125,1,417,6
0.373486684755125,1,417,6
0.00840669519903071,0,417,6
0,0,417,6
0,0,417,6
0.00840669519903071,0,417,6
0.373486684755125,1,417,6
0,0,417,6
0,0,417,6
0.976699615026479,1,417,6
0,0,417,6
0,0,417,6
0.373486684755125,1,417,6
0.976699615026479,1,417,6
0.373486684755125,0,417,6
0,0,417,6
0.00840669519903071,0,417,6
0,0,417,6
0.373486684755125,1,417,6
0.976699615026479,1,417,6
0,0,417,6
0.00840669519903071,0,417,6
0.976699615026479,1,417,6
0,0,417,6
0,0,417,6
0.00840669519903071,0,417,6
0,0,417,6
0,0,417,6
0,0,417,6
0,0,417,6
0.373486684755125,1,417,6
0.373486684755125,1,417,6
0.373486684755125,1,417,6
0,0,417,6
0.373486684755125,0,417,6
0,0,417,6
0.976699615026479,1,417,6
0.373486684755125,1,417,6
0,0,417,6
0,0,417,6
0,0,417,6
0.00840669519903071,0,417,6
0,0,417,6
0,0,417,6
0.373486684755125,1,417,6
0,0,417,6
0.976699615026479,1,417,6
0.373486684755125,1,417,6
0,0,417,6
0.373486684755125,1,417,6
0.00840669519903071,0,417,6
0,0,418,1
0.511043819511325,0,418,1
0.00677390416263738,0,418,1
0.511043819511325,0,418,1
0.993795432379825,1,418,1
0,1,418,1
0.511043819511325,1,418,1
0.511043819511325,1,418,1
0.511043819511325,1,418,1
0.511043819511325,1,418,1
0.00677390416263738,0,418,1
0.00677390416263738,1,418,1
0.00677390416263738,0,418,1
0.511043819511325,1,418,1
0.993795432379825,1,418,1
0.511043819511325,1,418,1
0.993795432379825,1,418,1
0.511043819511325,0,418,1
0.993795432379825,1,418,1
0.511043819511325,1,418,1
0.511043819511325,0,418,1
0,0,418,1
0,0,418,1
0,0,418,1
0.511043819511325,1,418,1
0.00677390416263738,0,418,1
0.511043819511325,1,418,1
0,1,418,1
0.00677390416263738,0,418,1
0,1,418,1
0,0,418,1
0.511043819511325,1,418,1
0,0,418,1
0,0,418,1
0.511043819511325,1,418,1
0,1,418,1
0.00677390416263738,0,418,1
0,1,418,1
0.511043819511325,0,418,1
0,0,418,1
0.511043819511325,1,418,1
0,1,418,1
0,0,418,1
0.993795432379825,1,418,1
0.511043819511325,1,418,1
0.993795432379825,1,418,1
0,1,418,1
0.00677390416263738,0,418,1
0.00677390416263738,0,418,1
0,0,418,1
0.511043819511325,1,418,1
0,1,418,1
0.511043819511325,1,418,1
0.511043819511325,1,418,1
0,1,418,1
0.511043819511325,1,418,1
0.993795432379825,1,418,1
0,1,418,1
0,0,418,1
0,0,418,1
0,1,418,1
0.00677390416263738,0,418,1
0.993795432379825,1,418,1
0,1,418,1
0,0,418,1
0,0,418,1
0,0,418,1
0.511043819511325,1,418,1
0,1,418,1
0,1,418,1
0.511043819511325,1,418,1
0.511043819511325,1,418,1
0,1,418,1
0.993795432379825,1,418,1
0,1,418,1
0.00677390416263738,1,418,1
0.511043819511325,1,418,1
0.993795432379825,1,418,1
0,1,418,1
0.00677390416263738,0,418,1
0.999999983897721,1,418,2
0,0,418,2
0.999999983897721,1,418,2
1,1,418,2
1,1,418,2
0.999999983897721,1,418,2
0.999999983897721,1,418,2
0,1,418,2
0,0,418,2
0.999999983897721,1,418,2
0,1,418,2
0,1,418,2
0,1,418,2
0.999999983897721,1,418,2
0.999999983897721,1,418,2
0.999999983897721,1,418,2
1,1,418,2
0,1,418,2
0,0,418,2
0,1,418,2
0.999999983897721,1,418,2
0.999999983897721,1,418,2
0,1,418,2
0.999999983897721,1,418,2
0.999999983897721,1,418,2
0,1,418,2
0.999999983897721,1,418,2
0,0,418,2
1,1,418,2
0,0,418,2
0.999999983897721,1,418,2
0,0,418,2
0,0,418,2
0.999999983897721,1,418,2
0,0,418,2
0,0,418,2
0.999999983897721,0,418,2
0,0,418,2
0,1,418,2
0,0,418,2
1,1,418,2
1,1,418,2
0.999999983897721,1,418,2
0,1,418,2
0,0,418,2
0,0,418,2
0,0,418,2
0.999999983897721,1,418,2
0.999999983897721,1,418,2
0,0,418,2
0.999999983897721,1,418,2
0.999999983897721,1,418,2
0,1,418,2
0,1,418,2
0,1,418,2
0,0,418,2
0,1,418,2
0,0,418,2
0,0,418,2
0,0,418,2
1,1,418,2
1,1,418,2
0,0,418,2
0.999999983897721,1,418,2
0.999999983897721,1,418,2
0,1,418,2
0.999999983897721,1,418,2
0,1,418,2
0,0,418,2
1,1,418,2
0,1,418,2
0.999999983897721,1,418,2
0,1,418,2
0,1,418,2
0,1,418,2
0.999999983897721,1,418,2
0,0,418,2
0,1,418,2
0,0,418,2
1,1,418,2
0.998129221829958,1,418,3
0.998129221829958,1,418,3
0,0,418,3
0.0174313190765449,1,418,3
0.0174313190765449,1,418,3
0.7546953555078,1,418,3
0.7546953555078,1,418,3
0.7546953555078,1,418,3
0.0174313190765449,1,418,3
0.7546953555078,1,418,3
0.7546953555078,1,418,3
0.0174313190765449,0,418,3
0,1,418,3
0.7546953555078,1,418,3
0.7546953555078,1,418,3
0.7546953555078,1,418,3
0,0,418,3
0.998129221829958,1,418,3
0.7546953555078,1,418,3
0,0,418,3
0.7546953555078,1,418,3
0,0,418,3
0.7546953555078,1,418,3
0.7546953555078,1,418,3
0.0174313190765449,1,418,3
0,0,418,3
0,0,418,3
0.7546953555078,1,418,3
0.998129221829958,1,418,3
0.0174313190765449,0,418,3
0.7546953555078,1,418,3
0,1,418,3
0,0,418,3
0,0,418,3
0.7546953555078,1,418,3
0,0,418,3
0,0,418,3
0,0,418,3
0.0174313190765449,0,418,3
0,0,418,3
0,0,418,3
0.998129221829958,1,418,3
0.7546953555078,1,418,3
0.7546953555078,1,418,3
0.998129221829958,1,418,3
0.7546953555078,1,418,3
0.0174313190765449,1,418,3
0,1,418,3
0.7546953555078,1,418,3
0,1,418,3
0,0,418,3
0,0,418,3
0.7546953555078,1,418,3
0,1,418,3
0.0174313190765449,1,418,3
0,0,418,3
0,0,418,3
0.998129221829958,1,418,3
0.998129221829958,1,418,3
0.0174313190765449,0,418,3
0,1,418,3
0.7546953555078,1,418,3
0.7546953555078,1,418,3
0,1,418,3
0,0,418,3
0.998129221829958,1,418,3
0.0174313190765449,0,418,3
0.7546953555078,1,418,3
0.7546953555078,1,418,3
0.7546953555078,1,418,3
0,1,418,3
0.998129221829958,1,418,3
0,0,418,3
0,0,418,3
0,0,418,3
0,0,418,3
0.0174313190765449,0,418,3
0,0,418,3
0,0,418,3
0.7546953555078,1,418,3
0.569769859094098,0,418,4
0.281793315395282,0,418,4
0.281793315395282,0,418,4
0.817187570906736,0,418,4
0.569769859094098,1,418,4
0,0,418,4
0.281793315395282,1,418,4
0.817187570906736,1,418,4
0.569769859094098,0,418,4
0.569769859094098,1,418,4
0,0,418,4
0.569769859094098,1,418,4
0.569769859094098,1,418,4
0.281793315395282,1,418,4
0.569769859094098,0,418,4
0.569769859094098,1,418,4
0.281793315395282,0,418,4
0,0,418,4
0.569769859094098,1,418,4
0.281793315395282,1,418,4
0,1,418,4
0.569769859094098,0,418,4
0.569769859094098,1,418,4
0.569769859094098,1,418,4
0,1,418,4
0,1,418,4
0.817187570906736,1,418,4
0.569769859094098,1,418,4
0,1,418,4
0.569769859094098,1,418,4
0,1,418,4
0.817187570906736,1,418,4
0.281793315395282,1,418,4
0.569769859094098,1,418,4
0,1,418,4
0,1,418,4
0.569769859094098,1,418,4
0,1,418,4
0,1,418,4
0,1,418,4
0.569769859094098,1,418,4
0.817187570906736,1,418,4
0,1,418,4
0,0,418,4
0.569769859094098,1,418,4
0,1,418,4
0.281793315395282,1,418,4
0.817187570906736,1,418,4
0,0,418,4
0.569769859094098,0,418,4
0.569769859094098,1,418,4
0,1,418,4
0,1,418,4
0,1,418,4
0.569769859094098,1,418,4
0.281793315395282,1,418,4
0.817187570906736,1,418,4
0,1,418,4
0.817187570906736,0,418,4
0,1,418,4
0,1,418,4
0.281793315395282,1,418,4
0.569769859094098,1,418,4
0,1,418,4
0,0,418,4
0.281793315395282,1,418,4
0.569769859094098,1,418,4
0,1,418,4
0,1,418,4
0.817187570906736,1,418,4
0.569769859094098,1,418,4
0.281793315395282,1,418,4
0,1,418,4
0,1,418,4
0.817187570906736,1,418,4
0,1,418,4
0.569769859094098,1,418,4
0.569769859094098,1,418,4
0,1,418,4
0,1,418,4
0.221648240523553,0,418,5
0.651064956717818,0,418,5
0.92438920952551,1,418,5
0,0,418,5
0.651064956717818,0,418,5
0.221648240523553,0,418,5
0.221648240523553,0,418,5
0.92438920952551,1,418,5
0.651064956717818,1,418,5
0.651064956717818,1,418,5
0.651064956717818,0,418,5
0.651064956717818,0,418,5
0,0,418,5
0.651064956717818,0,418,5
0.651064956717818,0,418,5
0.221648240523553,0,418,5
0,0,418,5
0.92438920952551,1,418,5
0.92438920952551,1,418,5
0.221648240523553,0,418,5
0,0,418,5
0.651064956717818,0,418,5
0,1,418,5
0.221648240523553,1,418,5
0.651064956717818,0,418,5
0.651064956717818,1,418,5
0,0,418,5
0.651064956717818,0,418,5
0,0,418,5
0.651064956717818,0,418,5
0,1,418,5
0.651064956717818,1,418,5
0,0,418,5
0.651064956717818,0,418,5
0,1,418,5
0,1,418,5
0,1,418,5
0.92438920952551,1,418,5
0.221648240523553,1,418,5
0,1,418,5
0,1,418,5
0.651064956717818,1,418,5
0.651064956717818,1,418,5
0,1,418,5
0.651064956717818,1,418,5
0.92438920952551,1,418,5
0.221648240523553,1,418,5
0,1,418,5
0.221648240523553,0,418,5
0.651064956717818,0,418,5
0.651064956717818,0,418,5
0.221648240523553,0,418,5
0.92438920952551,1,418,5
0.92438920952551,1,418,5
0,1,418,5
0.651064956717818,1,418,5
0,1,418,5
0.651064956717818,1,418,5
0,0,418,5
0,0,418,5
0,1,418,5
0,1,418,5
0,1,418,5
0,1,418,5
0,0,418,5
0,0,418,5
0.651064956717818,1,418,5
0.651064956717818,1,418,5
0.92438920952551,1,418,5
0.92438920952551,1,418,5
0,1,418,5
0,1,418,5
0,1,418,5
0.221648240523553,1,418,5
0.221648240523553,1,418,5
0.651064956717818,1,418,5
0.651064956717818,1,418,5
0,1,418,5
0,0,418,5
0,0,418,5
2.5338612324529e-24,0,418,6
0.118248631705104,0,418,6
0.118248631705104,0,418,6
2.5338612324529e-24,0,418,6
2.5338612324529e-24,0,418,6
0.118248631705104,1,418,6
1,1,418,6
0.118248631705104,1,418,6
1,1,418,6
0,0,418,6
0.118248631705104,1,418,6
0.118248631705104,1,418,6
0.118248631705104,1,418,6
0,0,418,6
0.118248631705104,0,418,6
2.5338612324529e-24,0,418,6
2.5338612324529e-24,0,418,6
1,1,418,6
0,0,418,6
2.5338612324529e-24,0,418,6
1,1,418,6
0,0,418,6
0,1,418,6
0,1,418,6
0,0,418,6
0.118248631705104,1,418,6
0,1,418,6
0.118248631705104,0,418,6
0.118248631705104,1,418,6
0.118248631705104,1,418,6
0.118248631705104,1,418,6
0.118248631705104,0,418,6
0,0,418,6
0,0,418,6
1,0,418,6
0,0,418,6
0,0,418,6
2.5338612324529e-24,1,418,6
1,1,418,6
0.118248631705104,0,418,6
0,0,418,6
0,0,418,6
0,0,418,6
0.118248631705104,1,418,6
0.118248631705104,1,418,6
0.118248631705104,1,418,6
0,0,418,6
2.5338612324529e-24,0,418,6
2.5338612324529e-24,0,418,6
0.118248631705104,1,418,6
0.118248631705104,1,418,6
0,0,418,6
0,0,418,6
1,1,418,6
0,0,418,6
1,1,418,6
0.118248631705104,1,418,6
0,0,418,6
2.5338612324529e-24,0,418,6
0.118248631705104,1,418,6
0,0,418,6
0,0,418,6
0,0,418,6
0,0,418,6
0.118248631705104,1,418,6
0,1,418,6
0,0,418,6
0,1,418,6
0,0,418,6
0,0,418,6
2.5338612324529e-24,1,418,6
0.118248631705104,1,418,6
0.118248631705104,1,418,6
0,0,418,6
1,1,418,6
0,0,418,6
1,1,418,6
0.118248631705104,1,418,6
2.5338612324529e-24,0,418,6
0,0,418,6
0,1,419,1
0.0459950060675662,1,419,1
0.42197905089413,1,419,1
0.0459950060675662,1,419,1
0.0459950060675662,1,419,1
0.42197905089413,1,419,1
0.42197905089413,1,419,1
0.42197905089413,1,419,1
0.917042637413138,1,419,1
0.42197905089413,1,419,1
0.42197905089413,1,419,1
0.0459950060675662,1,419,1
0,1,419,1
0.42197905089413,1,419,1
0.42197905089413,1,419,1
0.917042637413138,1,419,1
0,1,419,1
0.42197905089413,1,419,1
0.42197905089413,1,419,1
0.0459950060675662,1,419,1
0.42197905089413,1,419,1
0,1,419,1
0.917042637413138,1,419,1
0.42197905089413,1,419,1
0.42197905089413,1,419,1
0,1,419,1
0,1,419,1
0,1,419,1
0.917042637413138,1,419,1
0,1,419,1
0.0459950060675662,1,419,1
0.42197905089413,1,419,1
0.917042637413138,1,419,1
0,1,419,1
0.42197905089413,1,419,1
0.0459950060675662,1,419,1
0,1,419,1
0,1,419,1
0.917042637413138,1,419,1
0,1,419,1
0.0459950060675662,1,419,1
0.42197905089413,1,419,1
0,1,419,1
0.42197905089413,1,419,1
0,1,419,1
0,1,419,1
0.42197905089413,1,419,1
0,1,419,1
0.917042637413138,1,419,1
0,1,419,1
0.0459950060675662,1,419,1
0.917042637413138,1,419,1
0,1,419,1
0,1,419,1
0.42197905089413,1,419,1
0.42197905089413,1,419,1
0.0459950060675662,1,419,1
0,1,419,1
0,1,419,1
0,1,419,1
0,1,419,1
0,1,419,1
0.42197905089413,1,419,1
0.42197905089413,1,419,1
0,1,419,1
0.42197905089413,1,419,1
0.917042637413138,1,419,1
0,1,419,1
0,1,419,1
0.917042637413138,1,419,1
0.0459950060675662,1,419,1
0.0459950060675662,1,419,1
0,1,419,1
0,1,419,1
0.42197905089413,1,419,1
0.42197905089413,1,419,1
0,1,419,1
0,1,419,1
0.42197905089413,1,419,1
0,1,419,1
0,0,419,2
0.312425980797376,1,419,2
0.549909782110329,1,419,2
0.549909782110329,1,419,2
0.312425980797376,1,419,2
0.549909782110329,1,419,2
0.549909782110329,1,419,2
0.312425980797376,1,419,2
0.549909782110329,1,419,2
0.766636292148753,1,419,2
0.549909782110329,1,419,2
0.549909782110329,1,419,2
0,1,419,2
0.766636292148753,1,419,2
0.312425980797376,1,419,2
0.549909782110329,1,419,2
0,1,419,2
0.549909782110329,1,419,2
0.549909782110329,1,419,2
0,1,419,2
0,1,419,2
0,1,419,2
0.549909782110329,1,419,2
0.312425980797376,1,419,2
0.312425980797376,1,419,2
0.766636292148753,1,419,2
0,1,419,2
0.549909782110329,1,419,2
0.766636292148753,1,419,2
0.549909782110329,1,419,2
0,1,419,2
0.549909782110329,1,419,2
0.549909782110329,1,419,2
0,1,419,2
0,1,419,2
0.312425980797376,1,419,2
0,1,419,2
0.549909782110329,1,419,2
0,1,419,2
0.549909782110329,1,419,2
0.312425980797376,1,419,2
0,1,419,2
0,1,419,2
0.766636292148753,1,419,2
0,1,419,2
0,1,419,2
0.766636292148753,1,419,2
0.549909782110329,1,419,2
0,1,419,2
0.549909782110329,1,419,2
0,1,419,2
0,1,419,2
0,1,419,2
0,1,419,2
0.766636292148753,1,419,2
0,1,419,2
0.549909782110329,1,419,2
0.549909782110329,1,419,2
0.312425980797376,1,419,2
0.312425980797376,1,419,2
0.549909782110329,1,419,2
0,1,419,2
0,1,419,2
0.766636292148753,1,419,2
0.549909782110329,1,419,2
0,1,419,2
0,1,419,2
0,1,419,2
0.766636292148753,1,419,2
0.766636292148753,1,419,2
0,0,419,2
0.312425980797376,0,419,2
0.549909782110329,1,419,2
0,0,419,2
0,0,419,2
0,1,419,2
0,0,419,2
0.549909782110329,1,419,2
0.549909782110329,1,419,2
0.312425980797376,1,419,2
0.319445484083897,0,419,3
0.319445484083897,0,419,3
0.438640217212793,1,419,3
0,1,419,3
0.438640217212793,1,419,3
0.319445484083897,1,419,3
0.565362877587851,1,419,3
0.438640217212793,1,419,3
0.319445484083897,1,419,3
0.438640217212793,1,419,3
0,1,419,3
0.438640217212793,1,419,3
0.438640217212793,1,419,3
0.438640217212793,1,419,3
0.565362877587851,1,419,3
0.438640217212793,1,419,3
0.438640217212793,1,419,3
0,1,419,3
0.438640217212793,1,419,3
0.565362877587851,1,419,3
0.438640217212793,1,419,3
0,1,419,3
0,1,419,3
0,1,419,3
0.438640217212793,1,419,3
0,1,419,3
0,1,419,3
0.565362877587851,1,419,3
0.319445484083897,1,419,3
0.319445484083897,1,419,3
0.438640217212793,1,419,3
0.438640217212793,1,419,3
0,1,419,3
0,1,419,3
0.438640217212793,1,419,3
0.565362877587851,1,419,3
0,1,419,3
0.438640217212793,1,419,3
0,1,419,3
0.319445484083897,1,419,3
0.438640217212793,1,419,3
0,1,419,3
0,1,419,3
0,1,419,3
0.319445484083897,1,419,3
0.438640217212793,1,419,3
0.565362877587851,1,419,3
0,1,419,3
0,1,419,3
0.565362877587851,1,419,3
0,1,419,3
0,1,419,3
0.438640217212793,1,419,3
0.438640217212793,1,419,3
0,1,419,3
0,1,419,3
0.438640217212793,1,419,3
0.565362877587851,1,419,3
0,1,419,3
0.319445484083897,1,419,3
0.319445484083897,1,419,3
0.438640217212793,1,419,3
0,1,419,3
0,1,419,3
0,1,419,3
0,1,419,3
0.438640217212793,1,419,3
0.438640217212793,1,419,3
0.565362877587851,1,419,3
0,1,419,3
0,1,419,3
0.319445484083897,1,419,3
0.565362877587851,1,419,3
0,1,419,3
0,1,419,3
0.438640217212793,1,419,3
0.319445484083897,1,419,3
0.438640217212793,1,419,3
0,1,419,3
0,1,419,3
0.526147351499609,1,419,4
0.526147351499609,1,419,4
0.526147351499609,1,419,4
0.419974255102709,1,419,4
0.419974255102709,1,419,4
0.526147351499609,1,419,4
0.526147351499609,1,419,4
0.419974255102709,1,419,4
0,0,419,4
0.526147351499609,1,419,4
0,0,419,4
0.526147351499609,1,419,4
0.630007476177566,1,419,4
0.630007476177566,1,419,4
0.419974255102709,1,419,4
0.526147351499609,1,419,4
0,0,419,4
0.526147351499609,1,419,4
0,1,419,4
0.526147351499609,1,419,4
0,0,419,4
0.630007476177566,1,419,4
0,0,419,4
0.419974255102709,1,419,4
0.526147351499609,1,419,4
0,0,419,4
0.526147351499609,1,419,4
0.526147351499609,1,419,4
0.526147351499609,1,419,4
0.630007476177566,1,419,4
0.419974255102709,0,419,4
0,0,419,4
0.419974255102709,1,419,4
0,0,419,4
0.526147351499609,1,419,4
0,0,419,4
0.526147351499609,1,419,4
0,0,419,4
0.526147351499609,1,419,4
0.419974255102709,1,419,4
0,0,419,4
0.526147351499609,0,419,4
0,0,419,4
0.630007476177566,1,419,4
0,0,419,4
0.630007476177566,1,419,4
0,0,419,4
0,0,419,4
0.526147351499609,1,419,4
0.419974255102709,1,419,4
0.526147351499609,1,419,4
0,0,419,4
0,1,419,4
0.630007476177566,1,419,4
0.526147351499609,1,419,4
0.526147351499609,1,419,4
0.630007476177566,1,419,4
0.419974255102709,1,419,4
0,0,419,4
0,1,419,4
0,1,419,4
0,1,419,4
0,1,419,4
0,1,419,4
0,1,419,4
0,0,419,4
0.526147351499609,1,419,4
0.630007476177566,1,419,4
0,0,419,4
0.526147351499609,1,419,4
0,0,419,4
0.419974255102709,1,419,4
0.630007476177566,1,419,4
0,0,419,4
0.419974255102709,0,419,4
0,0,419,4
0.526147351499609,1,419,4
0,0,419,4
0.526147351499609,1,419,4
0,0,419,4
0.230288632219307,0,419,5
0.571475828012814,0,419,5
0.571475828012814,1,419,5
0.571475828012814,0,419,5
0.855996937492168,1,419,5
0.230288632219307,0,419,5
0.571475828012814,1,419,5
0.855996937492168,1,419,5
0.571475828012814,1,419,5
0.571475828012814,1,419,5
0,0,419,5
0,0,419,5
0.230288632219307,1,419,5
0.571475828012814,1,419,5
0.571475828012814,1,419,5
0.230288632219307,1,419,5
0.571475828012814,1,419,5
0.230288632219307,0,419,5
0,0,419,5
0.230288632219307,0,419,5
0.571475828012814,1,419,5
0,0,419,5
0,0,419,5
0,0,419,5
0.855996937492168,1,419,5
0.571475828012814,1,419,5
0,0,419,5
0.571475828012814,1,419,5
0.855996937492168,1,419,5
0.571475828012814,1,419,5
0,1,419,5
0.571475828012814,1,419,5
0,0,419,5
0.571475828012814,1,419,5
0,0,419,5
0.230288632219307,1,419,5
0.571475828012814,1,419,5
0.230288632219307,1,419,5
0,0,419,5
0.571475828012814,1,419,5
0,0,419,5
0.855996937492168,1,419,5
0,0,419,5
0,0,419,5
0.571475828012814,1,419,5
0,0,419,5
0.855996937492168,1,419,5
0,0,419,5
0.230288632219307,1,419,5
0.230288632219307,0,419,5
0.571475828012814,1,419,5
0,0,419,5
0.855996937492168,1,419,5
0,0,419,5
0.571475828012814,1,419,5
0,0,419,5
0,0,419,5
0,0,419,5
0,0,419,5
0.571475828012814,1,419,5
0.571475828012814,1,419,5
0,0,419,5
0,0,419,5
0.855996937492168,1,419,5
0.230288632219307,0,419,5
0,0,419,5
0,1,419,5
0,0,419,5
0.855996937492168,1,419,5
0,0,419,5
0.571475828012814,1,419,5
0.571475828012814,1,419,5
0.855996937492168,1,419,5
0,0,419,5
0.571475828012814,1,419,5
0.230288632219307,0,419,5
0,0,419,5
0.571475828012814,1,419,5
0,0,419,5
0,0,419,5
0.95468451738615,1,419,6
0.0423193358640384,0,419,6
0,0,419,6
0.491058689762683,1,419,6
0.95468451738615,1,419,6
0,0,419,6
0.491058689762683,1,419,6
0.0423193358640384,1,419,6
0.491058689762683,1,419,6
0.491058689762683,1,419,6
0.491058689762683,1,419,6
0.0423193358640384,1,419,6
0.0423193358640384,1,419,6
0.491058689762683,1,419,6
0.491058689762683,1,419,6
0.491058689762683,1,419,6
0.491058689762683,1,419,6
0.491058689762683,1,419,6
0,0,419,6
0.491058689762683,1,419,6
0.0423193358640384,1,419,6
0,0,419,6
0.95468451738615,1,419,6
0,0,419,6
0,0,419,6
0.491058689762683,1,419,6
0.0423193358640384,1,419,6
0.491058689762683,1,419,6
0.95468451738615,1,419,6
0,0,419,6
0.491058689762683,1,419,6
0,0,419,6
0.0423193358640384,1,419,6
0.95468451738615,1,419,6
0,0,419,6
0.491058689762683,1,419,6
0,0,419,6
0.491058689762683,1,419,6
0.491058689762683,1,419,6
0,0,419,6
0,0,419,6
0,0,419,6
0,0,419,6
0.0423193358640384,1,419,6
0.491058689762683,1,419,6
0,0,419,6
0.95468451738615,1,419,6
0,1,419,6
0.0423193358640384,0,419,6
0,0,419,6
0.491058689762683,1,419,6
0,0,419,6
0.491058689762683,1,419,6
0,0,419,6
0,0,419,6
0.491058689762683,0,419,6
0.0423193358640384,1,419,6
0,1,419,6
0,0,419,6
0.491058689762683,0,419,6
0.95468451738615,1,419,6
0,0,419,6
0.95468451738615,1,419,6
0,0,419,6
0.491058689762683,1,419,6
0,0,419,6
0.491058689762683,1,419,6
0.0423193358640384,1,419,6
0,0,419,6
0,0,419,6
0.491058689762683,1,419,6
0.95468451738615,1,419,6
0,0,419,6
0.95468451738615,0,419,6
0.0423193358640384,1,419,6
0,1,419,6
0,0,419,6
0.491058689762683,1,419,6
0,0,419,6
0,0,419,6
0.468074160793035,0,420,1
0,0,420,1
0.183829897683329,0,420,1
0.468074160793035,0,420,1
0.468074160793035,0,420,1
0.468074160793035,1,420,1
0.774667578389701,1,420,1
0.468074160793035,0,420,1
0.183829897683329,1,420,1
0.774667578389701,1,420,1
0.183829897683329,0,420,1
0.468074160793035,0,420,1
0.468074160793035,1,420,1
0,0,420,1
0.468074160793035,0,420,1
0.183829897683329,1,420,1
0.774667578389701,0,420,1
0.468074160793035,0,420,1
0,0,420,1
0.468074160793035,0,420,1
0.468074160793035,0,420,1
0.468074160793035,0,420,1
0,0,420,1
0.468074160793035,0,420,1
0.183829897683329,0,420,1
0,1,420,1
0.468074160793035,0,420,1
0,0,420,1
0.774667578389701,0,420,1
0,0,420,1
0.183829897683329,0,420,1
0,0,420,1
0,0,420,1
0,0,420,1
0.468074160793035,1,420,1
0,0,420,1
0.468074160793035,0,420,1
0.774667578389701,0,420,1
0,0,420,1
0.183829897683329,0,420,1
0.468074160793035,0,420,1
0,0,420,1
0,0,420,1
0.774667578389701,0,420,1
0.468074160793035,0,420,1
0.183829897683329,0,420,1
0,1,420,1
0,0,420,1
0.468074160793035,0,420,1
0.468074160793035,1,420,1
0,0,420,1
0,1,420,1
0.183829897683329,0,420,1
0,0,420,1
0,0,420,1
0.183829897683329,0,420,1
0,0,420,1
0.774667578389701,0,420,1
0.468074160793035,0,420,1
0.468074160793035,1,420,1
0,0,420,1
0.774667578389701,0,420,1
0,0,420,1
0,0,420,1
0.468074160793035,0,420,1
0.468074160793035,0,420,1
0,0,420,1
0.774667578389701,1,420,1
0.468074160793035,1,420,1
0,1,420,1
0.774667578389701,1,420,1
0,0,420,1
0,0,420,1
0.183829897683329,0,420,1
0,0,420,1
0,0,420,1
0.183829897683329,0,420,1
0,1,420,1
0.468074160793035,0,420,1
0,0,420,1
0.147500816437197,0,420,2
0,0,420,2
0.147500816437197,0,420,2
0.657974617594337,0,420,2
0.657974617594337,1,420,2
0.657974617594337,0,420,2
0.657974617594337,0,420,2
0.955336257922559,0,420,2
0.657974617594337,0,420,2
0.657974617594337,0,420,2
0,1,420,2
0.147500816437197,0,420,2
0.657974617594337,0,420,2
0.955336257922559,1,420,2
0.657974617594337,0,420,2
0.147500816437197,0,420,2
0,0,420,2
0,1,420,2
0.657974617594337,1,420,2
0.657974617594337,0,420,2
0.147500816437197,0,420,2
0.657974617594337,0,420,2
0,0,420,2
0.657974617594337,0,420,2
0,0,420,2
0,0,420,2
0.147500816437197,0,420,2
0,0,420,2
0.955336257922559,1,420,2
0.657974617594337,0,420,2
0.657974617594337,0,420,2
0.955336257922559,1,420,2
0,0,420,2
0.955336257922559,1,420,2
0.657974617594337,0,420,2
0,0,420,2
0,0,420,2
0,0,420,2
0.955336257922559,1,420,2
0.657974617594337,1,420,2
0.657974617594337,0,420,2
0.657974617594337,0,420,2
0,0,420,2
0,0,420,2
0,0,420,2
0.147500816437197,0,420,2
0,0,420,2
0.147500816437197,0,420,2
0.955336257922559,1,420,2
0.147500816437197,0,420,2
0.955336257922559,1,420,2
0,0,420,2
0.657974617594337,0,420,2
0,0,420,2
0.657974617594337,0,420,2
0,0,420,2
0.657974617594337,1,420,2
0,0,420,2
0.657974617594337,0,420,2
0.147500816437197,0,420,2
0,0,420,2
0,0,420,2
0,1,420,2
0,0,420,2
0.657974617594337,0,420,2
0.955336257922559,0,420,2
0,0,420,2
0,0,420,2
0.147500816437197,0,420,2
0,0,420,2
0,0,420,2
0,0,420,2
0.955336257922559,0,420,2
0,1,420,2
0.147500816437197,1,420,2
0.657974617594337,0,420,2
0,0,420,2
0.657974617594337,1,420,2
0,0,420,2
0.657974617594337,0,420,2
0.346857294627603,0,420,3
0.659996426421347,0,420,3
0,0,420,3
0.876472203549134,1,420,3
0.659996426421347,1,420,3
0.659996426421347,0,420,3
0.346857294627603,0,420,3
0.876472203549134,1,420,3
0.659996426421347,1,420,3
0.659996426421347,1,420,3
0.659996426421347,1,420,3
0.346857294627603,0,420,3
0.659996426421347,0,420,3
0,1,420,3
0.659996426421347,1,420,3
0.346857294627603,0,420,3
0.659996426421347,1,420,3
0,0,420,3
0,0,420,3
0.346857294627603,0,420,3
0,0,420,3
0,0,420,3
0.876472203549134,1,420,3
0.659996426421347,1,420,3
0,0,420,3
0,0,420,3
0.659996426421347,0,420,3
0.346857294627603,0,420,3
0.659996426421347,1,420,3
0.659996426421347,1,420,3
0.659996426421347,1,420,3
0.876472203549134,1,420,3
0,0,420,3
0.346857294627603,0,420,3
0,0,420,3
0.876472203549134,1,420,3
0,0,420,3
0.659996426421347,0,420,3
0,0,420,3
0.659996426421347,1,420,3
0.659996426421347,1,420,3
0.876472203549134,1,420,3
0,0,420,3
0.659996426421347,1,420,3
0,0,420,3
0.346857294627603,0,420,3
0,0,420,3
0,0,420,3
0.346857294627603,0,420,3
0,0,420,3
0,0,420,3
0,1,420,3
0.659996426421347,0,420,3
0.659996426421347,0,420,3
0,0,420,3
0,0,420,3
0.876472203549134,1,420,3
0,0,420,3
0.876472203549134,1,420,3
0,0,420,3
0.659996426421347,1,420,3
0.346857294627603,0,420,3
0,0,420,3
0.659996426421347,0,420,3
0,0,420,3
0,0,420,3
0,0,420,3
0.659996426421347,1,420,3
0,0,420,3
0.346857294627603,0,420,3
0,0,420,3
0.659996426421347,0,420,3
0.876472203549134,0,420,3
0.876472203549134,1,420,3
0.659996426421347,1,420,3
0.659996426421347,1,420,3
0,0,420,3
0,1,420,3
0,0,420,3
0.346857294627603,0,420,3
0.68453057393896,1,420,4
0.68453057393896,1,420,4
0.9655181954383,1,420,4
0.68453057393896,0,420,4
0.68453057393896,0,420,4
0.68453057393896,1,420,4
0.68453057393896,1,420,4
0.9655181954383,0,420,4
0.143946633417179,0,420,4
0.143946633417179,0,420,4
0,0,420,4
0.68453057393896,1,420,4
0.143946633417179,1,420,4
0.143946633417179,0,420,4
0,0,420,4
0.68453057393896,1,420,4
0.9655181954383,1,420,4
0,0,420,4
0,0,420,4
0,0,420,4
0.68453057393896,1,420,4
0.143946633417179,0,420,4
0.68453057393896,1,420,4
0.68453057393896,1,420,4
0.9655181954383,1,420,4
0.143946633417179,0,420,4
0,1,420,4
0,0,420,4
0.68453057393896,1,420,4
0.68453057393896,1,420,4
0,0,420,4
0.68453057393896,1,420,4
0,0,420,4
0.143946633417179,0,420,4
0,0,420,4
0,0,420,4
0,0,420,4
0.9655181954383,1,420,4
0,0,420,4
0.68453057393896,1,420,4
0.143946633417179,1,420,4
0.68453057393896,1,420,4
0,0,420,4
0.68453057393896,1,420,4
0.9655181954383,1,420,4
0.68453057393896,1,420,4
0,0,420,4
0,0,420,4
0.68453057393896,1,420,4
0,0,420,4
0,0,420,4
0.143946633417179,0,420,4
0.68453057393896,1,420,4
0,0,420,4
0.143946633417179,1,420,4
0.68453057393896,1,420,4
0,0,420,4
0,0,420,4
0.9655181954383,1,420,4
0,0,420,4
0,0,420,4
0.9655181954383,1,420,4
0,0,420,4
0.68453057393896,1,420,4
0.68453057393896,1,420,4
0.9655181954383,1,420,4
0,0,420,4
0.143946633417179,1,420,4
0.68453057393896,1,420,4
0,0,420,4
0.143946633417179,0,420,4
0,1,420,4
0.68453057393896,1,420,4
0,0,420,4
0,0,420,4
0.68453057393896,1,420,4
0,0,420,4
0,0,420,4
0,0,420,4
0.9655181954383,1,420,4
0.456742603489397,0,420,5
0,0,420,5
0.456742603489397,1,420,5
0.456742603489397,1,420,5
0.456742603489397,1,420,5
0.456742603489397,1,420,5
0.456742603489397,1,420,5
0.456742603489397,0,420,5
0.0150654104174738,0,420,5
0.978819107012744,1,420,5
0.0150654104174738,0,420,5
0.456742603489397,0,420,5
0.0150654104174738,0,420,5
0.978819107012744,1,420,5
0.0150654104174738,0,420,5
0,0,420,5
0,0,420,5
0.456742603489397,1,420,5
0,0,420,5
0.0150654104174738,0,420,5
0.456742603489397,1,420,5
0.456742603489397,1,420,5
0.978819107012744,1,420,5
0.456742603489397,1,420,5
0.0150654104174738,0,420,5
0.456742603489397,1,420,5
0.456742603489397,0,420,5
0,0,420,5
0,0,420,5
0,0,420,5
0.978819107012744,1,420,5
0,0,420,5
0,0,420,5
0.456742603489397,1,420,5
0.456742603489397,1,420,5
0,0,420,5
0.978819107012744,1,420,5
0.0150654104174738,0,420,5
0,0,420,5
0,0,420,5
0,0,420,5
0.456742603489397,1,420,5
0.978819107012744,1,420,5
0,0,420,5
0,0,420,5
0.456742603489397,1,420,5
0.0150654104174738,0,420,5
0,0,420,5
0.978819107012744,1,420,5
0,0,420,5
0,0,420,5
0.0150654104174738,0,420,5
0,0,420,5
0.0150654104174738,0,420,5
0,0,420,5
0.456742603489397,1,420,5
0.456742603489397,1,420,5
0.456742603489397,1,420,5
0,0,420,5
0,0,420,5
0.456742603489397,1,420,5
0.978819107012744,1,420,5
0,0,420,5
0,0,420,5
0.456742603489397,1,420,5
0,0,420,5
0,0,420,5
0,0,420,5
0.456742603489397,1,420,5
0.0150654104174738,0,420,5
0.978819107012744,1,420,5
0,0,420,5
0.978819107012744,1,420,5
0.456742603489397,1,420,5
0,0,420,5
0.0150654104174738,0,420,5
0,0,420,5
0,0,420,5
0.456742603489397,1,420,5
0,0,420,5
0.997915624084619,0,420,6
0.997915624084619,0,420,6
0.997915624084619,1,420,6
0.997915624084619,1,420,6
1.42095430302882e-169,1,420,6
0.997915624084619,1,420,6
0.997915624084619,1,420,6
0.997915624084619,1,420,6
0.997915624084619,0,420,6
0,0,420,6
1.42095430302882e-169,0,420,6
1.42095430302882e-169,0,420,6
1,1,420,6
1,1,420,6
1.42095430302882e-169,1,420,6
0,0,420,6
0,0,420,6
0,0,420,6
0,0,420,6
0.997915624084619,1,420,6
0,0,420,6
1,1,420,6
1.42095430302882e-169,1,420,6
0.997915624084619,1,420,6
1.42095430302882e-169,0,420,6
0.997915624084619,1,420,6
0.997915624084619,1,420,6
0.997915624084619,1,420,6
0,0,420,6
0.997915624084619,1,420,6
1,1,420,6
0,0,420,6
0,0,420,6
0,0,420,6
1.42095430302882e-169,0,420,6
0.997915624084619,0,420,6
0,0,420,6
0,0,420,6
0,0,420,6
0,0,420,6
1,1,420,6
1.42095430302882e-169,0,420,6
0.997915624084619,1,420,6
1,1,420,6
0,0,420,6
0.997915624084619,1,420,6
0.997915624084619,1,420,6
0,0,420,6
0.997915624084619,1,420,6
0,0,420,6
0,0,420,6
0,0,420,6
1,1,420,6
0,0,420,6
0.997915624084619,1,420,6
0.997915624084619,1,420,6
1.42095430302882e-169,1,420,6
1.42095430302882e-169,0,420,6
0,0,420,6
0,0,420,6
0,0,420,6
1,1,420,6
0,0,420,6
0.997915624084619,0,420,6
0,0,420,6
0,0,420,6
0.997915624084619,1,420,6
1,1,420,6
1,1,420,6
1.42095430302882e-169,0,420,6
0.997915624084619,1,420,6
0,0,420,6
0.997915624084619,1,420,6
0,0,420,6
0,0,420,6
1.42095430302882e-169,0,420,6
0.997915624084619,1,420,6
0,0,420,6
0,0,420,6
0,0,420,6
0.930220634840334,1,421,1
0.507938882596616,1,421,1
0.0740165898872066,1,421,1
0.0740165898872066,1,421,1
0.507938882596616,1,421,1
0.507938882596616,1,421,1
0.507938882596616,1,421,1
0.0740165898872066,1,421,1
0.507938882596616,1,421,1
0,1,421,1
0,1,421,1
0.0740165898872066,0,421,1
0.930220634840334,1,421,1
0.507938882596616,1,421,1
0.507938882596616,1,421,1
0.507938882596616,1,421,1
0.507938882596616,1,421,1
0,0,421,1
0,1,421,1
0.507938882596616,1,421,1
0,1,421,1
0,1,421,1
0,1,421,1
0.507938882596616,1,421,1
0.507938882596616,1,421,1
0.930220634840334,1,421,1
0.0740165898872066,1,421,1
0.930220634840334,1,421,1
0.507938882596616,1,421,1
0,1,421,1
0.0740165898872066,1,421,1
0.507938882596616,1,421,1
0.507938882596616,1,421,1
0.507938882596616,1,421,1
0,0,421,1
0,0,421,1
0.507938882596616,1,421,1
0.930220634840334,1,421,1
0.930220634840334,1,421,1
0,1,421,1
0,1,421,1
0,0,421,1
0.0740165898872066,0,421,1
0,1,421,1
0,1,421,1
0,0,421,1
0.0740165898872066,1,421,1
0.507938882596616,1,421,1
0.507938882596616,1,421,1
0.0740165898872066,0,421,1
0.0740165898872066,1,421,1
0.507938882596616,1,421,1
0.930220634840334,1,421,1
0.507938882596616,1,421,1
0,0,421,1
0,0,421,1
0,0,421,1
0,0,421,1
0,1,421,1
0,1,421,1
0,1,421,1
0.930220634840334,1,421,1
0,0,421,1
0.507938882596616,1,421,1
0.930220634840334,1,421,1
0,1,421,1
0.930220634840334,1,421,1
0.507938882596616,1,421,1
0,1,421,1
0.507938882596616,1,421,1
0,1,421,1
0,0,421,1
0,0,421,1
0.0740165898872066,0,421,1
0.507938882596616,0,421,1
0,0,421,1
0.507938882596616,1,421,1
0,0,421,1
0,0,421,1
0.0740165898872066,0,421,1
0.715922410097422,0,421,2
0.999143182217098,1,421,2
0,0,421,2
0.715922410097422,1,421,2
0.00541701120279376,0,421,2
0.999143182217098,1,421,2
0.715922410097422,1,421,2
0.715922410097422,1,421,2
0.00541701120279376,0,421,2
0.00541701120279376,0,421,2
0.715922410097422,1,421,2
0,1,421,2
0.715922410097422,1,421,2
0.715922410097422,1,421,2
0.715922410097422,1,421,2
0.00541701120279376,1,421,2
0,0,421,2
0.999143182217098,1,421,2
0,0,421,2
0,0,421,2
0.715922410097422,1,421,2
0.715922410097422,1,421,2
0.715922410097422,1,421,2
0.999143182217098,1,421,2
0.715922410097422,1,421,2
0.00541701120279376,1,421,2
0.00541701120279376,0,421,2
0.715922410097422,1,421,2
0,0,421,2
0,0,421,2
0.715922410097422,0,421,2
0,0,421,2
0.715922410097422,1,421,2
0,0,421,2
0,0,421,2
0,0,421,2
0,0,421,2
0.715922410097422,1,421,2
0,0,421,2
0,0,421,2
0.715922410097422,1,421,2
0,0,421,2
0.00541701120279376,1,421,2
0.00541701120279376,0,421,2
0.999143182217098,1,421,2
0,0,421,2
0.715922410097422,1,421,2
0.999143182217098,1,421,2
0.999143182217098,1,421,2
0.715922410097422,1,421,2
0,1,421,2
0,0,421,2
0,1,421,2
0.715922410097422,1,421,2
0,0,421,2
0.715922410097422,1,421,2
0.00541701120279376,1,421,2
0,0,421,2
0,0,421,2
0,0,421,2
0,0,421,2
0.00541701120279376,0,421,2
0.715922410097422,0,421,2
0.999143182217098,1,421,2
0.715922410097422,1,421,2
0,0,421,2
0.00541701120279376,1,421,2
0,1,421,2
0,1,421,2
0,0,421,2
0.715922410097422,0,421,2
0.715922410097422,1,421,2
0.999143182217098,1,421,2
0.999143182217098,1,421,2
0,0,421,2
0,1,421,2
0.715922410097422,1,421,2
0,0,421,2
0.00541701120279376,0,421,2
0,0,421,2
1.95969813850635e-06,0,421,3
0.190594818163599,0,421,3
1.95969813850635e-06,0,421,3
0.190594818163599,0,421,3
0.190594818163599,0,421,3
1.95969813850635e-06,1,421,3
0.190594818163599,0,421,3
0,0,421,3
0.999964658541758,0,421,3
0,0,421,3
0.190594818163599,0,421,3
0.999964658541758,0,421,3
0.190594818163599,0,421,3
0.190594818163599,0,421,3
0.190594818163599,0,421,3
1.95969813850635e-06,0,421,3
0,0,421,3
0.999964658541758,1,421,3
1.95969813850635e-06,0,421,3
0,0,421,3
0,0,421,3
0.999964658541758,1,421,3
0,0,421,3
0.190594818163599,1,421,3
0.190594818163599,0,421,3
0.190594818163599,0,421,3
0.190594818163599,0,421,3
0.190594818163599,0,421,3
1.95969813850635e-06,0,421,3
0,0,421,3
0,0,421,3
0.190594818163599,0,421,3
0.190594818163599,0,421,3
1.95969813850635e-06,0,421,3
1.95969813850635e-06,0,421,3
0,0,421,3
0.190594818163599,0,421,3
0,0,421,3
0,0,421,3
0.190594818163599,0,421,3
0,0,421,3
0,0,421,3
0,0,421,3
0.999964658541758,1,421,3
0.999964658541758,1,421,3
0.190594818163599,1,421,3
0,0,421,3
0,0,421,3
0,0,421,3
0,0,421,3
0,0,421,3
0,0,421,3
0,0,421,3
0,0,421,3
0.190594818163599,0,421,3
0,0,421,3
0.190594818163599,0,421,3
0.190594818163599,0,421,3
1.95969813850635e-06,0,421,3
0,0,421,3
0.999964658541758,1,421,3
1.95969813850635e-06,0,421,3
0.190594818163599,0,421,3
0.999964658541758,1,421,3
0,0,421,3
0,0,421,3
0,0,421,3
0,0,421,3
0.999964658541758,0,421,3
0.190594818163599,1,421,3
1.95969813850635e-06,1,421,3
0,0,421,3
0,0,421,3
0,0,421,3
1.95969813850635e-06,0,421,3
0.190594818163599,0,421,3
0.999964658541758,1,421,3
0.190594818163599,1,421,3
0,0,421,3
0.190594818163599,1,421,3
0.371433717969212,1,421,4
0.371433717969212,1,421,4
0.371433717969212,1,421,4
0.000359035045730615,1,421,4
0.000359035045730615,1,421,4
0.371433717969212,1,421,4
0.371433717969212,1,421,4
0.998972490522317,1,421,4
0.000359035045730615,1,421,4
0.371433717969212,1,421,4
0.000359035045730615,1,421,4
0,1,421,4
0,0,421,4
0.371433717969212,1,421,4
0.371433717969212,1,421,4
0.998972490522317,1,421,4
0.371433717969212,1,421,4
0,0,421,4
0.371433717969212,1,421,4
0,0,421,4
0,0,421,4
0.000359035045730615,1,421,4
0.371433717969212,1,421,4
0,1,421,4
0.998972490522317,1,421,4
0.998972490522317,1,421,4
0,0,421,4
0.371433717969212,1,421,4
0.000359035045730615,1,421,4
0.371433717969212,1,421,4
0.371433717969212,1,421,4
0,1,421,4
0,0,421,4
0.371433717969212,1,421,4
0,1,421,4
0,1,421,4
0.000359035045730615,1,421,4
0,0,421,4
0,1,421,4
0.998972490522317,1,421,4
0.371433717969212,1,421,4
0.998972490522317,1,421,4
0,1,421,4
0,0,421,4
0.000359035045730615,1,421,4
0.371433717969212,1,421,4
0,0,421,4
0.371433717969212,1,421,4
0,0,421,4
0,1,421,4
0,1,421,4
0.998972490522317,1,421,4
0.371433717969212,1,421,4
0.371433717969212,1,421,4
0,1,421,4
0.998972490522317,1,421,4
0,0,421,4
0.000359035045730615,1,421,4
0.000359035045730615,1,421,4
0,1,421,4
0.371433717969212,1,421,4
0,1,421,4
0,1,421,4
0.371433717969212,1,421,4
0,0,421,4
0.998972490522317,1,421,4
0,0,421,4
0,1,421,4
0.000359035045730615,1,421,4
0.371433717969212,1,421,4
0,0,421,4
0,0,421,4
0,1,421,4
0.000359035045730615,1,421,4
0.371433717969212,1,421,4
0.371433717969212,1,421,4
0,1,421,4
0,1,421,4
0.371433717969212,1,421,4
0.998972490522317,1,421,4
0,0,421,5
0.873301500256439,0,421,5
0.349596009752252,0,421,5
0.349596009752252,0,421,5
0.658097519338008,0,421,5
0.349596009752252,0,421,5
0.658097519338008,0,421,5
0.873301500256439,0,421,5
0.658097519338008,0,421,5
0.658097519338008,0,421,5
0.658097519338008,0,421,5
0.658097519338008,0,421,5
0.349596009752252,0,421,5
0.658097519338008,0,421,5
0.658097519338008,0,421,5
0,0,421,5
0.349596009752252,0,421,5
0.873301500256439,0,421,5
0.658097519338008,0,421,5
0.658097519338008,0,421,5
0.658097519338008,0,421,5
0.658097519338008,0,421,5
0.873301500256439,1,421,5
0,0,421,5
0,0,421,5
0.658097519338008,0,421,5
0,0,421,5
0,0,421,5
0,0,421,5
0,0,421,5
0.349596009752252,0,421,5
0.658097519338008,0,421,5
0.873301500256439,0,421,5
0.658097519338008,0,421,5
0,0,421,5
0,0,421,5
0.349596009752252,0,421,5
0.658097519338008,0,421,5
0.873301500256439,0,421,5
0.658097519338008,0,421,5
0.349596009752252,0,421,5
0.658097519338008,0,421,5
0,0,421,5
0,0,421,5
0,0,421,5
0,0,421,5
0,0,421,5
0,0,421,5
0,0,421,5
0,0,421,5
0.873301500256439,0,421,5
0.658097519338008,0,421,5
0.349596009752252,0,421,5
0.658097519338008,0,421,5
0.658097519338008,0,421,5
0,0,421,5
0,0,421,5
0.873301500256439,0,421,5
0.658097519338008,0,421,5
0,0,421,5
0.349596009752252,0,421,5
0,0,421,5
0,0,421,5
0,0,421,5
0,0,421,5
0.873301500256439,0,421,5
0.349596009752252,0,421,5
0.658097519338008,0,421,5
0,0,421,5
0,0,421,5
0,0,421,5
0.658097519338008,0,421,5
0.873301500256439,0,421,5
0,0,421,5
0,0,421,5
0.349596009752252,0,421,5
0,0,421,5
0.658097519338008,0,421,5
0.658097519338008,0,421,5
0,0,421,5
0.373563351156957,0,421,6
0.373563351156957,0,421,6
0.373563351156957,0,421,6
0.373563351156957,0,421,6
0,0,421,6
0.0985655446704454,0,421,6
0.764830100497704,0,421,6
0.373563351156957,0,421,6
0.373563351156957,0,421,6
0,0,421,6
0.0985655446704454,0,421,6
0.373563351156957,0,421,6
0.764830100497704,0,421,6
0.0985655446704454,0,421,6
0.373563351156957,0,421,6
0.0985655446704454,0,421,6
0.373563351156957,0,421,6
0,0,421,6
0,0,421,6
0.373563351156957,0,421,6
0.373563351156957,0,421,6
0.373563351156957,0,421,6
0.0985655446704454,0,421,6
0.764830100497704,0,421,6
0,0,421,6
0.0985655446704454,0,421,6
0,0,421,6
0.764830100497704,0,421,6
0,0,421,6
0,0,421,6
0.373563351156957,0,421,6
0.373563351156957,0,421,6
0,0,421,6
0.373563351156957,0,421,6
0.373563351156957,0,421,6
0.373563351156957,0,421,6
0,0,421,6
0,0,421,6
0,0,421,6
0.0985655446704454,0,421,6
0,0,421,6
0.764830100497704,0,421,6
0.764830100497704,0,421,6
0,0,421,6
0,0,421,6
0.373563351156957,0,421,6
0.0985655446704454,0,421,6
0,0,421,6
0.0985655446704454,0,421,6
0,0,421,6
0,0,421,6
0.373563351156957,0,421,6
0,0,421,6
0,0,421,6
0.373563351156957,0,421,6
0.764830100497704,0,421,6
0,0,421,6
0.0985655446704454,0,421,6
0,0,421,6
0,0,421,6
0.373563351156957,0,421,6
0.764830100497704,0,421,6
0.373563351156957,0,421,6
0,0,421,6
0.0985655446704454,0,421,6
0,0,421,6
0.764830100497704,0,421,6
0,0,421,6
0.373563351156957,0,421,6
0,0,421,6
0.0985655446704454,0,421,6
0.373563351156957,0,421,6
0.373563351156957,0,421,6
0,0,421,6
0,0,421,6
0.373563351156957,0,421,6
0.764830100497704,0,421,6
0,0,421,6
0,0,421,6
0,0,421,6
0.507194846591184,0,422,1
0.117293510209069,0,422,1
0.507194846591184,0,422,1
0,0,422,1
0.507194846591184,0,422,1
0.888536254216428,1,422,1
0.117293510209069,0,422,1
0.507194846591184,0,422,1
0.888536254216428,1,422,1
0.507194846591184,0,422,1
0.117293510209069,0,422,1
0.117293510209069,0,422,1
0,0,422,1
0.507194846591184,1,422,1
0.507194846591184,0,422,1
0.507194846591184,1,422,1
0,0,422,1
0.507194846591184,1,422,1
0,1,422,1
0.507194846591184,0,422,1
0,1,422,1
0.117293510209069,1,422,1
0.888536254216428,1,422,1
0,1,422,1
0.507194846591184,1,422,1
0.507194846591184,0,422,1
0.117293510209069,1,422,1
0.507194846591184,1,422,1
0.888536254216428,1,422,1
0.507194846591184,1,422,1
0,1,422,1
0,0,422,1
0.117293510209069,0,422,1
0.117293510209069,0,422,1
0,1,422,1
0.888536254216428,1,422,1
0,1,422,1
0.507194846591184,1,422,1
0,1,422,1
0.507194846591184,1,422,1
0.507194846591184,1,422,1
0,0,422,1
0.507194846591184,1,422,1
0,0,422,1
0,0,422,1
0,0,422,1
0.888536254216428,1,422,1
0,1,422,1
0.117293510209069,0,422,1
0,1,422,1
0,1,422,1
0,1,422,1
0,1,422,1
0.117293510209069,1,422,1
0,1,422,1
0.888536254216428,0,422,1
0,0,422,1
0.507194846591184,0,422,1
0.507194846591184,0,422,1
0,0,422,1
0.888536254216428,1,422,1
0,1,422,1
0.507194846591184,0,422,1
0.507194846591184,1,422,1
0.117293510209069,0,422,1
0.507194846591184,1,422,1
0,0,422,1
0,1,422,1
0,1,422,1
0.888536254216428,1,422,1
0.117293510209069,1,422,1
0,0,422,1
0,1,422,1
0,1,422,1
0,1,422,1
0.888536254216428,1,422,1
0,0,422,1
0.507194846591184,0,422,1
0.507194846591184,1,422,1
0.507194846591184,1,422,1
0.477202951974023,0,422,2
0.477202951974023,0,422,2
0.000766835106423654,0,422,2
0.477202951974023,1,422,2
0.000766835106423654,0,422,2
0.477202951974023,1,422,2
0.999079772254314,1,422,2
0.477202951974023,1,422,2
0,1,422,2
0.477202951974023,1,422,2
0.000766835106423654,0,422,2
0.999079772254314,1,422,2
0,0,422,2
0.477202951974023,1,422,2
0.000766835106423654,0,422,2
0.477202951974023,0,422,2
0.000766835106423654,0,422,2
0.477202951974023,1,422,2
0.477202951974023,1,422,2
0.477202951974023,1,422,2
0,0,422,2
0.000766835106423654,0,422,2
0,0,422,2
0,0,422,2
0.477202951974023,1,422,2
0.477202951974023,1,422,2
0,1,422,2
0.477202951974023,1,422,2
0,0,422,2
0,0,422,2
0.999079772254314,1,422,2
0.999079772254314,1,422,2
0.999079772254314,1,422,2
0,0,422,2
0.477202951974023,1,422,2
0.000766835106423654,0,422,2
0,0,422,2
0,0,422,2
0,0,422,2
0,0,422,2
0,0,422,2
0.477202951974023,1,422,2
0,0,422,2
0.477202951974023,1,422,2
0.999079772254314,1,422,2
0.000766835106423654,1,422,2
0,1,422,2
0.477202951974023,1,422,2
0.000766835106423654,0,422,2
0,0,422,2
0,0,422,2
0,0,422,2
0,0,422,2
0,1,422,2
0,1,422,2
0,1,422,2
0.477202951974023,1,422,2
0,1,422,2
0.477202951974023,0,422,2
0.999079772254314,1,422,2
0.477202951974023,1,422,2
0.999079772254314,1,422,2
0.477202951974023,1,422,2
0.000766835106423654,0,422,2
0,0,422,2
0.477202951974023,1,422,2
0,0,422,2
0,0,422,2
0.000766835106423654,0,422,2
0.999079772254314,1,422,2
0.000766835106423654,0,422,2
0.477202951974023,1,422,2
0.477202951974023,1,422,2
0.999079772254314,1,422,2
0.477202951974023,1,422,2
0,0,422,2
0,1,422,2
0,0,422,2
0,0,422,2
0,0,422,2
0,0,422,3
0.469188285758406,0,422,3
0.979450034582429,1,422,3
0.0161280080319644,0,422,3
0.979450034582429,1,422,3
0.469188285758406,0,422,3
0.469188285758406,0,422,3
0.469188285758406,0,422,3
0.469188285758406,1,422,3
0.0161280080319644,0,422,3
0.469188285758406,1,422,3
0.469188285758406,0,422,3
0.0161280080319644,1,422,3
0.0161280080319644,0,422,3
0,0,422,3
0.469188285758406,0,422,3
0,0,422,3
0.0161280080319644,0,422,3
0.469188285758406,1,422,3
0,0,422,3
0.469188285758406,0,422,3
0,0,422,3
0,0,422,3
0.469188285758406,1,422,3
0,0,422,3
0.0161280080319644,0,422,3
0.469188285758406,0,422,3
0.979450034582429,1,422,3
0.469188285758406,1,422,3
0,0,422,3
0.979450034582429,1,422,3
0.469188285758406,0,422,3
0.469188285758406,1,422,3
0,0,422,3
0.469188285758406,0,422,3
0.0161280080319644,0,422,3
0,0,422,3
0.469188285758406,0,422,3
0,0,422,3
0.979450034582429,1,422,3
0.469188285758406,0,422,3
0.979450034582429,1,422,3
0,0,422,3
0.0161280080319644,0,422,3
0,0,422,3
0,0,422,3
0,0,422,3
0,0,422,3
0.469188285758406,0,422,3
0.0161280080319644,0,422,3
0,0,422,3
0.0161280080319644,0,422,3
0.469188285758406,0,422,3
0.979450034582429,1,422,3
0,0,422,3
0.469188285758406,0,422,3
0,0,422,3
0,0,422,3
0,0,422,3
0.469188285758406,0,422,3
0,0,422,3
0.979450034582429,1,422,3
0,0,422,3
0,0,422,3
0.469188285758406,0,422,3
0,0,422,3
0.469188285758406,1,422,3
0,1,422,3
0,0,422,3
0.0161280080319644,1,422,3
0,0,422,3
0.469188285758406,0,422,3
0.0161280080319644,0,422,3
0,0,422,3
0.979450034582429,1,422,3
0.469188285758406,0,422,3
0.979450034582429,1,422,3
0,0,422,3
0,1,422,3
0,1,422,3
0.002429287901826,0,422,4
0.422255895797839,0,422,4
0.422255895797839,1,422,4
0.002429287901826,0,422,4
0.422255895797839,1,422,4
0.002429287901826,0,422,4
0.422255895797839,1,422,4
0,1,422,4
0.422255895797839,1,422,4
0.995461843013588,1,422,4
0,1,422,4
0.422255895797839,1,422,4
0.002429287901826,1,422,4
0.422255895797839,1,422,4
0.422255895797839,1,422,4
0.995461843013588,1,422,4
0,1,422,4
0.002429287901826,1,422,4
0.995461843013588,1,422,4
0.422255895797839,1,422,4
0,0,422,4
0.995461843013588,1,422,4
0,0,422,4
0,0,422,4
0,0,422,4
0.422255895797839,0,422,4
0.422255895797839,0,422,4
0,0,422,4
0.422255895797839,1,422,4
0.422255895797839,1,422,4
0.002429287901826,0,422,4
0.422255895797839,0,422,4
0,0,422,4
0.422255895797839,1,422,4
0.995461843013588,1,422,4
0,1,422,4
0.002429287901826,1,422,4
0.002429287901826,1,422,4
0,0,422,4
0,0,422,4
0,0,422,4
0,0,422,4
0,0,422,4
0.422255895797839,0,422,4
0.422255895797839,0,422,4
0,0,422,4
0.422255895797839,1,422,4
0.995461843013588,1,422,4
0,1,422,4
0,0,422,4
0,0,422,4
0.422255895797839,0,422,4
0,1,422,4
0.995461843013588,1,422,4
0,0,422,4
0.002429287901826,0,422,4
0.422255895797839,0,422,4
0.422255895797839,1,422,4
0.002429287901826,0,422,4
0.422255895797839,1,422,4
0,0,422,4
0,0,422,4
0,1,422,4
0.995461843013588,1,422,4
0,0,422,4
0.422255895797839,1,422,4
0.422255895797839,1,422,4
0.002429287901826,1,422,4
0,0,422,4
0,0,422,4
0.002429287901826,1,422,4
0.995461843013588,1,422,4
0,0,422,4
0.422255895797839,1,422,4
0.995461843013588,1,422,4
0,0,422,4
0.422255895797839,1,422,4
0,1,422,4
0,1,422,4
0,0,422,4
0.477498269882057,0,422,5
0.477498269882057,0,422,5
0.998475488088368,1,422,5
0,0,422,5
0.00127352687780626,1,422,5
0.00127352687780626,0,422,5
0.477498269882057,1,422,5
0.477498269882057,1,422,5
0.00127352687780626,1,422,5
0.00127352687780626,1,422,5
0.998475488088368,1,422,5
0.477498269882057,1,422,5
0,1,422,5
0.477498269882057,1,422,5
0.477498269882057,1,422,5
0.477498269882057,1,422,5
0.477498269882057,0,422,5
0.998475488088368,1,422,5
0,1,422,5
0.477498269882057,1,422,5
0.477498269882057,1,422,5
0.477498269882057,1,422,5
0,1,422,5
0.00127352687780626,1,422,5
0.477498269882057,1,422,5
0.477498269882057,1,422,5
0,1,422,5
0,1,422,5
0,1,422,5
0,1,422,5
0.00127352687780626,1,422,5
0.998475488088368,1,422,5
0.998475488088368,0,422,5
0,0,422,5
0,1,422,5
0,1,422,5
0.477498269882057,1,422,5
0,0,422,5
0,1,422,5
0,1,422,5
0.00127352687780626,0,422,5
0.477498269882057,1,422,5
0,1,422,5
0.477498269882057,1,422,5
0.998475488088368,1,422,5
0.00127352687780626,1,422,5
0.477498269882057,1,422,5
0,1,422,5
0,1,422,5
0.477498269882057,1,422,5
0.00127352687780626,1,422,5
0,1,422,5
0,1,422,5
0.00127352687780626,1,422,5
0,0,422,5
0,0,422,5
0,0,422,5
0,1,422,5
0.477498269882057,1,422,5
0,0,422,5
0.477498269882057,1,422,5
0.998475488088368,1,422,5
0.477498269882057,1,422,5
0.998475488088368,1,422,5
0,1,422,5
0,1,422,5
0,1,422,5
0.00127352687780626,1,422,5
0.477498269882057,0,422,5
0,0,422,5
0,1,422,5
0.477498269882057,1,422,5
0.998475488088368,1,422,5
0,1,422,5
0.998475488088368,1,422,5
0,0,422,5
0.477498269882057,0,422,5
0.00127352687780626,1,422,5
0.477498269882057,1,422,5
0,1,422,5
0.540636175434726,0,422,6
0.540636175434726,0,422,6
0.00534330838159972,0,422,6
0.540636175434726,0,422,6
0.996136691889097,1,422,6
0.540636175434726,1,422,6
0.540636175434726,1,422,6
0.540636175434726,1,422,6
0,0,422,6
0,0,422,6
0.00534330838159972,1,422,6
0.00534330838159972,0,422,6
0.00534330838159972,0,422,6
0.540636175434726,1,422,6
0.540636175434726,1,422,6
0.996136691889097,1,422,6
0,0,422,6
0.00534330838159972,0,422,6
0.540636175434726,1,422,6
0,0,422,6
0,0,422,6
0.540636175434726,1,422,6
0.540636175434726,1,422,6
0.540636175434726,0,422,6
0,0,422,6
0,1,422,6
0,0,422,6
0.540636175434726,1,422,6
0.996136691889097,1,422,6
0.00534330838159972,0,422,6
0.996136691889097,1,422,6
0.540636175434726,0,422,6
0.996136691889097,1,422,6
0.540636175434726,1,422,6
0.00534330838159972,0,422,6
0.540636175434726,1,422,6
0,0,422,6
0.540636175434726,1,422,6
0.540636175434726,1,422,6
0,0,422,6
0,0,422,6
0,0,422,6
0,0,422,6
0,0,422,6
0,1,422,6
0,0,422,6
0.00534330838159972,1,422,6
0.996136691889097,1,422,6
0.996136691889097,1,422,6
0.540636175434726,1,422,6
0,0,422,6
0,0,422,6
0.540636175434726,1,422,6
0.540636175434726,1,422,6
0,0,422,6
0,0,422,6
0,0,422,6
0,0,422,6
0.996136691889097,1,422,6
0,0,422,6
0.00534330838159972,0,422,6
0.00534330838159972,1,422,6
0.540636175434726,0,422,6
0,0,422,6
0,0,422,6
0.00534330838159972,0,422,6
0,0,422,6
0,0,422,6
0,0,422,6
0.540636175434726,1,422,6
0.540636175434726,0,422,6
0,0,422,6
0.00534330838159972,0,422,6
0,0,422,6
0,0,422,6
0,0,422,6
0.540636175434726,1,422,6
0.540636175434726,1,422,6
0.996136691889097,1,422,6
0.996136691889097,1,422,6
0.610799979147326,0,423,1
0.610799979147326,1,423,1
0.74850723020728,1,423,1
0.610799979147326,1,423,1
0.74850723020728,1,423,1
0,1,423,1
0,0,423,1
0.452812261635326,0,423,1
0.610799979147326,0,423,1
0.610799979147326,0,423,1
0.610799979147326,0,423,1
0.452812261635326,0,423,1
0.610799979147326,1,423,1
0.452812261635326,0,423,1
0.452812261635326,0,423,1
0.610799979147326,0,423,1
0.610799979147326,0,423,1
0,0,423,1
0,0,423,1
0,0,423,1
0.74850723020728,1,423,1
0.74850723020728,1,423,1
0.452812261635326,0,423,1
0.610799979147326,1,423,1
0.452812261635326,0,423,1
0,0,423,1
0,0,423,1
0,0,423,1
0.610799979147326,0,423,1
0.610799979147326,0,423,1
0.610799979147326,0,423,1
0.610799979147326,0,423,1
0.452812261635326,0,423,1
0.74850723020728,1,423,1
0,0,423,1
0,0,423,1
0.610799979147326,0,423,1
0.610799979147326,0,423,1
0.452812261635326,0,423,1
0.610799979147326,0,423,1
0,0,423,1
0.74850723020728,1,423,1
0,0,423,1
0,0,423,1
0,0,423,1
0,0,423,1
0.610799979147326,0,423,1
0,0,423,1
0,0,423,1
0.74850723020728,1,423,1
0,0,423,1
0.610799979147326,1,423,1
0,0,423,1
0.610799979147326,0,423,1
0,0,423,1
0.452812261635326,0,423,1
0.610799979147326,0,423,1
0,0,423,1
0.74850723020728,0,423,1
0,0,423,1
0.452812261635326,0,423,1
0.610799979147326,0,423,1
0,0,423,1
0,0,423,1
0,0,423,1
0,0,423,1
0.74850723020728,0,423,1
0.610799979147326,0,423,1
0.74850723020728,1,423,1
0,0,423,1
0,0,423,1
0,0,423,1
0,0,423,1
0,0,423,1
0.452812261635326,1,423,1
0,1,423,1
0.452812261635326,1,423,1
0.610799979147326,0,423,1
0.610799979147326,0,423,1
0.610799979147326,0,423,1
0,0,423,2
0.0999635309135699,1,423,2
0.534266223917053,0,423,2
0.534266223917053,0,423,2
0.534266223917053,0,423,2
0.534266223917053,0,423,2
0.534266223917053,0,423,2
0.0999635309135699,1,423,2
0.534266223917053,0,423,2
0.922169095710758,0,423,2
0.922169095710758,1,423,2
0.0999635309135699,0,423,2
0.0999635309135699,0,423,2
0,0,423,2
0.534266223917053,1,423,2
0.534266223917053,0,423,2
0.534266223917053,0,423,2
0.922169095710758,0,423,2
0,1,423,2
0.0999635309135699,0,423,2
0.534266223917053,0,423,2
0.534266223917053,0,423,2
0,0,423,2
0.534266223917053,0,423,2
0,0,423,2
0.922169095710758,1,423,2
0,0,423,2
0.534266223917053,0,423,2
0.534266223917053,0,423,2
0,0,423,2
0.0999635309135699,0,423,2
0,0,423,2
0.534266223917053,0,423,2
0,0,423,2
0,0,423,2
0.922169095710758,1,423,2
0,0,423,2
0.0999635309135699,0,423,2
0,0,423,2
0.534266223917053,1,423,2
0.534266223917053,1,423,2
0,0,423,2
0.0999635309135699,0,423,2
0.922169095710758,0,423,2
0.534266223917053,1,423,2
0,0,423,2
0,0,423,2
0,0,423,2
0.922169095710758,0,423,2
0.534266223917053,0,423,2
0.922169095710758,1,423,2
0,0,423,2
0,0,423,2
0.534266223917053,1,423,2
0,0,423,2
0.534266223917053,0,423,2
0,0,423,2
0.0999635309135699,0,423,2
0,0,423,2
0.534266223917053,0,423,2
0,0,423,2
0.0999635309135699,1,423,2
0,0,423,2
0,1,423,2
0.922169095710758,1,423,2
0.534266223917053,0,423,2
0,0,423,2
0.534266223917053,1,423,2
0,1,423,2
0,0,423,2
0,0,423,2
0.534266223917053,1,423,2
0.922169095710758,0,423,2
0,0,423,2
0.0999635309135699,0,423,2
0,0,423,2
0.0999635309135699,0,423,2
0,0,423,2
0.534266223917053,0,423,2
0,0,423,2
0.350534472242255,1,423,3
0.156779059271253,1,423,3
0.350534472242255,1,423,3
0.350534472242255,0,423,3
0,1,423,3
0.156779059271253,1,423,3
0.156779059271253,1,423,3
0.610403838960299,0,423,3
0.156779059271253,0,423,3
0.350534472242255,0,423,3
0.610403838960299,0,423,3
0.350534472242255,1,423,3
0.350534472242255,0,423,3
0.350534472242255,1,423,3
0.350534472242255,0,423,3
0,0,423,3
0.350534472242255,0,423,3
0.350534472242255,1,423,3
0.156779059271253,0,423,3
0,1,423,3
0,0,423,3
0,0,423,3
0.610403838960299,0,423,3
0,0,423,3
0.350534472242255,0,423,3
0.350534472242255,0,423,3
0.610403838960299,0,423,3
0.350534472242255,1,423,3
0.156779059271253,1,423,3
0,1,423,3
0,0,423,3
0.350534472242255,0,423,3
0.350534472242255,0,423,3
0.156779059271253,0,423,3
0,0,423,3
0,0,423,3
0,0,423,3
0.350534472242255,0,423,3
0.610403838960299,0,423,3
0,0,423,3
0.350534472242255,0,423,3
0.350534472242255,0,423,3
0.156779059271253,0,423,3
0,1,423,3
0,0,423,3
0,0,423,3
0,0,423,3
0.610403838960299,1,423,3
0,0,423,3
0.156779059271253,0,423,3
0,0,423,3
0,0,423,3
0,0,423,3
0.610403838960299,0,423,3
0.350534472242255,1,423,3
0.350534472242255,1,423,3
0,1,423,3
0,0,423,3
0.350534472242255,0,423,3
0.156779059271253,0,423,3
0,0,423,3
0.350534472242255,0,423,3
0.610403838960299,0,423,3
0,0,423,3
0,0,423,3
0,1,423,3
0,0,423,3
0.350534472242255,1,423,3
0.610403838960299,0,423,3
0.350534472242255,0,423,3
0.156779059271253,0,423,3
0,1,423,3
0.156779059271253,0,423,3
0,0,423,3
0.610403838960299,0,423,3
0.350534472242255,0,423,3
0,0,423,3
0,0,423,3
0.350534472242255,0,423,3
0,0,423,3
1,1,423,4
0.902420700216359,1,423,4
1.18271266641025e-16,0,423,4
0.902420700216359,1,423,4
0,0,423,4
1.18271266641025e-16,0,423,4
0.902420700216359,0,423,4
0.902420700216359,0,423,4
0.902420700216359,0,423,4
0,0,423,4
1.18271266641025e-16,0,423,4
1.18271266641025e-16,0,423,4
0.902420700216359,0,423,4
0.902420700216359,0,423,4
0.902420700216359,0,423,4
1,0,423,4
0,0,423,4
0.902420700216359,0,423,4
0.902420700216359,0,423,4
0.902420700216359,0,423,4
1.18271266641025e-16,0,423,4
1.18271266641025e-16,0,423,4
0.902420700216359,0,423,4
0,0,423,4
1,1,423,4
0.902420700216359,0,423,4
1,1,423,4
0,0,423,4
0,0,423,4
0,0,423,4
0,0,423,4
0.902420700216359,0,423,4
0,0,423,4
0,0,423,4
0,0,423,4
1.18271266641025e-16,0,423,4
1,1,423,4
0,0,423,4
0,0,423,4
0.902420700216359,0,423,4
0.902420700216359,0,423,4
0,0,423,4
1,1,423,4
0,0,423,4
1.18271266641025e-16,0,423,4
0.902420700216359,0,423,4
0.902420700216359,1,423,4
0,0,423,4
0,0,423,4
0.902420700216359,1,423,4
0,0,423,4
0.902420700216359,1,423,4
0,0,423,4
0,0,423,4
0,0,423,4
1.18271266641025e-16,0,423,4
0.902420700216359,0,423,4
1,1,423,4
1,1,423,4
0,0,423,4
1.18271266641025e-16,0,423,4
0,0,423,4
0.902420700216359,0,423,4
0,0,423,4
1.18271266641025e-16,0,423,4
0,0,423,4
0,0,423,4
0,0,423,4
0,0,423,4
0,0,423,4
0.902420700216359,0,423,4
0,0,423,4
0,0,423,4
0.902420700216359,0,423,4
0.902420700216359,0,423,4
1.18271266641025e-16,0,423,4
0.902420700216359,0,423,4
0,0,423,4
1,1,423,4
1,1,423,4
0.548119697764686,1,423,5
0.548119697764686,1,423,5
0.0238231774975016,1,423,5
0,0,423,5
0.548119697764686,0,423,5
0.548119697764686,1,423,5
0.983683663424688,1,423,5
0.548119697764686,1,423,5
0.0238231774975016,1,423,5
0.0238231774975016,0,423,5
0.983683663424688,1,423,5
0.548119697764686,1,423,5
0.548119697764686,1,423,5
0,0,423,5
0.0238231774975016,0,423,5
0.548119697764686,1,423,5
0.548119697764686,1,423,5
0.548119697764686,1,423,5
0.983683663424688,1,423,5
0,0,423,5
0.548119697764686,1,423,5
0,0,423,5
0.0238231774975016,0,423,5
0.548119697764686,0,423,5
0.548119697764686,0,423,5
0.0238231774975016,0,423,5
0,0,423,5
0.983683663424688,1,423,5
0,0,423,5
0,0,423,5
0,0,423,5
0.548119697764686,0,423,5
0,0,423,5
0.983683663424688,1,423,5
0.548119697764686,1,423,5
0.548119697764686,0,423,5
0,0,423,5
0.0238231774975016,0,423,5
0.548119697764686,0,423,5
0.548119697764686,1,423,5
0,0,423,5
0,0,423,5
0,0,423,5
0,0,423,5
0.0238231774975016,0,423,5
0,0,423,5
0,0,423,5
0.983683663424688,1,423,5
0.548119697764686,1,423,5
0,0,423,5
0.983683663424688,1,423,5
0.548119697764686,0,423,5
0,0,423,5
0,0,423,5
0,0,423,5
0.0238231774975016,0,423,5
0,0,423,5
0.983683663424688,1,423,5
0.0238231774975016,0,423,5
0.548119697764686,1,423,5
0,0,423,5
0,0,423,5
0,0,423,5
0.548119697764686,0,423,5
0,0,423,5
0,0,423,5
0,0,423,5
0.0238231774975016,0,423,5
0,0,423,5
0.548119697764686,0,423,5
0.983683663424688,1,423,5
0.983683663424688,1,423,5
0.548119697764686,0,423,5
0,0,423,5
0.548119697764686,1,423,5
0,0,423,5
0,0,423,5
0.548119697764686,0,423,5
0,0,423,5
0.0238231774975016,0,423,5
0.891083199726277,1,423,6
0.376439775698694,1,423,6
0.376439775698694,0,423,6
0.376439775698694,0,423,6
0.0426464770932316,0,423,6
0.0426464770932316,0,423,6
0,0,423,6
0.0426464770932316,0,423,6
0.376439775698694,0,423,6
0.376439775698694,0,423,6
0.0426464770932316,0,423,6
0,0,423,6
0.376439775698694,1,423,6
0.376439775698694,1,423,6
0.891083199726277,1,423,6
0.376439775698694,1,423,6
0.0426464770932316,0,423,6
0,0,423,6
0,0,423,6
0.891083199726277,1,423,6
0,0,423,6
0.0426464770932316,0,423,6
0,0,423,6
0.376439775698694,1,423,6
0.891083199726277,1,423,6
0.376439775698694,1,423,6
0.376439775698694,1,423,6
0.376439775698694,1,423,6
0,0,423,6
0,0,423,6
0.376439775698694,1,423,6
0.376439775698694,1,423,6
0.376439775698694,1,423,6
0,0,423,6
0.891083199726277,1,423,6
0,1,423,6
0,0,423,6
0.0426464770932316,1,423,6
0,0,423,6
0.891083199726277,1,423,6
0.0426464770932316,1,423,6
0.376439775698694,1,423,6
0,0,423,6
0,0,423,6
0.376439775698694,0,423,6
0.376439775698694,1,423,6
0,0,423,6
0,0,423,6
0.0426464770932316,0,423,6
0,0,423,6
0.0426464770932316,0,423,6
0,0,423,6
0,0,423,6
0,0,423,6
0,0,423,6
0.376439775698694,0,423,6
0.376439775698694,0,423,6
0,0,423,6
0,0,423,6
0.376439775698694,0,423,6
0.891083199726277,1,423,6
0.891083199726277,1,423,6
0.376439775698694,1,423,6
0,0,423,6
0.376439775698694,0,423,6
0,0,423,6
0.891083199726277,1,423,6
0,0,423,6
0,0,423,6
0.376439775698694,1,423,6
0.0426464770932316,0,423,6
0,0,423,6
0.376439775698694,1,423,6
0,0,423,6
0.0426464770932316,0,423,6
0,0,423,6
0.376439775698694,0,423,6
0,0,423,6
0,0,423,6
0.891083199726277,1,423,6
0.214194931716264,0,424,1
4.43966366941673e-25,1,424,1
1,1,424,1
0,0,424,1
4.43966366941673e-25,0,424,1
4.43966366941673e-25,0,424,1
1,1,424,1
0.214194931716264,1,424,1
0.214194931716264,1,424,1
0.214194931716264,1,424,1
0.214194931716264,1,424,1
0.214194931716264,1,424,1
0.214194931716264,1,424,1
0.214194931716264,1,424,1
0,0,424,1
4.43966366941673e-25,0,424,1
0,0,424,1
0,0,424,1
0.214194931716264,1,424,1
1,1,424,1
4.43966366941673e-25,1,424,1
0,0,424,1
0.214194931716264,1,424,1
0,0,424,1
0.214194931716264,1,424,1
0.214194931716264,1,424,1
0,0,424,1
0.214194931716264,1,424,1
0,0,424,1
1,1,424,1
4.43966366941673e-25,0,424,1
0.214194931716264,1,424,1
0,0,424,1
0,0,424,1
0,0,424,1
0.214194931716264,1,424,1
0,0,424,1
0,0,424,1
1,1,424,1
0.214194931716264,1,424,1
0,0,424,1
1,1,424,1
0,0,424,1
4.43966366941673e-25,0,424,1
0,0,424,1
4.43966366941673e-25,0,424,1
0.214194931716264,1,424,1
0.214194931716264,1,424,1
0,0,424,1
0.214194931716264,1,424,1
0,0,424,1
1,1,424,1
0,0,424,1
0,0,424,1
4.43966366941673e-25,0,424,1
0.214194931716264,0,424,1
4.43966366941673e-25,0,424,1
0,0,424,1
0,0,424,1
0.214194931716264,1,424,1
0,0,424,1
0.214194931716264,1,424,1
1,1,424,1
0,0,424,1
1,1,424,1
0.214194931716264,1,424,1
0.214194931716264,1,424,1
0,0,424,1
0,0,424,1
0,0,424,1
0,0,424,1
0.214194931716264,1,424,1
0.214194931716264,1,424,1
0,0,424,1
0,0,424,1
4.43966366941673e-25,0,424,1
4.43966366941673e-25,0,424,1
0,0,424,1
0,0,424,1
1,1,424,1
0,0,424,2
0.0141570841393748,0,424,2
0.510487211478606,1,424,2
0.510487211478606,0,424,2
0.510487211478606,1,424,2
0.986967512959318,1,424,2
0,0,424,2
0.510487211478606,0,424,2
0.986967512959318,1,424,2
0.510487211478606,1,424,2
0.0141570841393748,0,424,2
0.0141570841393748,0,424,2
0.0141570841393748,0,424,2
0.510487211478606,1,424,2
0.510487211478606,0,424,2
0.510487211478606,1,424,2
0,0,424,2
0.510487211478606,0,424,2
0.510487211478606,1,424,2
0,0,424,2
0,0,424,2
0.510487211478606,1,424,2
0,0,424,2
0,0,424,2
0.986967512959318,1,424,2
0,1,424,2
0.510487211478606,1,424,2
0.510487211478606,1,424,2
0.0141570841393748,0,424,2
0.986967512959318,1,424,2
0.0141570841393748,0,424,2
0.510487211478606,0,424,2
0.986967512959318,1,424,2
0.0141570841393748,1,424,2
0,0,424,2
0,0,424,2
0,0,424,2
0.510487211478606,1,424,2
0,0,424,2
0,0,424,2
0.510487211478606,0,424,2
0,0,424,2
0.510487211478606,1,424,2
0,0,424,2
0.986967512959318,1,424,2
0.510487211478606,1,424,2
0.0141570841393748,1,424,2
0,0,424,2
0,0,424,2
0,0,424,2
0.510487211478606,1,424,2
0,0,424,2
0.510487211478606,1,424,2
0.0141570841393748,0,424,2
0,0,424,2
0.510487211478606,1,424,2
0.986967512959318,1,424,2
0,0,424,2
0.510487211478606,1,424,2
0.986967512959318,1,424,2
0,0,424,2
0,0,424,2
0.0141570841393748,0,424,2
0,0,424,2
0,0,424,2
0.510487211478606,1,424,2
0,0,424,2
0.510487211478606,0,424,2
0,0,424,2
0.510487211478606,1,424,2
0,1,424,2
0.986967512959318,1,424,2
0,1,424,2
0,0,424,2
0,0,424,2
0.0141570841393748,0,424,2
0.0141570841393748,1,424,2
0.510487211478606,0,424,2
0,0,424,2
0.986967512959318,1,424,2
0.667479830638398,1,424,3
0.365252325351522,0,424,3
0.875037871878512,1,424,3
0.875037871878512,1,424,3
0.365252325351522,0,424,3
0,0,424,3
0.667479830638398,1,424,3
0.667479830638398,1,424,3
0.667479830638398,1,424,3
0.667479830638398,1,424,3
0.365252325351522,0,424,3
0.365252325351522,0,424,3
0,1,424,3
0.667479830638398,1,424,3
0.667479830638398,0,424,3
0.667479830638398,0,424,3
0.875037871878512,1,424,3
0,0,424,3
0.365252325351522,0,424,3
0.667479830638398,0,424,3
0,0,424,3
0.667479830638398,0,424,3
0,0,424,3
0,0,424,3
0,0,424,3
0.365252325351522,0,424,3
0.667479830638398,1,424,3
0.667479830638398,0,424,3
0,0,424,3
0.667479830638398,0,424,3
0.667479830638398,0,424,3
0.875037871878512,1,424,3
0.667479830638398,1,424,3
0,0,424,3
0.667479830638398,1,424,3
0.365252325351522,0,424,3
0,0,424,3
0,0,424,3
0,0,424,3
0,0,424,3
0.667479830638398,1,424,3
0.667479830638398,1,424,3
0,0,424,3
0.875037871878512,1,424,3
0.875037871878512,1,424,3
0,0,424,3
0,0,424,3
0.365252325351522,0,424,3
0,0,424,3
0.667479830638398,1,424,3
0.365252325351522,0,424,3
0,0,424,3
0.875037871878512,1,424,3
0,0,424,3
0,1,424,3
0.667479830638398,1,424,3
0,0,424,3
0.365252325351522,0,424,3
0.875037871878512,1,424,3
0.667479830638398,0,424,3
0.667479830638398,1,424,3
0,0,424,3
0,0,424,3
0,0,424,3
0.667479830638398,1,424,3
0,0,424,3
0.667479830638398,0,424,3
0,0,424,3
0,0,424,3
0,0,424,3
0,0,424,3
0.875037871878512,1,424,3
0.667479830638398,1,424,3
0.365252325351522,0,424,3
0,0,424,3
0.875037871878512,1,424,3
0,0,424,3
0,0,424,3
0.365252325351522,0,424,3
0.667479830638398,1,424,3
0.528660842311667,1,424,4
0.94085228163949,1,424,4
0.528660842311667,1,424,4
0.94085228163949,1,424,4
0.0732904575958242,1,424,4
0.528660842311667,1,424,4
0.528660842311667,1,424,4
0,0,424,4
0,0,424,4
0.0732904575958242,1,424,4
0.528660842311667,1,424,4
0.528660842311667,1,424,4
0.528660842311667,0,424,4
0.0732904575958242,1,424,4
0.0732904575958242,1,424,4
0.528660842311667,1,424,4
0,0,424,4
0.528660842311667,1,424,4
0,0,424,4
0,0,424,4
0.528660842311667,0,424,4
0.528660842311667,0,424,4
0.528660842311667,1,424,4
0,0,424,4
0,0,424,4
0.528660842311667,0,424,4
0.528660842311667,0,424,4
0.94085228163949,1,424,4
0.0732904575958242,1,424,4
0.0732904575958242,1,424,4
0.94085228163949,1,424,4
0,1,424,4
0.528660842311667,1,424,4
0,1,424,4
0.94085228163949,1,424,4
0.528660842311667,1,424,4
0,0,424,4
0,0,424,4
0.528660842311667,1,424,4
0,1,424,4
0.0732904575958242,1,424,4
0,1,424,4
0.0732904575958242,0,424,4
0,0,424,4
0,0,424,4
0.94085228163949,1,424,4
0.528660842311667,1,424,4
0,0,424,4
0.528660842311667,1,424,4
0.528660842311667,1,424,4
0.528660842311667,1,424,4
0,1,424,4
0.528660842311667,1,424,4
0,1,424,4
0.94085228163949,1,424,4
0,1,424,4
0.0732904575958242,1,424,4
0.0732904575958242,1,424,4
0,0,424,4
0,0,424,4
0,0,424,4
0.94085228163949,0,424,4
0,0,424,4
0,0,424,4
0.0732904575958242,1,424,4
0,0,424,4
0.528660842311667,1,424,4
0,1,424,4
0.94085228163949,1,424,4
0.94085228163949,1,424,4
0,0,424,4
0.528660842311667,1,424,4
0.528660842311667,1,424,4
0,0,424,4
0,0,424,4
0,0,424,4
0,0,424,4
0,0,424,4
0.528660842311667,0,424,4
0.0732904575958242,0,424,4
0.358728466344802,0,424,5
0.539999607347292,0,424,5
0.539999607347292,0,424,5
0.71127190270987,0,424,5
0.71127190270987,1,424,5
0,0,424,5
0.539999607347292,1,424,5
0.539999607347292,0,424,5
0.539999607347292,0,424,5
0.358728466344802,0,424,5
0.358728466344802,0,424,5
0,0,424,5
0.539999607347292,0,424,5
0.539999607347292,0,424,5
0.358728466344802,0,424,5
0.539999607347292,0,424,5
0.358728466344802,0,424,5
0.539999607347292,0,424,5
0.539999607347292,0,424,5
0.358728466344802,0,424,5
0,0,424,5
0,0,424,5
0,0,424,5
0.71127190270987,0,424,5
0,0,424,5
0.71127190270987,0,424,5
0.539999607347292,0,424,5
0.539999607347292,0,424,5
0.539999607347292,0,424,5
0,0,424,5
0,0,424,5
0.539999607347292,0,424,5
0.71127190270987,1,424,5
0.539999607347292,0,424,5
0,1,424,5
0.539999607347292,0,424,5
0,0,424,5
0.358728466344802,0,424,5
0.539999607347292,0,424,5
0.358728466344802,0,424,5
0,0,424,5
0,0,424,5
0,0,424,5
0,0,424,5
0,0,424,5
0,0,424,5
0.539999607347292,0,424,5
0.71127190270987,0,424,5
0.358728466344802,0,424,5
0.539999607347292,0,424,5
0,0,424,5
0.539999607347292,0,424,5
0,0,424,5
0.539999607347292,0,424,5
0.71127190270987,0,424,5
0,0,424,5
0,0,424,5
0.539999607347292,0,424,5
0.71127190270987,1,424,5
0,1,424,5
0,1,424,5
0,0,424,5
0,0,424,5
0.358728466344802,0,424,5
0,0,424,5
0,0,424,5
0,0,424,5
0.71127190270987,1,424,5
0,0,424,5
0.539999607347292,0,424,5
0.358728466344802,1,424,5
0,0,424,5
0.539999607347292,0,424,5
0,0,424,5
0,0,424,5
0.539999607347292,0,424,5
0.71127190270987,1,424,5
0.539999607347292,1,424,5
0,0,424,5
0.358728466344802,0,424,5
0,0,424,6
0.697766655299404,0,424,6
0.697766655299404,0,424,6
5.03842196768779e-06,0,424,6
0.697766655299404,0,424,6
0.697766655299404,1,424,6
0,0,424,6
5.03842196768779e-06,0,424,6
0.999999054719616,1,424,6
0.697766655299404,1,424,6
5.03842196768779e-06,0,424,6
0.999999054719616,1,424,6
0.697766655299404,1,424,6
5.03842196768779e-06,0,424,6
0.697766655299404,1,424,6
0.697766655299404,1,424,6
0.697766655299404,1,424,6
0.999999054719616,1,424,6
5.03842196768779e-06,1,424,6
0.697766655299404,1,424,6
0.697766655299404,1,424,6
0,1,424,6
0,0,424,6
0.697766655299404,1,424,6
0.697766655299404,1,424,6
0,0,424,6
0,0,424,6
0,0,424,6
5.03842196768779e-06,0,424,6
0,0,424,6
0.999999054719616,1,424,6
0.697766655299404,1,424,6
0,0,424,6
0,0,424,6
0,0,424,6
0,0,424,6
0,0,424,6
0.697766655299404,1,424,6
0,1,424,6
0,0,424,6
0,0,424,6
5.03842196768779e-06,0,424,6
0.697766655299404,1,424,6
5.03842196768779e-06,0,424,6
0.999999054719616,1,424,6
0.999999054719616,1,424,6
0.697766655299404,1,424,6
0.697766655299404,1,424,6
0,0,424,6
0.697766655299404,1,424,6
0,0,424,6
0,1,424,6
0,0,424,6
0.697766655299404,0,424,6
0.999999054719616,1,424,6
0,0,424,6
0.697766655299404,1,424,6
0,0,424,6
0,0,424,6
0.697766655299404,0,424,6
0.999999054719616,1,424,6
5.03842196768779e-06,0,424,6
0,0,424,6
5.03842196768779e-06,0,424,6
0,0,424,6
0.999999054719616,1,424,6
0,0,424,6
0.697766655299404,1,424,6
0,0,424,6
0,0,424,6
0.697766655299404,1,424,6
0.697766655299404,1,424,6
5.03842196768779e-06,1,424,6
0.999999054719616,1,424,6
0.697766655299404,1,424,6
5.03842196768779e-06,1,424,6
0,0,424,6
0,0,424,6
0,0,424,6
0,0,424,6
0.59534430066652,1,425,1
0.59534430066652,0,425,1
0.907509647973449,0,425,1
0.59534430066652,0,425,1
0.180732408000978,0,425,1
0.180732408000978,0,425,1
0,0,425,1
0.59534430066652,0,425,1
0.59534430066652,1,425,1
0.180732408000978,0,425,1
0.59534430066652,1,425,1
0.59534430066652,0,425,1
0.59534430066652,0,425,1
0,1,425,1
0.907509647973449,1,425,1
0.180732408000978,0,425,1
0.59534430066652,0,425,1
0,0,425,1
0.180732408000978,1,425,1
0.59534430066652,0,425,1
0.59534430066652,1,425,1
0.907509647973449,1,425,1
0,0,425,1
0.59534430066652,1,425,1
0.59534430066652,1,425,1
0,0,425,1
0,1,425,1
0,0,425,1
0.59534430066652,1,425,1
0.907509647973449,1,425,1
0.180732408000978,0,425,1
0,0,425,1
0.907509647973449,1,425,1
0.59534430066652,1,425,1
0,0,425,1
0.59534430066652,1,425,1
0.907509647973449,1,425,1
0.59534430066652,1,425,1
0,0,425,1
0.180732408000978,0,425,1
0,0,425,1
0,0,425,1
0,0,425,1
0,0,425,1
0.59534430066652,1,425,1
0,0,425,1
0,0,425,1
0.180732408000978,1,425,1
0,0,425,1
0,0,425,1
0.59534430066652,1,425,1
0,0,425,1
0,0,425,1
0.59534430066652,1,425,1
0,0,425,1
0.180732408000978,0,425,1
0.180732408000978,1,425,1
0,1,425,1
0.907509647973449,1,425,1
0.59534430066652,0,425,1
0.907509647973449,1,425,1
0,0,425,1
0,1,425,1
0.59534430066652,1,425,1
0,0,425,1
0,0,425,1
0,0,425,1
0,0,425,1
0.180732408000978,1,425,1
0,0,425,1
0.59534430066652,1,425,1
0.59534430066652,1,425,1
0.907509647973449,1,425,1
0,0,425,1
0.59534430066652,1,425,1
0,0,425,1
0.180732408000978,0,425,1
0.59534430066652,1,425,1
0.907509647973449,1,425,1
0,0,425,1
0.591913703480431,1,425,2
0.97961969851107,1,425,2
0.97961969851107,1,425,2
0.0419335372944837,0,425,2
0.0419335372944837,0,425,2
0.591913703480431,1,425,2
0,0,425,2
0.0419335372944837,1,425,2
0.591913703480431,1,425,2
0.0419335372944837,1,425,2
0.591913703480431,0,425,2
0.591913703480431,1,425,2
0.591913703480431,1,425,2
0.591913703480431,1,425,2
0.591913703480431,0,425,2
0,0,425,2
0.0419335372944837,0,425,2
0,0,425,2
0.591913703480431,0,425,2
0,0,425,2
0.591913703480431,1,425,2
0.591913703480431,1,425,2
0.0419335372944837,0,425,2
0.591913703480431,1,425,2
0,0,425,2
0.97961969851107,0,425,2
0.591913703480431,1,425,2
0,0,425,2
0.97961969851107,1,425,2
0,0,425,2
0,0,425,2
0.591913703480431,1,425,2
0.591913703480431,0,425,2
0.591913703480431,1,425,2
0,0,425,2
0.591913703480431,1,425,2
0,0,425,2
0.591913703480431,0,425,2
0.0419335372944837,0,425,2
0,0,425,2
0,0,425,2
0,0,425,2
0,0,425,2
0,0,425,2
0.0419335372944837,1,425,2
0.97961969851107,1,425,2
0.97961969851107,1,425,2
0,0,425,2
0.97961969851107,1,425,2
0.0419335372944837,0,425,2
0.591913703480431,0,425,2
0.0419335372944837,1,425,2
0,0,425,2
0.97961969851107,1,425,2
0.591913703480431,0,425,2
0,0,425,2
0,0,425,2
0,0,425,2
0,0,425,2
0,0,425,2
0.591913703480431,1,425,2
0,0,425,2
0,0,425,2
0.591913703480431,1,425,2
0.591913703480431,1,425,2
0.97961969851107,1,425,2
0.0419335372944837,0,425,2
0,0,425,2
0,0,425,2
0,0,425,2
0,0,425,2
0,0,425,2
0.591913703480431,1,425,2
0,0,425,2
0.591913703480431,1,425,2
0.591913703480431,1,425,2
0,0,425,2
0,0,425,2
0.97961969851107,1,425,2
0.0419335372944837,1,425,2
0.684129297907655,0,425,3
0.684129297907655,1,425,3
0.965614797117628,1,425,3
0,0,425,3
0.965614797117628,1,425,3
0.143132720400011,0,425,3
0.684129297907655,0,425,3
0,0,425,3
0.143132720400011,1,425,3
0.143132720400011,0,425,3
0.684129297907655,0,425,3
0.143132720400011,0,425,3
0.684129297907655,0,425,3
0.684129297907655,1,425,3
0.684129297907655,0,425,3
0.684129297907655,1,425,3
0.143132720400011,0,425,3
0,0,425,3
0.684129297907655,1,425,3
0.965614797117628,1,425,3
0.965614797117628,1,425,3
0.143132720400011,0,425,3
0,0,425,3
0,0,425,3
0.684129297907655,1,425,3
0,0,425,3
0.684129297907655,1,425,3
0.684129297907655,0,425,3
0.684129297907655,1,425,3
0.684129297907655,1,425,3
0,0,425,3
0,0,425,3
0,0,425,3
0.143132720400011,0,425,3
0.684129297907655,0,425,3
0.684129297907655,1,425,3
0,0,425,3
0,0,425,3
0,0,425,3
0,0,425,3
0.143132720400011,1,425,3
0,0,425,3
0,0,425,3
0.684129297907655,1,425,3
0.965614797117628,1,425,3
0,0,425,3
0.684129297907655,1,425,3
0.965614797117628,1,425,3
0.965614797117628,1,425,3
0,0,425,3
0.684129297907655,1,425,3
0.143132720400011,0,425,3
0.684129297907655,1,425,3
0,0,425,3
0,0,425,3
0,0,425,3
0,0,425,3
0,0,425,3
0,0,425,3
0,0,425,3
0.143132720400011,1,425,3
0.965614797117628,1,425,3
0.684129297907655,1,425,3
0.684129297907655,0,425,3
0.965614797117628,1,425,3
0,0,425,3
0,0,425,3
0.143132720400011,0,425,3
0.684129297907655,0,425,3
0,0,425,3
0.143132720400011,0,425,3
0,0,425,3
0.684129297907655,1,425,3
0.965614797117628,1,425,3
0.684129297907655,1,425,3
0,0,425,3
0,0,425,3
0,0,425,3
0,0,425,3
0.684129297907655,1,425,3
1.15466627372188e-09,0,425,4
0.175261034184347,0,425,4
0.175261034184347,1,425,4
0.175261034184347,0,425,4
0.999999974430705,1,425,4
0.175261034184347,1,425,4
1.15466627372188e-09,0,425,4
1.15466627372188e-09,0,425,4
1.15466627372188e-09,1,425,4
0,0,425,4
0.175261034184347,1,425,4
0.175261034184347,1,425,4
0,0,425,4
0.175261034184347,0,425,4
0.175261034184347,0,425,4
0.999999974430705,1,425,4
0,0,425,4
0.999999974430705,0,425,4
0.175261034184347,1,425,4
0.175261034184347,1,425,4
0,0,425,4
0.999999974430705,1,425,4
0,1,425,4
0.175261034184347,0,425,4
0.175261034184347,0,425,4
1.15466627372188e-09,0,425,4
0,0,425,4
1.15466627372188e-09,1,425,4
0,0,425,4
0.175261034184347,0,425,4
0.175261034184347,1,425,4
0,0,425,4
0,0,425,4
1.15466627372188e-09,1,425,4
0,0,425,4
1.15466627372188e-09,1,425,4
0.999999974430705,1,425,4
0,0,425,4
0.175261034184347,1,425,4
0.175261034184347,1,425,4
0,0,425,4
0,0,425,4
0.175261034184347,1,425,4
0.175261034184347,1,425,4
0,0,425,4
0.999999974430705,0,425,4
0,0,425,4
0,0,425,4
0.999999974430705,1,425,4
0,0,425,4
0.175261034184347,1,425,4
0.175261034184347,1,425,4
1.15466627372188e-09,1,425,4
0.175261034184347,0,425,4
0,0,425,4
0,0,425,4
0,0,425,4
0,0,425,4
1.15466627372188e-09,1,425,4
0,0,425,4
0,0,425,4
0,0,425,4
0.175261034184347,1,425,4
0.999999974430705,1,425,4
0,0,425,4
0,0,425,4
1.15466627372188e-09,0,425,4
0,0,425,4
0.999999974430705,1,425,4
0,0,425,4
0.999999974430705,1,425,4
0.175261034184347,1,425,4
0,0,425,4
1.15466627372188e-09,0,425,4
0.175261034184347,0,425,4
0,0,425,4
0,0,425,4
0.175261034184347,1,425,4
0.175261034184347,1,425,4
0,0,425,4
0.000185344757149698,0,425,5
0.28145234127183,1,425,5
0.28145234127183,1,425,5
0.28145234127183,1,425,5
0.28145234127183,1,425,5
0,0,425,5
0.99879319303759,0,425,5
0,0,425,5
0.28145234127183,0,425,5
0.28145234127183,0,425,5
0.28145234127183,0,425,5
0.000185344757149698,1,425,5
0.28145234127183,1,425,5
0.99879319303759,1,425,5
0.000185344757149698,1,425,5
0.000185344757149698,1,425,5
0.99879319303759,1,425,5
0,0,425,5
0.28145234127183,1,425,5
0.28145234127183,0,425,5
0.28145234127183,0,425,5
0.28145234127183,0,425,5
0.28145234127183,0,425,5
0.000185344757149698,1,425,5
0.000185344757149698,0,425,5
0.28145234127183,0,425,5
0.99879319303759,1,425,5
0,0,425,5
0,0,425,5
0,0,425,5
0,0,425,5
0,0,425,5
0.99879319303759,1,425,5
0,0,425,5
0,0,425,5
0.000185344757149698,1,425,5
0,0,425,5
0.28145234127183,1,425,5
0.28145234127183,1,425,5
0,0,425,5
0.99879319303759,1,425,5
0.28145234127183,0,425,5
0.28145234127183,1,425,5
0.000185344757149698,1,425,5
0,0,425,5
0,0,425,5
0,0,425,5
0,0,425,5
0,0,425,5
0.99879319303759,1,425,5
0,1,425,5
0,0,425,5
0,0,425,5
0,0,425,5
0.99879319303759,1,425,5
0.000185344757149698,0,425,5
0.28145234127183,1,425,5
0.28145234127183,1,425,5
0.28145234127183,0,425,5
0,0,425,5
0,0,425,5
0.28145234127183,1,425,5
0.000185344757149698,0,425,5
0,0,425,5
0,0,425,5
0.28145234127183,0,425,5
0.000185344757149698,0,425,5
0.99879319303759,1,425,5
0,0,425,5
0.000185344757149698,0,425,5
0,0,425,5
0.28145234127183,1,425,5
0,0,425,5
0,0,425,5
0,0,425,5
0.28145234127183,0,425,5
0.28145234127183,0,425,5
0.99879319303759,1,425,5
0,0,425,5
0,0,425,5
0,0,425,6
0,0,425,6
0,0,425,6
1,1,425,6
0,1,425,6
2.96201926586777e-80,1,425,6
2.96201926586777e-80,0,425,6
0,0,425,6
2.96201926586777e-80,0,425,6
0,0,425,6
1,1,425,6
2.96201926586777e-80,1,425,6
2.96201926586777e-80,1,425,6
2.96201926586777e-80,1,425,6
2.96201926586777e-80,1,425,6
2.96201926586777e-80,1,425,6
0,0,425,6
0,0,425,6
0,0,425,6
1,1,425,6
2.96201926586777e-80,1,425,6
0,0,425,6
0,0,425,6
2.96201926586777e-80,1,425,6
1,1,425,6
0,0,425,6
2.96201926586777e-80,1,425,6
0,0,425,6
0,0,425,6
2.96201926586777e-80,1,425,6
2.96201926586777e-80,1,425,6
2.96201926586777e-80,1,425,6
2.96201926586777e-80,0,425,6
0,0,425,6
2.96201926586777e-80,1,425,6
0,0,425,6
0,0,425,6
2.96201926586777e-80,1,425,6
0,0,425,6
0,1,425,6
0,0,425,6
1,1,425,6
0,0,425,6
0,0,425,6
1,1,425,6
2.96201926586777e-80,1,425,6
0,0,425,6
0,0,425,6
0,0,425,6
0,0,425,6
0,0,425,6
2.96201926586777e-80,1,425,6
0,0,425,6
0,1,425,6
0,0,425,6
0,0,425,6
0,0,425,6
1,1,425,6
2.96201926586777e-80,1,425,6
0,0,425,6
2.96201926586777e-80,0,425,6
2.96201926586777e-80,0,425,6
1,0,425,6
0,0,425,6
0,0,425,6
2.96201926586777e-80,1,425,6
0,0,425,6
0,0,425,6
0,0,425,6
2.96201926586777e-80,0,425,6
0,0,425,6
0,0,425,6
0,0,425,6
2.96201926586777e-80,1,425,6
2.96201926586777e-80,1,425,6
1,1,425,6
1,1,425,6
0,0,425,6
0,1,425,6
0,0,425,6
0.000796484849899504,1,426,1
0.508642977576013,1,426,1
0.508642977576013,1,426,1
0.000796484849899504,1,426,1
0.508642977576013,1,426,1
0.508642977576013,1,426,1
0.508642977576013,1,426,1
0,1,426,1
0.508642977576013,1,426,1
0.999256691908644,1,426,1
0,1,426,1
0.508642977576013,1,426,1
0.999256691908644,1,426,1
0.508642977576013,1,426,1
0.000796484849899504,1,426,1
0.000796484849899504,1,426,1
0,1,426,1
0.508642977576013,1,426,1
0,1,426,1
0.000796484849899504,1,426,1
0.508642977576013,1,426,1
0.000796484849899504,1,426,1
0,1,426,1
0.508642977576013,1,426,1
0,1,426,1
0.999256691908644,1,426,1
0.999256691908644,1,426,1
0.508642977576013,1,426,1
0.508642977576013,1,426,1
0,1,426,1
0.508642977576013,1,426,1
0,1,426,1
0,1,426,1
0,1,426,1
0,1,426,1
0.508642977576013,1,426,1
0.508642977576013,1,426,1
0,1,426,1
0.999256691908644,1,426,1
0.508642977576013,1,426,1
0,1,426,1
0,1,426,1
0.508642977576013,1,426,1
0,1,426,1
0.999256691908644,1,426,1
0,1,426,1
0.000796484849899504,1,426,1
0.000796484849899504,1,426,1
0.508642977576013,1,426,1
0.508642977576013,1,426,1
0,1,426,1
0.999256691908644,1,426,1
0.000796484849899504,1,426,1
0,1,426,1
0,1,426,1
0.508642977576013,1,426,1
0.508642977576013,1,426,1
0,1,426,1
0,1,426,1
0,1,426,1
0.999256691908644,1,426,1
0.000796484849899504,1,426,1
0,1,426,1
0,1,426,1
0.999256691908644,1,426,1
0,1,426,1
0.000796484849899504,1,426,1
0,1,426,1
0,1,426,1
0.508642977576013,1,426,1
0,1,426,1
0,1,426,1
0.000796484849899504,1,426,1
0,1,426,1
0,1,426,1
0.508642977576013,1,426,1
0.999256691908644,1,426,1
0.508642977576013,1,426,1
0.508642977576013,1,426,1
0,1,426,1
0.197240727087797,0,426,2
0.7689664124171,1,426,2
0,0,426,2
0,0,426,2
0.978301999850269,1,426,2
0.7689664124171,1,426,2
0.7689664124171,1,426,2
0.978301999850269,1,426,2
0.7689664124171,1,426,2
0.197240727087797,1,426,2
0.7689664124171,1,426,2
0.7689664124171,1,426,2
0.7689664124171,1,426,2
0.7689664124171,1,426,2
0.197240727087797,1,426,2
0.197240727087797,1,426,2
0.978301999850269,1,426,2
0,1,426,2
0,1,426,2
0.7689664124171,1,426,2
0,1,426,2
0.978301999850269,1,426,2
0.7689664124171,1,426,2
0.7689664124171,1,426,2
0.7689664124171,1,426,2
0,1,426,2
0,1,426,2
0.7689664124171,1,426,2
0.197240727087797,1,426,2
0,1,426,2
0.7689664124171,1,426,2
0.197240727087797,1,426,2
0,1,426,2
0.7689664124171,1,426,2
0,1,426,2
0.7689664124171,1,426,2
0.978301999850269,1,426,2
0.197240727087797,1,426,2
0,1,426,2
0,1,426,2
0,1,426,2
0.7689664124171,1,426,2
0.7689664124171,1,426,2
0,0,426,2
0.197240727087797,1,426,2
0,0,426,2
0.978301999850269,1,426,2
0,0,426,2
0.7689664124171,1,426,2
0,0,426,2
0,1,426,2
0,0,426,2
0,0,426,2
0,0,426,2
0.197240727087797,1,426,2
0.197240727087797,1,426,2
0,0,426,2
0.978301999850269,1,426,2
0.978301999850269,1,426,2
0,1,426,2
0.7689664124171,1,426,2
0,1,426,2
0.7689664124171,1,426,2
0.7689664124171,1,426,2
0,1,426,2
0,1,426,2
0.7689664124171,1,426,2
0,1,426,2
0,1,426,2
0.7689664124171,1,426,2
0.7689664124171,1,426,2
0.978301999850269,1,426,2
0,1,426,2
0.197240727087797,0,426,2
0.197240727087797,1,426,2
0.7689664124171,1,426,2
0,1,426,2
0,0,426,2
0,0,426,2
0.978301999850269,1,426,2
0.00718836978710566,0,426,3
0.407149003792446,0,426,3
0.984880705088544,1,426,3
0.407149003792446,1,426,3
0.407149003792446,0,426,3
0.407149003792446,1,426,3
0.407149003792446,1,426,3
0,0,426,3
0.00718836978710566,0,426,3
0.407149003792446,0,426,3
0.984880705088544,1,426,3
0.407149003792446,0,426,3
0.00718836978710566,1,426,3
0.407149003792446,0,426,3
0,0,426,3
0.00718836978710566,1,426,3
0,0,426,3
0.407149003792446,1,426,3
0,0,426,3
0.407149003792446,0,426,3
0.407149003792446,0,426,3
0.984880705088544,1,426,3
0,0,426,3
0,0,426,3
0.407149003792446,0,426,3
0.407149003792446,1,426,3
0,0,426,3
0.00718836978710566,0,426,3
0,0,426,3
0.407149003792446,1,426,3
0.984880705088544,1,426,3
0.00718836978710566,0,426,3
0,0,426,3
0,1,426,3
0,0,426,3
0.00718836978710566,0,426,3
0.984880705088544,1,426,3
0.407149003792446,1,426,3
0.984880705088544,1,426,3
0.407149003792446,1,426,3
0,0,426,3
0.407149003792446,0,426,3
0,0,426,3
0,0,426,3
0.407149003792446,0,426,3
0,0,426,3
0.00718836978710566,0,426,3
0,0,426,3
0.984880705088544,1,426,3
0.407149003792446,1,426,3
0.984880705088544,1,426,3
0,0,426,3
0,0,426,3
0,0,426,3
0,0,426,3
0.00718836978710566,0,426,3
0,0,426,3
0.407149003792446,0,426,3
0.407149003792446,0,426,3
0,0,426,3
0.00718836978710566,0,426,3
0,0,426,3
0.407149003792446,0,426,3
0,0,426,3
0.984880705088544,1,426,3
0.00718836978710566,1,426,3
0,0,426,3
0,0,426,3
0.407149003792446,1,426,3
0.984880705088544,1,426,3
0,0,426,3
0,0,426,3
0,0,426,3
0.00718836978710566,0,426,3
0,0,426,3
0.407149003792446,0,426,3
0,0,426,3
0,0,426,3
0.407149003792446,0,426,3
0.407149003792446,0,426,3
0.502956123970232,1,426,4
0.502956123970232,1,426,4
0.502956123970232,1,426,4
1,1,426,4
0.502956123970232,1,426,4
3.86586892622804e-263,1,426,4
0.502956123970232,1,426,4
0,1,426,4
0,0,426,4
0.502956123970232,1,426,4
3.86586892622804e-263,1,426,4
1,1,426,4
0.502956123970232,1,426,4
3.86586892622804e-263,1,426,4
0.502956123970232,1,426,4
3.86586892622804e-263,1,426,4
0,0,426,4
1,1,426,4
1,1,426,4
0.502956123970232,1,426,4
0.502956123970232,1,426,4
0.502956123970232,1,426,4
3.86586892622804e-263,1,426,4
0,1,426,4
0.502956123970232,1,426,4
0.502956123970232,1,426,4
0,1,426,4
0.502956123970232,1,426,4
0,1,426,4
0,0,426,4
3.86586892622804e-263,1,426,4
0,0,426,4
0.502956123970232,1,426,4
3.86586892622804e-263,1,426,4
0,1,426,4
0,1,426,4
0,0,426,4
0,0,426,4
0.502956123970232,1,426,4
0,1,426,4
0,1,426,4
0,1,426,4
1,1,426,4
0.502956123970232,1,426,4
0.502956123970232,1,426,4
1,1,426,4
3.86586892622804e-263,1,426,4
0,1,426,4
0,1,426,4
0,1,426,4
0.502956123970232,1,426,4
0.502956123970232,1,426,4
1,1,426,4
0,1,426,4
0,1,426,4
0.502956123970232,1,426,4
3.86586892622804e-263,1,426,4
3.86586892622804e-263,1,426,4
0,1,426,4
0,1,426,4
0,1,426,4
0,0,426,4
1,1,426,4
0.502956123970232,1,426,4
0,0,426,4
0.502956123970232,1,426,4
0,1,426,4
0.502956123970232,1,426,4
0,1,426,4
0,0,426,4
0,0,426,4
1,1,426,4
0.502956123970232,1,426,4
0,1,426,4
0.502956123970232,1,426,4
1,1,426,4
0,1,426,4
0,1,426,4
3.86586892622804e-263,1,426,4
3.86586892622804e-263,1,426,4
0.293350614283287,0,426,5
0.293350614283287,0,426,5
0.609184717486174,1,426,5
0.609184717486174,1,426,5
0.293350614283287,0,426,5
0.609184717486174,1,426,5
0.609184717486174,1,426,5
0.609184717486174,1,426,5
0.854076606863717,1,426,5
0,0,426,5
0.609184717486174,1,426,5
0.293350614283287,1,426,5
0,0,426,5
0.609184717486174,1,426,5
0.609184717486174,1,426,5
0.854076606863717,1,426,5
0.854076606863717,1,426,5
0,1,426,5
0,1,426,5
0,1,426,5
0.293350614283287,1,426,5
0,1,426,5
0.609184717486174,1,426,5
0,1,426,5
0.609184717486174,1,426,5
0.854076606863717,1,426,5
0.293350614283287,1,426,5
0.609184717486174,1,426,5
0,1,426,5
0.609184717486174,1,426,5
0.609184717486174,1,426,5
0.609184717486174,1,426,5
0.293350614283287,1,426,5
0,0,426,5
0.609184717486174,1,426,5
0,1,426,5
0.609184717486174,1,426,5
0.609184717486174,1,426,5
0,0,426,5
0,0,426,5
0,0,426,5
0,0,426,5
0,0,426,5
0.854076606863717,1,426,5
0.609184717486174,1,426,5
0,0,426,5
0.293350614283287,1,426,5
0.854076606863717,1,426,5
0,0,426,5
0.609184717486174,1,426,5
0,0,426,5
0,0,426,5
0.293350614283287,1,426,5
0.609184717486174,1,426,5
0.609184717486174,1,426,5
0.609184717486174,1,426,5
0.854076606863717,1,426,5
0,1,426,5
0,1,426,5
0,1,426,5
0.854076606863717,1,426,5
0.293350614283287,0,426,5
0,0,426,5
0,0,426,5
0,0,426,5
0.609184717486174,1,426,5
0,0,426,5
0.293350614283287,0,426,5
0.609184717486174,1,426,5
0,0,426,5
0.609184717486174,1,426,5
0,1,426,5
0.854076606863717,1,426,5
0.609184717486174,1,426,5
0.854076606863717,1,426,5
0.293350614283287,0,426,5
0,0,426,5
0,0,426,5
0,0,426,5
0,0,426,5
0.814783002417956,1,426,6
0.521043185725814,0,426,6
0.521043185725814,1,426,6
0.686285009990394,1,426,6
0.521043185725814,0,426,6
0.686285009990394,1,426,6
0.521043185725814,1,426,6
0.686285009990394,1,426,6
0.686285009990394,1,426,6
0.686285009990394,1,426,6
0.814783002417956,1,426,6
0.686285009990394,1,426,6
0,1,426,6
0.686285009990394,1,426,6
0.686285009990394,1,426,6
0,1,426,6
0,1,426,6
0.686285009990394,1,426,6
0.686285009990394,1,426,6
0.814783002417956,1,426,6
0.521043185725814,1,426,6
0.521043185725814,1,426,6
0,1,426,6
0,1,426,6
0.686285009990394,1,426,6
0,1,426,6
0,1,426,6
0.686285009990394,1,426,6
0.686285009990394,1,426,6
0.686285009990394,1,426,6
0,1,426,6
0.814783002417956,1,426,6
0,1,426,6
0,1,426,6
0.686285009990394,1,426,6
0,1,426,6
0.686285009990394,1,426,6
0.521043185725814,1,426,6
0,1,426,6
0.814783002417956,1,426,6
0.686285009990394,1,426,6
0,1,426,6
0,1,426,6
0.521043185725814,1,426,6
0.686285009990394,1,426,6
0.814783002417956,1,426,6
0,1,426,6
0,1,426,6
0.686285009990394,1,426,6
0.521043185725814,1,426,6
0,1,426,6
0.521043185725814,1,426,6
0.814783002417956,1,426,6
0,1,426,6
0.686285009990394,1,426,6
0,1,426,6
0,1,426,6
0.814783002417956,1,426,6
0,1,426,6
0.686285009990394,1,426,6
0,1,426,6
0,1,426,6
0,1,426,6
0.686285009990394,1,426,6
0,1,426,6
0.521043185725814,1,426,6
0,1,426,6
0,1,426,6
0.686285009990394,1,426,6
0.814783002417956,1,426,6
0,1,426,6
0.686285009990394,1,426,6
0.686285009990394,1,426,6
0,1,426,6
0.521043185725814,1,426,6
0,1,426,6
0,1,426,6
0.686285009990394,1,426,6
0.814783002417956,1,426,6
0,1,426,6
0.334341484629356,0,427,1
0.597841059576753,0,427,1
0.597841059576753,1,427,1
0.597841059576753,1,427,1
0.334341484629356,0,427,1
0.597841059576753,0,427,1
0.597841059576753,1,427,1
0,0,427,1
0,0,427,1
0.814809454070917,0,427,1
0.334341484629356,0,427,1
0.597841059576753,0,427,1
0.814809454070917,0,427,1
0.597841059576753,0,427,1
0.334341484629356,1,427,1
0.597841059576753,1,427,1
0.814809454070917,1,427,1
0,1,427,1
0.597841059576753,0,427,1
0.597841059576753,0,427,1
0.597841059576753,1,427,1
0.597841059576753,1,427,1
0.597841059576753,0,427,1
0,0,427,1
0,0,427,1
0.334341484629356,0,427,1
0.334341484629356,0,427,1
0.597841059576753,0,427,1
0.814809454070917,0,427,1
0,0,427,1
0,1,427,1
0,1,427,1
0,0,427,1
0.597841059576753,0,427,1
0.597841059576753,0,427,1
0,0,427,1
0,1,427,1
0.334341484629356,1,427,1
0.334341484629356,1,427,1
0.597841059576753,1,427,1
0,0,427,1
0.814809454070917,1,427,1
0,0,427,1
0.814809454070917,0,427,1
0,0,427,1
0,0,427,1
0,1,427,1
0.597841059576753,1,427,1
0.814809454070917,0,427,1
0.597841059576753,1,427,1
0.814809454070917,1,427,1
0.334341484629356,1,427,1
0,1,427,1
0,1,427,1
0,0,427,1
0.597841059576753,1,427,1
0.334341484629356,1,427,1
0,0,427,1
0.597841059576753,0,427,1
0,0,427,1
0,0,427,1
0,1,427,1
0.597841059576753,1,427,1
0,0,427,1
0.334341484629356,0,427,1
0,0,427,1
0.334341484629356,0,427,1
0,0,427,1
0.597841059576753,0,427,1
0,0,427,1
0.597841059576753,1,427,1
0.814809454070917,1,427,1
0,1,427,1
0,1,427,1
0.597841059576753,0,427,1
0.597841059576753,0,427,1
0,1,427,1
0.814809454070917,1,427,1
0,0,427,1
0,0,427,1
0.486528898998368,0,427,2
0.404935961460044,0,427,2
0.486528898998368,1,427,2
0.486528898998368,1,427,2
0,1,427,2
0.404935961460044,1,427,2
0,1,427,2
0.486528898998368,1,427,2
0.486528898998368,1,427,2
0.568846192588423,1,427,2
0.486528898998368,1,427,2
0.568846192588423,1,427,2
0.486528898998368,1,427,2
0.404935961460044,0,427,2
0.486528898998368,0,427,2
0.404935961460044,1,427,2
0,0,427,2
0,0,427,2
0.486528898998368,0,427,2
0,0,427,2
0,1,427,2
0.404935961460044,0,427,2
0.486528898998368,0,427,2
0.486528898998368,1,427,2
0.568846192588423,1,427,2
0.486528898998368,1,427,2
0.486528898998368,1,427,2
0.404935961460044,1,427,2
0,0,427,2
0,0,427,2
0.568846192588423,0,427,2
0.486528898998368,0,427,2
0.404935961460044,0,427,2
0,0,427,2
0.568846192588423,0,427,2
0,0,427,2
0.486528898998368,1,427,2
0,1,427,2
0,1,427,2
0,1,427,2
0.486528898998368,0,427,2
0.486528898998368,0,427,2
0,1,427,2
0.568846192588423,0,427,2
0.404935961460044,0,427,2
0,0,427,2
0,1,427,2
0.486528898998368,0,427,2
0,0,427,2
0,0,427,2
0.404935961460044,0,427,2
0.404935961460044,0,427,2
0,0,427,2
0.486528898998368,0,427,2
0,0,427,2
0.486528898998368,0,427,2
0.486528898998368,1,427,2
0,1,427,2
0.568846192588423,1,427,2
0,1,427,2
0,0,427,2
0.568846192588423,1,427,2
0.486528898998368,1,427,2
0,1,427,2
0.486528898998368,1,427,2
0,1,427,2
0.404935961460044,0,427,2
0,0,427,2
0,0,427,2
0.486528898998368,0,427,2
0,1,427,2
0,0,427,2
0,0,427,2
0.568846192588423,0,427,2
0.568846192588423,0,427,2
0,0,427,2
0.486528898998368,0,427,2
0.486528898998368,0,427,2
0.404935961460044,0,427,2
0,0,427,2
0.620483442180149,0,427,3
0.327462598255665,0,427,3
0,0,427,3
0.845911191852152,0,427,3
0.327462598255665,0,427,3
0.620483442180149,0,427,3
0.620483442180149,0,427,3
0.620483442180149,0,427,3
0.620483442180149,0,427,3
0.620483442180149,1,427,3
0,1,427,3
0.620483442180149,1,427,3
0.845911191852152,1,427,3
0.620483442180149,1,427,3
0.327462598255665,1,427,3
0.327462598255665,0,427,3
0.845911191852152,0,427,3
0,0,427,3
0.620483442180149,0,427,3
0.327462598255665,0,427,3
0,0,427,3
0.620483442180149,0,427,3
0,0,427,3
0,0,427,3
0,0,427,3
0.620483442180149,0,427,3
0.620483442180149,0,427,3
0.327462598255665,0,427,3
0,0,427,3
0.620483442180149,1,427,3
0.620483442180149,1,427,3
0.845911191852152,1,427,3
0.845911191852152,0,427,3
0,0,427,3
0,1,427,3
0,1,427,3
0,1,427,3
0.327462598255665,1,427,3
0.620483442180149,0,427,3
0.845911191852152,0,427,3
0.620483442180149,0,427,3
0,0,427,3
0,0,427,3
0.620483442180149,0,427,3
0.620483442180149,0,427,3
0,0,427,3
0.327462598255665,0,427,3
0,0,427,3
0,0,427,3
0,0,427,3
0.845911191852152,1,427,3
0,1,427,3
0,0,427,3
0.327462598255665,0,427,3
0.620483442180149,1,427,3
0,1,427,3
0.620483442180149,1,427,3
0.620483442180149,1,427,3
0.327462598255665,1,427,3
0,1,427,3
0.620483442180149,1,427,3
0.845911191852152,1,427,3
0,1,427,3
0,1,427,3
0,0,427,3
0,0,427,3
0.620483442180149,0,427,3
0.327462598255665,0,427,3
0,0,427,3
0,0,427,3
0,0,427,3
0.327462598255665,0,427,3
0,0,427,3
0.620483442180149,1,427,3
0,1,427,3
0.620483442180149,1,427,3
0,1,427,3
0.845911191852152,1,427,3
0.845911191852152,1,427,3
0.620483442180149,1,427,3
0.246756310891014,0,427,4
0.361358090390199,0,427,4
0.494259889309582,1,427,4
0.246756310891014,0,427,4
0.494259889309582,0,427,4
0.361358090390199,0,427,4
0.361358090390199,0,427,4
0,0,427,4
0.246756310891014,0,427,4
0,0,427,4
0.361358090390199,0,427,4
0.361358090390199,0,427,4
0.361358090390199,1,427,4
0.246756310891014,1,427,4
0.361358090390199,1,427,4
0.361358090390199,1,427,4
0.361358090390199,0,427,4
0.361358090390199,1,427,4
0.361358090390199,1,427,4
0,1,427,4
0.361358090390199,0,427,4
0,0,427,4
0.361358090390199,1,427,4
0,1,427,4
0,1,427,4
0.494259889309582,1,427,4
0.361358090390199,1,427,4
0.246756310891014,1,427,4
0.494259889309582,1,427,4
0,0,427,4
0.246756310891014,0,427,4
0,0,427,4
0,0,427,4
0,0,427,4
0.494259889309582,0,427,4
0.361358090390199,1,427,4
0,0,427,4
0,0,427,4
0,0,427,4
0.361358090390199,0,427,4
0.361358090390199,0,427,4
0.361358090390199,0,427,4
0.494259889309582,1,427,4
0.246756310891014,1,427,4
0,1,427,4
0,1,427,4
0.246756310891014,1,427,4
0,1,427,4
0,0,427,4
0.361358090390199,1,427,4
0,1,427,4
0,1,427,4
0.361358090390199,0,427,4
0,0,427,4
0.494259889309582,0,427,4
0.361358090390199,0,427,4
0,0,427,4
0.246756310891014,0,427,4
0.361358090390199,0,427,4
0,0,427,4
0.494259889309582,0,427,4
0,0,427,4
0,0,427,4
0.246756310891014,0,427,4
0,0,427,4
0.246756310891014,0,427,4
0,0,427,4
0,0,427,4
0.361358090390199,1,427,4
0.361358090390199,0,427,4
0.361358090390199,1,427,4
0,1,427,4
0.494259889309582,1,427,4
0,1,427,4
0,1,427,4
0.361358090390199,1,427,4
0,1,427,4
0.246756310891014,0,427,4
0,1,427,4
0.494259889309582,1,427,4
0.421940354775465,0,427,5
0.352073162420419,1,427,5
0.288010859058821,1,427,5
0.352073162420419,0,427,5
0.421940354775465,0,427,5
0.288010859058821,0,427,5
0,1,427,5
0.288010859058821,0,427,5
0,0,427,5
0.352073162420419,0,427,5
0.352073162420419,0,427,5
0.352073162420419,0,427,5
0.352073162420419,0,427,5
0.352073162420419,0,427,5
0.288010859058821,0,427,5
0.352073162420419,0,427,5
0.421940354775465,0,427,5
0.352073162420419,0,427,5
0,1,427,5
0.352073162420419,0,427,5
0.352073162420419,0,427,5
0,0,427,5
0.421940354775465,0,427,5
0,1,427,5
0.288010859058821,1,427,5
0,1,427,5
0,1,427,5
0.352073162420419,1,427,5
0,1,427,5
0.352073162420419,0,427,5
0.352073162420419,1,427,5
0.288010859058821,1,427,5
0.352073162420419,0,427,5
0.352073162420419,0,427,5
0.421940354775465,1,427,5
0.352073162420419,0,427,5
0,0,427,5
0,0,427,5
0,0,427,5
0.288010859058821,0,427,5
0,0,427,5
0,1,427,5
0.421940354775465,1,427,5
0.352073162420419,1,427,5
0,1,427,5
0.288010859058821,1,427,5
0,1,427,5
0,1,427,5
0,1,427,5
0.352073162420419,0,427,5
0,0,427,5
0,0,427,5
0,0,427,5
0,0,427,5
0,0,427,5
0,0,427,5
0.288010859058821,0,427,5
0.421940354775465,0,427,5
0.352073162420419,0,427,5
0.352073162420419,0,427,5
0.288010859058821,0,427,5
0.352073162420419,0,427,5
0.421940354775465,0,427,5
0,0,427,5
0.352073162420419,0,427,5
0.288010859058821,0,427,5
0.288010859058821,0,427,5
0,0,427,5
0.352073162420419,0,427,5
0,0,427,5
0.421940354775465,0,427,5
0.421940354775465,0,427,5
0.352073162420419,0,427,5
0,0,427,5
0,0,427,5
0,0,427,5
0,0,427,5
0,0,427,5
0,0,427,5
0.352073162420419,0,427,5
0.425239220301461,0,427,6
0.356863312767535,1,427,6
0.425239220301461,1,427,6
0,0,427,6
0.425239220301461,0,427,6
0.425239220301461,0,427,6
0.425239220301461,0,427,6
0.425239220301461,0,427,6
0.496600145855125,0,427,6
0.356863312767535,0,427,6
0,0,427,6
0.496600145855125,0,427,6
0.356863312767535,1,427,6
0.425239220301461,0,427,6
0.356863312767535,0,427,6
0.425239220301461,0,427,6
0,0,427,6
0.425239220301461,0,427,6
0.425239220301461,0,427,6
0.425239220301461,1,427,6
0,1,427,6
0.425239220301461,1,427,6
0,1,427,6
0.356863312767535,1,427,6
0.425239220301461,1,427,6
0.425239220301461,1,427,6
0,1,427,6
0.356863312767535,1,427,6
0,1,427,6
0,1,427,6
0.496600145855125,1,427,6
0.496600145855125,1,427,6
0.356863312767535,0,427,6
0,0,427,6
0.425239220301461,0,427,6
0.496600145855125,0,427,6
0.425239220301461,0,427,6
0,0,427,6
0.496600145855125,1,427,6
0,1,427,6
0.356863312767535,1,427,6
0,0,427,6
0,0,427,6
0.425239220301461,1,427,6
0,0,427,6
0.425239220301461,0,427,6
0,0,427,6
0,0,427,6
0,0,427,6
0,0,427,6
0,0,427,6
0.356863312767535,0,427,6
0,0,427,6
0.425239220301461,0,427,6
0,0,427,6
0.496600145855125,0,427,6
0.425239220301461,0,427,6
0.425239220301461,0,427,6
0,1,427,6
0,1,427,6
0.425239220301461,1,427,6
0.356863312767535,1,427,6
0,1,427,6
0.496600145855125,1,427,6
0,1,427,6
0,1,427,6
0.425239220301461,0,427,6
0.356863312767535,1,427,6
0.356863312767535,1,427,6
0,1,427,6
0,1,427,6
0.425239220301461,0,427,6
0.425239220301461,0,427,6
0.425239220301461,1,427,6
0,1,427,6
0.496600145855125,1,427,6
0,1,427,6
0,1,427,6
0,1,427,6
0.496600145855125,1,427,6
0.0185379798154849,1,428,1
0.994846229904525,1,428,1
0.656293268531514,1,428,1
0.0185379798154849,1,428,1
0.994846229904525,1,428,1
0.0185379798154849,1,428,1
0.656293268531514,1,428,1
0.656293268531514,0,428,1
0.656293268531514,0,428,1
0.656293268531514,1,428,1
0.656293268531514,1,428,1
0.656293268531514,1,428,1
0,0,428,1
0.0185379798154849,1,428,1
0.656293268531514,1,428,1
0,0,428,1
0,0,428,1
0.656293268531514,1,428,1
0.0185379798154849,1,428,1
0.0185379798154849,1,428,1
0,0,428,1
0,0,428,1
0.656293268531514,1,428,1
0.994846229904525,1,428,1
0,0,428,1
0.656293268531514,1,428,1
0,0,428,1
0.994846229904525,1,428,1
0.656293268531514,1,428,1
0.656293268531514,1,428,1
0,0,428,1
0.656293268531514,1,428,1
0.994846229904525,1,428,1
0,0,428,1
0,0,428,1
0.656293268531514,1,428,1
0.0185379798154849,1,428,1
0.994846229904525,1,428,1
0,0,428,1
0.0185379798154849,1,428,1
0,0,428,1
0.656293268531514,1,428,1
0,1,428,1
0,0,428,1
0,0,428,1
0,0,428,1
0.656293268531514,1,428,1
0.656293268531514,1,428,1
0.994846229904525,1,428,1
0.0185379798154849,1,428,1
0,0,428,1
0.656293268531514,1,428,1
0.0185379798154849,1,428,1
0,0,428,1
0.656293268531514,1,428,1
0,0,428,1
0,0,428,1
0,0,428,1
0.994846229904525,1,428,1
0.656293268531514,1,428,1
0,0,428,1
0.656293268531514,1,428,1
0,0,428,1
0,0,428,1
0,0,428,1
0,0,428,1
0,0,428,1
0.994846229904525,1,428,1
0,0,428,1
0.656293268531514,1,428,1
0.656293268531514,1,428,1
0,0,428,1
0,0,428,1
0.0185379798154849,1,428,1
0.656293268531514,1,428,1
0.656293268531514,1,428,1
0,1,428,1
0.994846229904525,1,428,1
0,1,428,1
0.0185379798154849,1,428,1
0.419357929675847,1,428,2
0.443875885691875,1,428,2
0.443875885691875,1,428,2
0.419357929675847,1,428,2
0.443875885691875,1,428,2
0.419357929675847,1,428,2
0.468670270847526,1,428,2
0.443875885691875,1,428,2
0,0,428,2
0.419357929675847,1,428,2
0,0,428,2
0.443875885691875,1,428,2
0.443875885691875,1,428,2
0.443875885691875,1,428,2
0.443875885691875,1,428,2
0.468670270847526,1,428,2
0,0,428,2
0,0,428,2
0.468670270847526,1,428,2
0.419357929675847,1,428,2
0.443875885691875,1,428,2
0,0,428,2
0.419357929675847,1,428,2
0.443875885691875,1,428,2
0,0,428,2
0.443875885691875,1,428,2
0.468670270847526,1,428,2
0.443875885691875,1,428,2
0.443875885691875,1,428,2
0,0,428,2
0,0,428,2
0.443875885691875,1,428,2
0,0,428,2
0,0,428,2
0,0,428,2
0,0,428,2
0.419357929675847,1,428,2
0.443875885691875,1,428,2
0.468670270847526,1,428,2
0,0,428,2
0,0,428,2
0,0,428,2
0.443875885691875,1,428,2
0,0,428,2
0.443875885691875,1,428,2
0.419357929675847,1,428,2
0.443875885691875,1,428,2
0.468670270847526,1,428,2
0.443875885691875,1,428,2
0.468670270847526,1,428,2
0,0,428,2
0,0,428,2
0.443875885691875,1,428,2
0.443875885691875,1,428,2
0.419357929675847,1,428,2
0,0,428,2
0,0,428,2
0,0,428,2
0,0,428,2
0.419357929675847,1,428,2
0.468670270847526,1,428,2
0,0,428,2
0,0,428,2
0.443875885691875,1,428,2
0,0,428,2
0.419357929675847,1,428,2
0,0,428,2
0.468670270847526,1,428,2
0,0,428,2
0.443875885691875,1,428,2
0.443875885691875,1,428,2
0,0,428,2
0.443875885691875,1,428,2
0,0,428,2
0,0,428,2
0.468670270847526,1,428,2
0.419357929675847,1,428,2
0,0,428,2
0,0,428,2
0.443875885691875,1,428,2
0.287336733536626,1,428,3
0.287336733536626,1,428,3
0.458821155838377,1,428,3
0.287336733536626,1,428,3
0,0,428,3
0,0,428,3
0.640647503335355,1,428,3
0.458821155838377,1,428,3
0.287336733536626,1,428,3
0.458821155838377,1,428,3
0.458821155838377,1,428,3
0.640647503335355,1,428,3
0.458821155838377,1,428,3
0.458821155838377,1,428,3
0.458821155838377,1,428,3
0.458821155838377,1,428,3
0.287336733536626,1,428,3
0.458821155838377,1,428,3
0.640647503335355,1,428,3
0.640647503335355,1,428,3
0,0,428,3
0,0,428,3
0,0,428,3
0.458821155838377,1,428,3
0.458821155838377,1,428,3
0,0,428,3
0,0,428,3
0.458821155838377,1,428,3
0.458821155838377,1,428,3
0,0,428,3
0.458821155838377,1,428,3
0.287336733536626,1,428,3
0,0,428,3
0.458821155838377,1,428,3
0,0,428,3
0,0,428,3
0.458821155838377,1,428,3
0.458821155838377,1,428,3
0,0,428,3
0,0,428,3
0.287336733536626,1,428,3
0.458821155838377,1,428,3
0.640647503335355,1,428,3
0.287336733536626,1,428,3
0,0,428,3
0,0,428,3
0,0,428,3
0.640647503335355,1,428,3
0.458821155838377,1,428,3
0,0,428,3
0.458821155838377,1,428,3
0.458821155838377,1,428,3
0,0,428,3
0,0,428,3
0,0,428,3
0.287336733536626,1,428,3
0.458821155838377,1,428,3
0.640647503335355,1,428,3
0,0,428,3
0.640647503335355,1,428,3
0,0,428,3
0,0,428,3
0.287336733536626,1,428,3
0,0,428,3
0,0,428,3
0.458821155838377,1,428,3
0,0,428,3
0,0,428,3
0.287336733536626,1,428,3
0.458821155838377,1,428,3
0.640647503335355,1,428,3
0,0,428,3
0,0,428,3
0,0,428,3
0,0,428,3
0,0,428,3
0.640647503335355,1,428,3
0.458821155838377,1,428,3
0.458821155838377,1,428,3
0.287336733536626,1,428,3
0.410139281988405,1,428,4
0.0779496313982484,0,428,4
0.0779496313982484,0,428,4
0.410139281988405,1,428,4
0.410139281988405,1,428,4
0,1,428,4
0.410139281988405,1,428,4
0.851163739255612,1,428,4
0.410139281988405,1,428,4
0.410139281988405,1,428,4
0.410139281988405,1,428,4
0.410139281988405,1,428,4
0,1,428,4
0.0779496313982484,0,428,4
0.0779496313982484,1,428,4
0.851163739255612,1,428,4
0.851163739255612,1,428,4
0,0,428,4
0.410139281988405,1,428,4
0,0,428,4
0,0,428,4
0.0779496313982484,0,428,4
0,0,428,4
0,0,428,4
0.410139281988405,1,428,4
0.410139281988405,1,428,4
0.851163739255612,1,428,4
0.410139281988405,1,428,4
0.410139281988405,1,428,4
0.410139281988405,1,428,4
0,1,428,4
0.0779496313982484,1,428,4
0.410139281988405,1,428,4
0.851163739255612,1,428,4
0.410139281988405,1,428,4
0.851163739255612,1,428,4
0.410139281988405,1,428,4
0,1,428,4
0,0,428,4
0,0,428,4
0.0779496313982484,0,428,4
0,1,428,4
0,0,428,4
0,0,428,4
0.0779496313982484,1,428,4
0.410139281988405,1,428,4
0,1,428,4
0,0,428,4
0.851163739255612,1,428,4
0,0,428,4
0,0,428,4
0.0779496313982484,1,428,4
0,0,428,4
0.410139281988405,1,428,4
0,0,428,4
0.410139281988405,1,428,4
0,0,428,4
0,0,428,4
0.0779496313982484,0,428,4
0.410139281988405,1,428,4
0,0,428,4
0.851163739255612,1,428,4
0.410139281988405,1,428,4
0,1,428,4
0,0,428,4
0,0,428,4
0.851163739255612,1,428,4
0.410139281988405,1,428,4
0,0,428,4
0,0,428,4
0,0,428,4
0,0,428,4
0,0,428,4
0.410139281988405,1,428,4
0.0779496313982484,1,428,4
0.0779496313982484,1,428,4
0.410139281988405,1,428,4
0.410139281988405,1,428,4
0.851163739255612,1,428,4
0,0,428,4
0.0691734592416212,0,428,5
0,0,428,5
0.526306041852549,1,428,5
0.526306041852549,1,428,5
0.526306041852549,0,428,5
0.0691734592416212,0,428,5
0.526306041852549,1,428,5
0.526306041852549,1,428,5
0.0691734592416212,1,428,5
0.943219096198191,1,428,5
0.526306041852549,1,428,5
0.943219096198191,1,428,5
0.526306041852549,1,428,5
0,1,428,5
0.526306041852549,1,428,5
0.0691734592416212,1,428,5
0.943219096198191,1,428,5
0.0691734592416212,1,428,5
0.526306041852549,1,428,5
0,0,428,5
0.0691734592416212,0,428,5
0.943219096198191,1,428,5
0,0,428,5
0.526306041852549,1,428,5
0.526306041852549,1,428,5
0,0,428,5
0.526306041852549,1,428,5
0.526306041852549,1,428,5
0.526306041852549,1,428,5
0,1,428,5
0,0,428,5
0,0,428,5
0.0691734592416212,0,428,5
0.943219096198191,1,428,5
0,0,428,5
0,0,428,5
0.0691734592416212,0,428,5
0.526306041852549,0,428,5
0.526306041852549,1,428,5
0,0,428,5
0,0,428,5
0,0,428,5
0.526306041852549,1,428,5
0,0,428,5
0.943219096198191,1,428,5
0.526306041852549,1,428,5
0,1,428,5
0,0,428,5
0.526306041852549,1,428,5
0.943219096198191,1,428,5
0.943219096198191,1,428,5
0,1,428,5
0,1,428,5
0.0691734592416212,0,428,5
0,0,428,5
0,0,428,5
0.526306041852549,1,428,5
0,1,428,5
0,0,428,5
0,0,428,5
0,0,428,5
0.526306041852549,1,428,5
0.526306041852549,1,428,5
0.0691734592416212,0,428,5
0,0,428,5
0.943219096198191,1,428,5
0.0691734592416212,1,428,5
0,0,428,5
0,0,428,5
0.0691734592416212,0,428,5
0.526306041852549,1,428,5
0,0,428,5
0.526306041852549,0,428,5
0,0,428,5
0.526306041852549,1,428,5
0,0,428,5
0.526306041852549,1,428,5
0.943219096198191,1,428,5
0,0,428,5
0,1,428,5
0.479290711896415,0,428,6
0.479290711896415,0,428,6
0.0902911308875903,0,428,6
0.479290711896415,1,428,6
0.895136455912224,1,428,6
0,0,428,6
0.895136455912224,1,428,6
0.479290711896415,1,428,6
0.479290711896415,1,428,6
0.479290711896415,1,428,6
0.479290711896415,1,428,6
0,0,428,6
0.479290711896415,0,428,6
0.0902911308875903,1,428,6
0.0902911308875903,0,428,6
0.0902911308875903,0,428,6
0,0,428,6
0.479290711896415,1,428,6
0.479290711896415,1,428,6
0.0902911308875903,0,428,6
0.479290711896415,1,428,6
0.479290711896415,1,428,6
0.479290711896415,1,428,6
0.479290711896415,1,428,6
0,0,428,6
0,0,428,6
0,0,428,6
0,0,428,6
0.895136455912224,1,428,6
0.895136455912224,1,428,6
0.0902911308875903,1,428,6
0,0,428,6
0,0,428,6
0.895136455912224,1,428,6
0.0902911308875903,1,428,6
0.895136455912224,1,428,6
0,1,428,6
0.479290711896415,1,428,6
0.0902911308875903,1,428,6
0,0,428,6
0.479290711896415,1,428,6
0,0,428,6
0,0,428,6
0,0,428,6
0,0,428,6
0.479290711896415,1,428,6
0,0,428,6
0.479290711896415,1,428,6
0.479290711896415,1,428,6
0.895136455912224,1,428,6
0.479290711896415,1,428,6
0,0,428,6
0.0902911308875903,1,428,6
0,0,428,6
0,0,428,6
0.479290711896415,1,428,6
0,0,428,6
0,0,428,6
0,0,428,6
0.895136455912224,1,428,6
0.479290711896415,1,428,6
0,0,428,6
0,1,428,6
0.0902911308875903,0,428,6
0,0,428,6
0,0,428,6
0,0,428,6
0,0,428,6
0.0902911308875903,0,428,6
0.479290711896415,1,428,6
0.0902911308875903,0,428,6
0.479290711896415,1,428,6
0.895136455912224,1,428,6
0,0,428,6
0,0,428,6
0.479290711896415,1,428,6
0.895136455912224,1,428,6
0,0,428,6
0.479290711896415,1,428,6
0,0,428,6
0.00586572137559649,0,429,1
0.598738161250191,0,429,1
0.00586572137559649,0,429,1
0.598738161250191,0,429,1
0.598738161250191,0,429,1
0.99735692900011,0,429,1
0.598738161250191,0,429,1
0.99735692900011,1,429,1
0,0,429,1
0,0,429,1
0.598738161250191,0,429,1
0.00586572137559649,0,429,1
0.00586572137559649,0,429,1
0.598738161250191,0,429,1
0.598738161250191,1,429,1
0.598738161250191,1,429,1
0.598738161250191,1,429,1
0,0,429,1
0.598738161250191,1,429,1
0,0,429,1
0.598738161250191,0,429,1
0.598738161250191,0,429,1
0.598738161250191,0,429,1
0.99735692900011,1,429,1
0.00586572137559649,0,429,1
0.598738161250191,1,429,1
0,0,429,1
0,0,429,1
0,0,429,1
0.00586572137559649,0,429,1
0,0,429,1
0.99735692900011,1,429,1
0.598738161250191,0,429,1
0.598738161250191,0,429,1
0.598738161250191,0,429,1
0.00586572137559649,0,429,1
0,0,429,1
0.99735692900011,1,429,1
0.99735692900011,1,429,1
0,0,429,1
0,0,429,1
0,0,429,1
0.00586572137559649,0,429,1
0,0,429,1
0,0,429,1
0.598738161250191,0,429,1
0,0,429,1
0,0,429,1
0.598738161250191,0,429,1
0,0,429,1
0.99735692900011,1,429,1
0,0,429,1
0,0,429,1
0,0,429,1
0,0,429,1
0.598738161250191,0,429,1
0.00586572137559649,0,429,1
0,0,429,1
0.99735692900011,1,429,1
0.00586572137559649,0,429,1
0,0,429,1
0.598738161250191,0,429,1
0,0,429,1
0.598738161250191,0,429,1
0,0,429,1
0,0,429,1
0.598738161250191,0,429,1
0.598738161250191,1,429,1
0.00586572137559649,0,429,1
0,0,429,1
0,0,429,1
0.00586572137559649,0,429,1
0.598738161250191,0,429,1
0.598738161250191,0,429,1
0,0,429,1
0,0,429,1
0.99735692900011,0,429,1
0,0,429,1
0.99735692900011,1,429,1
0,0,429,1
0.38889430631961,0,429,2
0.38889430631961,0,429,2
0.496167731495141,0,429,2
0.496167731495141,0,429,2
0.38889430631961,1,429,2
0,0,429,2
0.603795142986224,0,429,2
0,0,429,2
0.496167731495141,0,429,2
0.496167731495141,0,429,2
0.496167731495141,0,429,2
0.38889430631961,0,429,2
0.496167731495141,0,429,2
0.496167731495141,1,429,2
0.603795142986224,1,429,2
0.496167731495141,1,429,2
0.496167731495141,1,429,2
0.496167731495141,1,429,2
0.38889430631961,0,429,2
0.496167731495141,1,429,2
0.38889430631961,0,429,2
0.603795142986224,0,429,2
0.603795142986224,1,429,2
0,0,429,2
0.496167731495141,0,429,2
0,0,429,2
0.496167731495141,0,429,2
0,0,429,2
0.496167731495141,0,429,2
0,0,429,2
0,0,429,2
0,0,429,2
0,0,429,2
0,0,429,2
0,0,429,2
0,0,429,2
0.496167731495141,1,429,2
0.38889430631961,0,429,2
0.496167731495141,0,429,2
0.38889430631961,0,429,2
0,0,429,2
0,0,429,2
0.496167731495141,0,429,2
0.603795142986224,0,429,2
0,1,429,2
0.496167731495141,0,429,2
0.603795142986224,1,429,2
0,0,429,2
0,0,429,2
0,0,429,2
0,0,429,2
0.496167731495141,0,429,2
0.38889430631961,0,429,2
0.603795142986224,0,429,2
0.496167731495141,1,429,2
0,0,429,2
0,1,429,2
0,0,429,2
0.496167731495141,1,429,2
0.38889430631961,0,429,2
0,0,429,2
0.496167731495141,0,429,2
0.603795142986224,0,429,2
0,0,429,2
0.38889430631961,0,429,2
0.38889430631961,0,429,2
0,0,429,2
0,0,429,2
0.496167731495141,0,429,2
0.496167731495141,0,429,2
0,0,429,2
0,0,429,2
0.603795142986224,0,429,2
0,0,429,2
0.603795142986224,0,429,2
0,0,429,2
0.496167731495141,0,429,2
0.496167731495141,0,429,2
0,0,429,2
0,0,429,2
0,0,429,3
0.440364040679138,0,429,3
0.180368458618785,0,429,3
0.180368458618785,0,429,3
0.440364040679138,0,429,3
0.180368458618785,0,429,3
0.737784220910194,0,429,3
0.440364040679138,0,429,3
0.440364040679138,0,429,3
0.180368458618785,0,429,3
0.440364040679138,0,429,3
0.440364040679138,0,429,3
0.440364040679138,0,429,3
0.440364040679138,1,429,3
0.737784220910194,1,429,3
0,0,429,3
0.440364040679138,0,429,3
0.440364040679138,0,429,3
0.440364040679138,0,429,3
0,0,429,3
0.440364040679138,0,429,3
0.737784220910194,0,429,3
0,0,429,3
0.440364040679138,0,429,3
0.440364040679138,0,429,3
0,0,429,3
0,0,429,3
0.737784220910194,0,429,3
0.180368458618785,0,429,3
0.180368458618785,0,429,3
0,0,429,3
0,0,429,3
0.180368458618785,0,429,3
0.180368458618785,0,429,3
0,0,429,3
0.440364040679138,0,429,3
0.737784220910194,1,429,3
0,0,429,3
0,0,429,3
0,0,429,3
0.440364040679138,0,429,3
0,0,429,3
0,0,429,3
0.737784220910194,0,429,3
0.440364040679138,0,429,3
0,0,429,3
0.440364040679138,0,429,3
0,0,429,3
0.440364040679138,0,429,3
0,0,429,3
0,0,429,3
0,0,429,3
0,0,429,3
0.180368458618785,0,429,3
0.440364040679138,0,429,3
0.440364040679138,0,429,3
0.180368458618785,0,429,3
0,0,429,3
0.737784220910194,0,429,3
0,0,429,3
0.440364040679138,0,429,3
0,0,429,3
0,0,429,3
0.737784220910194,0,429,3
0.440364040679138,1,429,3
0,0,429,3
0.440364040679138,1,429,3
0,0,429,3
0.737784220910194,0,429,3
0.180368458618785,0,429,3
0,0,429,3
0,0,429,3
0,0,429,3
0.737784220910194,0,429,3
0.440364040679138,0,429,3
0,0,429,3
0,0,429,3
0,0,429,3
0.180368458618785,0,429,3
0.440364040679138,0,429,3
0.387959124068974,1,429,4
0.387959124068974,1,429,4
0.532514635309162,1,429,4
0.387959124068974,1,429,4
0.260756467457889,0,429,4
0.387959124068974,1,429,4
0.260756467457889,1,429,4
0,0,429,4
0.532514635309162,1,429,4
0,0,429,4
0.260756467457889,0,429,4
0.387959124068974,0,429,4
0.260756467457889,1,429,4
0.387959124068974,1,429,4
0.387959124068974,1,429,4
0.387959124068974,1,429,4
0.532514635309162,1,429,4
0.387959124068974,0,429,4
0,0,429,4
0.532514635309162,1,429,4
0,0,429,4
0.387959124068974,0,429,4
0.387959124068974,1,429,4
0.387959124068974,1,429,4
0,0,429,4
0.387959124068974,0,429,4
0.260756467457889,0,429,4
0,0,429,4
0,0,429,4
0.260756467457889,0,429,4
0.387959124068974,1,429,4
0,0,429,4
0,0,429,4
0.387959124068974,0,429,4
0.260756467457889,0,429,4
0.387959124068974,1,429,4
0,0,429,4
0,0,429,4
0,0,429,4
0,0,429,4
0,0,429,4
0.260756467457889,0,429,4
0.532514635309162,1,429,4
0.387959124068974,1,429,4
0.387959124068974,1,429,4
0,0,429,4
0,0,429,4
0.532514635309162,1,429,4
0,0,429,4
0.532514635309162,1,429,4
0.387959124068974,1,429,4
0.260756467457889,0,429,4
0,0,429,4
0,0,429,4
0,0,429,4
0.532514635309162,0,429,4
0.387959124068974,0,429,4
0,0,429,4
0,0,429,4
0.260756467457889,0,429,4
0.387959124068974,0,429,4
0.387959124068974,0,429,4
0,0,429,4
0,0,429,4
0,0,429,4
0,0,429,4
0,0,429,4
0,0,429,4
0.532514635309162,1,429,4
0.387959124068974,1,429,4
0,0,429,4
0,0,429,4
0,0,429,4
0,0,429,4
0.387959124068974,0,429,4
0.387959124068974,0,429,4
0.260756467457889,0,429,4
0.387959124068974,1,429,4
0.260756467457889,0,429,4
0.532514635309162,1,429,4
0.332985881625384,0,429,5
0.332985881625384,1,429,5
0.332985881625384,1,429,5
0.133713496016055,0,429,5
0,0,429,5
0.332985881625384,1,429,5
0.617533919415227,1,429,5
0.332985881625384,1,429,5
0.133713496016055,1,429,5
0.332985881625384,1,429,5
0.332985881625384,1,429,5
0,0,429,5
0.133713496016055,0,429,5
0.617533919415227,1,429,5
0.332985881625384,0,429,5
0.133713496016055,0,429,5
0,0,429,5
0.332985881625384,0,429,5
0,0,429,5
0,0,429,5
0.332985881625384,1,429,5
0.617533919415227,1,429,5
0,0,429,5
0.332985881625384,0,429,5
0,0,429,5
0.332985881625384,0,429,5
0.332985881625384,0,429,5
0,0,429,5
0.617533919415227,0,429,5
0.133713496016055,0,429,5
0.332985881625384,0,429,5
0.133713496016055,0,429,5
0,0,429,5
0,0,429,5
0.332985881625384,0,429,5
0.332985881625384,0,429,5
0,0,429,5
0.617533919415227,0,429,5
0.332985881625384,1,429,5
0,0,429,5
0,0,429,5
0,0,429,5
0,0,429,5
0,0,429,5
0.133713496016055,0,429,5
0.617533919415227,0,429,5
0.133713496016055,0,429,5
0.332985881625384,0,429,5
0.332985881625384,0,429,5
0,0,429,5
0,0,429,5
0,0,429,5
0.617533919415227,0,429,5
0.332985881625384,1,429,5
0,0,429,5
0.617533919415227,1,429,5
0.332985881625384,0,429,5
0,0,429,5
0,0,429,5
0.133713496016055,0,429,5
0,0,429,5
0.332985881625384,0,429,5
0.133713496016055,0,429,5
0,0,429,5
0,0,429,5
0,0,429,5
0.617533919415227,1,429,5
0,0,429,5
0,0,429,5
0.332985881625384,1,429,5
0.133713496016055,0,429,5
0,0,429,5
0.617533919415227,1,429,5
0,0,429,5
0,0,429,5
0.133713496016055,0,429,5
0.332985881625384,0,429,5
0.332985881625384,0,429,5
0,0,429,5
0.332985881625384,1,429,5
0.54517814786619,1,429,6
0.54517814786619,1,429,6
0.320993165557385,1,429,6
0,1,429,6
0.320993165557385,1,429,6
0.320993165557385,0,429,6
0.54517814786619,1,429,6
0.54517814786619,1,429,6
0.54517814786619,0,429,6
0.54517814786619,1,429,6
0,1,429,6
0.752431933858499,1,429,6
0.54517814786619,1,429,6
0.752431933858499,1,429,6
0.54517814786619,1,429,6
0.320993165557385,1,429,6
0.54517814786619,1,429,6
0,0,429,6
0,0,429,6
0.54517814786619,1,429,6
0,0,429,6
0.54517814786619,1,429,6
0.54517814786619,1,429,6
0,0,429,6
0.320993165557385,1,429,6
0.752431933858499,1,429,6
0,0,429,6
0.752431933858499,1,429,6
0.54517814786619,1,429,6
0.320993165557385,1,429,6
0.54517814786619,1,429,6
0,0,429,6
0.320993165557385,0,429,6
0,0,429,6
0.54517814786619,1,429,6
0.54517814786619,1,429,6
0.54517814786619,1,429,6
0,0,429,6
0,0,429,6
0,0,429,6
0,0,429,6
0.752431933858499,1,429,6
0,0,429,6
0,0,429,6
0.320993165557385,0,429,6
0.752431933858499,1,429,6
0,0,429,6
0.54517814786619,1,429,6
0.752431933858499,1,429,6
0,1,429,6
0.752431933858499,1,429,6
0.54517814786619,1,429,6
0.320993165557385,1,429,6
0,0,429,6
0,0,429,6
0,0,429,6
0,0,429,6
0,0,429,6
0,0,429,6
0.54517814786619,1,429,6
0.54517814786619,1,429,6
0.320993165557385,1,429,6
0.54517814786619,1,429,6
0,0,429,6
0.752431933858499,1,429,6
0,1,429,6
0,0,429,6
0,0,429,6
0,0,429,6
0.320993165557385,1,429,6
0.54517814786619,1,429,6
0.54517814786619,1,429,6
0.320993165557385,1,429,6
0.54517814786619,1,429,6
0,0,429,6
0,0,429,6
0.54517814786619,1,429,6
0,0,429,6
0,0,429,6
0.752431933858499,1,429,6
0.885080186333345,1,430,1
0.396601270691279,1,430,1
0.0531140464195077,1,430,1
0,1,430,1
0.0531140464195077,1,430,1
0.396601270691279,1,430,1
0.396601270691279,1,430,1
0.396601270691279,1,430,1
0.0531140464195077,1,430,1
0.885080186333345,1,430,1
0.396601270691279,1,430,1
0.396601270691279,1,430,1
0.396601270691279,1,430,1
0.396601270691279,1,430,1
0.0531140464195077,0,430,1
0,1,430,1
0,1,430,1
0.0531140464195077,1,430,1
0,1,430,1
0.396601270691279,1,430,1
0,1,430,1
0.396601270691279,1,430,1
0.396601270691279,1,430,1
0,1,430,1
0,1,430,1
0.396601270691279,1,430,1
0,1,430,1
0.885080186333345,1,430,1
0.396601270691279,1,430,1
0.396601270691279,1,430,1
0.885080186333345,1,430,1
0.0531140464195077,1,430,1
0.885080186333345,1,430,1
0,1,430,1
0,1,430,1
0.885080186333345,1,430,1
0.396601270691279,1,430,1
0,1,430,1
0,1,430,1
0.0531140464195077,1,430,1
0.396601270691279,1,430,1
0,1,430,1
0.0531140464195077,1,430,1
0.396601270691279,1,430,1
0,1,430,1
0.396601270691279,1,430,1
0,1,430,1
0,1,430,1
0,0,430,1
0.0531140464195077,0,430,1
0,0,430,1
0,0,430,1
0.0531140464195077,0,430,1
0,0,430,1
0.396601270691279,0,430,1
0.885080186333345,0,430,1
0.396601270691279,0,430,1
0,0,430,1
0,0,430,1
0,0,430,1
0.396601270691279,0,430,1
0,0,430,1
0.396601270691279,1,430,1
0.885080186333345,1,430,1
0.885080186333345,1,430,1
0.0531140464195077,1,430,1
0.396601270691279,1,430,1
0.0531140464195077,1,430,1
0.396601270691279,1,430,1
0,1,430,1
0,1,430,1
0,1,430,1
0,1,430,1
0.396601270691279,1,430,1
0,0,430,1
0,1,430,1
0,1,430,1
0,1,430,1
0.885080186333345,1,430,1
0.396601270691279,1,430,1
0.435877069974175,1,430,2
0,1,430,2
0.435877069974175,1,430,2
0.435877069974175,1,430,2
0.0287624909270602,1,430,2
0.0287624909270602,0,430,2
0.435877069974175,1,430,2
0.0287624909270602,1,430,2
0.435877069974175,1,430,2
0,1,430,2
0.952739876600942,1,430,2
0.435877069974175,1,430,2
0.435877069974175,1,430,2
0.435877069974175,1,430,2
0.0287624909270602,1,430,2
0.952739876600942,1,430,2
0,1,430,2
0,1,430,2
0.952739876600942,1,430,2
0,1,430,2
0.435877069974175,1,430,2
0.435877069974175,1,430,2
0.952739876600942,1,430,2
0.0287624909270602,1,430,2
0.435877069974175,1,430,2
0,1,430,2
0,1,430,2
0.435877069974175,1,430,2
0.435877069974175,1,430,2
0.0287624909270602,1,430,2
0,0,430,2
0.435877069974175,1,430,2
0,0,430,2
0.435877069974175,0,430,2
0.0287624909270602,0,430,2
0.435877069974175,1,430,2
0.435877069974175,0,430,2
0,0,430,2
0,0,430,2
0,0,430,2
0,0,430,2
0,0,430,2
0.952739876600942,0,430,2
0.952739876600942,1,430,2
0.435877069974175,1,430,2
0.0287624909270602,1,430,2
0,0,430,2
0,0,430,2
0.435877069974175,1,430,2
0,0,430,2
0,0,430,2
0,0,430,2
0.435877069974175,0,430,2
0.952739876600942,1,430,2
0.435877069974175,1,430,2
0,0,430,2
0,0,430,2
0.0287624909270602,0,430,2
0,0,430,2
0,0,430,2
0.435877069974175,0,430,2
0.952739876600942,1,430,2
0.0287624909270602,0,430,2
0,0,430,2
0.435877069974175,0,430,2
0,0,430,2
0.435877069974175,0,430,2
0,0,430,2
0.435877069974175,0,430,2
0.952739876600942,1,430,2
0,0,430,2
0.0287624909270602,0,430,2
0,0,430,2
0,0,430,2
0.435877069974175,0,430,2
0,0,430,2
0.952739876600942,1,430,2
0,0,430,2
0,0,430,2
0.0287624909270602,0,430,2
0.000211423180339884,0,430,3
0.000211423180339884,0,430,3
0.564151192298338,1,430,3
0.564151192298338,1,430,3
0.564151192298338,1,430,3
0.000211423180339884,1,430,3
0.564151192298338,1,430,3
0.999873796813034,1,430,3
0.564151192298338,1,430,3
0.000211423180339884,1,430,3
0.564151192298338,1,430,3
0,1,430,3
0.999873796813034,1,430,3
0,1,430,3
0.564151192298338,1,430,3
0.564151192298338,1,430,3
0.564151192298338,1,430,3
0.564151192298338,1,430,3
0,1,430,3
0.564151192298338,1,430,3
0,1,430,3
0,1,430,3
0.564151192298338,1,430,3
0.999873796813034,1,430,3
0.999873796813034,1,430,3
0,0,430,3
0.000211423180339884,0,430,3
0.564151192298338,1,430,3
0,0,430,3
0.564151192298338,0,430,3
0.000211423180339884,0,430,3
0,0,430,3
0.999873796813034,1,430,3
0.564151192298338,1,430,3
0.564151192298338,1,430,3
0,1,430,3
0,0,430,3
0.564151192298338,1,430,3
0,0,430,3
0,1,430,3
0.999873796813034,1,430,3
0,1,430,3
0,0,430,3
0.564151192298338,1,430,3
0.000211423180339884,0,430,3
0.000211423180339884,1,430,3
0,1,430,3
0,0,430,3
0.564151192298338,1,430,3
0.000211423180339884,0,430,3
0,0,430,3
0,0,430,3
0,0,430,3
0,0,430,3
0.000211423180339884,1,430,3
0.564151192298338,1,430,3
0,0,430,3
0,0,430,3
0.999873796813034,1,430,3
0,0,430,3
0.564151192298338,1,430,3
0.564151192298338,0,430,3
0.999873796813034,1,430,3
0,0,430,3
0,0,430,3
0.564151192298338,1,430,3
0,0,430,3
0.000211423180339884,0,430,3
0,0,430,3
0,0,430,3
0,0,430,3
0.564151192298338,0,430,3
0.000211423180339884,0,430,3
0.564151192298338,0,430,3
0.999873796813034,1,430,3
0,0,430,3
0,0,430,3
0,0,430,3
0.999873796813034,1,430,3
0.564151192298338,1,430,3
0.628871969702706,1,430,4
0.628871969702706,1,430,4
0.994155701940009,1,430,4
0,1,430,4
0.016599136503684,1,430,4
0.994155701940009,1,430,4
0.628871969702706,1,430,4
0.016599136503684,1,430,4
0.628871969702706,1,430,4
0,0,430,4
0.628871969702706,1,430,4
0.628871969702706,1,430,4
0.628871969702706,1,430,4
0.016599136503684,1,430,4
0.016599136503684,1,430,4
0.628871969702706,1,430,4
0,1,430,4
0.016599136503684,0,430,4
0,0,430,4
0,0,430,4
0,0,430,4
0.628871969702706,1,430,4
0.628871969702706,1,430,4
0,0,430,4
0.628871969702706,1,430,4
0.994155701940009,1,430,4
0.016599136503684,0,430,4
0,0,430,4
0.628871969702706,0,430,4
0.628871969702706,1,430,4
0.994155701940009,1,430,4
0.628871969702706,1,430,4
0.628871969702706,1,430,4
0,1,430,4
0.628871969702706,1,430,4
0,0,430,4
0.628871969702706,1,430,4
0,0,430,4
0.994155701940009,1,430,4
0,1,430,4
0.994155701940009,1,430,4
0.016599136503684,1,430,4
0,1,430,4
0,0,430,4
0,0,430,4
0,0,430,4
0.628871969702706,1,430,4
0.016599136503684,1,430,4
0,0,430,4
0.628871969702706,1,430,4
0,0,430,4
0.016599136503684,1,430,4
0,1,430,4
0.994155701940009,1,430,4
0.628871969702706,1,430,4
0,1,430,4
0.628871969702706,1,430,4
0,1,430,4
0.994155701940009,1,430,4
0,1,430,4
0.016599136503684,1,430,4
0.628871969702706,1,430,4
0,0,430,4
0,0,430,4
0.628871969702706,1,430,4
0,1,430,4
0,1,430,4
0,1,430,4
0.994155701940009,1,430,4
0.628871969702706,1,430,4
0,0,430,4
0,0,430,4
0.016599136503684,1,430,4
0.994155701940009,1,430,4
0,0,430,4
0.628871969702706,1,430,4
0,1,430,4
0.016599136503684,1,430,4
0,1,430,4
0.628871969702706,1,430,4
0.63775805803855,1,430,5
0.63775805803855,1,430,5
0.63775805803855,1,430,5
0.63775805803855,1,430,5
0.0570516411346591,1,430,5
0.63775805803855,1,430,5
0.980854341459835,1,430,5
0.0570516411346591,0,430,5
0.980854341459835,1,430,5
0,0,430,5
0.63775805803855,1,430,5
0.0570516411346591,1,430,5
0.0570516411346591,1,430,5
0.63775805803855,1,430,5
0.63775805803855,1,430,5
0,1,430,5
0,0,430,5
0.0570516411346591,1,430,5
0.63775805803855,1,430,5
0.980854341459835,1,430,5
0.63775805803855,1,430,5
0.63775805803855,1,430,5
0,1,430,5
0.63775805803855,1,430,5
0.980854341459835,1,430,5
0.0570516411346591,0,430,5
0.63775805803855,1,430,5
0,0,430,5
0,0,430,5
0,0,430,5
0.63775805803855,1,430,5
0,0,430,5
0.980854341459835,1,430,5
0.0570516411346591,0,430,5
0,0,430,5
0,1,430,5
0.63775805803855,1,430,5
0,0,430,5
0.0570516411346591,1,430,5
0,1,430,5
0,1,430,5
0.980854341459835,1,430,5
0,1,430,5
0,0,430,5
0.63775805803855,1,430,5
0,0,430,5
0.63775805803855,1,430,5
0.63775805803855,1,430,5
0,0,430,5
0.63775805803855,1,430,5
0.63775805803855,1,430,5
0,0,430,5
0,0,430,5
0.63775805803855,1,430,5
0,0,430,5
0,0,430,5
0,0,430,5
0.63775805803855,1,430,5
0,0,430,5
0.0570516411346591,0,430,5
0.980854341459835,1,430,5
0,0,430,5
0.0570516411346591,0,430,5
0.980854341459835,1,430,5
0.63775805803855,1,430,5
0.63775805803855,1,430,5
0,0,430,5
0.980854341459835,1,430,5
0.63775805803855,1,430,5
0.980854341459835,1,430,5
0,0,430,5
0.0570516411346591,1,430,5
0,0,430,5
0,0,430,5
0,0,430,5
0,0,430,5
0,0,430,5
0.0570516411346591,0,430,5
0,0,430,5
0.63775805803855,1,430,5
0.804073402795086,0,430,6
0,0,430,6
0.996058592828165,1,430,6
0.804073402795086,1,430,6
0.804073402795086,1,430,6
0.804073402795086,1,430,6
0.804073402795086,1,430,6
0.0624814213773888,1,430,6
0.0624814213773888,0,430,6
0.996058592828165,1,430,6
0,0,430,6
0.0624814213773888,0,430,6
0.804073402795086,1,430,6
0.804073402795086,1,430,6
0.0624814213773888,1,430,6
0.804073402795086,1,430,6
0.804073402795086,1,430,6
0,0,430,6
0.996058592828165,1,430,6
0.996058592828165,1,430,6
0.0624814213773888,1,430,6
0.804073402795086,1,430,6
0.804073402795086,1,430,6
0.0624814213773888,1,430,6
0,1,430,6
0,1,430,6
0,1,430,6
0.804073402795086,1,430,6
0,1,430,6
0.804073402795086,1,430,6
0,1,430,6
0.804073402795086,1,430,6
0,0,430,6
0.996058592828165,1,430,6
0,1,430,6
0,0,430,6
0,0,430,6
0,1,430,6
0.804073402795086,1,430,6
0,1,430,6
0.0624814213773888,1,430,6
0,0,430,6
0,0,430,6
0.804073402795086,1,430,6
0.804073402795086,1,430,6
0.804073402795086,1,430,6
0.0624814213773888,1,430,6
0.996058592828165,1,430,6
0,0,430,6
0.804073402795086,1,430,6
0.804073402795086,1,430,6
0.0624814213773888,1,430,6
0,0,430,6
0,0,430,6
0,0,430,6
0,0,430,6
0,0,430,6
0,0,430,6
0.804073402795086,1,430,6
0.996058592828165,1,430,6
0.804073402795086,1,430,6
0.996058592828165,1,430,6
0,1,430,6
0.0624814213773888,1,430,6
0,0,430,6
0,0,430,6
0.804073402795086,1,430,6
0.996058592828165,1,430,6
0,0,430,6
0,0,430,6
0.0624814213773888,0,430,6
0.804073402795086,1,430,6
0,0,430,6
0.804073402795086,1,430,6
0,0,430,6
0.0624814213773888,0,430,6
0,0,430,6
0,0,430,6
0.804073402795086,1,430,6
0.996058592828165,1,430,6
