parameter,mean,std,ess_bulk,ess_tail,rhat,rhat_warn,ess_bulk_warn,ess_tail_warn,ess_warn
"parameters[1, 1]",1.7701541201260322,2.424676661171477,7017.139120415443,2774.287621526652,1.001233968446255,false,false,false,false
"parameters[2, 1]",0.8885534849293524,0.5219384897100877,2203.179187036022,1057.2476688069846,1.0018029904267332,false,false,false,false
"parameters[3, 1]",0.8187299985159618,0.3630412027465702,2396.873498395245,1363.6327805272504,1.0022148206837411,false,false,false,false
"parameters[4, 1]",-4.883827092932708,0.9726253250199296,4917.072676161516,2542.457451337263,1.0001896041768366,false,false,false,false
"parameters[1, 2]",1.9110182406257172,2.479531770888924,8070.8356704610915,2827.4843429805223,1.0004172294771483,false,false,false,false
"parameters[2, 2]",0.36089764607900326,0.33115277989283726,3261.1987877841484,2290.348229757911,1.0004096017514672,false,false,false,false
"parameters[3, 2]",0.9291665410644191,0.36629826248445846,3697.8521594441754,3099.6799313773863,1.0017686711465208,false,false,false,false
"parameters[4, 2]",-5.16795641943231,0.9787729193272906,6478.159803534974,2228.9843486439386,1.001434202075724,false,false,false,false
"parameters[1, 3]",1.7208502688209824,2.428865511123233,7686.987945906351,2956.345318926333,1.0011376316686122,false,false,false,false
"parameters[2, 3]",2.2379215429690094,0.6582577331630923,4657.716584998704,2433.2665809365913,1.000455424566652,false,false,false,false
"parameters[3, 3]",0.8194773745419718,0.22790721526036248,4443.669059691469,2813.2032921938903,1.0017005820658065,false,false,false,false
"parameters[4, 3]",-4.88875941216773,0.9985096559489858,5215.329484519429,2770.623051352559,1.0006405777363603,false,false,false,false
"parameters[1, 4]",1.6668104155438415,2.042733664707632,7593.462914503416,3275.248949231488,1.0013222863726987,false,false,false,false
"parameters[2, 4]",0.6743238928615433,0.5290761021636392,3741.5053407175474,2394.2152565156694,1.002071112491948,false,false,false,false
"parameters[3, 4]",1.1863837422546046,0.45276257718601176,3671.444075059946,3317.3290529540914,1.00025582359419,false,false,false,false
"parameters[4, 4]",-5.258092672875936,0.9615734806048005,7097.8231864728305,2678.3818101935613,1.002499449319905,false,false,false,false
"parameters[1, 5]",1.892872565055658,2.4392353690853277,7599.174712413404,2777.7510000697375,1.000062532025134,false,false,false,false
"parameters[2, 5]",0.5545804008462986,0.39965011895864266,3008.3388225087288,2321.933380379983,1.0007644421528064,false,false,false,false
"parameters[3, 5]",0.9779204729552644,0.35992184489884205,2892.7699270176736,2891.515567061732,1.0016102411009835,false,false,false,false
"parameters[4, 5]",-5.328496665169814,0.9377432579199313,6571.919611398464,3006.9338667349202,1.0007967973135732,false,false,false,false
"parameters[1, 6]",1.386032926019009,1.80086775659341,6616.662662941649,2923.364351105669,0.9994817248094722,false,false,false,false
"parameters[2, 6]",0.5049920702966026,0.3511817091581677,2284.757811956262,1409.1151894617624,1.0006884205727364,false,false,false,false
"parameters[3, 6]",0.7453535806124941,0.25689383631593804,2603.248597901909,1726.5702747670693,1.0002254161848698,false,false,false,false
"parameters[4, 6]",-5.079578135701318,1.0210492579642467,5538.910661867313,2262.0774971145433,1.0007464406324202,false,false,false,false
"parameters[1, 7]",1.6915548985406748,2.01727354209531,6282.917242477361,2965.8839912691205,1.000070239184837,false,false,false,false
"parameters[2, 7]",1.1222080433172799,0.58869239910466,3318.573860451527,2192.4138398217015,1.002551352913953,false,false,false,false
"parameters[3, 7]",0.8178493676087623,0.3578498635202464,2970.422040412512,2859.8109187060427,1.0014420847907461,false,false,false,false
"parameters[4, 7]",-5.211691917534717,0.966062919660191,5484.687710604879,2592.6304922436384,1.0002030039006307,false,false,false,false
"parameters[1, 8]",1.6528445607576563,2.061661056895725,6962.542928282093,2837.9880151626194,0.9997019667946041,false,false,false,false
"parameters[2, 8]",1.019477078694883,0.6083003789220465,3914.532369200896,2350.3236495010133,1.0001626328108832,false,false,false,false
"parameters[3, 8]",1.198312966663902,0.3980768997576639,4274.734332491753,2504.0792361802855,1.0003344608640001,false,false,false,false
"parameters[4, 8]",-5.321579604004476,0.9571822850610218,5696.378431993848,2305.2384830144933,1.0002039176647934,false,false,false,false
"parameters[1, 9]",1.0477338787594421,1.1508112276010845,7110.956440377136,2542.390917453666,1.000292865292037,false,false,false,false
"parameters[2, 9]",1.4427953177200876,0.497860371414885,3853.4862488977556,1956.8797109703223,1.0005130465068628,false,false,false,false
"parameters[3, 9]",0.6988651995277347,0.301796015115154,3508.91240675205,2517.0513787881364,1.0010689346508546,false,false,false,false
"parameters[4, 9]",-5.453203025395009,0.8647907443544788,5844.880628573616,2625.6091365236516,1.000230478721574,false,false,false,false
"parameters[1, 10]",1.641871117725318,1.959031903375942,6232.946637477563,2885.536155731443,1.0007392769433412,false,false,false,false
"parameters[2, 10]",1.0271279130430189,0.6145431550918523,3505.6286254349625,2070.3562102167,1.0007967312926638,false,false,false,false
"parameters[3, 10]",1.2476472980379654,0.4434550721122496,3764.818000775353,3358.917726669858,1.000679985949006,false,false,false,false
"parameters[4, 10]",-5.194003685409514,0.9914395943577646,5851.376054683256,2332.8968540089777,1.0023514533869633,false,false,false,false
"parameters[1, 11]",0.9658830148955039,1.2173703986696702,7147.111159326865,2861.3420635237762,1.0006630608613911,false,false,false,false
"parameters[2, 11]",1.647332133493475,0.5605115269074346,4819.281416271921,2309.1684476682735,1.000721759546847,false,false,false,false
"parameters[3, 11]",0.752515675974067,0.27679237958634056,3940.3877128425574,2549.1055325002517,1.0005113242774035,false,false,false,false
"parameters[4, 11]",-4.8254646638166845,0.9430893378365116,5790.063920415773,2347.969251025712,1.001100267977528,false,false,false,false
"parameters[1, 12]",1.5035825889724515,1.8955389738689892,7911.038566286896,2869.3442338708874,1.0012867271091352,false,false,false,false
"parameters[2, 12]",1.1492082126493015,0.6223330854467218,4283.577880508011,2512.4785773308377,0.9995011329949859,false,false,false,false
"parameters[3, 12]",1.368122570630249,0.45372476598846234,5016.096888390208,3080.9652880728086,1.001607302404197,false,false,false,false
"parameters[4, 12]",-4.5235571845055365,1.3450719891779337,3493.3495918909757,1761.6796846953036,1.0015782917905476,false,false,false,false
"parameters[1, 13]",1.8025312108288776,2.229408640836527,6471.193412334149,3063.1949467541954,0.9997050505963212,false,false,false,false
"parameters[2, 13]",0.7113879973447365,0.4864319585390107,4101.192966051463,2441.756548664521,1.0006889552175522,false,false,false,false
"parameters[3, 13]",1.1843526340709314,0.4438519856542696,3749.2050996838393,3248.2602817955863,0.9999612335674312,false,false,false,false
"parameters[4, 13]",-5.403945641134105,0.9764538154740308,6310.04761803022,2618.383799961215,1.000896611932826,false,false,false,false
"parameters[1, 14]",0.9880568021699998,1.1300897067215079,5899.494794390477,2865.0799008213376,1.0012607556619362,false,false,false,false
"parameters[2, 14]",1.078902043380443,0.372943023756677,2588.5775675945392,1024.2631557299105,1.0010350078840047,false,false,false,false
"parameters[3, 14]",0.39442555829765424,0.1497190265136587,2340.90895724227,1156.5776432257596,1.001256634157538,false,false,false,false
"parameters[4, 14]",-5.677505059594783,0.8910216941218889,4567.461467660468,2586.0641341424416,1.0024953537501606,false,false,false,false
"parameters[1, 15]",2.0208408017666075,2.0219024189200288,5860.177064932245,2614.1146824086436,1.0021791099920203,false,false,false,false
"parameters[2, 15]",1.9853236503242229,0.7052622396449176,3050.103228637055,2156.6849753008855,1.0007923083157435,false,false,false,false
"parameters[3, 15]",0.4500857940399005,0.3047254804255379,2562.6774842927384,2185.723760855399,1.0002320064675259,false,false,false,false
"parameters[4, 15]",-5.343089990649582,0.8882205318091841,5332.192289278319,2473.0446646397477,1.0007770649266936,false,false,false,false
"parameters[1, 16]",1.8614782911507228,2.2485080842212204,7192.115353817803,2910.47576004718,1.0031547141048893,false,false,false,false
"parameters[2, 16]",1.5066148624499396,0.6995850375380683,4887.5889609795995,2429.4980065472196,1.0002355544588843,false,false,false,false
"parameters[3, 16]",1.4292603661487138,0.46966909783960437,5271.541643442547,3274.6191020936194,1.0004365534907982,false,false,false,false
"parameters[4, 16]",-5.150865614270839,1.0103543125327756,5464.184691035238,2358.6576965078098,1.0001404232418933,false,false,false,false
"parameters[1, 17]",2.0660572476234855,2.8431961701100925,6639.9890991335305,3038.779555495957,0.999596068294863,false,false,false,false
"parameters[2, 17]",1.3919742849142343,0.6838840130284461,3865.8232490939236,2015.2813590397907,1.0002134091476629,false,false,false,false
"parameters[3, 17]",1.1867024295358264,0.37450439674540387,4413.755708875171,2975.4824063326564,1.0000644278254218,false,false,false,false
"parameters[4, 17]",-5.070533808837019,1.0227224860425277,5560.754450707658,1999.6703852911319,1.0004252600815298,false,false,false,false
"parameters[1, 18]",2.0487231834475708,2.7096883645322465,6308.429212319152,3073.469110386285,1.0000051964409988,false,false,false,false
"parameters[2, 18]",1.273887752532819,0.6424372687983996,4662.901267985885,2329.201505172448,1.0002997500971482,false,false,false,false
"parameters[3, 18]",0.7467947442830981,0.18836777651089476,4741.008665279017,2802.9043082949224,1.0040770078432741,false,false,false,false
"parameters[4, 18]",-5.081198890192805,0.9781183732498654,5397.145323047367,2234.642329698415,1.002703860128099,false,false,false,false
"parameters[1, 19]",1.971307010675816,2.492155092805186,6392.321525519047,2992.9961258729963,0.9995943373611844,false,false,false,false
"parameters[2, 19]",0.80997746211873,0.4664224541603025,2838.6025485217574,2087.6031757731002,1.0004155797051615,false,false,false,false
"parameters[3, 19]",0.6779838427649784,0.2583061204385456,2653.9148496773946,2199.53148703928,1.001221167067779,false,false,false,false
"parameters[4, 19]",-4.917293979474829,1.0139317483589145,5273.258327745156,2181.831580977604,1.0040521287924613,false,false,false,false
"parameters[1, 20]",1.2321562776791735,1.456869886576665,7515.380461067472,2954.8469129229516,0.9997886252443206,false,false,false,false
"parameters[2, 20]",0.9830841286684919,0.42125073080159,2397.6082497929474,1388.5455896125552,1.0009681783970215,false,false,false,false
"parameters[3, 20]",0.4943982461687327,0.2026997721672923,2178.5113454027774,1336.5745114978513,1.0025181694146759,false,false,false,false
"parameters[4, 20]",-5.537741262805248,0.9171026839434598,5369.109324125378,2558.0373132864283,1.0011099354370407,false,false,false,false
"parameters[1, 21]",1.8496932033138005,2.241707341051944,6392.683462422953,2840.7040849783925,1.001708382396913,false,false,false,false
"parameters[2, 21]",0.7451127149249784,0.4773319191640304,4149.327931368201,2938.5225778204563,1.0000129352268203,false,false,false,false
"parameters[3, 21]",1.1918856364892296,0.4152519814750237,4561.216639483562,3106.7038276540616,0.999896171979773,false,false,false,false
"parameters[4, 21]",-5.346998316037119,0.964493519967895,5844.199559118474,2529.479646656068,1.0002169809599641,false,false,false,false
"parameters[1, 22]",1.7764572840467732,2.2243932906142985,7076.164675675178,2274.622079564469,1.0003761815405714,false,false,false,false
"parameters[2, 22]",2.051683462805052,0.716736714941552,4756.991829760198,2633.5517416882094,1.0000096106659404,false,false,false,false
"parameters[3, 22]",1.6069344782549961,0.6130709484158663,4460.921482694286,3003.1558449592007,1.0000245220641495,false,false,false,false
"parameters[4, 22]",-5.050896000597697,1.0009412143285104,7096.746216059493,2919.1403541562504,1.0003676856705308,false,false,false,false
"parameters[1, 23]",1.4193491391962811,2.0475570055298498,7036.997425938097,2873.9541681436417,1.000181231063695,false,false,false,false
"parameters[2, 23]",1.1693997842734247,0.6537969297275171,5207.610774988826,2459.0363405871417,1.0005262403987858,false,false,false,false
"parameters[3, 23]",1.6964791590473365,0.503992754131872,5542.603212660472,3413.700350190877,0.999988365211965,false,false,false,false
"parameters[4, 23]",-5.13478656994417,1.024750208331384,6440.602899217439,2041.6687521882402,1.0021729601418599,false,false,false,false
"parameters[1, 24]",1.4693213629989845,2.3083159134807882,8070.445911465297,2751.015698041945,1.0019514466101516,false,false,false,false
"parameters[2, 24]",1.1544517858858432,0.6319019225838893,4730.000985737983,2567.606299217494,1.0002115240776024,false,false,false,false
"parameters[3, 24]",1.4105854219470833,0.4618290285586502,4961.5295375674,3270.776046804558,1.0026010794684594,false,false,false,false
"parameters[4, 24]",-4.862731505231447,1.048316901066961,4705.250052988085,2401.4148330845837,0.9998193952860893,false,false,false,false
"parameters[1, 25]",1.5663827951274665,2.261688344048765,6718.944836395796,3085.7482849908,1.000320289225703,false,false,false,false
"parameters[2, 25]",1.3231279077463154,0.48596604461620846,6758.1519377898385,2417.234039715911,1.000015401009629,false,false,false,false
"parameters[3, 25]",0.5963429798496134,0.15285309254756166,5085.660725271774,2625.454336329813,1.0005354815928007,false,false,false,false
"parameters[4, 25]",-4.479189332127889,1.0527967779795868,4206.979064655992,2182.876020441947,1.000847998189612,false,false,false,false
"parameters[1, 26]",2.23187978421463,2.535696297392521,6381.541837933249,2485.351851791353,0.9999743903260021,false,false,false,false
"parameters[2, 26]",1.2014187090019546,0.5432229964033618,3069.69388961869,1782.8344233737157,0.9999063149662504,false,false,false,false
"parameters[3, 26]",0.5187262901835046,0.20632454333976458,3183.7210928233244,2044.8971809762324,1.0007187580624242,false,false,false,false
"parameters[4, 26]",-4.6958116983139675,0.9623434831914537,6082.146517507859,2668.990024751538,1.0006129700922741,false,false,false,false
"parameters[1, 27]",1.4558552463327503,1.7234283929236538,6120.076624123984,3182.733480374239,1.000299960635502,false,false,false,false
"parameters[2, 27]",0.9383447689606174,0.4108737043307347,2978.8800294650305,1559.4939688959068,1.0011758317588542,false,false,false,false
"parameters[3, 27]",0.5515698219269543,0.16884117491312273,3359.003091505516,2307.341932915079,1.0008539746868625,false,false,false,false
"parameters[4, 27]",-5.085999611843758,1.0134623687061612,5014.348462052633,2557.9294835139262,1.0006465006787653,false,false,false,false
"parameters[1, 28]",1.5366464290236617,2.1110329606237754,6603.347572011725,2821.9182362125357,1.0002668145254554,false,false,false,false
"parameters[2, 28]",0.4928985073830247,0.4156119780619907,3429.942125675614,1953.8012562190206,1.0008413702169345,false,false,false,false
"parameters[3, 28]",0.7624287730122442,0.20762928029059455,4368.043655096986,2549.233569045018,1.0009148931961342,false,false,false,false
"parameters[4, 28]",-4.995711490875131,1.0694056879467497,4895.568385351168,1790.2259450226843,1.0003902743543978,false,false,false,false
"parameters[1, 29]",1.8580992741122213,2.4652977373642173,7350.5647445976965,2738.360984308337,1.0013223262399629,false,false,false,false
"parameters[2, 29]",0.9585461908007469,0.5920047130408839,3188.1828144302453,1819.4112663866445,1.0004410871010594,false,false,false,false
"parameters[3, 29]",0.9768850542665304,0.3405890153640385,3145.3233641846305,2266.669058707221,1.0021793670949972,false,false,false,false
"parameters[4, 29]",-4.247653208519021,1.1439212530519114,3520.5063040405234,1959.1327223140515,1.0014531141233074,false,false,false,false
"parameters[1, 30]",1.8953993384767023,2.7200976286958465,7084.929521971857,2861.309714945103,1.0010971206388766,false,false,false,false
"parameters[2, 30]",0.5289980206734929,0.5093625863567048,4252.503982659988,3334.7876963716853,0.9998436470493697,false,false,false,false
"parameters[3, 30]",1.478237146575955,0.49891391237404503,3188.414760830972,2681.8451857100144,0.9995701445784048,false,false,false,false
"parameters[4, 30]",-5.204527389221167,0.9898304452044027,6055.07375419459,2484.866591247856,0.9997335932447823,false,false,false,false
"parameters[1, 31]",1.155101011500797,1.1612215109935005,6163.8841474997635,2696.6985151665217,1.0000393000065226,false,false,false,false
"parameters[2, 31]",2.5455365425224477,0.5882032284633976,7845.9859513478805,2717.9623591916975,1.0003911285352367,false,false,false,false
"parameters[3, 31]",0.5077598729736805,0.126922967402024,6395.089213844673,2981.6093915039846,1.0017614959681205,false,false,false,false
"parameters[4, 31]",-4.842734744905385,1.0133522739942418,6394.10891059446,2250.8139781461905,1.0002074966779566,false,false,false,false
"parameters[1, 32]",1.4246028887117586,1.6314474761905375,5065.014912418549,2252.467961810119,1.0004085305173973,false,false,false,false
"parameters[2, 32]",2.7346671713770783,0.5880959409783149,6449.242498130859,2411.23667161387,1.000876205881256,false,false,false,false
"parameters[3, 32]",0.5285066426891011,0.1402914446397233,5490.807422134149,3385.972038271989,0.9996248831778672,false,false,false,false
"parameters[4, 32]",-4.972790772620518,1.03757670370687,4790.786596828359,2274.3052771899693,1.0006249695849918,false,false,false,false
"parameters[1, 33]",1.2132633893283506,1.0944447887997364,5383.671877804846,2903.921907411585,1.0040699931258452,false,false,false,false
"parameters[2, 33]",2.0946531530291117,0.47708495848756255,5970.367263797705,3391.5633600011906,0.9998687659335642,false,false,false,false
"parameters[3, 33]",0.2424730934478865,0.08135462120727663,6351.158174140759,3269.1920324285757,1.0016137618095335,false,false,false,false
"parameters[4, 33]",-5.022654698170732,0.9749277225466246,6636.440134924647,2683.5154118428245,1.0003136933049972,false,false,false,false
"parameters[1, 34]",1.8778603376505503,1.6588933114795954,4702.408140365926,2810.8704287224627,0.9997687565237801,false,false,false,false
"parameters[2, 34]",2.3547318148803265,0.5153526806576669,2424.940255501614,1343.0446979939748,1.002407423246356,false,false,false,false
"parameters[3, 34]",0.33657583640465577,0.1744781841218656,2390.0829109358147,1232.5207564157085,1.0028584777668939,false,false,false,false
"parameters[4, 34]",-5.675618294332504,0.8438172866922461,5770.972440563281,2712.231898374166,0.9996731127922589,false,false,false,false
"parameters[1, 35]",0.8899536555317583,0.835236468474807,7674.855025166898,3064.3576760161877,1.0007062189554463,false,false,false,false
"parameters[2, 35]",1.1946634404926177,0.4002834183591545,2026.416801505142,888.543630350195,1.0013422172077047,false,false,false,false
"parameters[3, 35]",0.388499748798127,0.16788964843775167,2095.3498992021023,880.3137022554492,1.0026809381854072,false,false,false,false
"parameters[4, 35]",-6.005905535708773,0.8553014666604901,4841.948140082834,2277.078027416779,1.0002232704700413,false,false,false,false
"parameters[1, 36]",1.435103131404502,1.9159452442282603,6575.775613480803,2537.33206609453,1.0003249553387956,false,false,false,false
"parameters[2, 36]",0.6685841165453212,0.4321689599910738,3420.1593147279664,2343.196503210343,0.9996127312267575,false,false,false,false
"parameters[3, 36]",0.8879559266813858,0.3439763560572917,2976.7596855836277,2315.706171433382,1.0015834924509965,false,false,false,false
"parameters[4, 36]",-5.322179821430644,1.034568850795705,5352.980221021726,2313.3607737874045,1.0011466235476805,false,false,false,false
"parameters[1, 37]",0.8451990808170073,0.9056911206647031,6005.981728846753,2815.7413857918823,1.0004502267204873,false,false,false,false
"parameters[2, 37]",1.4494113497676058,0.23664161304243983,3753.411067676786,2526.250547792294,1.0024594378484812,false,false,false,false
"parameters[3, 37]",0.3191948119668553,0.08089369726942444,4989.812740760999,3160.546985562068,0.9994730705426912,false,false,false,false
"parameters[4, 37]",-5.317713739275723,0.8907183519470016,5682.48460689106,2521.052668256128,1.000358265044512,false,false,false,false
"parameters[1, 38]",1.0925487911476301,1.2282224443992922,6913.598529970651,2834.4412563769956,1.000906938078882,false,false,false,false
"parameters[2, 38]",1.1323313104163375,0.3316262465321782,4066.2676546881194,2730.870273685766,0.9997097974926373,false,false,false,false
"parameters[3, 38]",0.4526535796669524,0.1232347480749447,4260.501546664056,3008.417526410854,0.9997159522294287,false,false,false,false
"parameters[4, 38]",-5.162430268748114,0.9516141582220453,6573.507678608981,2303.7270856814525,1.0068718101099705,false,false,false,false
"parameters[1, 39]",1.671005244036388,2.2048488121463197,6150.613369592396,2842.776970209203,1.0012222144043341,false,false,false,false
"parameters[2, 39]",0.7147621670331871,0.36364402165203336,3433.8283857339984,2332.7911387094355,1.0006083164630992,false,false,false,false
"parameters[3, 39]",0.5726567201672322,0.19544068604392767,3239.1681039343284,2685.510341042877,1.0009179814798328,false,false,false,false
"parameters[4, 39]",-5.525123691845241,0.9322610677611638,6570.630690125431,2599.825832312596,0.9999934290586678,false,false,false,false
"parameters[1, 40]",1.712960966036023,1.822511845526926,7367.683889948339,3064.254587846124,1.0005755682008124,false,false,false,false
"parameters[2, 40]",2.970387971374463,0.5299037432515997,4885.688543503159,2753.502496110581,1.0022050629450028,false,false,false,false
"parameters[3, 40]",0.4105025203022659,0.10725205905337654,5125.851253193637,2933.67548395084,1.002636969735405,false,false,false,false
"parameters[4, 40]",-4.425525728978363,0.9779728478841261,4173.221605065694,2493.7382176819024,1.0010508578015092,false,false,false,false
"parameters[1, 41]",0.9426929793430877,0.9287928427368864,6472.903369464822,3344.0321207245943,1.0005026158295711,false,false,false,false
"parameters[2, 41]",2.3480302458950666,0.6163892070777824,5792.763025642564,2476.7250370500924,1.0021504584668999,false,false,false,false
"parameters[3, 41]",0.9398506019693805,0.42700281249404215,5354.662974849121,3087.106748449523,1.0005847155022738,false,false,false,false
"parameters[4, 41]",-5.49535988414829,0.9755674832192831,6593.26545498234,2564.1349012810647,1.0016140512515428,false,false,false,false
"parameters[1, 42]",1.7043551202231733,1.980067027129711,6456.440038545718,2855.0078007285642,1.002329435662738,false,false,false,false
"parameters[2, 42]",1.936595033908708,0.6840738189323643,5755.424456724712,2312.409302645975,1.000585469997001,false,false,false,false
"parameters[3, 42]",1.8673842649168382,0.5937141304087806,5407.812520358558,2832.9230577296807,1.0005499250824603,false,false,false,false
"parameters[4, 42]",-5.218921027928611,0.9970771649496258,6731.522126486871,2292.058593197334,1.001528414600048,false,false,false,false
"parameters[1, 43]",0.8771541103493191,0.9018030233497542,5450.4717702939115,2663.900371240859,1.0015242150099803,false,false,false,false
"parameters[2, 43]",2.2952134861868934,0.5359239195379454,5794.5845559577765,2641.930338763306,0.9997727623773168,false,false,false,false
"parameters[3, 43]",0.708026664100908,0.28947615492177586,4697.887113535741,2501.462353075385,1.001741410590367,false,false,false,false
"parameters[4, 43]",-5.118871715284653,0.9044130645120301,6199.638983670274,1866.2583549355525,1.0029729729016073,false,false,false,false
"parameters[1, 44]",1.729420836122399,2.4421805848737024,7956.222695118458,2850.574178693788,1.0006036043847564,false,false,false,false
"parameters[2, 44]",2.258167704400369,0.7082063364132433,5197.474428503716,2569.0427688582295,0.9996237848976981,false,false,false,false
"parameters[3, 44]",1.7785085572995765,0.6077827154771985,5178.183012225384,3060.3432122355416,1.0004267067209645,false,false,false,false
"parameters[4, 44]",-4.62609593033097,1.0655758426794886,4700.575469376756,1984.7949496395092,1.0002960243575045,false,false,false,false
"parameters[1, 45]",0.5942882084874836,0.7707712038494815,7693.24665268744,2854.787918384959,1.0025819459401506,false,false,false,false
"parameters[2, 45]",2.273786843998575,0.6707060725657517,6647.203787838904,2467.178528740496,1.001530129285195,false,false,false,false
"parameters[3, 45]",1.2875523193398213,0.3485065125906059,5535.997221772447,3267.876965690778,1.0006780511459261,false,false,false,false
"parameters[4, 45]",-3.668891535352641,1.0919374376937998,4320.37359357262,2230.1417601902876,1.001300508373571,false,false,false,false
"parameters[1, 46]",1.8533344581862026,2.247651782589847,7953.21902695938,3026.3866400829606,1.0009486368605922,false,false,false,false
"parameters[2, 46]",1.354465956343898,0.6733226732361683,4598.046522245572,2388.259561595151,1.0006912507232646,false,false,false,false
"parameters[3, 46]",1.5224929588315008,0.5196754559428525,4986.105678622075,3412.1897432935984,1.0007930207059115,false,false,false,false
"parameters[4, 46]",-5.249001924474889,0.9854716073614845,6119.800088347458,2504.809138526322,1.002717735477511,false,false,false,false
"parameters[1, 47]",1.6827337415426253,2.059027057893892,6772.203913710484,2517.8050562062194,1.0005724638243454,false,false,false,false
"parameters[2, 47]",1.262182778974126,0.6482445947410169,4345.6328036168225,2441.559662914855,0.9997608195141641,false,false,false,false
"parameters[3, 47]",1.5167487455905713,0.5040192193034091,4524.390087966384,3193.5167188070013,0.9993838608544874,false,false,false,false
"parameters[4, 47]",-5.315400705397382,0.9701373646886049,6184.92797599749,2211.4080180532583,1.0010605244662694,false,false,false,false
"parameters[1, 48]",1.2899474098360515,1.6820373498087737,6929.808998534077,2622.690714603063,1.0004022784387947,false,false,false,false
"parameters[2, 48]",1.7886498983279826,0.6298021919196419,5941.246933327175,2329.7809347288053,1.0012837536452506,false,false,false,false
"parameters[3, 48]",0.8228414417340284,0.21019811063559393,4702.635452421444,2939.065150312363,1.0014875127260248,false,false,false,false
"parameters[4, 48]",-4.736214992101321,1.1140282976250249,3294.2285243207084,1215.4166266558966,1.001082580752712,false,false,false,false
"parameters[1, 49]",1.7833936818685014,2.3183142320772294,7068.951515334422,3104.927736386062,1.000727281046427,false,false,false,false
"parameters[2, 49]",1.2999002933554855,0.64066265459904,4365.714339413077,2307.8197809909943,0.9997359246668833,false,false,false,false
"parameters[3, 49]",1.3568044128379604,0.4437059605716726,3701.9024802451704,2792.072227986518,1.000007374182799,false,false,false,false
"parameters[4, 49]",-3.8779632496555956,1.087938961701222,5317.164610724421,2412.638911705251,1.0003865182654945,false,false,false,false
"parameters[1, 50]",1.7873387268744911,2.0695642279169086,7851.195469005981,3067.3483057718163,1.0011430522962865,false,false,false,false
"parameters[2, 50]",0.8996535658187702,0.5901676334111261,3755.65837951,2444.557293584677,1.0012851590487268,false,false,false,false
"parameters[3, 50]",1.548341669435133,0.4986377971088352,3775.179199227058,2818.697437469308,1.0010972276301062,false,false,false,false
"parameters[4, 50]",-5.261193905031674,1.017701829266886,5723.235227260589,2094.44092856373,1.0007144511704282,false,false,false,false
"parameters[1, 51]",1.3083579538496828,1.4979514248523451,8548.486997287906,2888.533024279198,1.0001206067078474,false,false,false,false
"parameters[2, 51]",1.4151190903930255,0.6312808502940404,3872.258770594339,2093.564282081964,0.9998699148568059,false,false,false,false
"parameters[3, 51]",1.0301924126562947,0.42771706538360976,3618.7391584284665,2871.059789671823,1.0002420107824488,false,false,false,false
"parameters[4, 51]",-5.1524612913548715,0.9568006923739072,6265.784185462818,2262.035921891065,1.002498050149414,false,false,false,false
"parameters[1, 52]",2.209566295964425,2.269162752492521,4977.50346269139,2613.0930111729285,1.0007583784670897,false,false,false,false
"parameters[2, 52]",1.0728552281710149,0.42323646777246143,3590.678470253939,2879.0074009364885,1.0001905747959299,false,false,false,false
"parameters[3, 52]",0.3946507975783416,0.1239101140309543,3342.828987058095,2905.1021588673025,1.000647548735809,false,false,false,false
"parameters[4, 52]",-5.664864686200812,0.889986044114567,5837.701716361976,2286.5138347184698,1.0008186957420595,false,false,false,false
"parameters[1, 53]",2.6708185348798956,2.91825243635114,4835.4158609852275,2750.8989439829115,1.0003023369966788,false,false,false,false
"parameters[2, 53]",1.2127612286608092,0.5073321351851978,3370.710379981825,2322.0010582562604,1.000344547146232,false,false,false,false
"parameters[3, 53]",0.4002101294662221,0.14216276586056031,3097.151308455703,2327.398907659994,1.000609962195044,false,false,false,false
"parameters[4, 53]",-5.571156818175497,0.9191770042093234,5591.079983006389,2329.2919386592157,1.0057974748457628,false,false,false,false
"parameters[1, 54]",1.642874136628777,1.893554728843017,4642.425535788127,2793.4647014811976,1.0011518666814694,false,false,false,false
"parameters[2, 54]",0.854144916858985,0.35545891156643594,3057.018101218254,2454.378363608055,1.0005754783502336,false,false,false,false
"parameters[3, 54]",0.48573246135987846,0.14411680070625513,2899.7523514237764,2438.175405874834,1.000337475463529,false,false,false,false
"parameters[4, 54]",-5.644159806249259,0.890122839623976,5718.819349678258,2529.499272722245,1.0027836823706158,false,false,false,false
"parameters[1, 55]",1.649913756501857,2.147833016731478,7810.352038016569,2975.5034577474585,0.9999652866435824,false,false,false,false
"parameters[2, 55]",0.39070043297155593,0.2965825119171899,4958.4242131547435,2682.816937899527,1.0012086372720057,false,false,false,false
"parameters[3, 55]",0.7735827409966428,0.21250729572476126,5339.270903647285,2522.012249538175,1.0002828940058734,false,false,false,false
"parameters[4, 55]",-5.315758511772146,1.0014388206734215,5412.512534333511,2171.372195129332,1.003271085997998,false,false,false,false
"parameters[1, 56]",3.100209062005711,4.042476803027532,5469.802215514855,3237.935236221913,1.0000641998713804,false,false,false,false
"parameters[2, 56]",0.7967829003512049,0.4873385552427985,4863.595601976723,2908.481757842207,1.0007619683173439,false,false,false,false
"parameters[3, 56]",0.2826263235853826,0.10890978477721738,4490.024655891478,3252.7500677404487,1.0002518990384637,false,false,false,false
"parameters[4, 56]",-4.998175689993943,1.0188127541393286,4069.4443944557042,1808.3694147013168,1.0007703382766229,false,false,false,false
"parameters[1, 57]",1.4644922153822222,1.80089029018408,5378.2584146359195,3251.3820329109394,1.0000709880862344,false,false,false,false
"parameters[2, 57]",1.7343960225226083,0.6306771248784484,5228.275624836828,2166.904258268583,0.9998448943545212,false,false,false,false
"parameters[3, 57]",0.6288138835500197,0.14059530816689653,4868.576112519167,3328.0546786630484,1.002195801840565,false,false,false,false
"parameters[4, 57]",-5.382011917612039,0.9396747434270326,5689.39094349163,2229.6809304694734,1.0007500263640112,false,false,false,false
"parameters[1, 58]",2.224574298261887,2.6673660920540163,6726.733662458506,3087.595082660566,0.9999419103996459,false,false,false,false
"parameters[2, 58]",0.7011839960284127,0.46047829534563645,3038.787110362494,2109.6813806551586,0.9999648985656545,false,false,false,false
"parameters[3, 58]",0.7979551848737046,0.3404286837639559,2790.7359695589,2209.9505434022212,1.00056697800292,false,false,false,false
"parameters[4, 58]",-5.337667953690966,0.9318385290951301,4835.937054912936,2113.9241004030146,1.001349726525682,false,false,false,false
"parameters[1, 59]",2.121011259015747,2.5609686833560774,8604.573225834854,3008.9714996976595,1.0013034424131282,false,false,false,false
"parameters[2, 59]",1.137881641695367,0.5882869971170377,3301.6941263634003,1648.1807789022048,1.0007865995578171,false,false,false,false
"parameters[3, 59]",0.9061730780072337,0.3382504117563228,3236.639592395805,1877.8422787756592,1.0001501589584394,false,false,false,false
"parameters[4, 59]",-4.9085555813332995,0.9910903595124522,7424.655327493958,2537.0357785737006,0.9996697714951506,false,false,false,false
"parameters[1, 60]",0.9982485451358546,1.0662440189573759,7140.398066655445,2620.888450453891,1.0034802757333758,false,false,false,false
"parameters[2, 60]",1.6360097962993205,0.520778291536253,3930.80046866219,1985.3020075515392,1.0003817905815302,false,false,false,false
"parameters[3, 60]",0.7048484654609629,0.20189002981944504,4105.918043152637,2521.630632955608,1.0001220633355834,false,false,false,false
"parameters[4, 60]",-5.190377490088804,0.9774409839167074,5344.402600884721,2258.414400224782,1.0010449991791321,false,false,false,false
"parameters[1, 61]",1.766242552980686,2.2902375420491303,5672.877544739853,2781.5803184129727,0.9996822656431116,false,false,false,false
"parameters[2, 61]",0.3937786591734033,0.3716171670123728,3585.9471590695903,2530.172394593527,0.9998540684825843,false,false,false,false
"parameters[3, 61]",1.262917823712765,0.4559901850135607,3472.3699951738226,3130.607032335309,0.999896598393673,false,false,false,false
"parameters[4, 61]",-5.055313819241148,1.0193928059397488,5881.875693439755,2604.6752403255205,1.0016788398479195,false,false,false,false
"parameters[1, 62]",1.661477285453992,2.251109172118027,8025.943776782747,2725.029673328961,1.0002236388315633,false,false,false,false
"parameters[2, 62]",0.4538293065624686,0.34232813461463885,3495.9111956363863,2449.282070893449,0.999701840685729,false,false,false,false
"parameters[3, 62]",1.0013157978733644,0.3479960395059073,3333.558183726942,2950.042653918731,0.9998064116579063,false,false,false,false
"parameters[4, 62]",-5.312804202835807,0.9831912822362561,6228.069597532443,2688.8145210645134,1.0032138105759103,false,false,false,false
"parameters[1, 63]",1.6869418955181714,2.24933062947693,7097.559983736849,3331.892596518113,0.9994066791270352,false,false,false,false
"parameters[2, 63]",0.6070420046664188,0.4934975130735029,3055.7599965528084,1787.6681829358793,1.000480741362931,false,false,false,false
"parameters[3, 63]",1.2936085328408384,0.44758266183582357,3387.9233892080238,2222.2092596215725,1.0003922851311868,false,false,false,false
"parameters[4, 63]",-5.313800867860086,0.9764177045517153,7662.606247810467,2709.9975728384925,1.0033568013742735,false,false,false,false
"parameters[1, 64]",1.8176316600440527,2.2060820926397393,6027.443320735916,2686.8776651906746,0.9998174201799666,false,false,false,false
"parameters[2, 64]",0.5585037113424928,0.4474492676450117,4239.523712116601,2845.001696699271,0.9997127637103485,false,false,false,false
"parameters[3, 64]",1.3305764143010552,0.4137094933282016,4122.914732084106,3259.5177938310853,0.9995376750068837,false,false,false,false
"parameters[4, 64]",-5.281288059297343,0.9943347112771728,6726.450350801857,2100.3969414583426,1.0016460160244876,false,false,false,false
"parameters[1, 65]",1.8614121433667452,2.3215668466849655,5867.235188269831,3107.10689261056,1.0008697768259163,false,false,false,false
"parameters[2, 65]",1.5396790606128734,0.6049407567190709,3977.9303508098733,2033.7925503928443,1.003068546693199,false,false,false,false
"parameters[3, 65]",0.7309353393130784,0.20428591562780077,4471.638536942481,2707.616049252501,1.0003281975636744,false,false,false,false
"parameters[4, 65]",-4.61030697415179,1.1473043034567623,4010.5812703066094,1887.587395875099,1.0000204674982285,false,false,false,false
"parameters[1, 66]",1.8690457325900376,2.3365796612804988,6752.837251543004,2816.123435881966,1.0004162999586492,false,false,false,false
"parameters[2, 66]",0.760960193264827,0.5205724272183503,3670.2540311430917,2256.1101825408145,1.0004459551665628,false,false,false,false
"parameters[3, 66]",0.9149106683373609,0.3152684295202321,3768.5918200371148,2902.8819508216343,0.9998188841078576,false,false,false,false
"parameters[4, 66]",-5.267964355387444,0.9871417253884326,6358.674813270511,2235.446711005258,1.001040502808704,false,false,false,false
"parameters[1, 67]",1.7788014018770268,2.3382934233982637,6712.014936463965,3057.0738936822913,1.0000964255280225,false,false,false,false
"parameters[2, 67]",0.3739629687512387,0.3389938360202089,3502.8023682561206,2166.87116843268,1.0000828170215823,false,false,false,false
"parameters[3, 67]",1.126182502145859,0.37436303220697204,3995.1752988657236,3350.8534816896504,1.0009602742017674,false,false,false,false
"parameters[4, 67]",-5.188875035449926,1.0233836871575965,5201.346086663537,2349.122066035781,1.0016965794826485,false,false,false,false
"parameters[1, 68]",1.884305485018209,2.5243777300360817,6865.245664886883,2785.22082473576,1.0021687159005723,false,false,false,false
"parameters[2, 68]",0.46567461217389156,0.38226085408128124,4081.7175243724196,3027.9296961160153,1.000693914037755,false,false,false,false
"parameters[3, 68]",1.0766431967030459,0.4001488301391031,4278.759821511229,3099.065468432419,1.0010648049249913,false,false,false,false
"parameters[4, 68]",-5.163307881737531,1.0033907014123187,5235.3650365012545,2363.824679150458,1.0002832260437067,false,false,false,false
"parameters[1, 69]",1.767195140235267,2.3515087953491216,7666.902824859085,2709.8695860314115,0.9999054805489478,false,false,false,false
"parameters[2, 69]",0.438292670097684,0.3638254866297163,4046.5727233945063,2539.7741804638263,1.0004529397758484,false,false,false,false
"parameters[3, 69]",1.0115491328824473,0.3538232220858196,4037.705297720164,2850.885523640934,1.0012206837742639,false,false,false,false
"parameters[4, 69]",-5.26796921653825,0.9780522214341394,5365.789645035665,1915.1851583209173,1.0009119188172588,false,false,false,false
"parameters[1, 70]",1.5029699499153804,1.5224905324473974,5361.173779808484,2732.497001398807,1.0007109065657291,false,false,false,false
"parameters[2, 70]",2.1171063904249534,0.5019549292654394,4875.048458064823,2713.045904537235,1.0003685732502743,false,false,false,false
"parameters[3, 70]",0.5559193414244223,0.24743171173484518,4098.4592483376855,2124.5853054340982,1.0020069305062462,false,false,false,false
"parameters[4, 70]",-5.338113945688309,0.9240704786384856,6746.092376715943,2786.5876323825714,1.0006464562930666,false,false,false,false
"parameters[1, 71]",1.7657536807075533,2.0850309994084726,7883.2415452035175,3031.2611515130898,1.00181100967541,false,false,false,false
"parameters[2, 71]",1.1360291321016827,0.6423135473266703,3763.555545679238,2748.7013444944596,1.000755847203319,false,false,false,false
"parameters[3, 71]",1.4088534878003793,0.5263370082669774,4534.285467626695,3359.94902608393,1.0002247689643942,false,false,false,false
"parameters[4, 71]",-5.226552028221466,1.02484651937873,5321.914040792599,1892.4221126780342,1.0031774899523551,false,false,false,false
"parameters[1, 72]",1.6629130108059895,2.0185137820894616,7493.356043980712,2697.5332171349005,1.0008088512259583,false,false,false,false
"parameters[2, 72]",0.6854139853568959,0.4741476766904808,4028.020243936396,2439.459090821957,0.9996984703745018,false,false,false,false
"parameters[3, 72]",1.2188894813431312,0.4251587001269112,4670.975935029933,3349.0897301763653,1.0000253634818819,false,false,false,false
"parameters[4, 72]",-5.199327901756473,1.026137883429456,5340.931540889691,1900.7945197266738,1.0043990257957451,false,false,false,false
"parameters[1, 73]",1.6920827427880436,1.9119112055922598,6695.074694126907,2796.203252307825,1.0009972589455984,false,false,false,false
"parameters[2, 73]",1.4220940339526305,0.5224535596658918,5814.646237118835,2225.6306587685767,1.0010692444307638,false,false,false,false
"parameters[3, 73]",0.4934145892446095,0.12890990668653432,6002.9921974854515,2948.17180927325,1.0013602696665322,false,false,false,false
"parameters[4, 73]",-5.102472523104123,1.0139448707509324,5462.56492423541,2237.0286257456078,0.9998426790615691,false,false,false,false
"parameters[1, 74]",1.4506496569039873,1.7272814161268062,5149.66878103582,3249.7793355624076,1.0000017275206905,false,false,false,false
"parameters[2, 74]",2.16735391100562,0.5692841456420074,6175.1074038667375,2952.086994540098,0.9996796686389824,false,false,false,false
"parameters[3, 74]",0.4407958198492982,0.11789060426889178,5402.304114789103,2991.2840531815946,1.0004350028559996,false,false,false,false
"parameters[4, 74]",-4.7528811847088095,1.086948188650264,4523.294391264914,1838.8711205773486,1.001751786566814,false,false,false,false
"parameters[1, 75]",2.9317246425016985,3.116784730618203,5135.055678290295,3364.2586520553073,1.0007006060429748,false,false,false,false
"parameters[2, 75]",2.067645418622832,0.5474230019269376,6452.725199255246,2871.4515070746525,1.0023783512995788,false,false,false,false
"parameters[3, 75]",0.2972606415268531,0.09934706193208968,5396.121736005567,2844.524594797092,1.0029289309553415,false,false,false,false
"parameters[4, 75]",-4.51828088546202,0.9799925957562675,5117.347136595574,2530.0652594913986,1.0005918861674266,false,false,false,false
"parameters[1, 76]",1.4382035920690301,1.8496909987804748,7384.183327826047,2730.262407425638,1.0006015097460166,false,false,false,false
"parameters[2, 76]",0.8454661508789652,0.6388508653728034,2537.4982124815265,1831.7547541010738,1.0012492975767897,false,false,false,false
"parameters[3, 76]",0.8936323988925282,0.26135690442303927,2692.3311571782892,2671.8128766583404,1.00068247838191,false,false,false,false
"parameters[4, 76]",-5.1178531256451585,1.0022584534574295,5528.888960872568,2291.09318265546,1.0004494632053316,false,false,false,false
"parameters[1, 77]",1.4593505293001405,1.870741328109234,7987.011075848691,3050.4270567026992,1.000388672064185,false,false,false,false
"parameters[2, 77]",1.1044841118013646,0.7323329132252465,3043.6345347461397,1341.649535916771,1.0005903436295414,false,false,false,false
"parameters[3, 77]",0.20352030529382406,0.14381697134499283,3264.545730939248,1542.6111461218834,1.0002574880020358,false,false,false,false
"parameters[4, 77]",-5.1278048184612945,0.9986197241534219,5398.9766021539435,2460.3859895096143,1.0016652558839954,false,false,false,false
"parameters[1, 78]",1.4772576547538392,1.9979723408247838,6605.537901042619,2822.8209689522273,0.999874823285541,false,false,false,false
"parameters[2, 78]",1.1026745110567218,0.7326657250060598,2405.7613892834893,1272.1795093206408,1.0015292468393737,false,false,false,false
"parameters[3, 78]",0.21067048678955502,0.1446741321026362,2830.622062598607,1805.9607042666084,1.0033656971223948,false,false,false,false
"parameters[4, 78]",-5.148562719517491,1.0118350497904347,5636.016522402092,2605.2577087767213,1.0047335182665005,false,false,false,false
"parameters[1, 79]",2.0292922055189924,2.3925016147549663,7194.050130650109,3121.6416529057833,1.00076031604122,false,false,false,false
"parameters[2, 79]",1.0194131580975607,0.5300299170200945,3675.4476650284346,1644.8490643041773,1.0021481316409302,false,false,false,false
"parameters[3, 79]",0.6548563192280094,0.23193932520637833,3273.321146398693,2246.7103708431996,1.0006343377183808,false,false,false,false
"parameters[4, 79]",-5.054779979156665,0.9991187092597074,5834.920662457566,2217.071062049472,1.0022547270173296,false,false,false,false
"parameters[1, 80]",1.675418205752037,1.8198103563057595,7673.312584143392,2709.090961732147,1.0010259852834258,false,false,false,false
"parameters[2, 80]",1.4165104974396654,0.5127323062810121,5663.886502888427,2629.420825696902,0.9999995640029915,false,false,false,false
"parameters[3, 80]",0.47883414043450667,0.11998379337264228,5424.890707151778,3480.1430389839647,1.002047596860781,false,false,false,false
"parameters[4, 80]",-4.938643969063487,1.0516079928291102,5769.60340607404,2465.862959497132,1.0002014075232382,false,false,false,false
"parameters[1, 81]",1.8069061644354698,2.0767571281820216,5859.774739851257,2989.8650894040497,1.0003371653763138,false,false,false,false
"parameters[2, 81]",1.5902449075508758,0.565377489968285,3541.695882600951,1937.1108168983408,0.9996177444629982,false,false,false,false
"parameters[3, 81]",0.5466631508717714,0.19765150341997667,3661.3534765373342,2790.3100546080295,1.0001024473676492,false,false,false,false
"parameters[4, 81]",-4.5203564482438345,0.9002237964061295,5686.761217278595,2427.802755603051,1.0028936144507252,false,false,false,false
"parameters[1, 82]",2.1183723961361864,2.5358386159121653,5691.735591166326,3028.6751100665147,1.0005281371185202,false,false,false,false
"parameters[2, 82]",0.7989716885852847,0.3695860703479522,3176.555046877781,2027.9461678140888,1.0013353057477803,false,false,false,false
"parameters[3, 82]",0.33148256050976227,0.11677024914013569,4312.184803776635,2819.790279808245,1.0003329949333695,false,false,false,false
"parameters[4, 82]",-5.250259031283347,0.9292330225398227,5812.3971923829195,2490.1392592696625,1.0002500291647718,false,false,false,false
"parameters[1, 83]",2.436316605342634,3.419620615085301,5472.46700998063,2925.1425566426774,1.0000718600861087,false,false,false,false
"parameters[2, 83]",1.1244420407148177,0.4406163376506913,4289.202022786392,2174.3020835496427,1.0005059246020331,false,false,false,false
"parameters[3, 83]",0.4082806350443776,0.11536135766155443,4545.5453619906775,2113.6999563942095,0.9998293694255075,false,false,false,false
"parameters[4, 83]",-4.443550195801564,1.0397857667026469,3695.443049090857,1646.067054222867,1.0013823167965137,false,false,false,false
"parameters[1, 84]",2.2855780597883726,2.724996326961244,5495.608278648388,3289.5125315630967,1.0006317017788193,false,false,false,false
"parameters[2, 84]",1.1646039873284049,0.4509489818988122,6057.323189345444,3286.849663390268,1.0012646099290834,false,false,false,false
"parameters[3, 84]",0.3309678375157035,0.10472042597097948,5144.184802473485,3248.7273177716734,1.00089949029207,false,false,false,false
"parameters[4, 84]",-4.897822930491655,1.0240240376342582,4522.421697479082,1866.7449405943157,1.0006103972426086,false,false,false,false
"parameters[1, 85]",1.8215334864474293,2.1130374648904238,8373.84010549563,3010.5729594373693,1.0005671781259085,false,false,false,false
"parameters[2, 85]",1.5715639286631922,0.5911959030253333,2264.585502300674,978.7665351276453,1.0015590827385068,false,false,false,false
"parameters[3, 85]",0.8296430691030053,0.34976835310857296,1445.2892099353965,1860.3064110895941,1.0008777522832373,false,false,false,false
"parameters[4, 85]",-2.7665151514259296,1.8419678308328944,1170.6716023052752,2458.7301389276126,1.0004010491804745,false,false,false,false
"parameters[1, 86]",1.7358145688386666,2.4238486989240444,7663.899744324901,2878.756061887734,1.0004741404988546,false,false,false,false
"parameters[2, 86]",1.8687754345134604,0.7317520320617117,4362.911181744322,2454.847375899792,1.0008617879677735,false,false,false,false
"parameters[3, 86]",1.521463085545667,0.536183125747791,4603.583278522149,3288.990896468571,0.99993574018014,false,false,false,false
"parameters[4, 86]",-4.404290964685,1.1168623322451867,4565.448185960425,1871.8109654060906,1.000222878489645,false,false,false,false
"parameters[1, 87]",1.4260645225325461,1.6246353709351973,8754.21569800859,2524.120297503289,1.0008915849486308,false,false,false,false
"parameters[2, 87]",1.7262914163356946,0.6697568745515482,4887.442713511888,2505.998504455694,1.0002982639712799,false,false,false,false
"parameters[3, 87]",1.5903861544354543,0.5249315183125736,4640.219348983846,3131.776429525642,1.0010000783251374,false,false,false,false
"parameters[4, 87]",-5.105200125114605,1.019555952705004,5841.283456176833,2433.373043631541,1.003003419668589,false,false,false,false
"parameters[1, 88]",1.5524248137508494,2.4311444562658107,7319.923995144203,2782.5747741978244,1.001148227866109,false,false,false,false
"parameters[2, 88]",0.5506071244928848,0.3366050492685715,3696.8186437183194,2307.408007114489,1.0009932461989524,false,false,false,false
"parameters[3, 88]",0.724952186978784,0.26279874210221965,3004.428950922138,2370.470281073745,1.0006334561528059,false,false,false,false
"parameters[4, 88]",-5.14656189105815,1.075444117677087,3899.671160863941,1981.1352757205034,1.0001487568782823,false,false,false,false
"parameters[1, 89]",0.7079581495170689,0.7292314144105242,7585.925362298841,3102.4689070955856,1.0002625226016273,false,false,false,false
"parameters[2, 89]",1.9379989910048736,0.5666179741982185,5454.884138343882,2843.255445112599,1.0008555160778805,false,false,false,false
"parameters[3, 89]",0.9914019476360745,0.33922302259943043,5270.021777443805,2876.4254101558568,1.0017080502974962,false,false,false,false
"parameters[4, 89]",-5.180402282780226,0.9724987196851438,6346.265454743685,2212.7938570100564,0.9993722694956714,false,false,false,false
"parameters[1, 90]",1.805578194062866,2.245033874991308,6972.238752683141,3028.1958182413796,0.9997408404447715,false,false,false,false
"parameters[2, 90]",1.8226199177770377,0.6880939045528429,5484.964161638626,2130.261369828086,1.0004566595648123,false,false,false,false
"parameters[3, 90]",1.1341302084292644,0.4203643634232823,4668.200469360162,3359.1663809348984,0.9999151673953126,false,false,false,false
"parameters[4, 90]",-4.537988042805571,0.9747680500222837,6234.061511747014,2222.7967643559664,1.0013994611818267,false,false,false,false
"parameters[1, 91]",1.1111975386413815,1.3212678802244655,6975.357558851135,2895.540102669497,1.0009387503307714,false,false,false,false
"parameters[2, 91]",0.5813702139828304,0.35732195954937024,2759.706474048731,1997.3243325749527,1.0014446703601791,false,false,false,false
"parameters[3, 91]",0.7510862513317637,0.3070370492916434,2799.149853760747,2430.254892292998,1.0020068356078111,false,false,false,false
"parameters[4, 91]",-5.471494409533765,1.0135665395586648,3764.452855744591,1701.155156611928,1.001080760455971,false,false,false,false
"parameters[1, 92]",1.7938878042124802,2.1698646282719647,7341.33660873613,2879.3632890404024,0.9998667792361237,false,false,false,false
"parameters[2, 92]",0.19178510762540849,0.20228485449852043,3027.160416396192,1657.3183676210065,1.0000157658212598,false,false,false,false
"parameters[3, 92]",0.7583324134068272,0.274745333863767,4690.83568396243,2812.3366255222622,1.00189178188524,false,false,false,false
"parameters[4, 92]",-5.118204061458132,0.9996384725315659,5514.910313509864,2486.539451664607,1.000254960236235,false,false,false,false
"parameters[1, 93]",1.6950270158554364,2.0180452385978125,6403.647095333194,2663.695726507882,1.0000515522972415,false,false,false,false
"parameters[2, 93]",0.24481061787721628,0.22745669895585255,4010.39614496091,2397.704078696898,1.0007434468033196,false,false,false,false
"parameters[3, 93]",0.9534600453079045,0.3191442309231595,4430.750644756073,3275.712806302621,1.000600624672966,false,false,false,false
"parameters[4, 93]",-5.2065325096834965,1.0203893140948004,5009.298120595563,2400.311965640432,0.9994872898724104,false,false,false,false
"parameters[1, 94]",1.7503152538501474,2.166246578299577,5997.543958046508,3090.1130777230005,1.002584008231187,false,false,false,false
"parameters[2, 94]",0.9437351208008476,0.5369387999007226,4797.244541078913,1825.9307922200235,1.001064323754879,false,false,false,false
"parameters[3, 94]",0.6907599178248024,0.18139384081812163,4284.355835928959,2656.257582988706,1.0024732374852674,false,false,false,false
"parameters[4, 94]",-5.286751490195989,0.9754031799897002,5339.161020733763,2292.9108875362676,1.0024219716830864,false,false,false,false
"parameters[1, 95]",1.5445738382864893,1.9125846909957345,7622.185305389558,2851.889396159432,1.0006844207664314,false,false,false,false
"parameters[2, 95]",1.3264150149783611,0.6542641573014358,4906.223948873939,2187.386054256403,0.9996416192199101,false,false,false,false
"parameters[3, 95]",0.982336110195638,0.25652127747018233,5058.689071186338,2907.478034616628,1.000102978264147,false,false,false,false
"parameters[4, 95]",-5.313542940469973,0.951918935914878,5964.6701095848875,2794.94721428958,1.0008135865293744,false,false,false,false
"parameters[1, 96]",1.8956176964656388,2.4894583116386455,6838.883067779613,2760.948494917849,1.0025175477003894,false,false,false,false
"parameters[2, 96]",1.5712205854195778,0.6723114238251198,4142.945820676269,2221.3541715867213,1.0004591297495122,false,false,false,false
"parameters[3, 96]",0.8548704297951387,0.2196503886499669,4608.128358197289,2787.743651783215,1.0005064937413766,false,false,false,false
"parameters[4, 96]",-5.333530503465335,0.942980325315729,5259.872349568884,2505.6672824244492,0.9995944740110445,false,false,false,false
"parameters[1, 97]",1.2094305202840863,1.6838328685902733,6713.692558611395,2503.0695304153774,1.0016813886309577,false,false,false,false
"parameters[2, 97]",0.9263089547974689,0.4380197559053346,3128.657834194285,1756.6606018313287,0.99995383388353,false,false,false,false
"parameters[3, 97]",0.7155145807466587,0.2355545288371476,2998.009869225918,2081.338187479875,1.0009609848369165,false,false,false,false
"parameters[4, 97]",-3.3560150160386812,1.2675566987953588,4222.961044227419,2778.037822772375,0.9998587651848625,false,false,false,false
"parameters[1, 98]",1.7895524738940016,2.483889664324643,8363.96795242243,2825.4319290648564,1.0003605936921258,false,false,false,false
"parameters[2, 98]",0.16712679979146852,0.18455049836754517,3635.491120859823,2281.14351247464,1.0000998365752947,false,false,false,false
"parameters[3, 98]",1.2032308633426991,0.3626701876760379,4171.488270200567,2989.597895382533,1.0003835296234411,false,false,false,false
"parameters[4, 98]",-5.2231838367308026,0.9956285703845951,5324.329518391287,2382.556924148338,1.000899719802032,false,false,false,false
"parameters[1, 99]",1.4936391285655701,1.929102810384716,7367.666141066188,2750.6231742353775,1.000297802624068,false,false,false,false
"parameters[2, 99]",0.4478152987261998,0.36261008483380497,3392.4219398843534,2156.4371684545563,0.9996756132418313,false,false,false,false
"parameters[3, 99]",0.9464618415556092,0.355470252300862,3381.718579106129,2983.707116049642,1.0000072090374037,false,false,false,false
"parameters[4, 99]",-5.003073561340405,1.0686776121691095,5837.084910362319,2917.893034398847,1.0003777985269948,false,false,false,false
"parameters[1, 100]",1.7186758344953414,2.5387509886402664,8439.135500315228,2511.6074256062084,1.0005433990113486,false,false,false,false
"parameters[2, 100]",0.4584872386244824,0.3493103150423365,4041.3538679028466,2373.1078741912006,0.9997948856747694,false,false,false,false
"parameters[3, 100]",0.9674676750242779,0.3269388426485415,4124.701003317904,2763.3703749573438,1.0004367867594826,false,false,false,false
"parameters[4, 100]",-5.04280470916913,1.0328905797446293,6106.881938632192,2448.7329140090546,1.0004971626547994,false,false,false,false
"parameters[1, 101]",1.731040983295285,2.16895519366385,6372.113960889521,2628.6313051519564,1.0014960578823027,false,false,false,false
"parameters[2, 101]",1.1749555218452252,0.5444947222313572,4104.638627585978,1788.100351491318,1.0004450986734394,false,false,false,false
"parameters[3, 101]",0.6961521153734409,0.20480893758616725,3997.3134515675833,1963.308774791228,1.00153154981685,false,false,false,false
"parameters[4, 101]",-5.117788794800108,1.006123726571475,6511.7658432355865,2731.537129360849,1.0001980865718234,false,false,false,false
"parameters[1, 102]",1.4406201713215738,1.8861400234454069,7429.241440436779,2919.613445833399,1.0000151615570558,false,false,false,false
"parameters[2, 102]",0.7624674198174878,0.5122447695830511,3409.8252999122005,1843.997666957335,1.0006364727720112,false,false,false,false
"parameters[3, 102]",1.125040534098287,0.362805504109737,3900.382285791788,2065.965859487036,1.0001351275351682,false,false,false,false
"parameters[4, 102]",-5.1891254757349445,0.9863934541777358,5581.664474656911,2062.4837796803813,1.0000128360413587,false,false,false,false
"parameters[1, 103]",1.1421644920926886,1.0299504570908087,5804.898860959736,3445.187189465996,1.0005387184285452,false,false,false,false
"parameters[2, 103]",1.4707122408738373,0.4265252092646161,1767.6130814050198,992.425620926598,1.0024695036492064,false,false,false,false
"parameters[3, 103]",0.282675555456757,0.11673660379260646,1938.7830663736813,1056.720083244615,1.0016512867951264,false,false,false,false
"parameters[4, 103]",-6.034952895113651,0.801590029716569,4769.394842671195,2748.8626152345955,1.0001876629042847,false,false,false,false
"parameters[1, 104]",1.7553124455490998,1.9786476093741938,6747.030718684875,2731.762358920337,1.0012794988871865,false,false,false,false
"parameters[2, 104]",0.9746072009999995,0.6114406456299628,2600.3577686360304,1265.7402423382657,0.9997810245518332,false,false,false,false
"parameters[3, 104]",1.0765064144339562,0.4977613803112027,2676.169281918465,1725.3767652245754,0.9996493783418037,false,false,false,false
"parameters[4, 104]",-5.31450629974077,0.9537392386268564,5412.477162190117,2461.3880210099687,1.0006221142187819,false,false,false,false
"parameters[1, 105]",1.1623169060642375,1.3978787893046971,7010.85308042597,2769.8487960637917,0.9999216838912625,false,false,false,false
"parameters[2, 105]",1.1344405054653655,0.44412838581315006,3302.3757848601545,2130.1340960566117,1.0000123920980502,false,false,false,false
"parameters[3, 105]",0.6479833158097174,0.2577374541731568,3242.346659331729,2589.653315121306,1.001022974214855,false,false,false,false
"parameters[4, 105]",-5.788444837185529,0.9635839896722237,5398.192438512011,2062.083741009846,1.000775241544146,false,false,false,false
"parameters[1, 106]",1.6408463791946775,2.0208913238544843,7160.227777691255,2563.0743163838656,1.0011947228988909,false,false,false,false
"parameters[2, 106]",0.9214331709761091,0.5194520033577386,2942.752732556551,1719.1707805835367,1.0012409628387846,false,false,false,false
"parameters[3, 106]",0.7824778514652969,0.3156595579907273,3097.9162584832575,2318.7480966264015,1.0012816039647745,false,false,false,false
"parameters[4, 106]",-4.868679003362461,1.0046565299373178,5700.322703574909,2360.5021778307278,1.0004075504697703,false,false,false,false
"parameters[1, 107]",0.9805240467734463,1.0207460497158694,6258.511017165407,2940.541004358208,1.0003032393358684,false,false,false,false
"parameters[2, 107]",1.257434528978414,0.3510015285446677,4062.5524179926174,2255.2397778903714,1.0005008430512783,false,false,false,false
"parameters[3, 107]",0.41128070277317086,0.1315114368825311,3722.228162760251,2213.3987211759186,1.000833382404745,false,false,false,false
"parameters[4, 107]",-5.463820181838965,0.8355643526387476,6914.769903851982,2298.9152951902674,1.0001473776321024,false,false,false,false
"parameters[1, 108]",1.2998353224398833,1.6472024909759813,7921.486332339423,2773.270408632697,1.001359661538205,false,false,false,false
"parameters[2, 108]",1.325628185625304,0.6032585745656945,4534.208134566583,1764.854267726333,1.0001775184363206,false,false,false,false
"parameters[3, 108]",1.2430906916929216,0.47587542539262784,4213.395688066328,2519.441046607545,1.0022340310593063,false,false,false,false
"parameters[4, 108]",-5.412769796393325,0.9530689674341555,6749.1462317409705,2722.646639555285,1.0032031420990448,false,false,false,false
"parameters[1, 109]",1.4011005036385011,1.9546580334524049,5978.335165255292,2781.126009236344,1.0000809708674878,false,false,false,false
"parameters[2, 109]",0.6428093853396922,0.4645449165196839,3304.485874507783,2189.9835334825157,1.00031604251555,false,false,false,false
"parameters[3, 109]",1.059078632769999,0.426874623196274,3066.4563305956567,2417.260459775599,1.001547811277616,false,false,false,false
"parameters[4, 109]",-5.34901717696304,1.0036280181947501,5510.532093828287,1992.240178796892,1.0029108961937154,false,false,false,false
"parameters[1, 110]",1.497731560016956,2.0020723793031734,6752.360455882572,2247.265842260841,1.0007379088798412,false,false,false,false
"parameters[2, 110]",0.968275720419374,0.5246017866081912,3149.5479171530606,2382.1238240657703,1.0008624336472536,false,false,false,false
"parameters[3, 110]",0.8054857536095271,0.35580043449781107,3282.989650641343,2607.4957809949196,1.0010430019226937,false,false,false,false
"parameters[4, 110]",-5.566370475503199,0.9480232124665322,5214.154979613548,2183.028945907509,0.9999971833870817,false,false,false,false
"parameters[1, 111]",1.6408283389717926,1.9622630382633564,6902.470045071539,2942.7002216148244,1.0012080925591296,false,false,false,false
"parameters[2, 111]",0.9746110179845546,0.5936686504753304,3584.9354062124216,2427.10323010476,1.0006414181182028,false,false,false,false
"parameters[3, 111]",0.9434657347921185,0.4380065960753003,3171.2932450016824,2837.1038205850255,1.0012113933003897,false,false,false,false
"parameters[4, 111]",-5.451770520947986,0.9923364499567239,4805.183595924038,2187.8081946888533,1.0016589430559382,false,false,false,false
"parameters[1, 112]",1.5086628931319586,1.9581210191771572,7887.792250744803,2473.3509605986424,0.9996293965384477,false,false,false,false
"parameters[2, 112]",1.07803571114392,0.6408647580480216,2747.7295792356945,1654.0746001193588,1.0020780114821723,false,false,false,false
"parameters[3, 112]",1.0906742689910784,0.5164919440129894,3356.931002768374,3021.1148333353003,1.0015936109410726,false,false,false,false
"parameters[4, 112]",-5.42087111618512,1.006887212573848,5853.5504281826115,2703.223510124645,1.0034460146891124,false,false,false,false
"parameters[1, 113]",1.2352240725731494,1.615293171863864,7391.017028869008,2776.6039222996164,0.9998728164905255,false,false,false,false
"parameters[2, 113]",0.8367805782545915,0.5157616043596097,3381.215460874308,1983.4926495994594,1.0004392956640376,false,false,false,false
"parameters[3, 113]",0.8388070667187196,0.36540214236320784,3237.9270112059426,2314.796184357222,0.9993378596726165,false,false,false,false
"parameters[4, 113]",-5.4853595787677545,0.9590510389979853,5440.737059556415,2542.787792795703,1.000588654584846,false,false,false,false
"parameters[1, 114]",1.2765228322132012,1.428155987580419,7155.50610591009,2760.9535463573848,1.0003669103996884,false,false,false,false
"parameters[2, 114]",1.241287661893017,0.5654826121156321,4294.338172987608,2611.203538018338,1.0008241552858095,false,false,false,false
"parameters[3, 114]",0.8340531506981702,0.39034293255150915,3603.754509293463,3330.155109623708,1.001048344882217,false,false,false,false
"parameters[4, 114]",-5.731548688834366,0.9295171203202008,5285.340651986982,2585.985185460744,1.0017427279399762,false,false,false,false
"parameters[1, 115]",1.7791504730313559,2.372359936721324,7424.777519078404,2783.6043686542744,1.001691207792065,false,false,false,false
"parameters[2, 115]",0.4473442229460492,0.40511982784245026,4693.356739651211,2428.3919176264317,0.9997935838301486,false,false,false,false
"parameters[3, 115]",1.1593000253820511,0.37719371953752057,4685.41021337672,3225.066218456481,1.0007842609996058,false,false,false,false
"parameters[4, 115]",-5.284420809596957,0.9721449046381977,5940.8266675792,2442.176070779148,1.000528564082884,false,false,false,false
"parameters[1, 116]",1.8039074602600036,2.1287259320541203,7558.186406915459,3087.967111158139,1.0027743971031557,false,false,false,false
"parameters[2, 116]",0.25831182553520515,0.2550400457395165,3525.7636845053876,2504.070565803483,0.9999793478865494,false,false,false,false
"parameters[3, 116]",0.6881731830589581,0.2513113673171153,4594.7985474039515,2603.6406395990007,0.9998777244728428,false,false,false,false
"parameters[4, 116]",-5.097233796679559,1.0262908173686642,6819.060258899593,2485.167571053327,1.000392133918492,false,false,false,false
"parameters[1, 117]",1.7299163258947752,2.030696656765159,7274.666202314706,3059.5943711716845,1.0024437102478112,false,false,false,false
"parameters[2, 117]",0.8752829356291718,0.5253308747833999,3814.203482649044,1793.0154128574245,1.0006732841478618,false,false,false,false
"parameters[3, 117]",0.7672298236866785,0.23830960642381724,4253.656864590183,2937.95575073302,0.9998611440935719,false,false,false,false
"parameters[4, 117]",-5.3085645620488595,0.9709999957202649,5804.630388145862,2121.0956077657574,1.0023493179653344,false,false,false,false
"parameters[1, 118]",1.479170909292824,1.8823918528337453,7257.164054325523,2990.2827921564067,1.000879701897826,false,false,false,false
"parameters[2, 118]",1.3156595058387408,0.6615907952541327,4188.675846748257,2332.1744481040428,1.0011499483749233,false,false,false,false
"parameters[3, 118]",1.544822401777828,0.47751788839064085,5444.385927820683,2877.3324981420033,1.0003581911207575,false,false,false,false
"parameters[4, 118]",-4.802793982129355,1.062501896816015,5265.152929733825,2219.4485521959677,1.0020635920182193,false,false,false,false
"parameters[1, 119]",1.8562986554645964,2.334203333883627,7407.432933084533,2743.6389566691782,1.0002790417636034,false,false,false,false
"parameters[2, 119]",0.7646032041354431,0.548541956786693,3999.2307900915207,2830.49919541898,1.0020047873687294,false,false,false,false
"parameters[3, 119]",1.4505211685598005,0.4604041050850672,3855.674951001154,3486.7834426164018,1.0015467823420117,false,false,false,false
"parameters[4, 119]",-5.177401806526166,1.03216535436902,4583.707780059102,1687.0947825331039,1.0024502059620586,false,false,false,false
"parameters[1, 120]",1.2789375781455377,1.488930506884458,7892.567694093717,3213.197462549721,1.000832488254225,false,false,false,false
"parameters[2, 120]",2.035200611081071,0.6664418234044138,5084.637840361005,2538.0853127385794,1.0012955583223748,false,false,false,false
"parameters[3, 120]",1.268514537530124,0.32283962253572984,5729.2016643711595,3087.2800970507415,1.0008790145265258,false,false,false,false
"parameters[4, 120]",-5.349175685212892,0.9327668796592147,6877.262198634769,2355.464240325337,1.0010822992841166,false,false,false,false
"parameters[1, 121]",1.818520826199775,2.298116339281282,6928.217978770261,2944.514654333726,1.0001828497899572,false,false,false,false
"parameters[2, 121]",0.9937205914330425,0.5609404755433471,4166.200065621528,2608.950980378648,0.999849403874634,false,false,false,false
"parameters[3, 121]",0.9466954637455491,0.3603573531616028,3877.6043881830406,2807.1301248180457,1.000665886731338,false,false,false,false
"parameters[4, 121]",-5.207008795998818,0.9916140026371817,6534.283582905855,2770.3679399608664,1.0002493128819043,false,false,false,false
"parameters[1, 122]",1.4849215090491843,1.7621812845332445,7199.603223321707,2490.4019375914177,1.0021653505766832,false,false,false,false
"parameters[2, 122]",1.456092086905804,0.5639361631749851,3511.124766576091,1863.2276382453517,1.002623524051586,false,false,false,false
"parameters[3, 122]",0.7169778824013792,0.2477116978444707,3489.5783949790753,2517.0786797850387,0.999851741365168,false,false,false,false
"parameters[4, 122]",-4.946193403814922,0.9516910620541272,5447.596673396632,2297.4153552494236,1.0018346667635731,false,false,false,false
"parameters[1, 123]",1.889841470865256,2.464421610761603,7953.576829993574,3246.091377260023,1.0015011312965814,false,false,false,false
"parameters[2, 123]",1.675893328625983,0.6881184864083179,4783.59544366369,2497.5044106344953,1.001372836699223,false,false,false,false
"parameters[3, 123]",1.9828255382965814,0.5875714804798587,6569.3079998968915,3386.12389152495,0.9998528498670513,false,false,false,false
"parameters[4, 123]",-5.36978301989409,0.9457348777853576,6090.057789057446,2371.15671751605,1.00027358967136,false,false,false,false
"parameters[1, 124]",0.6222899539536507,0.5828437394775454,7338.630750219433,2551.541073838586,1.0012189939243876,false,false,false,false
"parameters[2, 124]",2.49748591548527,0.5366039795069936,7236.785780030351,3173.529975046467,0.9999314216959072,false,false,false,false
"parameters[3, 124]",0.695104454307954,0.26812222918029355,5462.622370597177,2666.5163971907614,1.000265661747285,false,false,false,false
"parameters[4, 124]",-5.506220834762241,0.8927969643715603,7566.241187030886,2598.310003404882,1.0015421911585365,false,false,false,false
"parameters[1, 125]",0.6239718506732235,0.6791378691593442,5805.90082205589,2859.907167587453,1.000270689268236,false,false,false,false
"parameters[2, 125]",1.4244633437157375,0.40910063245743494,6258.984195140958,3131.0925601495805,1.0010317945013782,false,false,false,false
"parameters[3, 125]",0.5638037125326518,0.15426224488236606,5898.203621274705,3092.3386536565017,1.0000548137424239,false,false,false,false
"parameters[4, 125]",-4.267618933497823,1.1932969217053322,4237.651554510733,2442.8961892298516,0.9996845816523173,false,false,false,false
"parameters[1, 126]",1.1815460877742017,1.8431276336935576,8318.674869430328,2618.6204348614397,1.0000711925347092,false,false,false,false
"parameters[2, 126]",1.0595970660040266,0.6073608390026354,3736.83096692882,1804.9691000090927,1.0009210475223276,false,false,false,false
"parameters[3, 126]",1.08751471228788,0.2812770462123396,4882.469909273634,2006.8831387965788,1.0006756157101018,false,false,false,false
"parameters[4, 126]",-5.179742431536541,0.9841799478176231,6772.04106817778,2665.278999171757,1.0000469732966881,false,false,false,false
"parameters[1, 127]",1.6854537017784328,2.419591804330577,8067.021360182242,2862.5402129142153,1.001753867848892,false,false,false,false
"parameters[2, 127]",1.9342374174955936,0.6961468331994644,4872.8439591941615,2534.8332601323195,1.0002237942734105,false,false,false,false
"parameters[3, 127]",1.7834740582532267,0.606848293803749,5701.321532431718,3328.1331546076212,1.001642120732357,false,false,false,false
"parameters[4, 127]",-5.127398957021052,0.9850779602375426,6611.118758557803,2508.0145161872547,1.0001002575795002,false,false,false,false
"parameters[1, 128]",1.5729262336509258,2.04288199089694,5971.260501054759,2471.2444080934706,1.0019599493536349,false,false,false,false
"parameters[2, 128]",1.0605242493853742,0.6309775053812163,5192.374068314869,2461.187469391639,1.0001461582020166,false,false,false,false
"parameters[3, 128]",1.2787427834868075,0.33516191482853214,5486.396634207229,2976.6715796299713,0.999364896914391,false,false,false,false
"parameters[4, 128]",-5.0623109902158365,1.0800660114090626,4354.150171066207,2160.5728419815896,1.0027817501466352,false,false,false,false
"parameters[1, 129]",1.6902652520403498,2.42406786057652,6977.367887895382,3033.4275011378104,1.0000292885563322,false,false,false,false
"parameters[2, 129]",1.5807632184806546,0.7033033677426208,5611.537333846568,2532.133058491733,1.000581529617039,false,false,false,false
"parameters[3, 129]",1.7152030560318563,0.48780059352146654,5210.915925286233,3078.661898578466,1.0036552971074764,false,false,false,false
"parameters[4, 129]",-5.023095009902958,0.9973293657835431,6151.712441097644,2367.6433722494926,1.0012384475947167,false,false,false,false
"parameters[1, 130]",1.43038533252219,1.746535353739431,6902.472322038528,3186.652811672283,0.9996512522903067,false,false,false,false
"parameters[2, 130]",0.7927680503712659,0.4752146676222581,3582.756514245545,2328.9998549276875,1.0010425466929962,false,false,false,false
"parameters[3, 130]",0.8406975321815543,0.3509770107552385,3420.918659905507,2815.7761805549376,1.0008649015683426,false,false,false,false
"parameters[4, 130]",-5.398675561703666,0.9833815210909731,5216.411939779643,2324.340734859782,0.9996564561085755,false,false,false,false
"parameters[1, 131]",1.5959091667362402,1.9463475715965435,7756.8232392906,2909.4622630182866,1.0002020471784814,false,false,false,false
"parameters[2, 131]",0.6039158475214937,0.5249399292097044,2650.593471780943,2273.481349062078,0.9997376960625848,false,false,false,false
"parameters[3, 131]",1.1102346724332606,0.4918633262396869,2580.467726468106,3053.4048010740403,1.000637778601211,false,false,false,false
"parameters[4, 131]",-5.1819646922249705,0.9542018970068024,5817.320285803988,2703.042665185402,0.9998964533830317,false,false,false,false
"parameters[1, 132]",1.6502130891634028,2.116849456602663,6501.1352675180615,2539.5608142840447,0.9995190057325658,false,false,false,false
"parameters[2, 132]",0.2558900402802658,0.3605886959752302,2952.789719275099,3301.188921983515,1.0001865665957548,false,false,false,false
"parameters[3, 132]",1.1615839633930216,0.43538203416905025,3001.149186107297,3142.0095732126933,1.0006642904481562,false,false,false,false
"parameters[4, 132]",-5.1983965884142345,0.991107877543244,5428.677541945549,2371.1417865071826,1.000444436077783,false,false,false,false
"parameters[1, 133]",1.3817567050614092,1.688718452523865,5737.098933939749,2755.05379046752,1.0016420502889298,false,false,false,false
"parameters[2, 133]",1.4371706796698511,0.5053809894527066,4912.314806441271,2246.74814238153,0.999999147775217,false,false,false,false
"parameters[3, 133]",0.6173463608979183,0.15236703101061067,4872.2267114156875,2516.785592335473,1.0005016292531126,false,false,false,false
"parameters[4, 133]",-5.101311168187481,1.0030432646136511,5653.716241648845,2019.8280237775616,1.0027566055993957,false,false,false,false
"parameters[1, 134]",1.2722475099714106,1.350365282556977,6833.543887133194,3014.9791512394854,1.0030542247699448,false,false,false,false
"parameters[2, 134]",1.4887310285280264,0.45069842838679813,5505.704793121486,2624.629485743646,1.0009198889022048,false,false,false,false
"parameters[3, 134]",0.489899239121624,0.12786611432017025,5563.829583430677,3204.740396407069,1.0007520805686776,false,false,false,false
"parameters[4, 134]",-5.113609795983942,0.9935415152860744,5837.448460314881,2657.447658962752,1.0007937664294944,false,false,false,false
"parameters[1, 135]",1.6598832854367294,2.0866435519612363,7052.127707103811,2669.7083792218964,1.0007173384861578,false,false,false,false
"parameters[2, 135]",1.4375198164744494,0.5474309928263301,4447.224911728956,2768.894236878444,0.9996031212047117,false,false,false,false
"parameters[3, 135]",0.6213652722737012,0.17654747358693854,4384.845654098733,2081.0411089887043,1.0023574123515882,false,false,false,false
"parameters[4, 135]",-4.992271094081588,1.0127419037857859,5269.279498211995,2029.5387302433396,1.0010843384855221,false,false,false,false
"parameters[1, 136]",2.9680740676502366,3.415566467308497,6509.568946476469,3039.0086448377997,1.0014957018381945,false,false,false,false
"parameters[2, 136]",1.9670752783106444,0.5096825812941106,5225.374711087548,3361.250779579793,1.0010275417772168,false,false,false,false
"parameters[3, 136]",0.22642026780078658,0.07571738676821745,6470.121540886779,2665.259917747318,0.9998949769048486,false,false,false,false
"parameters[4, 136]",-4.665311134714184,0.9183258115605597,5619.292966478399,2870.904500706566,0.9995193225081034,false,false,false,false
"parameters[1, 137]",1.4302525358334681,1.7903570343553243,5016.051428644268,2879.6013648793905,0.9994974949848692,false,false,false,false
"parameters[2, 137]",1.7785444548651,0.5603197512404227,5419.670829535045,2474.0538478728186,1.000921815822549,false,false,false,false
"parameters[3, 137]",0.5731780727733856,0.1441512119474359,4573.458742943542,2558.049992994341,0.9997027006344037,false,false,false,false
"parameters[4, 137]",-4.797733071207929,1.0599165740643812,5277.252926110483,2071.3772670166504,1.0013849549865823,false,false,false,false
"parameters[1, 138]",0.6720586197813274,0.5928235812130309,5849.549983102815,3020.9419942537984,0.9999635758440215,false,false,false,false
"parameters[2, 138]",1.8203228138399767,0.5305145152330556,4587.873284009894,3196.4912036596365,0.9997754767573389,false,false,false,false
"parameters[3, 138]",0.23337023386877115,0.10069736608854646,4279.614465623061,2578.2697373060637,1.0002356444746168,false,false,false,false
"parameters[4, 138]",-5.119000922302842,1.0191461268972017,5192.7644752689475,2331.4711162094195,1.0004679116722526,false,false,false,false
"parameters[1, 139]",1.6310633554354206,1.3964260180626906,4410.303614197205,2337.4040867233684,1.0004152891420564,false,false,false,false
"parameters[2, 139]",1.3987531414778565,0.5276775131043162,2165.128938329733,1381.4972555109796,0.9999785265512501,false,false,false,false
"parameters[3, 139]",0.2983459409168811,0.15227118323118832,1997.7602480680773,1181.6750856423084,1.0012822642878603,false,false,false,false
"parameters[4, 139]",-6.249278766233039,0.8336080704486106,3538.495021646574,2090.876641408654,1.0001891225328015,false,false,false,false
"parameters[1, 140]",1.75650161388649,2.2673963786054325,7646.279569058662,3401.9572306285227,1.000174608456689,false,false,false,false
"parameters[2, 140]",0.35211133175563075,0.33180341308419353,4101.339335515184,2821.465241425971,1.000245728003711,false,false,false,false
"parameters[3, 140]",1.1124523091362866,0.3894349221024242,4293.8625737929715,3404.6515562304444,1.0003819395488247,false,false,false,false
"parameters[4, 140]",-5.20670766763771,1.0268678030534701,5440.895541995107,2118.5266988231124,1.0004295248076247,false,false,false,false
"parameters[1, 141]",1.4222301568247702,1.5510227623319532,8629.874126166798,2692.6066571294555,1.0010352027945142,false,false,false,false
"parameters[2, 141]",1.5370961062767396,0.5914558403614778,2976.3067002915204,2048.242714889034,1.000006364301354,false,false,false,false
"parameters[3, 141]",0.6899429142692793,0.3662732689015321,2707.1878048791887,2694.31348750327,1.0014750165943413,false,false,false,false
"parameters[4, 141]",-5.731724641223223,0.9462758357397396,4710.3683775572,2083.570194350856,1.0000491625221073,false,false,false,false
"parameters[1, 142]",1.5842889256728443,1.986902632822314,7438.836873889968,2609.183597434857,1.0008925135590683,false,false,false,false
"parameters[2, 142]",1.2194065886395868,0.6409622344262055,3304.708805085773,2069.1018779181636,1.002017934420179,false,false,false,false
"parameters[3, 142]",1.2525259188715876,0.5244886236965408,3341.3044671869193,3210.614371447003,1.0012386700111435,false,false,false,false
"parameters[4, 142]",-5.380791787327317,0.9966552699871204,5844.00408905526,2537.597290223955,1.001093641939179,false,false,false,false
"parameters[1, 143]",1.6753115693432161,2.1967131657098777,7479.339989731415,2502.0216335488335,1.0011429796063296,false,false,false,false
"parameters[2, 143]",0.3224157533624348,0.36271701456421784,4049.4585853518074,2458.2151698391685,1.0005861656899053,false,false,false,false
"parameters[3, 143]",1.4568234390633845,0.4769064334584644,3930.0722744997934,3298.2235456586163,1.0002963607835138,false,false,false,false
"parameters[4, 143]",-5.143547900222083,0.9971075699313908,5927.09023637351,2166.9663428025065,1.0016722235197297,false,false,false,false
"parameters[1, 144]",1.308414433170104,1.8022459168572735,6835.931257454844,2728.240291087677,1.0004636652087762,false,false,false,false
"parameters[2, 144]",1.2662904940447575,0.6321209575514607,3903.349333001557,2113.5405177866646,1.0007490571797417,false,false,false,false
"parameters[3, 144]",1.4057159580382492,0.49958053798261176,4857.6316825208305,3281.370074389964,1.002725721882886,false,false,false,false
"parameters[4, 144]",-4.865317843247137,1.1894485366105731,4467.609885143335,1844.7268769329978,1.0017461569332828,false,false,false,false
"parameters[1, 145]",1.123274728156793,1.7299042356602188,7201.500556421955,2687.1526120661306,1.001533638903174,false,false,false,false
"parameters[2, 145]",0.7901658989398871,0.45806618547174693,2608.4658425836205,1216.8493497601514,0.9998501070094866,false,false,false,false
"parameters[3, 145]",0.915070333272883,0.3080806660840652,3192.2974377987357,1623.52534951387,0.999853770318914,false,false,false,false
"parameters[4, 145]",-4.699177651050839,1.1223978747944654,5008.072116636285,1917.0356946174793,1.0015832352253662,false,false,false,false
"parameters[1, 146]",2.4142008856872494,2.8954041719527788,7098.364995478977,2756.091853290284,0.9999405930504134,false,false,false,false
"parameters[2, 146]",2.2269141781288795,0.6096387191100849,5220.301737305969,2651.0465762573954,1.000416620101993,false,false,false,false
"parameters[3, 146]",0.5271872577992445,0.1460325094802467,4246.430200165523,2950.2864450720103,1.000764891595451,false,false,false,false
"parameters[4, 146]",-4.478964863400875,0.911199312446799,5696.528062068512,2636.713799116886,1.0010721277421875,false,false,false,false
"parameters[1, 147]",1.632365766754171,2.105797204640049,7354.667529271694,3277.0983342050863,1.0033696795152003,false,false,false,false
"parameters[2, 147]",0.6718098872300866,0.5004716953996949,3007.356233211759,2634.5386393683316,1.0007094840532136,false,false,false,false
"parameters[3, 147]",1.1572453294996932,0.44914810484503076,3799.037737283909,3065.593922553804,1.0003225222451257,false,false,false,false
"parameters[4, 147]",-5.239542364636106,1.013844520808351,5022.843391167804,1911.8152831119748,1.0013432640660411,false,false,false,false
"parameters[1, 148]",1.3114773160120585,1.639332427071013,7261.626738895158,3107.441311297519,1.000186215618499,false,false,false,false
"parameters[2, 148]",1.9897526060998312,0.6511682685229415,5201.281241818289,2443.066292461762,1.000034138552834,false,false,false,false
"parameters[3, 148]",1.0150324312231869,0.2618083611164008,4770.558961624608,2989.130351552276,0.9998369756797345,false,false,false,false
"parameters[4, 148]",-3.2859875220461,1.0501531238352233,4944.124528851697,2322.0906616302545,1.0008272046571127,false,false,false,false
"parameters[1, 149]",1.1287318327655436,1.4106405810314397,7714.880646934939,2908.3283495408855,0.9997911862630339,false,false,false,false
"parameters[2, 149]",2.1126642850167867,0.6767153048647503,5730.20889592525,2554.255324323451,0.9998029991254975,false,false,false,false
"parameters[3, 149]",1.0769565110943313,0.25613252079982424,5190.634112446783,2915.604913163149,0.9998884263205957,false,false,false,false
"parameters[4, 149]",-5.217276160821705,0.9770259122741202,5720.312546800369,1984.5836470351223,1.0021563704072796,false,false,false,false
"parameters[1, 150]",2.0188594114779987,2.1653981478439626,5184.651097791138,3266.4154546978502,1.0008581347836507,false,false,false,false
"parameters[2, 150]",1.9839394027890793,0.6072848375561553,6926.725653929282,2887.478820900435,0.9998115615057701,false,false,false,false
"parameters[3, 150]",0.3530892275602937,0.11238092481655576,5795.332681210507,3382.744176998457,1.0009824805385557,false,false,false,false
"parameters[4, 150]",-4.805444962280862,1.0204761295735205,6061.102712443365,2657.3040849822855,1.0029265679521562,false,false,false,false
"parameters[1, 151]",1.0863180592556263,1.0533166898169448,5627.500723775489,2861.551583128924,1.0019799945648558,false,false,false,false
"parameters[2, 151]",1.3743198784820592,0.4464352162375089,2659.4561310907457,1428.8311142669822,1.0002861760063388,false,false,false,false
"parameters[3, 151]",0.44924544770044206,0.19531935922378535,2081.059276863184,1419.825339023694,1.0016637185086656,false,false,false,false
"parameters[4, 151]",-5.97672473747267,0.9294591983632273,4331.514729769033,1970.9663184662672,1.0023987596071655,false,false,false,false
"parameters[1, 152]",0.9738555891852979,0.8864025102000141,5587.583002934741,2827.886727217927,0.9997855149240388,false,false,false,false
"parameters[2, 152]",1.9908031030878994,0.3984663904255467,4232.79563847634,1729.6830962752467,1.0007290059174785,false,false,false,false
"parameters[3, 152]",0.41650228803579764,0.17290590244188117,4100.3106769717215,1935.4647779182958,1.000807085952725,false,false,false,false
"parameters[4, 152]",-5.9042006211651,0.8611412226637835,5606.768161197613,2245.7079554543952,1.000241382433116,false,false,false,false
"parameters[1, 153]",0.9645825711808613,0.95684299907471,5741.341957268595,2960.2707915838128,1.0010028984149166,false,false,false,false
"parameters[2, 153]",1.8130276385378283,0.5004348457492791,3197.8200339758305,2093.4557485284054,1.0000186105774729,false,false,false,false
"parameters[3, 153]",0.5320574448032701,0.22438948941458725,2718.3574067159016,2173.141333475509,1.0012060589641338,false,false,false,false
"parameters[4, 153]",-5.837389176472009,0.9054196646514644,5092.93906023477,2717.1422488126254,1.0002733646519375,false,false,false,false
"parameters[1, 154]",0.9978230598303802,1.0833905397147758,5407.342202123399,2596.4845519301584,1.0037040795876548,false,false,false,false
"parameters[2, 154]",1.618667506111065,0.5335134830903004,4538.492859033686,2225.3533917141394,1.0000839502269163,false,false,false,false
"parameters[3, 154]",0.788583381950294,0.3160241728616243,4362.939151945036,3018.9768665199535,1.0002089744859135,false,false,false,false
"parameters[4, 154]",-5.209927415608325,1.2178971194765704,3136.824393425454,1466.9779055024176,1.001532231717512,false,false,false,false
"parameters[1, 155]",0.8834628899892061,0.9106208412417092,6941.869782648337,2848.9240792815867,1.0028847214933054,false,false,false,false
"parameters[2, 155]",1.8335551946122108,0.49505745456077344,5377.156519101875,2619.7109227740457,1.000818704350182,false,false,false,false
"parameters[3, 155]",0.748560821048777,0.32216689930861014,4662.357707263538,2605.6692858029805,1.000585364872566,false,false,false,false
"parameters[4, 155]",-5.29119174335243,0.9616270724277257,6099.7574325745545,2387.7406631024664,1.0013252889257096,false,false,false,false
"parameters[1, 156]",1.4713476762514774,1.845648922238295,9199.72250948442,2870.7536227960672,1.0001154546471973,false,false,false,false
"parameters[2, 156]",1.4757382960359087,0.6221755932815355,4575.136528106415,2590.847673994119,0.9997860850160095,false,false,false,false
"parameters[3, 156]",1.1863559705148365,0.48483445475468845,4343.5370373978485,3039.043925724405,1.0007332560483102,false,false,false,false
"parameters[4, 156]",-4.6397154323082725,1.318087307142843,2278.537423300966,1255.486299888209,1.0014156327839578,false,false,false,false
"parameters[1, 157]",1.9802338224836908,2.838561821135672,6733.673196627133,2590.631239083848,1.0033338631504984,false,false,false,false
"parameters[2, 157]",0.9591807733854176,0.5754883209291985,2996.29526615054,1347.3102257647768,1.0008262952408724,false,false,false,false
"parameters[3, 157]",0.8096540378852585,0.2892756268428596,3158.354286877144,1855.050555562736,1.0012654320409133,false,false,false,false
"parameters[4, 157]",-5.1355302756373655,1.0107161752657932,4339.84387536972,1845.0282707736217,1.0023567693321203,false,false,false,false
"parameters[1, 158]",1.770003895775445,2.557567144131888,8210.723232711984,3166.915036376681,1.0001665765902465,false,false,false,false
"parameters[2, 158]",0.27718628273376783,0.23050851554562216,4254.179054238862,2272.4367020296227,1.0001924503923496,false,false,false,false
"parameters[3, 158]",0.8367905516007111,0.2838412003083154,4803.066887723927,2681.603093462471,1.0024425598301234,false,false,false,false
"parameters[4, 158]",-5.271244346979688,1.0188777028534741,5404.583046264603,2255.0878242946687,1.0000509235228132,false,false,false,false
"parameters[1, 159]",1.5212374056804778,1.9315684095094514,7441.387502940189,2852.1275468101294,1.0009991707904529,false,false,false,false
"parameters[2, 159]",1.1025753783878123,0.5302978003395091,4400.847375043083,2419.103273438267,1.000219675455992,false,false,false,false
"parameters[3, 159]",0.6544400533159712,0.16917005254630785,5306.311000122024,2814.9770971584417,1.0010358440062557,false,false,false,false
"parameters[4, 159]",-4.806312199094866,1.1956844686482437,4969.299232734824,2211.0392067219504,1.0018597954462742,false,false,false,false
"parameters[1, 160]",1.854700079101841,2.0940791975483517,8250.260427902844,3008.2868655500138,1.0000655394992017,false,false,false,false
"parameters[2, 160]",0.965202611909665,0.5298957601009339,3633.9295996565447,2032.5229957064885,1.001706308791892,false,false,false,false
"parameters[3, 160]",0.6685880538127759,0.2156582468622436,4308.283865314765,2385.636803967202,1.00294012875488,false,false,false,false
"parameters[4, 160]",-4.854678889932769,1.0072745766393625,5323.523711053105,2478.1837673519162,1.0003923436267923,false,false,false,false
"parameters[1, 161]",1.258691627768767,1.555876200472654,7026.520654856552,2708.7409916073284,1.0004861009482382,false,false,false,false
"parameters[2, 161]",0.5227854404019502,0.36438395335495827,3735.411128374821,1836.531255239961,1.000424144605706,false,false,false,false
"parameters[3, 161]",0.8711356009623967,0.23776264183100337,3792.103996222091,2144.6151078247867,1.0015318016015298,false,false,false,false
"parameters[4, 161]",-4.797117378204244,1.123764039373306,2856.794518660163,1329.2542408602924,1.000484262715998,false,false,false,false
"parameters[1, 162]",1.7012579649882864,2.094279644966855,7849.126809574244,2703.791945703456,1.0022685183331423,false,false,false,false
"parameters[2, 162]",1.6535367049671845,0.6462259731846762,4871.310336887842,2223.6074377426426,1.0006073680674519,false,false,false,false
"parameters[3, 162]",0.7661867043767617,0.19547307279807685,5307.5709122134695,2811.8230626634554,1.0007605717125385,false,false,false,false
"parameters[4, 162]",-5.211612263267163,0.9526579595428201,5932.414143602624,2448.5319840656584,1.0012085701106175,false,false,false,false
"parameters[1, 163]",0.9991434038425286,1.01745148241887,7234.61191439726,3106.3895111472793,1.0001415240287739,false,false,false,false
"parameters[2, 163]",1.3153477042757895,0.4537226837637295,2770.6280588739073,1540.6584028728364,1.001734454038165,false,false,false,false
"parameters[3, 163]",0.5184143701313549,0.2093341777013679,2610.387659514495,1696.3046252433521,1.0027006958898483,false,false,false,false
"parameters[4, 163]",-5.742626611942826,0.8694649236548357,5716.020281167998,2316.4547313832513,0.99956519853666,false,false,false,false
"parameters[1, 164]",1.6143343399330845,1.6579254124645773,8469.278926007102,3077.1834463523005,1.0020289059528804,false,false,false,false
"parameters[2, 164]",1.5346514731208263,0.6008389249898884,4125.016708346518,2271.9411570555744,1.000592369298793,false,false,false,false
"parameters[3, 164]",0.8199737660741666,0.36721710170470867,3641.5658935627466,2557.5632289433424,0.9998243057251532,false,false,false,false
"parameters[4, 164]",-5.226191393946836,0.9734474176967404,5672.603029031936,2581.5583716020874,1.0026263866907486,false,false,false,false
"parameters[1, 165]",1.712568733187067,2.096732186499543,7798.011442505834,2743.7691328898604,1.001418880878989,false,false,false,false
"parameters[2, 165]",0.6470828821669479,0.4650792000236008,3303.923195819555,1698.557215868842,1.0016711880710143,false,false,false,false
"parameters[3, 165]",1.2194037273463405,0.47732120153429164,2940.720492271713,1601.1848439352082,1.000957820699528,false,false,false,false
"parameters[4, 165]",-5.290691688331648,0.9958921771278652,5644.407717908416,2009.1522302192247,1.0024095072225083,false,false,false,false
"parameters[1, 166]",1.7629397250781254,2.4086655188848733,7228.00494691428,2749.4701548420912,1.0004932769071258,false,false,false,false
"parameters[2, 166]",0.11589385536933905,0.15720705630939039,3768.043661710919,2639.2493420232295,1.0003524632695078,false,false,false,false
"parameters[3, 166]",1.1043210241492696,0.31755294100846715,5748.277065254449,3260.3953426100056,1.0006752030566441,false,false,false,false
"parameters[4, 166]",-5.196810249656973,0.9902189145176109,5828.065996193806,2103.6840595216554,1.001796201924205,false,false,false,false
"parameters[1, 167]",1.6230110299329694,2.0996391751113075,7867.368681159594,3017.1062101106686,1.001012331178879,false,false,false,false
"parameters[2, 167]",0.3413115371785293,0.3852028295603031,2377.322948591573,2698.8739330121193,1.0021995066310085,false,false,false,false
"parameters[3, 167]",0.9449216320427266,0.37950198452649186,2829.841659545111,3389.047105142831,1.001398925665806,false,false,false,false
"parameters[4, 167]",-5.203029941863041,0.9973366324925707,6816.3613510988625,1998.3744431553255,1.0010360162666418,false,false,false,false
"parameters[1, 168]",1.6446538325947822,2.2785094676516855,6610.966507876354,2784.636891242335,1.0009060805993442,false,false,false,false
"parameters[2, 168]",0.2966923834668222,0.2985626673273603,3243.638414829802,2633.853517472783,1.0030858427530498,false,false,false,false
"parameters[3, 168]",0.8394189407578979,0.29839039161920283,3516.6877562931036,2847.6851932261343,1.0025908898559441,false,false,false,false
"parameters[4, 168]",-5.15745241388582,0.9700534757450721,5421.301838474446,2378.396471497663,1.0019577472037249,false,false,false,false
"parameters[1, 169]",1.627301031400422,2.137907816643561,6587.209513484305,3224.4692998708338,1.0003133584324213,false,false,false,false
"parameters[2, 169]",0.8717317170547613,0.5812849357430387,4342.118299355933,2522.50274622802,1.0004752529451773,false,false,false,false
"parameters[3, 169]",1.4125575133899861,0.5024383308271629,4337.568462679264,2650.7455506990123,1.0000714448422057,false,false,false,false
"parameters[4, 169]",-5.022974205322271,1.0915102025028824,6008.515083939788,2573.1957598355784,1.001556560911767,false,false,false,false
"parameters[1, 170]",0.9195059320899109,0.9893701738995718,6671.170894928988,2974.311976027272,0.9995431108987458,false,false,false,false
"parameters[2, 170]",1.4268409636567656,0.4927307510351991,3636.2967080320814,2286.019352119541,1.0005539693739154,false,false,false,false
"parameters[3, 170]",0.7677927177425029,0.33275784225160554,3385.606589036748,2970.792044910891,1.0004258740492717,false,false,false,false
"parameters[4, 170]",-5.570743857596116,1.0083122032209513,4347.55551732188,1942.4410342659523,1.0029054756107563,false,false,false,false
"parameters[1, 171]",0.9485392011956001,0.9341424090880993,6134.804939977154,3057.268828466371,0.9998092107928969,false,false,false,false
"parameters[2, 171]",1.224031245555726,0.3665421690444198,3623.9210056635316,1967.085526687031,1.0011048718008482,false,false,false,false
"parameters[3, 171]",0.46698546048479356,0.1760924477646524,3101.093345186387,2205.2096878541233,1.0013067531961004,false,false,false,false
"parameters[4, 171]",-5.936237836459673,0.8532254927676446,4617.852428218637,2424.2162458814237,1.0015731413268953,false,false,false,false
"parameters[1, 172]",1.82567011229441,2.5045065536336133,8492.637255853107,2750.523567401907,1.002174970628492,false,false,false,false
"parameters[2, 172]",1.1696833433125782,0.6469797067605886,4266.956751498673,2784.9412008738263,1.0018341680311846,false,false,false,false
"parameters[3, 172]",1.4042447386443495,0.47548128054790545,4712.3643193009975,3444.488783682682,1.0012722204670659,false,false,false,false
"parameters[4, 172]",-5.251764764640489,1.0073121304000465,6178.661632265479,2098.2922765313074,1.0014418161874916,false,false,false,false
"parameters[1, 173]",1.8045480482551155,2.33699312513166,7884.359192804412,2656.922556552032,1.0003989757886107,false,false,false,false
"parameters[2, 173]",1.5685335255682469,0.6975740075866143,4681.731788483152,2146.6739944303204,1.0010484342159809,false,false,false,false
"parameters[3, 173]",1.9487626168514296,0.5893354597657225,5363.693295848679,3305.701199265242,1.0004144590585025,false,false,false,false
"parameters[4, 173]",-5.2748152659903385,0.9797914563329683,5420.576303160809,2288.5015952453577,1.0013016060453266,false,false,false,false
"parameters[1, 174]",1.935152516496849,2.56612598890232,8135.335321096391,3032.485376803698,1.0010361347738623,false,false,false,false
"parameters[2, 174]",1.4089097179498118,0.683959960990595,3202.0645759246377,1508.207523646514,1.0008406906396772,false,false,false,false
"parameters[3, 174]",1.1495012187279168,0.3875010906923531,2759.5140369118303,2031.0703273293295,1.0001955889158336,false,false,false,false
"parameters[4, 174]",-5.103111506668222,0.9894201857631243,6560.958006656219,2182.641399471502,1.000442704351401,false,false,false,false
"parameters[1, 175]",1.2221550111983064,1.6620902205462533,6126.442918571337,2846.4981526155107,1.0015259558405485,false,false,false,false
"parameters[2, 175]",0.7246804091310947,0.433215132639197,3124.536029699467,1713.1632600069915,1.0006328312155606,false,false,false,false
"parameters[3, 175]",0.926249082169149,0.328198029973635,2824.495746323828,2005.6683467275045,1.001333044240391,false,false,false,false
"parameters[4, 175]",-5.233891684480699,0.9939397875555339,6971.278175735768,2422.303498927435,1.000604296175722,false,false,false,false
"parameters[1, 176]",1.3941191930438663,1.6462268910197804,6532.713576540686,3334.8760381609245,1.000002827645042,false,false,false,false
"parameters[2, 176]",0.8741847768624418,0.4360849785784682,2989.2447587159745,1845.4669515002438,0.9998162641972504,false,false,false,false
"parameters[3, 176]",0.5881311239223779,0.24072311472876237,3184.9458687478054,2190.70188804644,1.000388422123529,false,false,false,false
"parameters[4, 176]",-5.400707922467229,0.9738528139589614,5657.243783574364,2563.075125219392,0.9996652954776805,false,false,false,false
"parameters[1, 177]",1.6562826083154025,2.0646549224907207,6940.888231276384,3160.1620773348504,1.0000777117014046,false,false,false,false
"parameters[2, 177]",0.49565394478639185,0.39963340604129494,3309.039791347535,2432.70197922023,1.0010714091854405,false,false,false,false
"parameters[3, 177]",0.9366816416330844,0.381845521880368,3210.661088213009,2919.620919133949,1.0013298136837976,false,false,false,false
"parameters[4, 177]",-5.259507268494174,0.9912365189873074,6148.81925643067,2545.4853889829205,1.0003576469355238,false,false,false,false
"parameters[1, 178]",1.5195842521512473,1.8807671672803938,8128.416237991379,2818.9573376316334,0.9997030688369166,false,false,false,false
"parameters[2, 178]",0.6493266802869642,0.4625987538292161,2054.9868908771996,1219.458023403843,1.0018421757338183,false,false,false,false
"parameters[3, 178]",1.168633670266297,0.4422737654260958,2441.2551946363537,1171.184478274754,1.00336284928778,false,false,false,false
"parameters[4, 178]",-5.131754041811758,1.016323778512175,4476.490988848247,2264.0245284158136,1.0001333330233166,false,false,false,false
"parameters[1, 179]",2.397904024348827,2.5702357225978893,5517.178980365655,2776.546035911077,0.9999412493361012,false,false,false,false
"parameters[2, 179]",1.6034537069812473,0.4239356448707509,3581.934790062311,2651.2071922225346,1.0003124001979034,false,false,false,false
"parameters[3, 179]",0.28796239240905336,0.08918203253659074,4186.0028387787115,2597.5821212983205,1.0010343016041037,false,false,false,false
"parameters[4, 179]",-4.11946557292951,0.837373546332861,4746.938860144223,2140.392455483662,1.0000958186669804,false,false,false,false
"parameters[1, 180]",1.6520564136718765,2.136157644371556,6448.497796752591,2700.46564612771,1.0002199398998146,false,false,false,false
"parameters[2, 180]",0.4214735314910059,0.39169093090326706,2430.837594520524,1908.8700744413932,1.0009782713984925,false,false,false,false
"parameters[3, 180]",1.3303377680152002,0.5433783138576161,2301.4752765900043,2232.6558385773174,1.001338146453574,false,false,false,false
"parameters[4, 180]",-5.0773784198898815,1.0659096684750486,5357.1505628331815,2303.9647829322503,1.0011806000593635,false,false,false,false
"parameters[1, 181]",1.7330545565421158,2.232080918513623,7637.221505459698,2870.275866795955,1.0002612918117995,false,false,false,false
"parameters[2, 181]",2.198343975622392,0.7245331400756644,4148.710504097195,2286.482846983581,1.0024687475179241,false,false,false,false
"parameters[3, 181]",1.670559724660289,0.5797077947065195,4642.234359612163,3197.437333530723,1.0004343852040556,false,false,false,false
"parameters[4, 181]",-3.7147379473997617,1.3049918777105878,4228.037693395374,2372.5677730395373,0.9999796922117156,false,false,false,false
"parameters[1, 182]",0.7600511618272323,0.9373379182386529,6539.696787700479,2709.639087541356,1.0007433497250287,false,false,false,false
"parameters[2, 182]",2.059555498667278,0.6754217401618381,6584.8095176848055,2558.1092226497562,1.0004686726841001,false,false,false,false
"parameters[3, 182]",1.1948736220590175,0.28320501167433904,4874.273819935998,2789.9110803483914,1.0005234413250281,false,false,false,false
"parameters[4, 182]",-4.7715454783215225,1.1038987614959777,5102.339837305824,2021.4559850052444,1.0031352864175649,false,false,false,false
"parameters[1, 183]",1.041030512085449,1.2623232148747257,9510.332235541824,2736.6956693022053,1.0011468196009519,false,false,false,false
"parameters[2, 183]",1.699733992936766,0.6755722520259214,5742.398693676511,2591.026046820933,1.001145899869611,false,false,false,false
"parameters[3, 183]",1.1628447788536942,0.2943391056333454,5816.689518976278,2431.2234574159784,0.9995200724650315,false,false,false,false
"parameters[4, 183]",-5.016588269088159,1.0900144633933104,5600.2684698816165,1548.4599072671188,1.0016683820559584,false,false,false,false
"parameters[1, 184]",0.5380314174991215,0.5709668159023772,7576.622660165929,2564.958513314876,1.0005019356931106,false,false,false,false
"parameters[2, 184]",2.9194817040701686,0.5820927505683858,6712.300410715991,2760.7917668939676,0.9994426334615151,false,false,false,false
"parameters[3, 184]",0.6248763689076506,0.13412018175955823,6720.477122294911,3032.9058734702526,0.9995999208669388,false,false,false,false
"parameters[4, 184]",-5.048852100428574,1.015621920080829,6687.6482187273905,2532.8441890839954,1.0009825633842357,false,false,false,false
"parameters[1, 185]",0.99534691934067,1.3736624724889048,7999.694672375901,2911.3430716101507,1.000657492509409,false,false,false,false
"parameters[2, 185]",2.557823551053247,0.6868128404312112,5787.659882751913,2589.2875777509803,1.0008201506061807,false,false,false,false
"parameters[3, 185]",1.4743597446263683,0.48502693529824736,6397.711409372355,3094.2815922469845,0.99973156134789,false,false,false,false
"parameters[4, 185]",-3.706123161904724,0.9235226323225927,5034.721329239056,2815.7068227431723,0.9994410880390221,false,false,false,false
"parameters[1, 186]",1.0737385298695912,1.3322816530354376,7517.727653952804,2758.472195960001,1.000028233011002,false,false,false,false
"parameters[2, 186]",2.0298496937983974,0.7044090812950025,5473.291642990642,2255.0655891964707,1.0003015946388774,false,false,false,false
"parameters[3, 186]",1.5736766533917959,0.47395542695076426,5322.493024944123,2536.9657003935636,1.001872912240703,false,false,false,false
"parameters[4, 186]",-4.96772014820235,1.1221459718979963,2804.4276850047227,1086.4754690396096,1.0025957853966667,false,false,false,false
"parameters[1, 187]",2.1264530837567834,2.758997131860796,7993.820478490569,2464.3465230046163,1.0021265823770533,false,false,false,false
"parameters[2, 187]",3.404165448382062,0.6368260987143769,5699.641717972594,2802.7607287978826,0.999993580856832,false,false,false,false
"parameters[3, 187]",0.7074592075244779,0.272650362251648,4657.734970559928,2508.3400929289537,1.0006645901244318,false,false,false,false
"parameters[4, 187]",-4.072534214444932,0.8461317871473178,5735.723109395482,2411.8323759836667,1.0004354532788784,false,false,false,false
"parameters[1, 188]",0.5571056181888653,0.49180996051840375,5280.682019924677,2909.432179874896,1.0006753179485384,false,false,false,false
"parameters[2, 188]",2.874176342411328,0.542488901665128,5062.186870707135,3418.742552101177,1.0006648530091635,false,false,false,false
"parameters[3, 188]",0.48454865204407316,0.10745659486790132,4734.489297370534,3138.946963458158,1.001175200743642,false,false,false,false
"parameters[4, 188]",-5.339701384598069,0.9741936313441961,7702.431500539965,1949.1684506867668,1.0016353183228952,false,false,false,false
"parameters[1, 189]",1.5282099326683165,2.055119648984757,7499.369589927842,2552.40964437016,1.0012957949187058,false,false,false,false
"parameters[2, 189]",1.7934851133441603,0.7001104031102849,4130.478118530844,1874.3638664203575,1.0023113631540719,false,false,false,false
"parameters[3, 189]",1.8110039859285267,0.5803151388415889,4802.826460254982,2677.282831568809,1.0047099738185612,false,false,false,false
"parameters[4, 189]",-5.167639724687572,1.060657568552227,6001.190171367223,2208.9642184973436,1.0019833296736387,false,false,false,false
"parameters[1, 190]",2.1212118190516884,2.73548181792876,6624.242242885099,2724.7763782073407,0.9999800369995028,false,false,false,false
"parameters[2, 190]",2.0678588495751637,0.6102510684596049,2835.1713848085355,1527.7902890204132,1.000126698222388,false,false,false,false
"parameters[3, 190]",0.7658874157776475,0.4046074735659058,2918.245550469343,2344.507529737116,1.0008092161215423,false,false,false,false
"parameters[4, 190]",-3.6150095326040437,1.168174720168045,2312.531855224726,1317.5724075850756,1.0017257626355136,false,false,false,false
"parameters[1, 191]",0.5393575958581751,0.41745092885666113,7041.100218143975,2919.110492349686,1.000383433640968,false,false,false,false
"parameters[2, 191]",2.2335012649622428,0.43058079364068075,4876.926004978051,3364.356067784211,1.0003740072220102,false,false,false,false
"parameters[3, 191]",0.3446981075954142,0.10370725719774958,4179.903307531219,3499.9435717107044,1.0000164921246564,false,false,false,false
"parameters[4, 191]",-5.359781165535615,0.9535264233071673,6617.629070739752,2702.504240375429,1.0014016768212195,false,false,false,false
"parameters[1, 192]",1.3237112080512539,1.0666144605596395,4969.405606127331,2731.6583741341974,1.000666300329073,false,false,false,false
"parameters[2, 192]",2.0920267776793176,0.2658902578227551,5426.571471014088,2938.306040046691,1.0005047966823348,false,false,false,false
"parameters[3, 192]",0.2238909825918166,0.07687825775115649,4534.309161756807,2751.19418342847,1.0010136599194168,false,false,false,false
"parameters[4, 192]",-5.67348954963547,0.8759300082256217,5939.6267720096,2703.6610768872233,1.0026641403286103,false,false,false,false
"parameters[1, 193]",1.5786302182119016,1.9467134175765917,7756.057474291938,3107.490702098892,1.0006836184620356,false,false,false,false
"parameters[2, 193]",0.3218039847135749,0.2941542670969112,4331.89309018942,3087.7144311671386,1.000334611975445,false,false,false,false
"parameters[3, 193]",1.454944403296258,0.4450916394922593,4377.7588103297485,3571.22209721433,1.0012310348830027,false,false,false,false
"parameters[4, 193]",-5.141614080011289,1.0099123552593856,6276.887775904737,2337.4398143400663,1.0013554874865171,false,false,false,false
"parameters[1, 194]",1.7029524970462497,2.109792254778503,7596.183624262798,3247.1741728435136,1.0009257131720835,false,false,false,false
"parameters[2, 194]",1.0018413822364587,0.5714072973763514,4192.0134423137615,2295.6851960004346,0.9998777061437273,false,false,false,false
"parameters[3, 194]",1.268411496225225,0.43615549183030883,4183.772850085453,2789.373245005033,1.0013674370881243,false,false,false,false
"parameters[4, 194]",-4.979365415787669,1.0617488980656284,5177.462478373861,2158.6572526106656,1.0007179108789135,false,false,false,false
"parameters[1, 195]",1.602421132437731,1.8724909933279892,8734.750714596592,2979.6883640432607,0.9995385787766583,false,false,false,false
"parameters[2, 195]",0.45335401381260726,0.4023385238968103,3440.718077327236,2419.188055264962,1.0005069327244094,false,false,false,false
"parameters[3, 195]",1.5855847779107506,0.4706803946943227,3138.5327138875045,2429.7396680925103,1.0005625614966454,false,false,false,false
"parameters[4, 195]",-5.227917283273656,1.0059028973469768,4366.2911136033945,1927.5720275684414,1.0009555554445946,false,false,false,false
"parameters[1, 196]",1.345181158844552,1.7480595818305882,7631.710839631001,2607.466877285346,1.0007944841137468,false,false,false,false
"parameters[2, 196]",0.9006183866866575,0.5663842172529333,3040.5458640019565,2372.463372518912,1.0019636885158505,false,false,false,false
"parameters[3, 196]",1.040627663844511,0.4644720241228901,2733.511170520159,2701.261944456322,1.0038151017223718,false,false,false,false
"parameters[4, 196]",-5.52701753485865,0.9815365149854077,4774.378968808727,2236.638286918684,1.0000177493602636,false,false,false,false
"parameters[1, 197]",0.9151567316250243,0.7894406578832179,6117.644410774884,2970.4585234100805,1.0004313647534537,false,false,false,false
"parameters[2, 197]",1.753183129659112,0.4858876970326426,2414.2653045633965,1280.9214089239122,1.0020989171933974,false,false,false,false
"parameters[3, 197]",0.46898184429976403,0.25061694568883364,2204.518229900892,1306.8531739365112,1.0025376284440586,false,false,false,false
"parameters[4, 197]",-6.1411072550116055,0.8482921730544513,5333.571933986496,2160.5493851286333,1.0018826519380832,false,false,false,false
"parameters[1, 198]",1.8199125358989985,2.127809863296829,7814.153953873689,2797.660474058296,0.9999498220722189,false,false,false,false
"parameters[2, 198]",0.6319626098662651,0.5027009789036713,3806.347212398739,2541.483926138816,1.0023034432739846,false,false,false,false
"parameters[3, 198]",1.5437768076978817,0.5285382271434096,3156.8565424849985,3116.8502944455836,1.0020310338184863,false,false,false,false
"parameters[4, 198]",-5.2581561359376146,1.012561093634422,4731.352888373316,1837.2616660068506,1.0008830963894624,false,false,false,false
"parameters[1, 199]",1.7611887839557103,2.6289856871341892,6712.503439613704,2996.595278815895,1.0011368916988852,false,false,false,false
"parameters[2, 199]",1.3300523743391421,0.6284451814947855,4891.132855848296,2789.312727337914,1.0000637205263947,false,false,false,false
"parameters[3, 199]",1.4835883825324385,0.5215137593151989,5012.864618266347,3352.1070049015007,1.0010806849689655,false,false,false,false
"parameters[4, 199]",-5.206363430824608,0.9855984561050932,6147.776589368477,2204.1483272296155,1.0015609565589292,false,false,false,false
"parameters[1, 200]",1.1088509743772768,1.4833684410634174,7382.189729912445,2576.398061929334,0.9997495260924926,false,false,false,false
"parameters[2, 200]",1.6251324395329187,0.5577973146376574,4086.634453903817,1617.991934011228,1.001878050816354,false,false,false,false
"parameters[3, 200]",0.8173054516012271,0.27145037353298146,4840.351105503744,2709.929291116064,1.0019049428959068,false,false,false,false
"parameters[4, 200]",-4.2657008965133425,0.9570245541653811,4385.793481482335,2183.4519292737123,1.0022296088548424,false,false,false,false
"parameters[1, 201]",1.6652732376530528,2.4825344086810763,6859.1535365883,2389.5920227672614,1.0004768824394648,false,false,false,false
"parameters[2, 201]",1.0791615483333103,0.584045488137308,4462.326743030806,2265.9091359902704,0.9998466179316474,false,false,false,false
"parameters[3, 201]",1.3264523898054659,0.47688580753916654,4216.9053169349945,3091.3052550061716,1.0003100304362313,false,false,false,false
"parameters[4, 201]",-4.981793908139454,1.120332517927746,5096.028740741358,1720.8090807548856,0.9999421392095942,false,false,false,false
"parameters[1, 202]",1.920159162177705,3.743675559344275,7454.628928992267,2849.276347372572,1.0010870146173527,false,false,false,false
"parameters[2, 202]",1.4208757523205862,0.6659435949541842,4711.351656457175,2625.358800669764,1.0004101597096435,false,false,false,false
"parameters[3, 202]",1.719098585663951,0.5493541197979684,5017.616506164447,2898.690026267658,1.0003946702147464,false,false,false,false
"parameters[4, 202]",-5.272647590834376,1.0084197617527395,7414.459493297178,2005.187277658774,1.0006224956378946,false,false,false,false
"parameters[1, 203]",1.3737444891037216,1.8473292714826506,6595.318563144609,2608.6640022389574,1.0003527223679214,false,false,false,false
"parameters[2, 203]",1.5739098873839144,0.6804463655382448,4607.376074806246,2397.906776023783,1.000505616062798,false,false,false,false
"parameters[3, 203]",1.625046883578685,0.539723461359881,4986.620407895079,3300.9515008674593,0.9995199818454124,false,false,false,false
"parameters[4, 203]",-5.028187991232624,1.05088427720092,5705.355153916067,2078.627951219525,1.0007254047264593,false,false,false,false
"parameters[1, 204]",1.9804755972079648,2.6440466065097508,7480.055848831259,2967.965082647626,1.0007310601605652,false,false,false,false
"parameters[2, 204]",1.6621643649491935,0.6925490496215068,4148.496105368603,2217.1409101791146,1.001465875787796,false,false,false,false
"parameters[3, 204]",0.9753102676409203,0.39140058737826555,3796.97850155365,2626.6743306292797,1.0015559054452459,false,false,false,false
"parameters[4, 204]",-4.807142265970159,0.9297961440267528,5385.630945181811,2489.52931313769,0.9999618001972294,false,false,false,false
"parameters[1, 205]",2.3862283896908076,2.822278132147097,7390.989105412009,3167.080067471197,1.0005298867435184,false,false,false,false
"parameters[2, 205]",1.5142790763821983,0.6462436512749541,5489.312514805576,2235.6730175530743,1.001858426668367,false,false,false,false
"parameters[3, 205]",0.5577696163099713,0.15005388955638974,5145.156205043815,2986.662854612339,1.0004924254170127,false,false,false,false
"parameters[4, 205]",-4.927136282904917,0.9546199152730245,6004.289792505086,2572.392334147012,1.0022435272246504,false,false,false,false
"parameters[1, 206]",2.149703519914252,2.480864822257771,6580.536037835451,3258.297309624452,1.0003385526370543,false,false,false,false
"parameters[2, 206]",1.364050589606696,0.6215421144338067,4260.090901880871,2130.941302645579,0.9999456826468349,false,false,false,false
"parameters[3, 206]",0.5842044062561651,0.15286493037604296,4705.37191450497,2698.330372434337,1.0023407090464291,false,false,false,false
"parameters[4, 206]",-4.90999523831617,0.9602859630279955,5842.599952978079,2752.9080737643667,1.0039052720790764,false,false,false,false
"parameters[1, 207]",1.2941377496339168,1.562044370424844,6070.14290926705,2927.3906479373386,1.001242892339207,false,false,false,false
"parameters[2, 207]",1.6878756384477251,0.640826695113239,5215.805024680644,1774.595966670268,1.0021052210072412,false,false,false,false
"parameters[3, 207]",0.9204350085127387,0.21168086200157882,5716.90000545279,2764.562907580434,0.9998860124761653,false,false,false,false
"parameters[4, 207]",-4.435256377353822,1.2323328688474535,5187.75483331555,2839.449316621811,1.000254667787745,false,false,false,false
"parameters[1, 208]",1.1061930312392574,1.1226633930394139,7444.807155680676,3199.498386530273,0.9994307915355627,false,false,false,false
"parameters[2, 208]",2.240598588941723,0.544402310171003,5419.144018390819,1991.4200519081207,1.0001619732539873,false,false,false,false
"parameters[3, 208]",0.7148010996777252,0.33831559599630795,3337.694629572314,2491.2553016134443,1.0006311277494888,false,false,false,false
"parameters[4, 208]",-5.49611101881608,0.931640369634436,6287.057156645581,2456.573958050068,1.001123655170653,false,false,false,false
"parameters[1, 209]",0.9046671088447441,0.9605084816677972,7242.2679731915305,3154.716279647924,1.0010005174956458,false,false,false,false
"parameters[2, 209]",1.9876359931355236,0.5733589136647957,4855.0946073667865,2245.900487743759,1.0008751080699936,false,false,false,false
"parameters[3, 209]",0.8704528443300052,0.3967268915984415,4720.805491792346,2840.2992400692656,1.0008647785887552,false,false,false,false
"parameters[4, 209]",-5.569889674856069,0.8874172045963789,6384.281791490484,2647.8879183353333,0.9996587690916201,false,false,false,false
"parameters[1, 210]",0.849555404032743,0.9309758699593891,7747.153074456226,2905.0396534677416,1.0005592700952644,false,false,false,false
"parameters[2, 210]",2.2405915531832203,0.5217218425878816,6058.252278216997,2733.927943768071,1.0013181559366484,false,false,false,false
"parameters[3, 210]",0.63499455860275,0.2136778990499989,4885.030378018474,2403.211044030369,1.001888175888821,false,false,false,false
"parameters[4, 210]",-3.9746669918127226,0.7825925486135691,6339.156266929247,2690.420234986524,1.000835535009186,false,false,false,false
"parameters[1, 211]",0.6743869670818571,0.6354674606432662,6382.36978947683,3040.3374585096212,1.0003425968731914,false,false,false,false
"parameters[2, 211]",2.381507504189556,0.5058265187992973,5636.535700289301,3076.837429702655,1.0002215154172207,false,false,false,false
"parameters[3, 211]",0.5692497519467548,0.17819133205877785,4968.683562409177,2642.8326798572075,1.0003861053614995,false,false,false,false
"parameters[4, 211]",-5.153225744283396,0.8864510903144351,7219.479126509947,3449.765026714529,1.0040332217024908,false,false,false,false
"parameters[1, 212]",0.7250859028803737,0.5938137919188874,5707.424948234755,3129.569487529181,1.0008802453921926,false,false,false,false
"parameters[2, 212]",1.8934512720611323,0.35295538574721896,4336.151087752241,2675.8433197384843,1.000707561724846,false,false,false,false
"parameters[3, 212]",0.37673184375485436,0.12831915138044583,4441.449337957614,2657.9332875094046,1.0024936567137275,false,false,false,false
"parameters[4, 212]",-6.015762263590167,0.8187025362556545,7054.161524392525,2765.521373945808,1.0006827119389028,false,false,false,false
"parameters[1, 213]",1.7021881525646843,2.060446997545933,8073.686652067487,2522.181717684999,1.0009165569160319,false,false,false,false
"parameters[2, 213]",1.0133323918736865,0.5957109327324487,3269.621735389763,2099.6161718564035,1.0006718011962352,false,false,false,false
"parameters[3, 213]",1.1311473488984638,0.4907435835125415,3460.318950329157,3282.415132762645,1.002043160439237,false,false,false,false
"parameters[4, 213]",-5.396024859474038,0.9671440900809776,4518.239185452752,2248.631550553658,1.000068898288304,false,false,false,false
"parameters[1, 214]",1.3883616808634842,1.6827886454796248,7608.618611951305,2770.056568923124,1.0012125149137505,false,false,false,false
"parameters[2, 214]",0.626719290385583,0.553356575724739,3042.8568402067476,2951.3384569543214,0.9999286403959556,false,false,false,false
"parameters[3, 214]",0.8916586129734028,0.4470489298094448,2809.3970284224406,3295.983848545902,1.0009343007798626,false,false,false,false
"parameters[4, 214]",-5.421984809323593,0.9610969109335232,4928.486984324317,2411.832457433416,1.0023494595930387,false,false,false,false
"parameters[1, 215]",1.6261863370995,2.1602378354280334,6371.06518853861,2618.8204120631267,1.001281370617224,false,false,false,false
"parameters[2, 215]",0.4398277332792816,0.419922921798184,3194.6444189246595,2557.960273150106,1.0004227491541546,false,false,false,false
"parameters[3, 215]",1.2405443927500737,0.44740791376425404,3127.577197595869,3147.1166517254446,0.9998854434372563,false,false,false,false
"parameters[4, 215]",-5.103132257539107,1.0383660991069386,4742.03626071036,2369.7597714596996,1.0016088143945323,false,false,false,false
"parameters[1, 216]",1.7347456757845239,2.342696857566379,6042.571065338162,2453.9469992076197,1.0015540692357772,false,false,false,false
"parameters[2, 216]",0.6641797265262211,0.5244089930588621,3759.5405388961394,2360.4604190096748,1.0001310417956657,false,false,false,false
"parameters[3, 216]",1.5502231079096396,0.478234334440124,3772.5178632998477,2815.3830583315103,1.0004950872388618,false,false,false,false
"parameters[4, 216]",-5.2657053383548496,0.9850402467141137,6502.8478625277985,2478.063183312158,1.00009103086478,false,false,false,false
"parameters[1, 217]",1.1357927076388252,1.2940828289585296,6996.393832565472,3139.0870620506344,1.0010006824903024,false,false,false,false
"parameters[2, 217]",2.027265162548842,0.5389962010077883,4662.623108851879,2439.4779561800897,1.0005996102822328,false,false,false,false
"parameters[3, 217]",0.7525792911866404,0.30455988195231454,4209.856613085095,2883.7136509435304,1.0001471290594406,false,false,false,false
"parameters[4, 217]",-5.454892617019155,0.9219462207978344,6178.3418905613,2389.392267050147,1.0007767989218845,false,false,false,false
"parameters[1, 218]",1.156882866497926,1.29910762165245,6468.209386822642,3060.9109191449575,1.0002891135643108,false,false,false,false
"parameters[2, 218]",1.538856311936863,0.5873880131669921,3937.7223978712427,2398.367126335058,0.9998314970520761,false,false,false,false
"parameters[3, 218]",0.9404283899194817,0.3781754539858624,3786.815247325171,2882.2053107983024,1.0004438565731755,false,false,false,false
"parameters[4, 218]",-4.910041397752633,0.9992541935492764,7633.666921425709,2771.316824118815,1.000490723406746,false,false,false,false
"parameters[1, 219]",1.373921939748722,1.3449956942658967,7053.092722486062,2738.9420157467134,1.0009304385693218,false,false,false,false
"parameters[2, 219]",1.4208666520762068,0.5092555033811471,3300.5502213842315,1854.641366649329,1.0000612255546923,false,false,false,false
"parameters[3, 219]",0.5396408657668742,0.22061952181968275,3076.6746930779136,1941.120193981853,1.0009213650367363,false,false,false,false
"parameters[4, 219]",-5.299079565216761,0.8518072381177687,6828.220366368327,2275.9019651852436,1.0000116728351167,false,false,false,false
"parameters[1, 220]",0.8972429537611654,0.884919271293533,6764.3850180400095,2745.2445713409716,1.00014924324464,false,false,false,false
"parameters[2, 220]",2.8368406979688006,0.5356063536319451,6264.977571263885,2642.7174728458676,1.0018293195781078,false,false,false,false
"parameters[3, 220]",0.5295672213056148,0.14006807134068222,5743.107343706109,2555.1560864847697,0.9992144219857367,false,false,false,false
"parameters[4, 220]",-5.206295211840184,0.9610313922933424,6488.6476627481925,2304.7473266682946,1.0066119148550867,false,false,false,false
"parameters[1, 221]",0.7664809707201852,0.7271330629720903,5850.9949620451225,2723.23796633104,1.0003986425636282,false,false,false,false
"parameters[2, 221]",1.7314117220558716,0.31498032840520035,4330.403745191802,2672.449285196376,1.0018686013955023,false,false,false,false
"parameters[3, 221]",0.3645585838355389,0.11208425533299883,4959.331623172242,2458.053595906985,1.0020743931023042,false,false,false,false
"parameters[4, 221]",-5.753692690161364,0.8165886847605004,6150.72073314063,3176.3804926596354,1.0032691663869717,false,false,false,false
"parameters[1, 222]",1.4788585538829828,1.7557847531249888,7028.117133432959,2911.4817245052086,1.0002231562304826,false,false,false,false
"parameters[2, 222]",2.213306668966717,0.43932904879605555,4223.217811077558,2527.264553804647,1.0001270849735624,false,false,false,false
"parameters[3, 222]",0.3887245431862127,0.1639746791680807,4222.050452981226,2892.0179816427003,0.9998760130396146,false,false,false,false
"parameters[4, 222]",-5.54228734122744,0.8972632579401199,5467.7996869819945,2392.2319775552473,1.0008976522004134,false,false,false,false
"parameters[1, 223]",1.6679850000452079,2.0463522010724593,7718.596782081279,2992.2132986774923,1.001491568072626,false,false,false,false
"parameters[2, 223]",1.7049543231947573,0.6909771415987025,5305.791612286643,2531.687274256544,1.0005446324225957,false,false,false,false
"parameters[3, 223]",1.2504577634732696,0.4691531972677285,4935.269482501096,3186.6663234258517,1.0022129107135593,false,false,false,false
"parameters[4, 223]",-3.8095741763395568,1.1166432319704842,4410.2896876927625,2326.473147401856,1.001435566715965,false,false,false,false
"parameters[1, 224]",0.687677505299297,0.629881379039496,6782.59572444258,2569.4938698682986,1.0003023488654872,false,false,false,false
"parameters[2, 224]",2.44544599245518,0.49281038261231297,7240.636926646952,3012.57009035552,1.0017126620977854,false,false,false,false
"parameters[3, 224]",0.541502894815592,0.1575585749994651,6623.809057890392,2802.952301654268,1.000851333713303,false,false,false,false
"parameters[4, 224]",-5.578593204685229,0.8701432665146309,6157.045362758053,2596.1622018421886,1.0007140271068997,false,false,false,false
"parameters[1, 225]",1.5259627354431502,1.8084838091133844,8310.8147282403,2518.1723814184616,0.9992890413513733,false,false,false,false
"parameters[2, 225]",1.7131181424386455,0.6810499958063048,4280.531192683054,2572.170998655326,1.0002120934828762,false,false,false,false
"parameters[3, 225]",1.4757542424352335,0.5568708220982311,4879.151530186618,3427.047237045985,1.0003954104320503,false,false,false,false
"parameters[4, 225]",-5.01425410000249,1.102300146831732,4308.7841180901205,1476.3817259020357,1.0018230899142786,false,false,false,false
"parameters[1, 226]",1.473519795366146,1.6973349700986224,6397.69529182346,2771.1244731374086,1.001130501742488,false,false,false,false
"parameters[2, 226]",1.899445361093601,0.6884237806418991,5312.3723508091825,1964.4506394744992,1.001029218756644,false,false,false,false
"parameters[3, 226]",0.9285033204513327,0.22106011838855458,6028.951300038016,2949.059844566499,1.003080961958227,false,false,false,false
"parameters[4, 226]",-3.2823469555440186,1.1590709059074495,5237.232443737956,2822.797840027069,1.0010523691034545,false,false,false,false
"parameters[1, 227]",2.517902426159037,2.657591721596029,6609.711012406017,2993.739873657885,1.0007389418115409,false,false,false,false
"parameters[2, 227]",1.4212903655014237,0.5019501828580899,6021.951527527677,2560.7545184205583,0.9998171244555459,false,false,false,false
"parameters[3, 227]",0.3533260564719983,0.10662523997559985,5819.729064236329,3107.37594147295,1.0007879822240209,false,false,false,false
"parameters[4, 227]",-4.851004315153466,0.9766389687497767,5542.451879107705,2433.3909340625955,1.0011775891927437,false,false,false,false
"parameters[1, 228]",1.606747895348892,1.983200078375803,7070.183750037663,2883.400355522146,1.0004353447192362,false,false,false,false
"parameters[2, 228]",0.3696722510585142,0.30584915719862743,3740.5492121674956,2406.252633051416,1.0003009411089672,false,false,false,false
"parameters[3, 228]",0.9308485146967523,0.2729496050041602,4181.286796306279,2449.427984306622,1.0029340335195367,false,false,false,false
"parameters[4, 228]",-5.1873714181527415,0.969090661904595,5990.221057277951,2126.8977951694587,1.0015115909810917,false,false,false,false
"parameters[1, 229]",1.741123715962842,1.8715565536445955,5071.624213255008,2842.255608998816,1.0004054968432492,false,false,false,false
"parameters[2, 229]",1.4625787524605434,0.5235438917251111,3621.3264443284543,2160.2653451289066,1.0039907178622591,false,false,false,false
"parameters[3, 229]",0.47595440361895475,0.21522314182138555,2890.396915432591,2451.7200274832253,1.0023566416445908,false,false,false,false
"parameters[4, 229]",-5.2992519883557945,0.9406398244747751,4973.701140720564,2257.5247411095647,1.0005623559531645,false,false,false,false
"parameters[1, 230]",1.7789842542986134,2.3431148387194862,7466.787910931072,3186.9667325857154,0.9997795366322836,false,false,false,false
"parameters[2, 230]",1.1292677350886322,0.5660388648370132,3539.4797609077696,2248.6843802404533,1.0013488883359947,false,false,false,false
"parameters[3, 230]",0.7998013663504187,0.37098468409701424,3283.6871128190946,3152.8414193530502,1.0000930468494367,false,false,false,false
"parameters[4, 230]",-5.152770698579675,0.9512195167510518,5418.868810002414,2109.669162135296,1.0019632883857428,false,false,false,false
"parameters[1, 231]",1.705384736621292,2.355723058320006,6426.233837536352,3030.320361822976,1.001137060615942,false,false,false,false
"parameters[2, 231]",0.3315170989050915,0.2598165992189675,3255.029860635129,1832.8256587235865,1.0002075295569601,false,false,false,false
"parameters[3, 231]",0.8828451096554791,0.31811632816269314,3976.228233263911,2302.526928111486,1.0014111322942587,false,false,false,false
"parameters[4, 231]",-5.13745891185674,1.0266704642139453,6158.134553397231,2255.8563174534825,1.0022318261575296,false,false,false,false
"parameters[1, 232]",1.0280238456960706,1.1787725612330828,5681.270754918046,2387.78022816862,1.0007099092214675,false,false,false,false
"parameters[2, 232]",1.9850301592940922,0.5990842252470815,5662.219139072414,2809.6039747259406,1.0027951182391628,false,false,false,false
"parameters[3, 232]",0.704754187954863,0.16166830067899748,4629.160676760064,2535.368782184736,1.0026784851757107,false,false,false,false
"parameters[4, 232]",-4.9040205274354705,1.2671866084826136,2074.032513238685,900.4371125289722,1.0035958508778946,false,false,false,false
"parameters[1, 233]",1.1985423719861306,1.3794186507337436,7513.699006884133,3320.913668376221,1.000185845342901,false,false,false,false
"parameters[2, 233]",1.9197685186790838,0.604901066006103,6289.725266981249,3056.055041843304,1.002894095705852,false,false,false,false
"parameters[3, 233]",0.4892285775083723,0.12197788379087428,5311.944246293583,3153.6618594817487,1.0007580470010773,false,false,false,false
"parameters[4, 233]",-4.822322866909161,1.0497677373192542,5237.686966666893,1937.3617770267815,1.0006190191816298,false,false,false,false
"parameters[1, 234]",1.9487327468626177,2.0104872527518505,5238.711720549768,2624.6391905320565,1.0004695034235407,false,false,false,false
"parameters[2, 234]",1.6495139232647003,0.5547171208745818,5745.059814329076,3518.1838040574116,1.0006831681585302,false,false,false,false
"parameters[3, 234]",0.27420527257808996,0.09672959830352942,4093.594574383166,2990.492093610466,0.9998012401565637,false,false,false,false
"parameters[4, 234]",-5.060772976141316,0.9512019803288176,6722.084178451297,3187.680550734475,1.0000078112413058,false,false,false,false
"parameters[1, 235]",0.62487453112956,0.5491880720422025,6993.227208594755,3099.990883975997,1.0012798060549846,false,false,false,false
"parameters[2, 235]",2.308338874049957,0.4792198016610946,6159.108831148886,3087.718393314609,1.0013500921694765,false,false,false,false
"parameters[3, 235]",0.5760590894608155,0.18517641877202187,6204.258376371906,2759.3897794105737,0.9998184324192082,false,false,false,false
"parameters[4, 235]",-5.4645089980083,0.868362744382212,8443.25830168231,2647.8997140901924,1.0048105674604513,false,false,false,false
"parameters[1, 236]",1.3717691584755516,1.493696464585556,7013.226468461141,3363.138258240175,1.0004727199511825,false,false,false,false
"parameters[2, 236]",2.173832136561444,0.6075834353121798,4838.657037943767,2016.6523407893294,1.0013595101264674,false,false,false,false
"parameters[3, 236]",0.8789542693828157,0.45658546151345936,4302.16629616272,3126.808850045728,1.000900516799746,false,false,false,false
"parameters[4, 236]",-5.185467838965461,1.0325484707530006,4808.668597720321,2339.8060720715057,1.0014909239149177,false,false,false,false
"parameters[1, 237]",1.2865070140671755,1.4186561370522717,7232.473137589922,2376.1968357430806,0.9998844548947942,false,false,false,false
"parameters[2, 237]",1.8843574559634466,0.614911974656021,4466.1671516106835,2474.711685154152,0.9998257764225582,false,false,false,false
"parameters[3, 237]",1.0064399217637106,0.49037011307993106,4049.6349437502045,3398.5366087412563,1.000568401735832,false,false,false,false
"parameters[4, 237]",-5.546941157953055,0.9120453704851504,5234.849195882271,2559.4188088866586,1.0008820520687154,false,false,false,false
"parameters[1, 238]",0.8497737664259137,0.7387159684450321,6122.876284689771,3023.2047509118,1.0003108293482754,false,false,false,false
"parameters[2, 238]",2.1847623153327937,0.4083530427178314,5729.975016543673,2875.03292961758,1.0005292571279896,false,false,false,false
"parameters[3, 238]",0.41428915529528615,0.11378282606185709,5955.170747650733,3214.5655178260954,0.9996254019183417,false,false,false,false
"parameters[4, 238]",-5.491167818042057,0.8868601248365654,7606.240917002768,2970.1311842619357,1.0022747687459763,false,false,false,false
"parameters[1, 239]",0.8611052364296249,1.0394657850232412,6301.225791301116,2937.302937682193,1.0001377149200361,false,false,false,false
"parameters[2, 239]",2.1084855268431184,0.5216312928323635,5306.324179934479,2211.4761329210214,1.001413994109285,false,false,false,false
"parameters[3, 239]",0.7390676386413106,0.30847092681623783,4497.630720276858,2489.563349560082,1.002491665935373,false,false,false,false
"parameters[4, 239]",-5.386014371106241,0.9618928907483891,5724.256806101636,2160.006234583055,1.0004462120057163,false,false,false,false
"parameters[1, 240]",1.8580765302226112,2.367844756160802,5981.459673163246,2369.8412062635616,1.0011041056293262,false,false,false,false
"parameters[2, 240]",1.057973292201114,0.5968102744359585,4001.613512031919,2378.094097203039,1.0008227814239197,false,false,false,false
"parameters[3, 240]",1.4727631990524441,0.490563341575175,5119.280515088957,3299.382861234355,1.000163170616444,false,false,false,false
"parameters[4, 240]",-5.2593435641168,1.006535320728933,6058.251832700329,2138.0225647937173,1.0009060427526317,false,false,false,false
"parameters[1, 241]",1.75181596761548,2.200849084058888,6472.418768079493,2638.476835516145,0.9999304111737836,false,false,false,false
"parameters[2, 241]",0.22799648153662427,0.21853381538489797,4263.332666368007,1879.0142092135884,1.0001098732671414,false,false,false,false
"parameters[3, 241]",0.6904158110587997,0.1801496149020533,7249.505712163556,3184.3374842299463,0.9998447661582123,false,false,false,false
"parameters[4, 241]",-5.208680833226172,0.9933419834871862,6142.38925918814,2456.4341261206987,1.0005789539102234,false,false,false,false
"parameters[1, 242]",1.7788608814708302,2.302169587109655,7079.15684112021,3076.84190392784,1.0031991438316292,false,false,false,false
"parameters[2, 242]",0.36921615906419125,0.31387661991286153,3496.045459773073,2129.4422837893035,1.0008552536085777,false,false,false,false
"parameters[3, 242]",0.6814680551794483,0.20151168615840823,4000.6507049260945,3152.3673859012442,1.0016733530518087,false,false,false,false
"parameters[4, 242]",-4.968692069921632,1.035593063668193,5952.83731011176,2359.986492203497,1.0009416697879483,false,false,false,false
"parameters[1, 243]",2.595916238922027,3.1741035189526,5683.5456643824145,3033.643447650342,1.000476785005647,false,false,false,false
"parameters[2, 243]",1.2808838034778092,0.5719375485209345,4828.9862030472195,1608.656201799529,1.0026671332345767,false,false,false,false
"parameters[3, 243]",0.5152736799182236,0.1312461522181051,4539.760514288145,3300.6626452602272,0.9996747923259982,false,false,false,false
"parameters[4, 243]",-4.922666692368706,1.024248109524217,6137.979990893392,2302.042641911863,1.0023098789691165,false,false,false,false
"parameters[1, 244]",1.8690656244689707,2.252524049262152,6206.063115467251,3103.4353089895426,0.9998606243627678,false,false,false,false
"parameters[2, 244]",0.7476484709174156,0.5146406630227754,3751.214412946363,2607.2602837974882,1.00054854647702,false,false,false,false
"parameters[3, 244]",1.2100203685319944,0.44355699043950997,3649.586632526874,2908.0436194306094,1.0008693933190838,false,false,false,false
"parameters[4, 244]",-5.322639237068315,0.9665350584457056,5761.970335697848,2773.845890135954,1.0020252686417663,false,false,false,false
"parameters[1, 245]",1.1832840319154878,1.460032392876496,5774.264927725714,2890.1468896611896,1.001536145715347,false,false,false,false
"parameters[2, 245]",2.0864668049206068,0.558475922127458,7293.937673049295,2949.0574454326243,1.0008721432431364,false,false,false,false
"parameters[3, 245]",0.6764861846097041,0.17168021275264908,5889.711176453236,2263.1035162362937,1.0018367020098418,false,false,false,false
"parameters[4, 245]",-4.0599720806645525,1.0835741127000071,6012.760813778943,2365.4678785363094,1.0001558203792793,false,false,false,false
"parameters[1, 246]",0.7298778580352355,0.6772691453327493,6928.767410230622,3447.5560268839554,0.9993799248302964,false,false,false,false
"parameters[2, 246]",2.0276093127427255,0.5499974468058153,6943.144631012283,2640.153920068204,1.003542716035436,false,false,false,false
"parameters[3, 246]",0.6035546439840759,0.13971805627246653,6313.337699682364,2852.35129255849,1.0007908627134416,false,false,false,false
"parameters[4, 246]",-5.282461421078659,0.9717912881612352,5813.551163535329,2403.5811863662807,1.0038696259520978,false,false,false,false
"parameters[1, 247]",1.7700314400156467,2.124992172825819,7362.222229051885,2738.2687578691016,1.000447938596245,false,false,false,false
"parameters[2, 247]",1.7048249848576837,0.7105808529230165,4758.800012783495,2473.7891681664164,1.0005523626836261,false,false,false,false
"parameters[3, 247]",1.383539335150243,0.4251363832477152,4637.160138993549,2836.1783560004183,1.001217759102042,false,false,false,false
"parameters[4, 247]",-5.183778645030147,0.9835496634892076,6374.84945398958,2293.275274806918,1.001047952474159,false,false,false,false
"parameters[1, 248]",1.3750291329281212,1.8267959962827107,6774.402892816048,2821.46924137533,0.9999795309169192,false,false,false,false
"parameters[2, 248]",1.6095756606097351,0.6771035307617237,3995.6334017503036,2300.730461972011,0.9998432538689177,false,false,false,false
"parameters[3, 248]",1.2325736163128187,0.47190022208492416,4692.175972710294,3497.542511688474,1.001297982466617,false,false,false,false
"parameters[4, 248]",-4.96232791060589,0.9824735811837622,6306.29852084172,2305.624274106143,0.9998395523919869,false,false,false,false
"parameters[1, 249]",1.1865281610301912,1.4004509916687158,6725.7933692277375,3118.2079258902286,1.000439080931702,false,false,false,false
"parameters[2, 249]",2.066259879092546,0.6622284189314079,6734.921197410679,2659.028994436284,1.0028959096026744,false,false,false,false
"parameters[3, 249]",0.8815095510488424,0.19539184065369528,5140.009708760254,2863.2440180995172,1.002101953448078,false,false,false,false
"parameters[4, 249]",-5.207016982235654,0.9890428403715943,6124.282496548607,2119.0931731000774,1.0017635590505134,false,false,false,false
"parameters[1, 250]",1.1873465547356232,1.5918919629176387,7441.95649829011,3271.8155418191395,1.0013090064483101,false,false,false,false
"parameters[2, 250]",1.5837893597523185,0.609703191381517,5187.762777757303,2356.1490060669985,1.0012057086601605,false,false,false,false
"parameters[3, 250]",0.7953923688189691,0.22927381659048662,5006.260807003914,2952.995025626488,1.0013380677320516,false,false,false,false
"parameters[4, 250]",-4.803124574498461,1.057457940725922,4371.576994934689,2089.041233504632,0.9997385819774008,false,false,false,false
"parameters[1, 251]",0.8850092791182161,0.9084695839179886,5839.763570299112,2708.619213636721,1.0005396548799355,false,false,false,false
"parameters[2, 251]",1.5668350765585055,0.6983240782798169,5879.969122420527,3083.977112056007,1.0003753598322576,false,false,false,false
"parameters[3, 251]",0.1104872505586105,0.09434283380593589,2695.379832397769,1868.2316797848891,1.0010949059850236,false,false,false,false
"parameters[4, 251]",-5.130677374958124,1.015211444380376,4899.385911922579,1804.7531971634448,1.0003231253900415,false,false,false,false
"parameters[1, 252]",1.738685061380942,1.587565907694098,4649.203613700461,3328.224959327676,1.000126085163642,false,false,false,false
"parameters[2, 252]",1.5253463835675947,0.6593485259498939,5208.621202434876,3198.832742093644,1.0012178293093694,false,false,false,false
"parameters[3, 252]",0.1599730273237011,0.08601869137384739,4313.154653535207,3077.5708162713972,1.0004696341082921,false,false,false,false
"parameters[4, 252]",-5.0414873674214435,1.058022837402356,4670.185056159757,2153.1217448820116,1.0020953084192983,false,false,false,false
"parameters[1, 253]",1.8444601724773464,2.0780265557121855,7596.880412230356,3095.323478760575,1.0019182356760559,false,false,false,false
"parameters[2, 253]",2.117697563258218,0.5434506024317404,6226.822856297267,2261.6762120288404,1.0004917888304476,false,false,false,false
"parameters[3, 253]",0.5989863686351795,0.16260174722642043,7138.974350202531,3060.901785919669,1.0005166463361073,false,false,false,false
"parameters[4, 253]",-3.066790241249106,0.707365596073609,6041.881866347442,2287.0659102379227,1.0009578164133237,false,false,false,false
"parameters[1, 254]",0.5312454300724057,0.4341062599608497,6676.457330457964,2755.2217666981005,1.0001264181779899,false,false,false,false
"parameters[2, 254]",2.4727705237236375,0.583055956141622,6282.799227382703,2979.7432225218777,1.0000915720673695,false,false,false,false
"parameters[3, 254]",0.1890776418960207,0.08660149661562257,6795.523445229159,2641.226407859149,1.0003038213545188,false,false,false,false
"parameters[4, 254]",-5.125998474383745,1.0329311141737127,6869.907420742662,2753.436171974726,1.0007644148173507,false,false,false,false
"parameters[1, 255]",1.145944050893197,1.6439657401319485,7483.359149499207,3235.232202144458,1.001629215498112,false,false,false,false
"parameters[2, 255]",1.4774700402597318,0.5026560404556794,4146.511069143725,2289.5081885979366,1.0005482906757437,false,false,false,false
"parameters[3, 255]",0.6049641172951841,0.18978757818894093,3863.2816033704994,2322.755461300967,1.0000906582013342,false,false,false,false
"parameters[4, 255]",-4.10178069392239,1.0692082072905917,6592.246842522425,2370.380320216995,1.000649785988251,false,false,false,false
"parameters[1, 256]",1.9731365853821157,2.646810420812892,7023.019480785873,2967.832284845546,0.9996450749403823,false,false,false,false
"parameters[2, 256]",1.4360247628918523,0.5844867629970623,1491.6855284601365,660.7600825512076,1.001035086888054,false,false,false,false
"parameters[3, 256]",0.7747028962416305,0.26224756480449435,1405.774671294234,625.4404531379291,1.0017312427227882,false,false,false,false
"parameters[4, 256]",-4.353422804702616,0.9606824340994132,6323.668515542486,2504.5724009907603,1.0011926148749486,false,false,false,false
"parameters[1, 257]",2.843922237686918,3.194614434123054,5799.656933965536,2640.3563843102493,1.0000893894728131,false,false,false,false
"parameters[2, 257]",1.8500579418017937,0.46446811260742765,2562.9373130956596,1444.2169433198,1.0009652237183715,false,false,false,false
"parameters[3, 257]",0.26924626282805286,0.10341738202981186,2537.248370473394,1516.396704495511,1.0002751371983136,false,false,false,false
"parameters[4, 257]",-3.467634638623141,0.7199670042143338,4666.065199321313,2282.9951742103535,0.9999098110857121,false,false,false,false
"parameters[1, 258]",1.9055584008283049,2.198745594555653,6928.371000074061,2898.934085981057,0.9998262993761982,false,false,false,false
"parameters[2, 258]",1.2944759865504294,0.6293059802493233,3033.9536142501843,2079.7654177710597,1.000483350135745,false,false,false,false
"parameters[3, 258]",0.550572211885069,0.2760438553538438,2916.5062385190677,2152.0635047459605,1.0022895425708327,false,false,false,false
"parameters[4, 258]",-4.579308960291763,0.9965367728175965,4761.987745565808,2218.610359556574,1.0009431460731966,false,false,false,false
"parameters[1, 259]",0.9732005237268547,1.1890265632428296,5528.804882418049,2830.066402573857,0.9995031876087692,false,false,false,false
"parameters[2, 259]",2.0264208599208984,0.45980149046607355,5491.394745822022,2657.3258803072363,1.0018768572697756,false,false,false,false
"parameters[3, 259]",0.3625693209483104,0.1067724084263796,6225.273585850307,2945.367859095662,1.0010537994089654,false,false,false,false
"parameters[4, 259]",-4.973457340981406,1.0647135558087824,5923.866739232915,2773.002373447507,1.0020166010162623,false,false,false,false
"parameters[1, 260]",0.9418044461108336,0.931069734715978,6084.6622278187515,3047.958854396154,1.0027214788394383,false,false,false,false
"parameters[2, 260]",2.3334136780179255,0.5375650904872789,6285.17528504678,2763.842195024137,1.0017575981685523,false,false,false,false
"parameters[3, 260]",0.3566693883895745,0.10418743152655736,6795.546679729714,3435.7664417882106,1.0014023549875815,false,false,false,false
"parameters[4, 260]",-4.997429663633178,1.046672531730581,7036.50182583428,2547.514847881,1.0012872747681585,false,false,false,false
"parameters[1, 261]",0.807835215950162,0.7571315165868248,5698.394055139917,3188.306912125624,0.9997861832652215,false,false,false,false
"parameters[2, 261]",1.9827318091769999,0.4186632668705002,4821.00136866362,3007.586040780056,1.0004707126767518,false,false,false,false
"parameters[3, 261]",0.21261446424444738,0.08323705896067758,5259.539285690591,3383.4911990739756,1.0007584173712734,false,false,false,false
"parameters[4, 261]",-5.038374231721109,1.0945375229761125,5692.418922107859,2430.152433973139,1.0015761339596865,false,false,false,false
"parameters[1, 262]",1.4803369503194896,1.8902201363380688,8087.891220981018,2797.681736419138,1.0009924808025399,false,false,false,false
"parameters[2, 262]",0.7801588720178386,0.2937790949804895,3507.4316933981722,1773.9611996569538,1.000844100861229,false,false,false,false
"parameters[3, 262]",0.35950448269864854,0.13011287091325668,4330.625805835071,1968.0534513665796,1.0001455953837501,false,false,false,false
"parameters[4, 262]",-4.970442196678032,1.0835109039744708,4222.482631809909,2082.2105766062964,1.0005550161050956,false,false,false,false
"parameters[1, 263]",1.6467686021505252,2.0077261919381484,7640.598032320043,3033.6455071321993,1.0002274232858939,false,false,false,false
"parameters[2, 263]",1.2592791579926543,0.4539722298960495,5106.2615278790845,2665.6213954343475,1.0018949846111624,false,false,false,false
"parameters[3, 263]",0.4618082395366008,0.13106690333870497,5824.171521781921,2991.4680515924947,1.0004736199499207,false,false,false,false
"parameters[4, 263]",-4.892799971090123,1.0349869935121938,4867.611159972395,2157.8706772152427,0.9995844001440998,false,false,false,false
"parameters[1, 264]",1.883945305982484,2.321613945724627,6972.134166228015,2903.307904617824,1.0003240953594366,false,false,false,false
"parameters[2, 264]",1.4715295418146697,0.5234377655852124,5716.0308786225105,2188.5237924428316,1.0010676145198092,false,false,false,false
"parameters[3, 264]",0.5669798805988131,0.15834599071272631,5198.91551204338,2679.661923394365,1.000180778405176,false,false,false,false
"parameters[4, 264]",-5.159187221151973,0.9705528066865766,5384.337787733007,2250.24385525292,1.0010045880168095,false,false,false,false
"parameters[1, 265]",0.7474536557950711,0.7977474495672328,5540.884956223357,2762.581199654194,0.9999715864285172,false,false,false,false
"parameters[2, 265]",3.1910459710831267,0.5658276880447396,7496.540083485161,2280.2624858372033,1.002602057451167,false,false,false,false
"parameters[3, 265]",0.5212645893443927,0.11982429705852027,5660.958813297492,3177.6919178245917,1.0016272894796758,false,false,false,false
"parameters[4, 265]",-5.27558182619073,0.9443575155800412,5458.435699690032,2425.3838860074,1.0024986583405333,false,false,false,false
"parameters[1, 266]",0.9187804806286682,0.8986675846120084,6381.232132232295,2988.2285468460836,1.0003605442403976,false,false,false,false
"parameters[2, 266]",2.8871313294221754,0.5332720986057842,6671.450790221497,3104.3055593474423,1.0010572248876213,false,false,false,false
"parameters[3, 266]",0.4072490024999745,0.10446008283145188,5509.06696245162,3264.2264954775465,1.00039386239707,false,false,false,false
"parameters[4, 266]",-5.180224260553234,0.9681530994119428,7164.433417631456,2599.626293355584,1.0018298917723643,false,false,false,false
"parameters[1, 267]",0.7689117200459181,0.7355939781807901,5924.340076447696,2799.317879262282,1.0012394908591604,false,false,false,false
"parameters[2, 267]",2.8255292215549264,0.5329959413655089,5581.499438675097,3269.7637653509155,1.00212294734839,false,false,false,false
"parameters[3, 267]",0.43619062553035065,0.11118031847008918,5198.914792313543,3327.028457888964,1.0012000166212751,false,false,false,false
"parameters[4, 267]",-5.2384094321208075,0.9434581489351967,5096.210570692389,2356.3361990517496,1.0018071758153209,false,false,false,false
"parameters[1, 268]",1.973943297053223,2.593898930185606,7737.455389694747,2643.5560933853744,1.000650893756678,false,false,false,false
"parameters[2, 268]",2.125678618916471,0.7039935788082905,5205.6336079933,2680.2038448199664,1.0020580794159946,false,false,false,false
"parameters[3, 268]",1.706486655253238,0.6313046751610151,5560.122101303163,3360.7539466127264,1.0004594844066081,false,false,false,false
"parameters[4, 268]",-4.896863027921008,0.9296035714155606,4773.236432287076,2107.3527380206706,1.0014822361810949,false,false,false,false
"parameters[1, 269]",1.3009272766749667,2.0377927215953426,7477.594572669099,2853.776535153491,1.0017975206431058,false,false,false,false
"parameters[2, 269]",2.0783690102615875,0.6749951060109635,4214.980726337262,2705.2499876306347,1.0003131027928893,false,false,false,false
"parameters[3, 269]",1.3972938975092326,0.5604843649729194,4159.182163238529,3267.3554627514695,1.0008205503895964,false,false,false,false
"parameters[4, 269]",-5.125292902992769,1.0821395549322361,4661.028128799362,1953.5448906673091,1.0014281064632684,false,false,false,false
"parameters[1, 270]",1.3083931558943196,1.6792272725833521,6221.974028321148,2653.0139236053915,1.0036693895644038,false,false,false,false
"parameters[2, 270]",1.8140611725895883,0.6795546029227398,6121.310717358533,2520.784954251312,1.0006921159934414,false,false,false,false
"parameters[3, 270]",1.4275247909272268,0.519229400455322,5567.54753697892,3088.417099180456,0.999710670711258,false,false,false,false
"parameters[4, 270]",-4.347136051419078,1.321595398798109,3459.200028653911,1665.4893306504837,1.002187769436797,false,false,false,false
"parameters[1, 271]",1.5193273103063085,1.9645705803378941,7586.546787286445,2631.7285333461664,0.9999905442377053,false,false,false,false
"parameters[2, 271]",1.0596456184103429,0.5462451670977858,3320.8975737003607,1458.6089066939317,1.0002764400465418,false,false,false,false
"parameters[3, 271]",0.711584963117338,0.21443013661080718,3230.5262987180117,1837.9878762232286,1.00047867260112,false,false,false,false
"parameters[4, 271]",-5.137290107526011,0.9738324138687394,4654.036948039,2361.47856410646,1.002976954536843,false,false,false,false
"parameters[1, 272]",1.9864563336438057,2.2945106835715405,6684.389159409417,2954.935664161797,1.000750593572961,false,false,false,false
"parameters[2, 272]",0.7667588474696357,0.49260424714954326,2997.82606911011,1617.9062841498799,1.0002864192099097,false,false,false,false
"parameters[3, 272]",0.5673199231706149,0.16174657727840108,4700.739273903763,2900.251632410207,1.0005193938343377,false,false,false,false
"parameters[4, 272]",-4.880580186379822,1.0763231274138438,4450.665001241337,2218.009640131092,1.0028508409255703,false,false,false,false
"parameters[1, 273]",2.4193868385575623,3.0664173085439774,6766.582586970355,3190.837227473419,1.0018160805308625,false,false,false,false
"parameters[2, 273]",1.1033650728348037,0.5975560029796372,5217.164460376033,2549.2027516093854,0.9997970848381447,false,false,false,false
"parameters[3, 273]",0.6131655020616081,0.16219521173847684,5349.509078596839,2842.9390107898557,1.0000092336598063,false,false,false,false
"parameters[4, 273]",-4.974705098906375,0.980889761211433,5134.525486921621,2296.1900374275137,1.0006914766126314,false,false,false,false
"parameters[1, 274]",1.4411348070047603,1.6948705288327184,7100.356538600162,2504.7611872553166,0.9996895666388256,false,false,false,false
"parameters[2, 274]",2.0846969521330063,0.68963272343669,4191.604174497045,1873.686206436946,1.0007861113672005,false,false,false,false
"parameters[3, 274]",1.4490675078357276,0.56937643100835,4624.4196944347095,2911.837392269121,1.0006500583603462,false,false,false,false
"parameters[4, 274]",-5.017731300870979,1.0628178834587467,5876.398363281611,2368.8446333657657,1.0031807885307025,false,false,false,false
"parameters[1, 275]",1.4656870615096436,1.8710971253806843,7266.081702449158,2590.18162214057,0.9994864936238982,false,false,false,false
"parameters[2, 275]",1.460131310097115,0.659416069534313,4653.037203035734,2125.6534124043333,1.0037570954385904,false,false,false,false
"parameters[3, 275]",1.4154069071749036,0.5182953949721226,5240.790311516385,3242.1257919088025,0.9994544737525202,false,false,false,false
"parameters[4, 275]",-5.196341546668683,0.9682676516769112,5526.926018911567,2284.369229064884,1.0009929321393574,false,false,false,false
"parameters[1, 276]",1.9120913286915204,2.981391315851389,6960.546483233908,2213.8103709490874,1.0011213778184533,false,false,false,false
"parameters[2, 276]",0.7425611590873569,0.47563231513056087,3570.7338702350694,2212.77000353631,0.9998203497007401,false,false,false,false
"parameters[3, 276]",0.8122283982843355,0.28165988740283654,3718.6191599162453,2702.1086460422976,1.000055905749961,false,false,false,false
"parameters[4, 276]",-5.274584047182918,0.9689394793908793,5191.356943618748,2421.4117766062996,1.00086929076877,false,false,false,false
"parameters[1, 277]",1.938021886642925,6.3913644055971055,6681.296937918939,2586.3732011126967,1.0008996924763363,false,false,false,false
"parameters[2, 277]",0.7196633324216268,0.5328282500947623,4010.202370104854,2569.180808431231,1.0002837619055327,false,false,false,false
"parameters[3, 277]",1.238394378477368,0.49468616085919154,3844.8657082189006,2983.118938506007,1.001621318541897,false,false,false,false
"parameters[4, 277]",-5.331323787047899,0.9912362811858461,5726.433548513043,2675.7588668878752,1.0002972250882196,false,false,false,false
"parameters[1, 278]",1.7675685572053317,2.243770383506509,8119.0571796081895,2994.8567455626526,1.000817497212285,false,false,false,false
"parameters[2, 278]",0.12201658492421845,0.14131198852591637,3773.1061460157725,2080.820823416138,0.9995239911399739,false,false,false,false
"parameters[3, 278]",0.8505410992070774,0.2923982511239299,6222.605437900943,3308.4196387719185,0.9999032303786032,false,false,false,false
"parameters[4, 278]",-5.187323412941104,1.0055226301191378,5977.978781993866,2329.5013581312587,1.0021091843788226,false,false,false,false
"parameters[1, 279]",1.9884304897431566,2.598111217684421,7618.665471751972,2804.506949511881,1.0006711982826242,false,false,false,false
"parameters[2, 279]",0.8850965412825899,0.4456573924061989,3262.9124300057706,2198.098856440081,1.000352161410331,false,false,false,false
"parameters[3, 279]",0.7026958019536014,0.22513225658304567,3774.8178667954403,2523.0566059267126,0.9997529421703808,false,false,false,false
"parameters[4, 279]",-5.455946965721049,0.9608850732821288,6069.331521908223,2929.897970724291,0.9992826306555445,false,false,false,false
"parameters[1, 280]",1.820449980432895,2.564229010888197,6455.731138856679,2491.1868433331406,1.0012788288189236,false,false,false,false
"parameters[2, 280]",1.088877493454884,0.6023364802578055,3601.9103534962615,2401.662102731374,0.9997923645576003,false,false,false,false
"parameters[3, 280]",1.1803757810536613,0.4194818527571895,3573.9894326231124,2970.5588987106094,1.0006396807611593,false,false,false,false
"parameters[4, 280]",-5.114220126546752,1.0204487030193299,5555.031328343915,2526.317196662477,1.0027679238486307,false,false,false,false
"parameters[1, 281]",1.8328080504305817,2.892712435584386,7864.338118685409,2852.1469701078354,1.0003168377344713,false,false,false,false
"parameters[2, 281]",1.2990842390507065,0.6865542517019081,3511.026640972528,1719.3232219685817,1.0017673545252808,false,false,false,false
"parameters[3, 281]",1.1386940190747306,0.4070555738944895,3614.5523775777046,2325.935466014508,1.000188817808409,false,false,false,false
"parameters[4, 281]",-5.090792705370266,0.9943101716656686,6614.341934595833,2509.0915693647967,1.0016044010781793,false,false,false,false
"parameters[1, 282]",1.5210425378557384,2.3484607318945385,7178.250407069582,2700.9182076399725,1.0001854926281164,false,false,false,false
"parameters[2, 282]",1.1746072425474159,0.6038354646641539,4032.3418135342095,2107.617745901251,1.0007517433858046,false,false,false,false
"parameters[3, 282]",1.1966902228096679,0.4157827095238437,3964.0729262671716,3073.5511397615287,0.9995774361230555,false,false,false,false
"parameters[4, 282]",-5.085195422589087,1.0308318193211277,5315.873193664729,2310.047317040525,1.0002516515410933,false,false,false,false
"parameters[1, 283]",0.6260763330360442,0.5256595464859356,6121.907562250255,2852.5070997545404,1.001826683376013,false,false,false,false
"parameters[2, 283]",1.378198843137322,0.25578379428305326,5189.9182154948085,2986.3810206635735,1.0013335172959954,false,false,false,false
"parameters[3, 283]",0.3576890922180147,0.09902172741009999,5001.831196142992,2842.424099469585,0.999622948091483,false,false,false,false
"parameters[4, 283]",-5.918493780463816,0.8381351129761044,6288.62589975366,2549.6179080339384,1.002062308717929,false,false,false,false
"parameters[1, 284]",1.7587742032060028,2.136755445617575,6009.972525389174,3036.208438014227,1.0003734925021512,false,false,false,false
"parameters[2, 284]",0.7003706514095707,0.5653087645125362,3386.3022693730086,2753.6238825423143,0.9994991643218923,false,false,false,false
"parameters[3, 284]",1.0103315940089705,0.46364002343502714,3107.381112812543,3152.4768319762757,1.0008491129290722,false,false,false,false
"parameters[4, 284]",-5.355370524326689,0.971309906342347,5126.707096223702,2402.9127960903625,0.999958008792495,false,false,false,false
"parameters[1, 285]",1.2178792866519592,1.4216252162077507,6548.566037460885,2698.707925255558,1.0021494884275226,false,false,false,false
"parameters[2, 285]",0.877276263082497,0.46909030535196344,2943.718979637312,1850.8350155264623,1.0010223359931967,false,false,false,false
"parameters[3, 285]",0.6935147340668006,0.3170122268637585,2711.698027109469,2214.793866516495,1.0018327924181818,false,false,false,false
"parameters[4, 285]",-5.6312137026302915,1.0008909341572259,3804.9945806661967,1678.5167783979539,1.0028035902451577,false,false,false,false
"parameters[1, 286]",0.9820957326662717,1.2959155232331339,7181.181584163565,2758.1646029294498,1.0016792210668426,false,false,false,false
"parameters[2, 286]",0.9113915558920473,0.3885817112527666,1478.4022674253752,602.1643729897721,1.0025961293449208,false,false,false,false
"parameters[3, 286]",0.5813197211127389,0.19950469965756168,1828.4230881226279,700.6653152878081,1.0022852760510872,false,false,false,false
"parameters[4, 286]",-5.036455124272149,1.0105811045876678,5613.449951040225,2267.0792893416665,0.9996523489884178,false,false,false,false
"parameters[1, 287]",1.6306813037855186,1.941115789412028,7108.10434299491,3085.4075557169003,1.000079634073815,false,false,false,false
"parameters[2, 287]",1.2954231113179935,0.52311408232484,4271.650675580756,2004.3796871068294,1.0005623209553056,false,false,false,false
"parameters[3, 287]",0.6052384035955265,0.1862804515454219,4435.458754797331,2297.8551515492186,1.0025219799857927,false,false,false,false
"parameters[4, 287]",-5.05918245622219,0.9646704594383072,4889.977494904038,2623.3041757798933,1.0005373319316646,false,false,false,false
"parameters[1, 288]",1.7765985223528642,2.0337703474716506,7169.4687329796025,3461.358030249267,1.0008708001386326,false,false,false,false
"parameters[2, 288]",1.4374936938385146,0.5428283291860289,4818.547406087423,1584.851198510761,1.0011523152724684,false,false,false,false
"parameters[3, 288]",0.537756281656764,0.1634196404043023,4566.3809092913525,1824.4982178081787,1.0004607989074679,false,false,false,false
"parameters[4, 288]",-5.069355394436176,0.9966138573472809,6247.077011438647,2392.107686436211,1.0002204229090947,false,false,false,false
"parameters[1, 289]",1.150339017497451,1.1240932537447845,7473.239190805141,3065.269445603898,1.0007990444384463,false,false,false,false
"parameters[2, 289]",1.7448895927927515,0.5218177712084128,6191.2971751332725,3354.8025535101115,1.0004691594623594,false,false,false,false
"parameters[3, 289]",0.3522060228451297,0.10310403310659252,5587.01445495381,2986.8386887919937,0.9997150003456543,false,false,false,false
"parameters[4, 289]",-4.992213202845035,1.051159197947694,5053.173409885861,2307.3646022410967,0.9995764749811472,false,false,false,false
"parameters[1, 290]",1.3983594049957215,1.4364123987240254,6748.488482333569,3290.950240202684,0.9997082681076289,false,false,false,false
"parameters[2, 290]",1.9085923269566725,0.5831349403440127,7057.16768570079,2081.561057712926,1.00340284475507,false,false,false,false
"parameters[3, 290]",0.5872460132114671,0.15055534846296179,5866.628753759133,3196.888411751447,1.0015153056077488,false,false,false,false
"parameters[4, 290]",-5.170128260886172,0.9625802742903299,6695.272152216392,2514.8917291632706,1.0000593229771964,false,false,false,false
"parameters[1, 291]",0.664061307074536,0.7453663057508401,6473.800084599406,2852.6551944383737,0.9997617938611874,false,false,false,false
"parameters[2, 291]",2.4798474269919706,0.6127547390144144,7487.17199530849,3084.8743441904753,1.0030433429943086,false,false,false,false
"parameters[3, 291]",0.5478209729599192,0.12894095104114292,5554.538814146265,2322.37353278495,1.000523056041613,false,false,false,false
"parameters[4, 291]",-5.251894027073507,0.9814807479521157,5276.62720639693,1970.819411419618,0.9999190997234504,false,false,false,false
"parameters[1, 292]",1.5223600117305303,2.0296339269625636,7726.342364502048,2974.2293241945204,0.9995801646985499,false,false,false,false
"parameters[2, 292]",0.5640444914826193,0.3509989986157153,3147.013086502016,2088.942971922669,1.0011442746637884,false,false,false,false
"parameters[3, 292]",0.7366624250650867,0.25257984655531085,3332.4698428307083,2175.5820155453334,1.0016710844248844,false,false,false,false
"parameters[4, 292]",-4.8475771949035105,1.0588520417415306,4636.174779448406,1671.703932520832,1.0032642970110117,false,false,false,false
"parameters[1, 293]",1.8398276123998225,2.152804021536584,6936.889869271548,2863.0305850222844,0.9997445869816651,false,false,false,false
"parameters[2, 293]",0.5871379676352069,0.3828847629693276,3079.899311758483,2109.5275136625933,0.9999780617217844,false,false,false,false
"parameters[3, 293]",0.49296995471580224,0.18667796064583825,3136.470777694681,2453.641490733817,1.0000533793430224,false,false,false,false
"parameters[4, 293]",-5.417290778394689,0.9862309180903651,5034.462518989263,2379.092962832573,1.0012960366330703,false,false,false,false
"parameters[1, 294]",1.354015930658089,1.6714209711630537,6070.565107777406,2862.7067498596043,1.001067888920918,false,false,false,false
"parameters[2, 294]",0.586265500748254,0.3961197799004382,2664.923042721992,1928.2641616978362,1.0003887470343193,false,false,false,false
"parameters[3, 294]",0.3896595119974335,0.15964847301073945,2852.0248228306054,2624.307333021836,1.0000134042173678,false,false,false,false
"parameters[4, 294]",-5.545054680901913,0.9407522154873497,5649.841443277566,2690.468714701361,1.000056086098384,false,false,false,false
"parameters[1, 295]",1.6851240208306053,2.2426137639260166,6695.444974153202,3184.4337294546804,1.0011015654788542,false,false,false,false
"parameters[2, 295]",0.7662872737978816,0.44527158327942634,1372.2120002597317,780.7938417655391,1.0026587690933109,false,false,false,false
"parameters[3, 295]",0.5978610849990492,0.2665650240400758,1935.9571330542833,1161.6018351485573,1.000965323837541,false,false,false,false
"parameters[4, 295]",-4.7733656130415945,1.0017113910240247,4939.946002603527,2153.3467284488015,1.0005649850951346,false,false,false,false
"parameters[1, 296]",1.474894491606554,1.9052630946363132,7746.470021457328,2699.5015156200925,1.0002217973132925,false,false,false,false
"parameters[2, 296]",0.572923520284838,0.3584796912085958,2458.1823303265883,1167.90023011045,1.0022281399924118,false,false,false,false
"parameters[3, 296]",0.45509919492544665,0.17921515775857036,2775.1721118829128,2095.701280470207,1.003227948116881,false,false,false,false
"parameters[4, 296]",-5.259291371762876,0.92992297402748,4945.994740871291,1996.6210034504209,1.0031117812249315,false,false,false,false
"parameters[1, 297]",2.184406432262114,2.80936752274243,6830.929723153287,2754.6661621746907,1.0020487037533292,false,false,false,false
"parameters[2, 297]",0.9325560836758171,0.37922003256513276,2735.2350321957947,1286.738094687642,1.0001458257375309,false,false,false,false
"parameters[3, 297]",0.501424519001394,0.1589312900604917,3219.4591240316126,1557.5812986403923,1.0005812749274465,false,false,false,false
"parameters[4, 297]",-4.4075336798050975,0.9445490852849838,6853.831112877569,2648.966906804674,1.0019922532091516,false,false,false,false
"parameters[1, 298]",1.7987970150382138,2.4326347472927567,8036.791148047731,3032.087794921541,1.0005678968407665,false,false,false,false
"parameters[2, 298]",0.4137024027038056,0.3780654728751705,3257.867553867205,2301.730105288274,0.9997527969386287,false,false,false,false
"parameters[3, 298]",0.9044325985267598,0.3547979612313362,3325.1999026285803,2989.795373389188,0.999834171030266,false,false,false,false
"parameters[4, 298]",-5.289267721960212,1.0046645475549758,6704.288701427282,2152.010029143651,1.0009667203971,false,false,false,false
"parameters[1, 299]",1.632432155452983,1.9677531121867309,7662.669364682357,2628.965157833098,1.0007510412376746,false,false,false,false
"parameters[2, 299]",1.2693524950067452,0.6176031331819702,4161.876296292363,2563.579114233283,1.0000067011731002,false,false,false,false
"parameters[3, 299]",1.3346319141820482,0.44270888466397335,4778.685865292671,3424.251587059108,1.001280537600521,false,false,false,false
"parameters[4, 299]",-5.116409133075983,0.9912653538829633,6477.033973425714,2411.370180614839,1.0024109128395742,false,false,false,false
"parameters[1, 300]",0.6018673212488337,0.6545851814171437,6883.469013740762,3278.2152530158146,1.0023639449855206,false,false,false,false
"parameters[2, 300]",1.8229896821551073,0.582300830190509,6824.199026035993,3228.70673297075,1.0009554359762585,false,false,false,false
"parameters[3, 300]",0.5703333270429223,0.13834974647765136,5613.992636524583,2894.1385858869558,1.0017224911115175,false,false,false,false
"parameters[4, 300]",-5.125942841994558,1.0351392283880119,6145.213760665803,2200.949081358602,1.0025841256254413,false,false,false,false
"parameters[1, 301]",1.1185703632307769,1.2964646962546282,6286.045262372845,2613.9984190592945,0.9999571400990003,false,false,false,false
"parameters[2, 301]",1.8972159458254836,0.6570519116190309,4639.164475920552,2152.967366142823,1.003425853102968,false,false,false,false
"parameters[3, 301]",1.3211005579628232,0.5650576045634979,4755.231118796863,3083.6512959379183,1.0010037609220903,false,false,false,false
"parameters[4, 301]",-5.351138252873701,0.926011893537455,5933.142271754323,2295.817085919451,1.0002227975414715,false,false,false,false
"parameters[1, 302]",1.6843987763627015,1.983929929442854,7720.683665652896,2910.524977958822,1.0009492642014577,false,false,false,false
"parameters[2, 302]",2.038068311346268,0.6842498013160252,5302.168077856303,2780.1436755689315,1.0006908952039721,false,false,false,false
"parameters[3, 302]",1.7771590394295333,0.5951622730186082,5121.427187620365,2933.945482979369,1.0003220644533064,false,false,false,false
"parameters[4, 302]",-5.197496218787879,0.9678588972841451,6322.899890586702,2441.657177344344,1.001458463536661,false,false,false,false
"parameters[1, 303]",1.615925000267794,2.0316835224315684,8220.337744027387,3267.7536130614667,1.0006271003568552,false,false,false,false
"parameters[2, 303]",1.2673652409282419,0.6290100881947422,3169.3918913687,1752.488225342736,1.0005546349772632,false,false,false,false
"parameters[3, 303]",1.087523465874621,0.38443404456480945,3814.4245567301414,2629.8059526812804,1.0015598112159605,false,false,false,false
"parameters[4, 303]",-4.730404344275499,1.0569051590557523,5247.6791515701925,2418.304416283584,1.0001307671818096,false,false,false,false
"parameters[1, 304]",1.884719723802556,2.629278425980501,8221.125633695157,2722.275755749047,1.0007026903095337,false,false,false,false
"parameters[2, 304]",0.9356496824187677,0.5938625604506771,3628.3457749026993,2043.7698171865227,1.000139079238935,false,false,false,false
"parameters[3, 304]",1.3366811016121518,0.43084306189521565,3950.0104145623554,2778.435617331515,1.000284453153408,false,false,false,false
"parameters[4, 304]",-5.1819295147150735,1.0070322840756594,6529.852400584205,2289.952142719507,1.0005307808878954,false,false,false,false
"parameters[1, 305]",1.717159293751838,2.15450998508518,5785.174085135267,2882.666558198411,1.0001234808655983,false,false,false,false
"parameters[2, 305]",1.6533489965129502,0.5889602579750665,5598.3684830934735,2313.9063987484883,1.0007199986539135,false,false,false,false
"parameters[3, 305]",0.6327805532422565,0.14863647175492303,6021.039334199543,2817.8012307535882,0.9999644794474717,false,false,false,false
"parameters[4, 305]",-4.83310325957287,0.967311211401481,6231.14923967435,2052.403552632598,1.0032472919893616,false,false,false,false
"parameters[1, 306]",1.5452207349571057,1.9666912307796176,7692.257636942599,2833.3756194694515,0.9998134871865192,false,false,false,false
"parameters[2, 306]",1.5211927684007842,0.6677229176282272,3210.6211887043255,1279.4554443668176,0.9997050736224473,false,false,false,false
"parameters[3, 306]",1.1712525249719228,0.3925366481074341,3509.0841708047274,2614.306656234905,1.0002043685601347,false,false,false,false
"parameters[4, 306]",-4.470961385685725,1.0299694064706222,5084.457892996602,1856.5700929906122,0.9997085482616231,false,false,false,false
"parameters[1, 307]",3.2650819661871036,2.4312648698519332,3884.2969426631985,3024.2865653497133,1.000540305555177,false,false,false,false
"parameters[2, 307]",2.5633288229831024,0.38432357545322915,3455.118889065635,2840.1138250033327,1.0014414075234142,false,false,false,false
"parameters[3, 307]",0.14919050354102126,0.05066395883008328,3162.033156657949,3208.0924793409854,1.0002938090122624,false,false,false,false
"parameters[4, 307]",-5.489258096937479,0.767499205860074,5444.636729234917,3302.404473562338,1.0020998730841923,false,false,false,false
"parameters[1, 308]",1.5354724176281418,1.7565157174153343,7733.568623398171,3036.472227040538,0.9997802164806655,false,false,false,false
"parameters[2, 308]",1.0723459188933397,0.49068205002207405,2523.5320585374775,1352.1746148947411,1.0012321860324156,false,false,false,false
"parameters[3, 308]",0.5401929452393067,0.24670573345104063,2492.4506005466937,1718.2991928661918,1.0005518827714204,false,false,false,false
"parameters[4, 308]",-5.839007237307213,0.9191681867332641,5527.784646259258,2235.8070869386497,1.0038830501051572,false,false,false,false
"parameters[1, 309]",1.5502888889266278,1.8318628836933304,6937.557193433671,2790.677114578302,1.0008074769840365,false,false,false,false
"parameters[2, 309]",1.0646299015960792,0.5102280501444069,2931.969333470468,2091.639449659812,1.0014425669197635,false,false,false,false
"parameters[3, 309]",0.7010635321686307,0.3130405181029504,2480.8345885909516,2425.3192868863175,1.0008842633883341,false,false,false,false
"parameters[4, 309]",-5.638868299496298,0.9651397446868455,5302.157274886625,1931.3316615106935,1.002028143865765,false,false,false,false
"parameters[1, 310]",0.8595524911763713,0.8144358703312582,6978.029287558952,3075.710561021381,1.0007039000373805,false,false,false,false
"parameters[2, 310]",2.3587485226005205,0.4548024597686512,6047.677032507286,2804.7182329076213,1.0002795645358695,false,false,false,false
"parameters[3, 310]",0.4630083057241919,0.1467365047871862,6294.27372450115,2970.3690371214907,1.000752951554975,false,false,false,false
"parameters[4, 310]",-5.49844569729843,0.9151666527707134,7124.213745646619,2697.7550428437285,1.0036615906897484,false,false,false,false
"parameters[1, 311]",0.9547771448328237,0.8730061814699697,6798.609923650966,2948.6062533774593,1.000784400803329,false,false,false,false
"parameters[2, 311]",2.4872316967381165,0.5254944693749068,6427.973612763868,2558.1014004012923,1.0004204768765117,false,false,false,false
"parameters[3, 311]",0.6358318589305254,0.26290279008638984,5122.92509844825,2225.0107571421763,0.9997018131092237,false,false,false,false
"parameters[4, 311]",-5.446279133989766,0.9293974827506704,7202.181544018081,2547.7498097109324,1.0024879476635455,false,false,false,false
"parameters[1, 312]",0.5628784215411579,0.4906752236962055,6490.640477055908,2909.3697123342995,1.0002591231273499,false,false,false,false
"parameters[2, 312]",2.386911289420266,0.4835956333375091,5329.623580508679,3026.5681271478456,1.0010705304785867,false,false,false,false
"parameters[3, 312]",0.5322888486167147,0.14825045821414376,6138.369883915379,3184.066648595368,0.9997044079739771,false,false,false,false
"parameters[4, 312]",-5.4914706851621435,0.9075699052067455,5790.2302916128665,2279.594054397258,1.0018060393722004,false,false,false,false
"parameters[1, 313]",0.9446949783795601,1.2045239422764276,8120.8636790568,2698.4533081048908,1.0011042885231094,false,false,false,false
"parameters[2, 313]",1.4708445550932312,0.48548750236373023,4292.0283142485205,2300.879820163909,1.001543269712001,false,false,false,false
"parameters[3, 313]",0.7575454139151,0.2715721078494194,4591.166790008762,2718.878368167863,1.0010459106652636,false,false,false,false
"parameters[4, 313]",-5.446402193245387,0.9783783713431384,7008.368425947511,2374.3089266037887,1.002215223956354,false,false,false,false
"parameters[1, 314]",1.070872334358975,1.0674773349876538,5405.317428233427,3274.0574537537927,1.0004411073754935,false,false,false,false
"parameters[2, 314]",1.583654896350491,0.36885013665625827,5236.62601287732,2895.8253910125777,1.000424204334628,false,false,false,false
"parameters[3, 314]",0.48954722801131323,0.13792396183371997,5237.655007196861,2807.171421747438,1.0013644526736856,false,false,false,false
"parameters[4, 314]",-5.463220008513688,0.9182675624255116,5154.3615995495475,2313.360907618728,1.0007000361162242,false,false,false,false
"parameters[1, 315]",1.4665729810636243,1.5578413639766304,5523.206845626621,3170.394966609864,1.0002312290028152,false,false,false,false
"parameters[2, 315]",2.0284643107329363,0.5055024481760181,4865.68172398608,2421.005106620928,1.0006001067662433,false,false,false,false
"parameters[3, 315]",0.5856126720155952,0.23518600316211355,4073.799495653885,2627.694751801793,1.0016653671680769,false,false,false,false
"parameters[4, 315]",-5.428967372174269,0.9348270687451085,6238.545247856464,2552.592106427415,1.0025642550998854,false,false,false,false
"parameters[1, 316]",1.1769232794742566,1.291136538060281,6032.1186173821525,2896.451395112226,1.0007992485965218,false,false,false,false
"parameters[2, 316]",2.297274448136143,0.6662169185789911,4875.73351158701,2776.6335636228014,1.0004167793967382,false,false,false,false
"parameters[3, 316]",1.0971736436871924,0.4880717348736527,4455.32657998414,3208.72232650059,0.9995276501543999,false,false,false,false
"parameters[4, 316]",-5.354725806843428,0.9928676078370392,5647.55456062288,2086.1090128121596,1.0017653779444144,false,false,false,false
"parameters[1, 317]",1.832104391798077,2.4359675978873456,7252.311323042,2979.077267650486,1.0003173565585588,false,false,false,false
"parameters[2, 317]",1.8074909096697054,0.7136171517607742,4548.5357300157475,2407.103140068779,1.0014460387628823,false,false,false,false
"parameters[3, 317]",1.701405718880406,0.580252269119264,4092.587398852794,3021.5583260811145,0.999825149987105,false,false,false,false
"parameters[4, 317]",-4.171169369169387,1.4834424156083978,2275.640579016697,1618.8994068053992,1.0010680967579375,false,false,false,false
"parameters[1, 318]",0.8656186043488197,0.8510272035835658,7819.472291898918,2822.938251598248,1.0008401910432059,false,false,false,false
"parameters[2, 318]",1.7077365220533103,0.49055076112966717,4377.410620399598,2182.092575408514,1.0002988690396881,false,false,false,false
"parameters[3, 318]",0.7274907409048076,0.27160643386775774,4547.559318054882,2345.640757080222,1.0003503678845376,false,false,false,false
"parameters[4, 318]",-5.195440391055345,0.9798921238322388,4979.776069659569,2175.7926751948494,1.0014219796876087,false,false,false,false
"parameters[1, 319]",2.044129574118773,2.6049365462888345,7375.611927348997,2791.637077383537,1.000125135905866,false,false,false,false
"parameters[2, 319]",0.9735670769744358,0.5569144451699045,4815.051631589142,1869.7418531860349,1.0017588100725117,false,false,false,false
"parameters[3, 319]",0.43421972217886773,0.11898909581564088,6429.731281168374,3000.5718586833555,0.999973703019871,false,false,false,false
"parameters[4, 319]",-5.065216430184173,0.9698932716722135,5783.586894577717,2800.975194691681,1.0039083382440857,false,false,false,false
"parameters[1, 320]",1.602275818383178,2.079866874157383,6530.564585417558,2883.0581211535327,1.0023782963814474,false,false,false,false
"parameters[2, 320]",0.6091212547983521,0.45299380965819497,3849.9399983996127,2361.8785451274944,1.0009712137002393,false,false,false,false
"parameters[3, 320]",0.91153605187732,0.30218462836282944,3356.0738208921694,3397.948678209504,1.0002261272078004,false,false,false,false
"parameters[4, 320]",-5.255359623438583,0.9925754647522723,5441.388616644723,2368.959381086981,1.0027416836519114,false,false,false,false
"parameters[1, 321]",1.9707358479154222,2.6788420136218387,6974.989105126956,2778.864500068343,1.0004815224496235,false,false,false,false
"parameters[2, 321]",0.8654206297122565,0.5580495047153399,3664.4570223394057,2057.4261342904865,1.0001491848956723,false,false,false,false
"parameters[3, 321]",0.3679868326043553,0.11043778490940492,5095.810396937478,3035.863474996172,0.9997693925537781,false,false,false,false
"parameters[4, 321]",-5.129033744374127,0.9740834994534868,5831.567190751803,2454.0447372624785,1.0034213677541706,false,false,false,false
"parameters[1, 322]",1.5079353518839242,1.6059989449757275,5640.740969439604,2626.7993061087373,0.9998426232447704,false,false,false,false
"parameters[2, 322]",3.360835554097552,0.5648017249594995,6280.558250679729,3151.933645786371,1.0018938903642374,false,false,false,false
"parameters[3, 322]",0.3582249886812166,0.10080672428070611,5825.992329145554,2742.760187845271,1.002200697490254,false,false,false,false
"parameters[4, 322]",-4.289779389530114,1.0013211763158767,5381.352179860446,2343.807995114345,1.002000836725877,false,false,false,false
"parameters[1, 323]",0.5584548175739299,0.47964093550573605,6666.167044269418,2721.6363268710297,1.0024902525670778,false,false,false,false
"parameters[2, 323]",2.3775367824846922,0.447892173998087,6137.630006265,2825.0940651500478,1.001005949075619,false,false,false,false
"parameters[3, 323]",0.5109629085612,0.14165318913282182,6277.011719493043,3052.784097382787,0.9996356954402752,false,false,false,false
"parameters[4, 323]",-5.186602997040055,0.9790661949540069,6004.10701369672,2463.4678714418233,1.0007076367188996,false,false,false,false
"parameters[1, 324]",0.4619178240027219,0.36464571684285585,6815.449309524327,3252.747015398576,0.9996109464655593,false,false,false,false
"parameters[2, 324]",2.9709273228315025,0.5412074044446312,5540.152936920505,3455.5533814608875,1.002418654870434,false,false,false,false
"parameters[3, 324]",0.30740015138111143,0.09247660905114205,4997.890481080753,3152.970723402155,1.000244204430386,false,false,false,false
"parameters[4, 324]",-5.030213049561558,1.0324632851425055,4745.213306858552,1851.5158924614723,1.0021281781585916,false,false,false,false
"parameters[1, 325]",0.9721658480256112,0.9495876013186243,6625.782463623324,2748.7628535122067,1.000516164848286,false,false,false,false
"parameters[2, 325]",2.3569254714503667,0.45480182647557893,4651.024993338028,2649.4652139339973,1.0023736354123134,false,false,false,false
"parameters[3, 325]",0.41135594262717895,0.11071865816216124,5472.008813928525,2773.0673002823187,1.0014793844677712,false,false,false,false
"parameters[4, 325]",-5.30310224511408,0.9252388773830612,5024.754886202423,1910.6644554342702,1.0029319399502274,false,false,false,false
"parameters[1, 326]",1.3143679482170199,1.367586993651473,6114.864110989201,2991.411671271903,1.0007103444482888,false,false,false,false
"parameters[2, 326]",2.0334491065104188,0.45145489852763154,5794.743114636028,2244.0759222570164,1.000901206525453,false,false,false,false
"parameters[3, 326]",0.474476903889196,0.1589670448753557,4587.019335586416,2909.190420121207,1.0013117900157231,false,false,false,false
"parameters[4, 326]",-5.57817192512958,0.9287618298218602,5046.688902687341,2341.8015913398167,1.0012710108421379,false,false,false,false
"parameters[1, 327]",0.8910767335150227,1.3195234809061194,5465.502312970199,2804.092182175487,1.0009309076306383,false,false,false,false
"parameters[2, 327]",2.7279762321523395,0.5367793136310228,6080.452342530476,2875.2007126558005,1.0016136790045136,false,false,false,false
"parameters[3, 327]",0.5487736192326943,0.15316594762180824,5726.467605485471,2440.9841634871796,1.0012471618931975,false,false,false,false
"parameters[4, 327]",-4.993083814675448,1.032257079739083,4735.060529831962,2127.90195123785,0.9995667574493785,false,false,false,false
"parameters[1, 328]",1.0580551941963408,0.8860162516953505,4524.836792182333,2903.9919994429383,1.0004315560553398,false,false,false,false
"parameters[2, 328]",1.6831743966004615,0.24659172534668117,4514.358098842971,2632.0372638494773,0.9999158614075936,false,false,false,false
"parameters[3, 328]",0.26166485579823384,0.07798865799335604,4212.034668020042,3280.7965246700146,1.0012802274761727,false,false,false,false
"parameters[4, 328]",-6.069896154214782,0.8377428268359015,7602.386421079968,2803.6706797660167,1.0009526893802254,false,false,false,false
"parameters[1, 329]",0.8968028272089691,0.9061614224429247,6478.532988867449,2895.069329501116,1.0001439679797597,false,false,false,false
"parameters[2, 329]",2.1403010217224776,0.4803343685610253,6133.346760998532,2838.2818997241043,1.0001033800609889,false,false,false,false
"parameters[3, 329]",0.5667126822034193,0.1720919686022801,5346.088567067408,2979.462293167467,0.9999393482228341,false,false,false,false
"parameters[4, 329]",-5.519883961984,0.9078584835659402,5630.059372748695,2281.29446591657,1.0030558373738034,false,false,false,false
"parameters[1, 330]",1.338428490588313,1.1394425277895852,4846.923903576311,3057.461106005638,1.001380836392411,false,false,false,false
"parameters[2, 330]",1.9989708143845932,0.32682337812801254,5134.847550825104,2959.7892900803135,1.0020902013439892,false,false,false,false
"parameters[3, 330]",0.3318484931907675,0.09747457364647166,5748.906388089184,2604.8637402049935,1.0007651156264974,false,false,false,false
"parameters[4, 330]",-5.391970011618011,0.9423523023702167,6944.147900667522,2566.3351558015875,0.9998907864743651,false,false,false,false
"parameters[1, 331]",1.5105501325158952,2.313275186520587,7568.4025161156405,2834.2401858314347,1.0010255001364847,false,false,false,false
"parameters[2, 331]",0.836104426716315,0.5322066144323658,3506.9847599538134,2089.187728276492,1.0005584772119005,false,false,false,false
"parameters[3, 331]",0.996922473500741,0.3990884218798089,3314.8460434310255,2909.381785137571,1.0001900503652443,false,false,false,false
"parameters[4, 331]",-5.1586888567768865,1.0345197482835577,5172.28087804632,2319.37116003064,1.0014066783308582,false,false,false,false
"parameters[1, 332]",1.471542110489181,1.8949978986321099,7257.741077361614,2660.7078946339825,1.000607910254288,false,false,false,false
"parameters[2, 332]",1.6612437209083677,0.6564682868107619,4442.999560427438,2497.247877174828,1.0002498970147706,false,false,false,false
"parameters[3, 332]",1.3489920786623282,0.5411611372604117,4718.421624202938,3426.906279808495,1.0005780326034746,false,false,false,false
"parameters[4, 332]",-5.214466141899076,0.9873928118523093,6284.35906954134,2322.0683284115457,1.0000994550807476,false,false,false,false
"parameters[1, 333]",1.5002453381819152,1.8433369229194005,8594.41048859728,2970.3273833904213,1.0004551092504916,false,false,false,false
"parameters[2, 333]",1.2553301765879756,0.6056205702026857,3786.0975709952595,2379.152952477456,1.0002489117047577,false,false,false,false
"parameters[3, 333]",1.324057190354699,0.43764497018548715,4100.252288198017,3216.372755317366,1.0003680439965377,false,false,false,false
"parameters[4, 333]",-4.556385352499625,1.2809854710097461,3421.8545618878065,1561.1991739063842,1.0012420789287417,false,false,false,false
"parameters[1, 334]",1.6529780678518486,2.1002652449058097,7737.088678132736,2701.2066862090637,0.999638669929215,false,false,false,false
"parameters[2, 334]",0.3821962600713029,0.3490892808246409,3731.5654099861654,2726.8111855345664,1.0004219352584915,false,false,false,false
"parameters[3, 334]",1.004306477256906,0.37319249589286585,3541.125429095931,2902.6056445304152,1.0010098402654657,false,false,false,false
"parameters[4, 334]",-5.065132351040543,1.0636026833593597,3239.709910464957,1277.2068008456695,0.9998845641631511,false,false,false,false
"parameters[1, 335]",0.6716798362940408,1.0987437782031615,5696.6747349552115,2028.6894325328867,1.002081969184282,false,false,false,false
"parameters[2, 335]",1.5458543999776597,0.4460748029842384,5930.750480346219,3012.7700653834004,1.002450565523653,false,false,false,false
"parameters[3, 335]",0.547509631576623,0.14037615919415772,5673.908576401149,2917.297550478084,1.0002710024601578,false,false,false,false
"parameters[4, 335]",-2.8108170594400885,1.2713279789968563,2372.884074926884,1337.0537622490515,1.0012494688800586,false,false,false,false
"parameters[1, 336]",0.589775786133607,0.8026443797268132,7662.941883718918,2908.089639396183,1.0007775929171558,false,false,false,false
"parameters[2, 336]",1.2204764297024326,0.3578761514083181,4858.48923933461,3382.9202910989375,1.001526370381949,false,false,false,false
"parameters[3, 336]",0.5471294134846537,0.1436214142369286,6505.616458106818,2714.5382336262774,1.003490671040821,false,false,false,false
"parameters[4, 336]",-4.364932896114039,1.2353598667412626,4313.097558732593,1884.8438268164407,1.0001703657461019,false,false,false,false
"parameters[1, 337]",1.6075042185848363,1.9054733264842671,6188.896582358436,2989.9637503238055,0.9999010777189756,false,false,false,false
"parameters[2, 337]",0.6969470376871499,0.4156966766544593,3523.0607573037146,2146.6283272355245,1.0002051397247658,false,false,false,false
"parameters[3, 337]",0.6512578049752689,0.2854434062502259,3578.6980353694166,2516.7689126677988,0.9996215308968667,false,false,false,false
"parameters[4, 337]",-5.493260751596713,0.9727410886342132,6709.172830386506,2393.183723944764,1.0008811852152144,false,false,false,false
"parameters[1, 338]",1.9781957022942829,2.297343512048801,6192.91569058822,3009.5852518356155,1.000214497110431,false,false,false,false
"parameters[2, 338]",0.6619798154046685,0.33912066101903393,3606.620450177177,2118.1553653864758,1.0026480274447467,false,false,false,false
"parameters[3, 338]",0.1709042418339496,0.05169718066555303,5934.556882132578,2737.624435889347,0.9998513117949385,false,false,false,false
"parameters[4, 338]",-5.478899638210156,0.8379281610173339,5790.681926509989,2565.432010632352,1.0028995506221143,false,false,false,false
"parameters[1, 339]",1.2262180291788112,1.4239344354456056,5704.111790249663,2762.2351296001825,1.0004508229474358,false,false,false,false
"parameters[2, 339]",0.6227547680066238,0.31157225055500654,2891.5801892870118,1504.447494546456,1.002101649360605,false,false,false,false
"parameters[3, 339]",0.4394481334204941,0.16325991670863374,3215.9313479942575,2063.300111671347,1.0012770280071814,false,false,false,false
"parameters[4, 339]",-5.20712712246677,1.0708094989171457,3996.538271773724,1693.350635578671,1.0004231304772129,false,false,false,false
"parameters[1, 340]",0.8564299977207459,0.9185345356889358,6491.14863299284,2951.89586267306,1.0039234631492466,false,false,false,false
"parameters[2, 340]",2.5393397034069487,0.4818256828738506,5100.060994333909,3080.827174934378,1.000864383303969,false,false,false,false
"parameters[3, 340]",0.43561457191583897,0.10544479732297811,4821.27451416595,3546.7329345006524,1.0021143552577012,false,false,false,false
"parameters[4, 340]",-5.015701582725035,1.0376838641303203,5851.969121453363,2546.2796835968816,1.0006100861503386,false,false,false,false
"parameters[1, 341]",0.5495020269106854,0.4546715001057566,6604.883318631556,2914.6916523515897,0.9997426087356795,false,false,false,false
"parameters[2, 341]",1.8998897980754572,0.34325992574157643,4849.612084635463,2815.086949060998,1.0006599576058273,false,false,false,false
"parameters[3, 341]",0.3601893138164616,0.11142178538157672,5036.693293583269,3261.1140118474063,1.0007834651678498,false,false,false,false
"parameters[4, 341]",-5.602167908142354,0.8571707150789248,4986.935494137261,2640.2074831765085,1.0015636392722334,false,false,false,false
"parameters[1, 342]",0.684897649796184,0.5576352770654923,6131.6434819842925,2658.4525403762536,1.0023870598354656,false,false,false,false
"parameters[2, 342]",1.9094431838460582,0.3352657116444586,3957.922332507133,3152.0690236066507,1.000209178783317,false,false,false,false
"parameters[3, 342]",0.23543059659121,0.08514309592659727,4142.766589362872,3391.548471147555,0.9996382260958194,false,false,false,false
"parameters[4, 342]",-5.4375812769060525,0.933559596624045,5644.780028135663,2416.409547126743,1.0020206304895007,false,false,false,false
"parameters[1, 343]",1.5924857009066005,1.9848036892223997,7004.816383631617,2898.5966353388217,0.9998077211516455,false,false,false,false
"parameters[2, 343]",0.9673566589307727,0.6008899769615733,3511.5270050389586,2284.684078527162,1.0012500249633738,false,false,false,false
"parameters[3, 343]",0.8590238410752186,0.4199283761679783,3554.863633007717,2494.6279124139865,1.0009286519849931,false,false,false,false
"parameters[4, 343]",-5.306636539948774,0.9539663672765484,6086.779217565213,2365.784913844241,0.999449018171153,false,false,false,false
"parameters[1, 344]",1.7158854283154505,1.7495561008671514,5657.835079654722,3231.929108923468,0.9993609414237394,false,false,false,false
"parameters[2, 344]",1.4382685235948767,0.3257002838159143,3942.303584950977,2829.7894923202507,0.9997666116198362,false,false,false,false
"parameters[3, 344]",0.27451723793610977,0.07549859250640356,3895.188957381215,2948.5727622428526,1.0000584991145374,false,false,false,false
"parameters[4, 344]",-4.913951522553923,0.8351577652190176,5986.6710357888805,2497.09940799294,1.000910847976377,false,false,false,false
"parameters[1, 345]",1.3957971524702264,2.098265253612921,5641.463774857351,3651.776257476844,1.0001931686715875,false,false,false,false
"parameters[2, 345]",3.1234293937671236,0.5762755517555896,7135.720571194594,2984.4168421812647,1.0020784438368644,false,false,false,false
"parameters[3, 345]",0.41986993357880287,0.09626949899595001,7005.296464626844,3258.728172600709,1.001548048587333,false,false,false,false
"parameters[4, 345]",-4.055702042613455,1.178787534929945,4201.421685957941,2235.473924396542,1.0003096088031096,false,false,false,false
"parameters[1, 346]",1.1654415336010469,1.5189434074935915,6530.088935697582,2863.444833745471,1.003840863941854,false,false,false,false
"parameters[2, 346]",1.261235126037715,0.5610239353274656,3288.913647201013,1610.4427823581818,1.001958266727653,false,false,false,false
"parameters[3, 346]",0.9730296469666424,0.3427428181698364,3242.086197882668,2560.981809569007,1.003139537680723,false,false,false,false
"parameters[4, 346]",-4.808040172741283,1.2530315690400136,3174.3735258513384,1531.4579025275268,1.0028628496347092,false,false,false,false
"parameters[1, 347]",1.415402092613757,1.5299732957889258,6976.540274679979,3277.5610144563952,1.0037555063365544,false,false,false,false
"parameters[2, 347]",1.2785620591342421,0.5283393958708604,2323.7339558422154,1405.1208557244354,0.9997721538683461,false,false,false,false
"parameters[3, 347]",0.4933154746380502,0.25493146597948835,1932.5709820945815,1334.0091613262273,1.0000755200509885,false,false,false,false
"parameters[4, 347]",-5.619461136250477,0.93524222141862,5650.196893167257,2379.96247648646,0.9998822181823095,false,false,false,false
"parameters[1, 348]",1.1732408866365653,1.796235772785595,7668.886489648307,3213.7328081701785,1.0004330919190578,false,false,false,false
"parameters[2, 348]",2.863032755410121,0.6285598127800006,7222.665432004518,2801.6584802067423,1.0003740975438118,false,false,false,false
"parameters[3, 348]",0.8733148210183098,0.21966421807048817,7702.182635028648,2525.049440537741,1.000135587302377,false,false,false,false
"parameters[4, 348]",-2.388422835776253,0.6052660653444308,3783.7071918432393,1947.3368580725069,1.000702788173891,false,false,false,false
"parameters[1, 349]",1.2311592982279689,1.227838892344414,7312.729279698456,2296.0114034053745,1.001081714926995,false,false,false,false
"parameters[2, 349]",2.49815650423432,0.5180066701849381,3812.6370690437457,2103.950019484491,1.0017983680082765,false,false,false,false
"parameters[3, 349]",0.5398654511261846,0.307901255409718,4340.504485717682,2498.204476173926,1.001552527541058,false,false,false,false
"parameters[4, 349]",-5.344925273352039,0.9712468450777645,5573.808659011466,2562.8351962090496,1.0007109036884825,false,false,false,false
"parameters[1, 350]",1.5347435373501743,1.1475732149315079,3915.6465794419137,2433.4040522080913,0.9999256290006456,false,false,false,false
"parameters[2, 350]",1.4878743923964255,0.2633524848753597,3432.2759796387218,3203.5363211147214,1.0009442622665292,false,false,false,false
"parameters[3, 350]",0.134407910770893,0.041336744096918114,3610.834777025623,3049.179120525361,1.001032324072877,false,false,false,false
"parameters[4, 350]",-6.132962849504596,0.7456879258432934,6766.0797217560685,3216.5584148640173,1.0009656155140751,false,false,false,false
"parameters[1, 351]",0.9039857233931212,0.7211784623847507,4489.599367188559,2854.6509875821944,1.0004692735285303,false,false,false,false
"parameters[2, 351]",1.6955361584997721,0.23324413467349808,3915.045945935468,2586.9415201265506,0.9999329722914846,false,false,false,false
"parameters[3, 351]",0.18730674105201126,0.05360981515871536,4077.4137231883174,3008.791664941872,1.0004979278378339,false,false,false,false
"parameters[4, 351]",-6.288011117592384,0.7441968048563826,6296.121677156231,2863.0197659540236,0.999802268095264,false,false,false,false
"parameters[1, 352]",1.149660447544774,0.8180059344294769,4149.047855437394,3090.2825766061806,0.9999940241105945,false,false,false,false
"parameters[2, 352]",1.6114595064123007,0.26440228148906486,3986.026706866805,3194.96099317375,1.0003023205477843,false,false,false,false
"parameters[3, 352]",0.13781932238388908,0.04054116710985996,3973.294785317222,3182.0659494591514,1.0014410047661684,false,false,false,false
"parameters[4, 352]",-7.148504120130501,0.6374021042897219,4525.656638285845,2847.2423764479336,1.0001108503383644,false,false,false,false
"parameters[1, 353]",0.6617528964517528,0.5973740179140541,6126.363140084358,2901.039052541248,1.0017163524626638,false,false,false,false
"parameters[2, 353]",1.3972719846839898,0.2712785412092959,3587.051274017378,2244.1629976620766,1.0017743443549714,false,false,false,false
"parameters[3, 353]",0.2746051651562254,0.08600538744496207,3819.4506448390844,2633.3263161535597,1.0005280681856374,false,false,false,false
"parameters[4, 353]",-6.265559648303299,0.8235043879675878,5471.904704903377,2385.247603662333,0.9999995787998907,false,false,false,false
"parameters[1, 354]",1.082983886337496,1.4619819006259698,7704.191407242515,3120.7762278529926,0.9994024427682574,false,false,false,false
"parameters[2, 354]",1.2340206777615133,0.5124008270975067,2667.551770138713,1710.4551236462967,1.0005399171877074,false,false,false,false
"parameters[3, 354]",0.435827137023135,0.20969976622836958,2519.903923522073,1779.0172531889054,1.0002557018334082,false,false,false,false
"parameters[4, 354]",-6.002038878484027,0.8913075143482783,5009.281198136951,2601.0759296266588,1.0004249896931932,false,false,false,false
"parameters[1, 355]",1.5986355970319117,1.9290835846128624,8135.851766790099,2505.8231917982475,1.0036525982073043,false,false,false,false
"parameters[2, 355]",0.19272327524092048,0.3145028247246226,3421.552292634585,2691.0489293933597,1.000546679884442,false,false,false,false
"parameters[3, 355]",1.3323292617821585,0.46827920988281774,3470.2767147566906,3077.2695564745068,0.9999995342608969,false,false,false,false
"parameters[4, 355]",-5.233449011579687,1.0073378918571425,6407.308337692731,2751.4617390873,1.0002722235595578,false,false,false,false
"parameters[1, 356]",0.9281391401467649,0.8785642840932041,6056.347765116115,3091.016654941414,0.9995640195152317,false,false,false,false
"parameters[2, 356]",1.9202347204834278,0.4814962174785804,3213.4823469934868,1851.030790793313,1.0018648335946898,false,false,false,false
"parameters[3, 356]",0.3748198318207369,0.17857576687285553,3026.298015860616,2133.7104158221605,1.0015653737089747,false,false,false,false
"parameters[4, 356]",-6.1865689892268385,0.8558378889072279,4441.458176380991,2047.7606977096539,1.0017622163698499,false,false,false,false
"parameters[1, 357]",1.6345767004630551,2.087726745224012,7140.448089604058,3030.4735791594617,1.0015730613350402,false,false,false,false
"parameters[2, 357]",0.19769803942731884,0.3016774604048904,3200.6925955563697,2614.9808529610546,1.000859209309881,false,false,false,false
"parameters[3, 357]",1.1430210278968664,0.4197166055351371,3780.729539999563,3195.800499243077,1.0003743625600985,false,false,false,false
"parameters[4, 357]",-5.246074691405618,0.9795843844070213,5731.282773249773,2540.917210368316,1.0009966380892392,false,false,false,false
"parameters[1, 358]",1.9625142271395013,2.8386845454503673,6746.25130596797,3159.167005784152,1.000996728060597,false,false,false,false
"parameters[2, 358]",2.4112461381096018,0.653937595387943,5453.248074778516,2509.939551000078,1.000008762491723,false,false,false,false
"parameters[3, 358]",0.9606871409130253,0.41280305427975256,4567.030920967576,2760.1655938260124,1.0006851316221261,false,false,false,false
"parameters[4, 358]",-3.9191287298271136,1.036354729641557,5194.519241430312,2388.277892000548,1.0014783645203686,false,false,false,false
"parameters[1, 359]",1.511592298970122,2.195640718607459,6626.713481059532,2772.961154785278,1.0005376801213741,false,false,false,false
"parameters[2, 359]",2.1327304257688624,0.6668983059385337,5044.957729247235,2549.362837503422,0.9996462886514614,false,false,false,false
"parameters[3, 359]",1.40288671281514,0.5345689488963453,5499.9627749282545,3319.465932096659,1.0014734968204382,false,false,false,false
"parameters[4, 359]",-4.2255764523265364,1.0868536268727056,5486.763300810059,2240.846753897135,1.0016936039908424,false,false,false,false
"parameters[1, 360]",1.5260087757741758,2.1515588329934245,8509.885368934567,3130.33604019217,1.0001089928477749,false,false,false,false
"parameters[2, 360]",0.7462970621390155,0.5026917520205063,3602.9611306235324,2171.7106594240026,1.0010405992510354,false,false,false,false
"parameters[3, 360]",0.9822088743350867,0.4140677637526654,3462.703776572903,2640.0216311028544,1.001176788616849,false,false,false,false
"parameters[4, 360]",-5.016777842568843,1.1682449178498169,3987.039651244139,1366.0628236912485,1.0026247494028775,false,false,false,false
"parameters[1, 361]",2.0187683336545885,2.592853232859944,6439.377324471104,2701.498320439997,1.0010928187150505,false,false,false,false
"parameters[2, 361]",2.232326791751348,0.7361206596956544,4028.5321779838314,2574.0688691274304,1.0000846128531422,false,false,false,false
"parameters[3, 361]",1.116617762200499,0.5117171037276163,4165.434767182284,3402.447190178784,1.0008636080250544,false,false,false,false
"parameters[4, 361]",-4.358595683449303,1.0120290324522059,6685.805997372012,2179.33781789832,1.0009670411725617,false,false,false,false
"parameters[1, 362]",1.5041225083553973,1.8274706514815184,7624.853973697096,2790.827995793252,0.9997392083024296,false,false,false,false
"parameters[2, 362]",1.6560559848966718,0.6147887711392265,3523.826725814494,1932.8069939707125,1.0019107088163228,false,false,false,false
"parameters[3, 362]",0.7417218602229894,0.36985152754335754,2754.019553782992,2646.881743990329,0.9998072756775983,false,false,false,false
"parameters[4, 362]",-5.441842561376832,1.0213502501567773,4511.7036061416675,2020.5696814416751,1.0040126321673613,false,false,false,false
"parameters[1, 363]",1.062746340451897,1.16721123418763,6907.784662069484,2345.402926828328,1.0026161695484166,false,false,false,false
"parameters[2, 363]",1.6226345388858798,0.47629789456242794,3592.5675487822905,1576.0572262177807,1.0019308356048342,false,false,false,false
"parameters[3, 363]",0.6201264730955681,0.26849802440587195,2939.837981903845,1800.185556625356,1.0007217212636148,false,false,false,false
"parameters[4, 363]",-5.248753486351332,0.9857945140900195,3920.999123981241,1539.125856933703,1.0020626885162727,false,false,false,false
"parameters[1, 364]",0.622596081210381,0.5429100198079759,6374.618516778347,3155.6578194205536,1.0002086101933356,false,false,false,false
"parameters[2, 364]",2.3989719306186554,0.46485682868049366,5567.212461618238,3291.376303553767,1.0003559231574761,false,false,false,false
"parameters[3, 364]",0.3313425640532964,0.0895042419957685,5777.346283420575,3323.098866862056,1.0007989389176095,false,false,false,false
"parameters[4, 364]",-5.307929132629531,0.9153058588525979,5741.408362138522,2557.6886358576276,1.001176173470333,false,false,false,false
"parameters[1, 365]",2.339770548011412,2.512951610934592,5481.103260187391,3021.6425519209447,1.0002334637268109,false,false,false,false
"parameters[2, 365]",3.145760166377093,0.5350932994975613,6931.1731819650695,3395.663227100567,1.001284605274766,false,false,false,false
"parameters[3, 365]",0.30949460385250405,0.0827885588012575,5171.437319993055,3073.0143008319997,1.0001862675136355,false,false,false,false
"parameters[4, 365]",-4.308734039354545,0.8861259618381538,5705.212655185008,2454.609982265686,0.9997042291719102,false,false,false,false
"parameters[1, 366]",1.4201469123516188,1.9626054159059738,7118.548181118103,3114.215462226162,1.0005737777685189,false,false,false,false
"parameters[2, 366]",3.004649913905249,0.5963550970478021,6177.457193399694,2693.606557259974,1.0004428747856466,false,false,false,false
"parameters[3, 366]",0.777497034825535,0.22114041422609756,6037.572822701845,2284.0818092159175,1.0008729723266365,false,false,false,false
"parameters[4, 366]",-3.2125329199008315,0.8996378402662422,3560.0157404563784,1841.0671559531934,0.9999455594567747,false,false,false,false
"parameters[1, 367]",1.1416908613002756,1.5543105955701533,6817.861820934496,2777.7179532202413,1.0011537350868387,false,false,false,false
"parameters[2, 367]",1.7759822217372283,0.6562397071824007,3862.182885075247,2471.6557499311766,1.000470730227115,false,false,false,false
"parameters[3, 367]",1.2529826681324112,0.542817799612798,4659.822062185071,3171.504821927478,1.0014448265875593,false,false,false,false
"parameters[4, 367]",-5.476966787780397,0.9308729217110318,4771.002419927213,2036.3146654359246,1.000175121872496,false,false,false,false
"parameters[1, 368]",1.5937497364370965,1.8341458826384807,7482.185353379055,2733.1208969551417,1.0014591034132985,false,false,false,false
"parameters[2, 368]",1.5962258720369187,0.645748093224652,4163.514483522521,2210.7586702115814,1.0017570166907859,false,false,false,false
"parameters[3, 368]",1.332312294456522,0.4941689356729266,4353.087374831175,3391.3395386938078,1.000287065501696,false,false,false,false
"parameters[4, 368]",-5.373989288455068,0.9391508747687056,5830.458611282115,2344.1245467558406,1.0023113038644949,false,false,false,false
"parameters[1, 369]",1.0664152917684897,1.1198717760422694,6623.324289449503,2414.63220334388,1.000804079364793,false,false,false,false
"parameters[2, 369]",1.1109714657707948,0.41381888586933835,3020.838066526774,1728.3093310572485,1.0000174346280746,false,false,false,false
"parameters[3, 369]",0.41110453502748373,0.16392001519675597,2820.2379966683075,2144.4270365154593,1.0016316449723524,false,false,false,false
"parameters[4, 369]",-5.955311622479693,0.892588336491493,4763.161057529007,2333.578465040388,1.0012081891623958,false,false,false,false
"parameters[1, 370]",0.69698035440537,0.6433293392158622,6920.6666465616545,2824.8722022784073,0.9999488607346714,false,false,false,false
"parameters[2, 370]",2.3602358676444695,0.5422179273777041,6229.607421618774,2940.0169653058447,1.0005204889850239,false,false,false,false
"parameters[3, 370]",0.7079932322041099,0.190567373893164,5960.666833247206,2679.5188421025405,1.0013298694269266,false,false,false,false
"parameters[4, 370]",-5.448130058588082,0.9158565232844231,7518.588739921148,2640.3790054329115,1.000973456449232,false,false,false,false
"parameters[1, 371]",1.4829490043294584,1.5472442859052635,5918.422727689375,2910.535304833175,0.9998701582700383,false,false,false,false
"parameters[2, 371]",1.9338980026593997,0.5157124012294212,4160.854934548736,2103.0058648916483,1.0022792700481604,false,false,false,false
"parameters[3, 371]",0.5661355226971256,0.28100911351932534,3482.7147545574408,2397.4220823521996,1.0031130212439983,false,false,false,false
"parameters[4, 371]",-5.477664153370757,0.899188946914999,5104.079276963277,2015.215329068107,1.0011793904705146,false,false,false,false
"parameters[1, 372]",1.7805459730788118,2.058686345705457,7705.221661692944,2984.99776073033,1.0007424916868457,false,false,false,false
"parameters[2, 372]",0.7878084471199963,0.5623481400219885,3526.3269676596005,2462.1757556214247,1.0013573538375335,false,false,false,false
"parameters[3, 372]",1.1950591470582086,0.51455345949023,3621.800170300522,2908.660430287424,1.0011247325452028,false,false,false,false
"parameters[4, 372]",-5.33799381363371,0.98815230193658,4956.231924299368,2108.139868177405,1.00028559430809,false,false,false,false
"parameters[1, 373]",1.6191539000427762,1.9446379039080168,8289.737196404561,2611.1934376322324,1.0013977538006311,false,false,false,false
"parameters[2, 373]",0.33273115007596904,0.28338710042060533,2712.5390289797906,2413.5488021621127,1.0009700654101659,false,false,false,false
"parameters[3, 373]",0.6061856715971491,0.22536243935456052,3233.589180006713,2785.9277642592506,1.0005265913901165,false,false,false,false
"parameters[4, 373]",-5.540520799885562,0.9850192677471316,5861.066243653304,2259.826787059163,1.0011307762122374,false,false,false,false
"parameters[1, 374]",1.6105141938671628,1.9334911952961147,7389.183243281548,2922.1785538535178,1.0025319414897447,false,false,false,false
"parameters[2, 374]",0.1185496470545025,0.1481376418985531,3904.968350978732,2535.293013862459,1.0010587039226926,false,false,false,false
"parameters[3, 374]",1.4616275631087796,0.37225281240164415,3995.8647339979375,2986.1781867168907,1.0001732872489346,false,false,false,false
"parameters[4, 374]",-5.075812752905668,1.0636210906316663,6243.001292592197,2314.7917298962357,1.0029488500707608,false,false,false,false
"parameters[1, 375]",1.5869814109653138,1.9598406270137305,7329.015648254719,2904.4322120736274,1.0005748704603574,false,false,false,false
"parameters[2, 375]",0.38954930748279276,0.3834862726177893,3162.4295723684972,2493.42949617196,1.0019337928551866,false,false,false,false
"parameters[3, 375]",0.9521733711938547,0.427010857496137,3540.324504725292,2832.0035969932587,1.0007789124626263,false,false,false,false
"parameters[4, 375]",-5.429156905333781,0.9783706232379158,6455.702957109323,2535.659864904402,1.0009280984774898,false,false,false,false
"parameters[1, 376]",1.3439582609748295,1.6066481725209265,8104.758801303349,2917.272634022336,1.0005073905345203,false,false,false,false
"parameters[2, 376]",0.36475321253590526,0.35575818887995336,2091.7575068616375,2025.9470742612602,1.0026387575708715,false,false,false,false
"parameters[3, 376]",0.6207663093734729,0.300015967263168,2825.932422900201,3044.2999130904586,1.0006647402358344,false,false,false,false
"parameters[4, 376]",-5.550588363622321,1.0020471245108538,4228.31147497866,2714.6977737221528,1.00162699647179,false,false,false,false
"parameters[1, 377]",1.2038785145241402,0.9132107647246175,4126.193039464946,3031.5800824213197,1.0001867581825201,false,false,false,false
"parameters[2, 377]",1.4260125514348365,0.43112082723588024,2327.384849486377,1627.4115067186663,1.0012537912352442,false,false,false,false
"parameters[3, 377]",0.17992320390859884,0.07931859104322364,2306.138325528817,1975.68835239634,1.0029428601238486,false,false,false,false
"parameters[4, 377]",-6.2703551137160325,0.8430899891312972,4283.533641449601,1857.839107111313,1.0014295713108998,false,false,false,false
"parameters[1, 378]",1.764301732872274,2.61171791000758,6918.749240750405,2970.2703705584076,0.9994757044263414,false,false,false,false
"parameters[2, 378]",0.18197651563772438,0.19691656051358575,3907.662572569978,2577.0808042653193,1.000277614811999,false,false,false,false
"parameters[3, 378]",1.0560746847304323,0.3243030429733859,4374.392080796298,3170.4376912289176,1.0011736377378424,false,false,false,false
"parameters[4, 378]",-5.236138223294809,0.992798202868673,4321.7349933324485,1656.7291627526147,1.0020640610436697,false,false,false,false
"parameters[1, 379]",1.4388273092590385,1.3303874880491076,5924.3152487305415,2762.884448259148,1.0023186683093708,false,false,false,false
"parameters[2, 379]",1.954769829836414,0.6403256977008184,2615.052318758117,1386.6555523604645,1.0003019714590133,false,false,false,false
"parameters[3, 379]",0.31125212322236356,0.17421194349331537,2308.5587020149983,1306.193910008366,1.0013312368101746,false,false,false,false
"parameters[4, 379]",-6.065327160858149,0.8423663567556452,4817.974658634435,2594.000413537695,1.000344079840387,false,false,false,false
"parameters[1, 380]",1.718375904715443,2.104295684425115,8077.857447308677,2793.104554700397,1.0006117925007316,false,false,false,false
"parameters[2, 380]",0.1076728251555666,0.1468263007161316,3367.460569774138,2288.641878243286,1.0002100130884197,false,false,false,false
"parameters[3, 380]",1.1631854330843052,0.3795637479687457,3760.621439289679,2850.6440305788774,1.0011272865674827,false,false,false,false
"parameters[4, 380]",-5.200145445160166,0.9947518329770765,5672.468181674948,2762.3021070124573,1.000738702789835,false,false,false,false
"parameters[1, 381]",1.0958567772283354,1.3736642536296193,7181.904980234683,2772.699963258451,1.0016047950621627,false,false,false,false
"parameters[2, 381]",1.1025081314561211,0.49900178810481416,3667.2743968452446,2187.718333004545,0.9997364321097306,false,false,false,false
"parameters[3, 381]",0.5937580111805846,0.2377341226113666,3686.686717071289,2258.0328021612263,1.0002247145210634,false,false,false,false
"parameters[4, 381]",-5.638024034531311,0.9261127154272877,5516.219973876704,2136.5657994531844,1.0011707201793452,false,false,false,false
"parameters[1, 382]",0.9842799371571298,0.8671571378505009,5355.103015079456,2997.815519289461,1.0001839250535136,false,false,false,false
"parameters[2, 382]",1.9053645603255926,0.3283166109217266,3851.553242276572,2417.8967210374303,1.0018833394720044,false,false,false,false
"parameters[3, 382]",0.34019444733944915,0.11287292812006648,4423.1104275190655,2763.1137359177874,1.0015595040414988,false,false,false,false
"parameters[4, 382]",-5.838688881585173,0.8269158940936401,7171.962659715035,2868.703360125037,0.9994848104970276,false,false,false,false
"parameters[1, 383]",1.9314663527542357,1.8236452318296847,6131.409144278009,2948.550655616561,1.001094637062603,false,false,false,false
"parameters[2, 383]",1.4292961623938698,0.5614325984551213,2901.510417072918,1683.1591992307383,1.0009419749180217,false,false,false,false
"parameters[3, 383]",0.39010895016451086,0.1859985952513552,2531.5472931166237,1687.4366935653184,1.0010020265725417,false,false,false,false
"parameters[4, 383]",-5.718049957012138,0.8840501050379515,4453.330098861523,1989.7541945502287,0.9999936532364062,false,false,false,false
"parameters[1, 384]",1.1525752502244975,1.2084434434191806,7687.009092596252,3067.007791450116,0.9999251638568293,false,false,false,false
"parameters[2, 384]",1.4286244351443824,0.5219486355179693,3064.9548438646116,1537.7332253061861,1.000484493451106,false,false,false,false
"parameters[3, 384]",0.6120370080899412,0.2727700376527917,2942.0267888019644,1782.454175996176,1.0002738938724796,false,false,false,false
"parameters[4, 384]",-5.671581635372981,0.9561247314138156,5072.489766232259,1935.7555367694315,1.0029345556342573,false,false,false,false
"parameters[1, 385]",0.3851823466358468,0.3709756696362641,7032.406128510071,3072.4987169181586,1.0004846743985498,false,false,false,false
"parameters[2, 385]",1.8091099417802328,0.4141613427037261,5711.043044648145,2981.1044998559805,1.0011132093958375,false,false,false,false
"parameters[3, 385]",0.5029726212554319,0.1379605915995604,5777.285992730399,2727.6959872964244,1.0052606925943002,false,false,false,false
"parameters[4, 385]",-4.774002993540462,0.8655372636691523,5685.252048634384,2947.2288618285393,1.000275698936169,false,false,false,false
"parameters[1, 386]",1.4919520219842297,1.8434081887205729,7117.953083336525,3014.2714000606884,1.0019298754005528,false,false,false,false
"parameters[2, 386]",0.7505697802155012,0.5053318654768013,3484.4510322977585,2359.079752160029,1.000590412231616,false,false,false,false
"parameters[3, 386]",1.0799483827214695,0.40745863349592754,3315.3148418565,3112.5990073853295,1.0009405390075492,false,false,false,false
"parameters[4, 386]",-5.335547371206236,0.9645690014095608,6691.701410909185,2321.261816187106,1.003776001746024,false,false,false,false
"parameters[1, 387]",1.2341863179288368,1.6625114152466096,6582.224804052612,2605.747793705952,1.0001515872110789,false,false,false,false
"parameters[2, 387]",1.478983584771795,0.6864793461038019,5141.7577335702335,2755.9925187003346,1.0012091113442176,false,false,false,false
"parameters[3, 387]",1.7090771440226806,0.5440773725660383,5641.50393701639,3216.303307619634,1.0008509130987824,false,false,false,false
"parameters[4, 387]",-5.262447706063163,0.9481210522726656,6132.730915709022,2330.5321239678688,1.001228637543419,false,false,false,false
"parameters[1, 388]",0.5692838431887769,0.5351313173339138,7477.373026426587,3016.88079168325,0.9997638197912009,false,false,false,false
"parameters[2, 388]",1.509828174747695,0.22426692138062498,4393.388908479727,2913.094416075097,1.0008174562943044,false,false,false,false
"parameters[3, 388]",0.2868087892837519,0.07913087712314701,5526.402800536008,3044.206332485037,1.002525757719485,false,false,false,false
"parameters[4, 388]",-4.260571235884722,0.7214902539976714,5917.89178558396,2893.2724897957914,0.9998622668188615,false,false,false,false
"parameters[1, 389]",1.4076458120062043,2.0512984812978576,7455.962325908563,2758.7503250778273,1.0010300430830648,false,false,false,false
"parameters[2, 389]",1.7707936767182186,0.6802622423193316,5480.987136724255,3270.732467705992,1.001483431624789,false,false,false,false
"parameters[3, 389]",1.6533017825789191,0.604388673116741,4583.075261339303,3258.8240106948756,1.0032166088527268,false,false,false,false
"parameters[4, 389]",-5.304284219811845,0.985230305875515,4958.925309104905,1927.8214727509076,1.0010809967428516,false,false,false,false
"parameters[1, 390]",1.2774038013027622,1.280897916063429,5926.303861635421,3307.2016932564056,1.000290681582464,false,false,false,false
"parameters[2, 390]",1.8489704580470407,0.39984374680931606,4268.842223908876,2528.3850913417764,1.0017865406476045,false,false,false,false
"parameters[3, 390]",0.3681034909272222,0.1416961339834,3946.553535021227,2429.2565465250805,1.0003407379953164,false,false,false,false
"parameters[4, 390]",-5.423140616707163,0.8415706117021019,6678.004109852132,2899.7794767839055,1.000323900327987,false,false,false,false
"parameters[1, 391]",0.883426961933096,0.9553882380541949,5980.535290251187,3443.2059196641694,0.9999193059638287,false,false,false,false
"parameters[2, 391]",3.002756331703383,0.5319601869072638,5973.56906460962,3069.731654988964,1.001069018364071,false,false,false,false
"parameters[3, 391]",0.559445283936656,0.150025456894076,5328.308960927136,2764.9709327571663,1.0008871947304494,false,false,false,false
"parameters[4, 391]",-4.972973045308063,1.1213480374428415,4421.757334294134,2165.158415881581,1.0013414809475976,false,false,false,false
"parameters[1, 392]",1.6702104757427017,2.150843496166708,7528.48095441077,3028.6575261305534,0.9994321477298366,false,false,false,false
"parameters[2, 392]",1.8922144624409876,0.7061720066967423,5928.194659295568,2266.7260990502054,1.0007394431467052,false,false,false,false
"parameters[3, 392]",1.932890879735558,0.5968577559555219,5892.740304718086,2951.5619157093997,1.0009524332902628,false,false,false,false
"parameters[4, 392]",-5.126515507433516,1.0060904796335621,4939.092125050808,2112.274607948166,1.000213911351812,false,false,false,false
"parameters[1, 393]",1.474748936094228,1.816184506092948,7606.812861032546,2945.133528951423,1.0014109172869547,false,false,false,false
"parameters[2, 393]",2.7736423626518745,0.7019922802151658,4462.6757997179375,2407.043269262946,0.9996842194122078,false,false,false,false
"parameters[3, 393]",1.1405159671077678,0.4945859661334554,4419.481530991185,2842.2538504337,1.0002087028677722,false,false,false,false
"parameters[4, 393]",-4.961100784687799,0.985891916824695,6327.297883033777,2362.1905472320927,1.0023724259908338,false,false,false,false
"parameters[1, 394]",1.607604568937694,2.2947745815440044,7247.23377211504,2943.6415065349306,1.00266101189742,false,false,false,false
"parameters[2, 394]",2.1601711253463654,0.7085421124645855,4894.1906235677125,2866.701709130767,1.0007725111917458,false,false,false,false
"parameters[3, 394]",1.5044006323302053,0.5790673027676556,5104.968505588795,2934.116841037512,1.0016171411866268,false,false,false,false
"parameters[4, 394]",-5.176546198074065,0.9944579073204548,5926.842957124817,2078.112185799707,1.0008264418207289,false,false,false,false
"parameters[1, 395]",1.6098036603945005,2.0841135146856247,6670.490056589556,2815.505998493897,1.0005674223108523,false,false,false,false
"parameters[2, 395]",1.0174923385452372,0.5700029000657131,3565.524019231453,2759.579959633356,0.9998786249171889,false,false,false,false
"parameters[3, 395]",0.959592932807931,0.4114785567931657,3297.025890851521,2916.191517928341,1.0004250812478956,false,false,false,false
"parameters[4, 395]",-5.388322931299359,0.9334309201115536,6037.759617207303,2203.1277557574435,0.9995477641550514,false,false,false,false
"parameters[1, 396]",1.5669035022212232,2.210309928415442,7857.644997670092,2799.6102368424176,1.0010166418591506,false,false,false,false
"parameters[2, 396]",0.5189400822220578,0.3658495105098276,3574.9195201018288,2414.7365872911028,1.001332423228489,false,false,false,false
"parameters[3, 396]",1.2009406829508493,0.420225221289883,3287.8364147927064,2520.667171014598,1.0031023272876203,false,false,false,false
"parameters[4, 396]",-5.057676367246624,0.9761971719692049,6506.79694806231,2596.0672165445676,1.0020618946065118,false,false,false,false
"parameters[1, 397]",1.6369639899292547,2.004306396226771,8921.873100230669,3010.2913415385533,1.0005407359469471,false,false,false,false
"parameters[2, 397]",1.1007549189994037,0.6338407733829318,4859.230265672953,2491.0294535805756,0.999904650360288,false,false,false,false
"parameters[3, 397]",1.249714148432637,0.33247608962100655,5664.465186652071,2707.6307240830984,0.9999753948494149,false,false,false,false
"parameters[4, 397]",-5.087893742902391,1.033846815240553,6448.678369793576,2157.3352061832165,1.001861420783607,false,false,false,false
"parameters[1, 398]",0.7846235078442841,0.6212740244291279,5206.784981759041,3109.9681973908914,0.9998741109922101,false,false,false,false
"parameters[2, 398]",1.3083386583692302,0.24083096264638867,4509.079127469581,2894.61499246858,1.0006304025098065,false,false,false,false
"parameters[3, 398]",0.25254868483472653,0.06984417227874583,4473.229466385929,3001.6171342623543,1.0000502968915834,false,false,false,false
"parameters[4, 398]",-6.462345168304517,0.734872277873164,6385.287310470877,2805.2540474728758,1.0007801592689463,false,false,false,false
"parameters[1, 399]",1.06627119357642,0.9224637276888178,6216.618811030248,2592.0257203490823,1.0041832983672463,false,false,false,false
"parameters[2, 399]",1.7855823206698445,0.47793117606573643,2661.9737242551487,1621.1758147818498,1.0007976433315133,false,false,false,false
"parameters[3, 399]",0.34413034237146845,0.17331561428564154,2220.5868204416784,1540.987616202269,1.0007124777608227,false,false,false,false
"parameters[4, 399]",-6.127544146235668,0.8477507335553216,4495.650485153182,2080.570369400842,0.9996605056319492,false,false,false,false
"parameters[1, 400]",1.1228477510088815,1.2873415196270406,6095.692848905001,3117.5509562798024,1.0014813463812402,false,false,false,false
"parameters[2, 400]",0.9200127896683319,0.43263985299271046,2138.1039914855974,875.9856514127484,1.0026386839147674,false,false,false,false
"parameters[3, 400]",0.5430889360980625,0.25753016761249536,2088.4090069089207,1072.0926561665192,1.000609115943729,false,false,false,false
"parameters[4, 400]",-5.352742069881551,1.0948064892420404,4938.2275075153975,2258.354555975639,1.002258269118429,false,false,false,false
"parameters[1, 401]",1.4668999786077885,1.8876010081791408,7392.244172135404,3065.981407559559,1.0019292972480227,false,false,false,false
"parameters[2, 401]",0.9808249256552679,0.6090610905766709,1554.5508086445682,801.4421785073534,1.0015411755415449,false,false,false,false
"parameters[3, 401]",0.6451066171409872,0.3936476940224956,1615.5469432812104,982.5223229120428,1.0022594084499266,false,false,false,false
"parameters[4, 401]",-5.3154813815216855,0.9232639776748738,4182.143166403037,1884.4056737464518,1.0043412962387084,false,false,false,false
"parameters[1, 402]",1.751367092870487,2.044918951361391,7480.531941057221,3169.304983287408,0.9995788133395218,false,false,false,false
"parameters[2, 402]",0.31980466650957157,0.35847034499878694,2882.7333759472867,2325.375287155775,1.000502359583039,false,false,false,false
"parameters[3, 402]",0.9571914095627507,0.36004492055081805,3096.966373798217,3179.261934164797,0.9998999165884584,false,false,false,false
"parameters[4, 402]",-5.170311730116688,0.9953324790049646,5171.003114233204,2249.87331745155,1.0018545897478566,false,false,false,false
"parameters[1, 403]",0.9495990589324997,1.3295368021916716,6086.1069460485905,2617.154407039215,1.0010975356295528,false,false,false,false
"parameters[2, 403]",0.5606155314609939,0.30075929405030105,1658.1282811610258,1333.7641399882382,1.003906584144303,false,false,false,false
"parameters[3, 403]",0.44006524160746296,0.2627161728416772,1959.5146043716375,1977.7448881935645,1.0022301862786385,false,false,false,false
"parameters[4, 403]",-5.102985990037396,1.0109795117272997,5932.625152836931,2431.1008538952974,1.0002172377665957,false,false,false,false
"parameters[1, 404]",1.6761895006302319,2.1749703139247467,6123.582891447879,2703.926240745513,1.0008594379280638,false,false,false,false
"parameters[2, 404]",0.9610364077867055,0.34861739835418326,3135.270040916198,1718.594136855804,1.0002104757379446,false,false,false,false
"parameters[3, 404]",0.35947825020030694,0.1270662479729829,3590.407403593581,1830.785666958537,1.0018837471505757,false,false,false,false
"parameters[4, 404]",-4.768428040021636,1.0668616920143243,4585.57485239423,2565.965274329921,1.0010834179928878,false,false,false,false
"parameters[1, 405]",1.1668659692286243,1.4615652834651507,5813.310313756252,3035.8688459098635,0.9996372694674955,false,false,false,false
"parameters[2, 405]",0.9362415608509552,0.23676751113338154,4524.92362931048,2853.021011299472,1.0005388653104308,false,false,false,false
"parameters[3, 405]",0.2687055696919848,0.091624419551901,5653.060672803856,2283.1568298285415,0.9999454651095495,false,false,false,false
"parameters[4, 405]",-5.171303349011013,1.0034498501528848,5007.758624804006,2236.251209272826,1.0020029648029687,false,false,false,false
"parameters[1, 406]",2.0120321245743926,2.6427716554607135,7922.756599912355,2709.5091842751276,1.0000051253320632,false,false,false,false
"parameters[2, 406]",0.6282746116652863,0.5693109087420681,3048.1899342087836,2586.7228737489154,1.0003886742173498,false,false,false,false
"parameters[3, 406]",1.1467841692542415,0.5368366616652467,2673.194130484438,2821.4299144096913,1.0004381238503117,false,false,false,false
"parameters[4, 406]",-5.1029287558868655,0.988781631314067,5448.520682163603,2267.931724666894,1.0027125806316528,false,false,false,false
"parameters[1, 407]",1.3679865039446362,2.51719008136104,6358.263546870915,2534.8373272367994,1.0007312561972725,false,false,false,false
"parameters[2, 407]",0.41174507617864514,0.48254678190588396,2465.0456625219635,3449.1727832235288,1.0008180050074145,false,false,false,false
"parameters[3, 407]",1.2801118046957134,0.6061284016632396,2197.2054011984046,3248.4427954143844,1.0004170405718105,false,false,false,false
"parameters[4, 407]",-5.321977668851019,1.0302092312182116,4729.117584726461,2259.316133533193,1.0007425823507814,false,false,false,false
"parameters[1, 408]",1.5241571954039068,1.8315082634917423,6344.068606727769,2823.7481861945876,1.0018225629364428,false,false,false,false
"parameters[2, 408]",0.7337221962470644,0.395926538409358,3258.4859927862153,2076.9343828804376,0.9999054666863905,false,false,false,false
"parameters[3, 408]",0.6513913302493257,0.26881249601861124,3358.651241682834,2098.6449455026745,1.0007756639098768,false,false,false,false
"parameters[4, 408]",-4.893811215268253,1.1387322249656269,3384.6985657067007,1408.4627499997775,1.0006876537725473,false,false,false,false
"parameters[1, 409]",0.7270192672456385,0.5639290098952795,6408.762519276838,2700.655775664166,1.0016341079442317,false,false,false,false
"parameters[2, 409]",2.503107372097531,0.4461757592249994,5179.623625395442,2792.6191942972496,1.0016017996903688,false,false,false,false
"parameters[3, 409]",0.37258454854399475,0.11839443606370699,4279.770827378956,2966.4907756155667,1.0000833818507155,false,false,false,false
"parameters[4, 409]",-5.4554348978885665,0.901468937019697,6380.377937022784,2342.575447905227,0.9999938433725558,false,false,false,false
"parameters[1, 410]",2.139400345451093,2.537901127659711,6776.315622494522,2958.593510904068,0.9995840738344047,false,false,false,false
"parameters[2, 410]",0.7186142245097364,0.403348052632728,2834.7760024536465,1616.8686779672446,1.0003831631361266,false,false,false,false
"parameters[3, 410]",0.5355166186884435,0.23379798255777093,2853.4947628263794,1814.0728761841065,1.0010693238026092,false,false,false,false
"parameters[4, 410]",-5.073918768100951,1.0054574608243356,7195.427406406147,2447.1850171312194,1.0001290119980124,false,false,false,false
"parameters[1, 411]",1.6784266145956672,2.1582794743280656,8266.946331497666,3187.381740884915,1.0008087458205241,false,false,false,false
"parameters[2, 411]",0.8374292728911759,0.4916734256344599,3454.3350645877463,2514.781111343335,1.000781191048923,false,false,false,false
"parameters[3, 411]",0.9035264423321937,0.3783803549031738,3725.078015850037,2808.0753826299247,1.000174254921322,false,false,false,false
"parameters[4, 411]",-5.203158084638145,1.0169436204347142,4583.008034773252,1421.8611532182038,1.004477161208728,false,false,false,false
"parameters[1, 412]",1.87641223899024,2.3022066991740537,7148.592817848664,2695.591967915715,1.000080776526233,false,false,false,false
"parameters[2, 412]",1.8250447607802929,0.6253672247095962,2855.2988915800747,1876.1546287276926,1.0025085095661328,false,false,false,false
"parameters[3, 412]",0.4328983940342255,0.25157395097302176,2591.0913099034915,1828.6927446791115,1.0018186870225894,false,false,false,false
"parameters[4, 412]",-5.454753932992755,0.9056384816409309,6132.531082943459,2521.534980364422,1.0011208995396554,false,false,false,false
"parameters[1, 413]",0.9545924347796751,0.9743332731413412,6077.810850326739,2864.9780950049203,0.9996216355263529,false,false,false,false
"parameters[2, 413]",1.9661121035931246,0.635516889949382,2273.2554745942466,1074.4423058336622,1.0006902715147057,false,false,false,false
"parameters[3, 413]",0.43546442289344434,0.28158798026256354,2261.5066489616233,1221.5197302120587,1.0008170976549808,false,false,false,false
"parameters[4, 413]",-5.973349381136696,0.9051225029427669,4364.584538569561,2418.579214074027,1.0002184606307047,false,false,false,false
"parameters[1, 414]",1.7745544192262355,2.242661538763317,6704.615676282961,2594.1088052864698,0.9998633934764664,false,false,false,false
"parameters[2, 414]",0.37257850760085903,0.30112345699557663,3856.259764990303,2415.3405772570613,1.0001934180773822,false,false,false,false
"parameters[3, 414]",0.8586586454149674,0.29666595507307875,3796.503093003306,2630.5627231160265,1.000654819871215,false,false,false,false
"parameters[4, 414]",-5.139070805764326,1.0187207860811265,4110.293152831799,1903.582495319875,1.0023526042612863,false,false,false,false
"parameters[1, 415]",1.4187261272879286,1.7374246044287602,6891.901277781654,2906.2637774138516,1.0018832611662831,false,false,false,false
"parameters[2, 415]",0.6789132004896334,0.4934269057789186,2954.0766492074486,2317.749174293389,0.9998014280098926,false,false,false,false
"parameters[3, 415]",0.6667128151957673,0.31000140937455306,2875.2505781124914,2823.967032170932,1.0013396346967016,false,false,false,false
"parameters[4, 415]",-5.6213635582606125,0.9773201319829111,5999.542694482337,2654.9470201973977,1.0014411310781517,false,false,false,false
"parameters[1, 416]",1.882531196242136,2.4878824191728848,6445.7082280299155,3209.523008731523,1.000074679742204,false,false,false,false
"parameters[2, 416]",0.623269135325564,0.3574552823334547,3317.237227470772,2079.336111881321,1.0013804272917388,false,false,false,false
"parameters[3, 416]",0.5061633211063745,0.16842866763753786,3283.440947227458,2455.2316853564816,1.0010504582121065,false,false,false,false
"parameters[4, 416]",-5.166361005939172,1.0279149286880185,5079.385021450379,2318.353411944289,1.000318077302131,false,false,false,false
"parameters[1, 417]",1.6445605362431883,2.112488057007888,6744.670977141948,3072.12546342691,1.0009632345002244,false,false,false,false
"parameters[2, 417]",0.8215769922984811,0.4332563071254633,3757.7931435722803,2555.4054612536975,0.9999954138290887,false,false,false,false
"parameters[3, 417]",0.5358718879052309,0.20791782226943623,3618.0202174503975,2976.7681171903732,1.000031389807028,false,false,false,false
"parameters[4, 417]",-5.440481218074079,0.9446602548251491,6299.293543034573,2361.3255551954962,1.002590850973394,false,false,false,false
"parameters[1, 418]",1.7358754008609039,1.969528426828824,5974.382828590227,3234.15828250089,0.9997187401503844,false,false,false,false
"parameters[2, 418]",1.2275199835450592,0.4257951719662087,3209.097450754449,2167.846554785238,1.0006869051374112,false,false,false,false
"parameters[3, 418]",0.28480536441952053,0.09924277208431198,3456.0127118899927,2265.0372005384843,1.0018408247047457,false,false,false,false
"parameters[4, 418]",-5.5276931408490695,0.8576095470953118,5689.735759955193,1749.271240377279,1.0075468616743444,false,false,false,false
"parameters[1, 419]",1.609930162517483,1.8928080385322525,8512.083102847904,3145.9051106651796,1.0030155381214625,false,false,false,false
"parameters[2, 419]",0.69066210405682,0.3938688026532133,3002.167675540133,1938.162038734543,1.0029785154891504,false,false,false,false
"parameters[3, 419]",0.37656329873759137,0.15219644430806772,3215.7973415885085,2415.478662781318,1.000832699981546,false,false,false,false
"parameters[4, 419]",-5.469239037873799,1.0128735005184166,4082.083547402753,2118.2396990874363,1.000841082477759,false,false,false,false
"parameters[1, 420]",1.3721890866259594,1.6522740227007624,6638.121143139359,2874.537147161817,0.999774075687284,false,false,false,false
"parameters[2, 420]",0.36667315511545917,0.34623750486014365,2489.9688065009987,2304.6884021809997,1.0004725561950145,false,false,false,false
"parameters[3, 420]",0.526129752570045,0.22033228135767938,3160.012216175823,2922.2442121386766,1.000632720898417,false,false,false,false
"parameters[4, 420]",-5.575138476557846,0.9910804696888722,4556.983655987465,2616.9367748222003,1.0001083083126372,false,false,false,false
"parameters[1, 421]",1.6490382307455438,2.06446646915671,6728.468481411871,3004.719422981388,1.0010550474307751,false,false,false,false
"parameters[2, 421]",0.691994484459764,0.48491567360911486,3985.9012190709764,2276.1795387536104,1.000054506180886,false,false,false,false
"parameters[3, 421]",1.2181886169336817,0.4494893398202268,3807.7539902171075,2633.8087490836074,1.0002189254277714,false,false,false,false
"parameters[4, 421]",-5.23122413570283,1.0507095923972147,5278.313486183685,1943.4921245483417,0.9999912331255688,false,false,false,false
"parameters[1, 422]",1.6896017679711937,1.5003873729882504,4877.669620343296,2524.8614252841176,1.0010283434831457,false,false,false,false
"parameters[2, 422]",2.1781127170601984,0.4346246882261037,4427.332403673005,2611.5072878667497,1.0001077884030063,false,false,false,false
"parameters[3, 422]",0.3485763776538,0.11388972921597383,3668.231257950382,2609.351531607878,1.0008914230911374,false,false,false,false
"parameters[4, 422]",-5.328349594375359,0.9392427057952646,5137.626525554671,2578.205864090168,0.9998414705800354,false,false,false,false
"parameters[1, 423]",1.5012354151495666,1.8995741232572798,7078.7356976110495,2963.9620441318166,1.0019219799672112,false,false,false,false
"parameters[2, 423]",0.5414545925747479,0.5051673082204974,2006.710707820003,2288.7727134870775,1.0006376416260883,false,false,false,false
"parameters[3, 423]",0.8272783145144837,0.422253141140382,2145.893725110727,3088.561551104675,1.0003040315086522,false,false,false,false
"parameters[4, 423]",-5.4016720613807285,1.005427891254055,5197.373497770286,2385.754291169375,1.0004914375153617,false,false,false,false
"parameters[1, 424]",1.5903900781471505,1.944603811100776,8688.397354797566,2503.5017858972506,1.0027079044204565,false,false,false,false
"parameters[2, 424]",0.30359916883984384,0.44770510441815836,2548.6849170875316,2731.781800137716,1.000562714317926,false,false,false,false
"parameters[3, 424]",1.0625485911992365,0.446399817382308,2696.0516933098647,3070.0071445422973,1.0004550101350707,false,false,false,false
"parameters[4, 424]",-5.3525859142413434,1.0041292409433449,5226.899127383882,2692.4827556237487,1.0011415130131482,false,false,false,false
"parameters[1, 425]",1.2016492415272821,1.3980106623448696,6539.1453370139,2991.0805209393993,1.0009008718124057,false,false,false,false
"parameters[2, 425]",0.9905288074456132,0.5144211675092234,1685.730847917511,1300.2432767231574,1.0013136765803108,false,false,false,false
"parameters[3, 425]",0.37681981680016874,0.2180815283277074,1693.4273977109447,1267.6887516568215,1.0026105505156777,false,false,false,false
"parameters[4, 425]",-6.087481082382746,0.9180894973681298,2916.733088054994,1877.0610125274643,1.0009562369812026,false,false,false,false
"parameters[1, 426]",0.5209905233034885,0.46533542420213525,5194.3205694838025,2967.577318937079,1.0015655351259232,false,false,false,false
"parameters[2, 426]",1.309372645001738,0.2852916803699161,3291.460373150272,1597.029582251279,1.0014352470388936,false,false,false,false
"parameters[3, 426]",0.29572982960413063,0.09231098794618318,3066.7203896756714,1758.5984910223701,1.0021083433658389,false,false,false,false
"parameters[4, 426]",-6.237894451201293,0.829284531325739,5071.201307954394,2366.044131685406,1.0012744632542698,false,false,false,false
"parameters[1, 427]",1.808798817321839,2.1681174287945697,7359.78855262716,2738.2760540969994,1.000302674868991,false,false,false,false
"parameters[2, 427]",0.49589509467122683,0.3782735693633499,3089.400940706157,2147.303467609081,1.0020071305333609,false,false,false,false
"parameters[3, 427]",0.06283237047273293,0.050061647663765474,3410.059148944462,1853.0367131310002,1.000356987352694,false,false,false,false
"parameters[4, 427]",-5.289473476499446,0.974710690384281,6590.662618842924,2331.057104614511,1.000380128597096,false,false,false,false
"parameters[1, 428]",1.538114255389515,2.0385556375424647,6421.544429894124,2396.6987550682998,1.0015511864425515,false,false,false,false
"parameters[2, 428]",0.27235422635729334,0.23663905942974706,3011.5110036374153,2028.893780702985,1.0000668731440714,false,false,false,false
"parameters[3, 428]",0.5092518128149776,0.23618582711667765,4270.117211314567,2439.940684634286,1.00172084708824,false,false,false,false
"parameters[4, 428]",-5.31594382897005,1.0153880848500516,5671.591567603301,2571.5748201146635,1.0006537370205435,false,false,false,false
"parameters[1, 429]",2.093193392622602,2.511489481312099,7621.322993771995,2887.3792601342134,1.0008235769330567,false,false,false,false
"parameters[2, 429]",0.9007298807534557,0.5525384859563547,3682.0143084291526,2330.5982557057405,1.0006675365527449,false,false,false,false
"parameters[3, 429]",1.6706055745601598,0.489360615263614,3900.441327863824,3083.286586715114,1.0000937052152905,false,false,false,false
"parameters[4, 429]",-5.36650451679962,0.9648538303742424,5784.92368604819,1892.9427385080878,1.0011780251869613,false,false,false,false
"parameters[1, 430]",0.6787727139868118,0.5291552059762881,5242.3356953620605,3088.2990929725047,1.0020632223372228,false,false,false,false
"parameters[2, 430]",1.8990685319849965,0.3241933182227241,4609.3382480744085,2463.335400138729,1.0012505073923887,false,false,false,false
"parameters[3, 430]",0.3266476613131786,0.12232824584202266,3942.297211832363,2196.0832316652645,1.0008649672931547,false,false,false,false
"parameters[4, 430]",-6.264095701465172,0.8100852456749914,3923.5922019688355,2102.567907005817,1.0007011706161903,false,false,false,false
"parameters[1, 431]",1.994908764800215,2.396659405047064,7139.427593848223,2371.4819031098136,1.0010465728189586,false,false,false,false
"parameters[2, 431]",0.8959588908319843,0.30212173745066734,1085.5835038371226,435.2766015263897,1.0027020996837193,false,false,false,false
"parameters[3, 431]",0.2540242091348946,0.11739967437900589,1234.3360611608628,481.73756291371853,1.0023425486428859,false,false,false,false
"parameters[4, 431]",-5.123534100565823,0.9826940818163287,5920.753006180853,2235.1730124284118,0.9996417379229361,false,false,false,false
"parameters[1, 432]",1.687374249298672,2.5064217938486837,7831.1929073994015,2812.0605050311415,0.9997366075573703,false,false,false,false
"parameters[2, 432]",0.056728437040179415,0.07410456683393629,4251.055858507424,2343.815727231922,1.000688448560461,false,false,false,false
"parameters[3, 432]",1.0462275338352263,0.28172615376495486,6261.680415548484,3201.557617580245,0.9995969177580457,false,false,false,false
"parameters[4, 432]",-5.183019007080139,1.032765914219847,5293.133914217516,2043.5487449816603,1.0007804231871964,false,false,false,false
"parameters[1, 433]",1.8451360701703865,2.681773042392303,8434.731053651762,2923.4477195567074,1.001213085502805,false,false,false,false
"parameters[2, 433]",1.8570914009482158,0.7048430807345216,3522.7574990862295,2140.942754207771,1.0007411023708004,false,false,false,false
"parameters[3, 433]",0.9967428420034848,0.4717957024318377,3701.100254599005,2762.5009760980206,1.000549562951042,false,false,false,false
"parameters[4, 433]",-4.967394582621487,0.980178810723386,5704.745490375316,2059.3058345707286,1.0000669478699096,false,false,false,false
"parameters[1, 434]",1.0828058655196897,1.2307670865291873,6646.061585102125,3036.953973182604,1.0007404502211998,false,false,false,false
"parameters[2, 434]",1.8886393365610428,0.4692729862970863,3718.26565084744,2504.1779333130958,0.9998564898668999,false,false,false,false
"parameters[3, 434]",0.5558040137175619,0.19355178578061644,3818.676264057762,2773.611681771526,1.001635592122785,false,false,false,false
"parameters[4, 434]",-4.949000946171113,1.157859369645612,3955.3070846162796,1991.1076615111065,1.0006659864840433,false,false,false,false
"parameters[1, 435]",1.000761176284496,0.9356951974593408,6562.865013434979,2782.30648334208,1.0007443876764508,false,false,false,false
"parameters[2, 435]",1.663643340804994,0.3846878742518008,2895.2168355558706,1641.0829975855609,1.0012687310239394,false,false,false,false
"parameters[3, 435]",0.3689736002242698,0.12275340663885537,2959.3878368705227,1867.4512259580356,1.000240669983794,false,false,false,false
"parameters[4, 435]",-5.33818823046333,0.989822816040747,5529.479222110343,1996.440988874901,1.0019005921985609,false,false,false,false
"parameters[1, 436]",2.5190992443330873,3.159459110801887,7867.158793850367,3300.579710359749,1.0001401752168313,false,false,false,false
"parameters[2, 436]",3.105756715387315,0.5716542529375876,7345.793439328308,2960.183113420311,1.0002701230587503,false,false,false,false
"parameters[3, 436]",0.5585846508364934,0.15918809547003307,6749.2603909024165,2778.963043884498,1.0018562371227098,false,false,false,false
"parameters[4, 436]",-3.7995217118245055,0.8104320827511649,5860.0722561182565,2682.844373836311,1.0012904018151567,false,false,false,false
"parameters[1, 437]",1.578778798179433,2.0732388076369026,6902.279926250436,2815.027251759486,1.0009920593946222,false,false,false,false
"parameters[2, 437]",2.058960862535762,0.6657529827806321,5207.062637161197,2462.6820226876507,1.0037641242705433,false,false,false,false
"parameters[3, 437]",1.346408400250505,0.5019251290354456,5226.057320967773,3551.942559875359,1.0015776349922345,false,false,false,false
"parameters[4, 437]",-4.1864182361598345,0.9592392814480841,5586.721518228431,2033.4925792016686,1.0000390335923823,false,false,false,false
"parameters[1, 438]",1.8233950124844929,2.484480491007767,7985.983153743901,2858.9653616052897,0.9999661436809858,false,false,false,false
"parameters[2, 438]",0.7467504185953474,0.5808889588457072,3857.7361105296322,2697.920427424252,1.0011163079825773,false,false,false,false
"parameters[3, 438]",1.8611697427201443,0.5641370673823265,3684.445715418221,3239.521413978582,1.0019019742215438,false,false,false,false
"parameters[4, 438]",-5.28503148117451,0.9835164611440778,5394.952174173403,2292.9236011671715,1.0019745912416682,false,false,false,false
"parameters[1, 439]",0.4253552851969482,0.32961280486852956,6260.206174896186,3127.2826551481903,1.0010339849384473,false,false,false,false
"parameters[2, 439]",3.0377654552464013,0.574618469373634,6726.944640204915,3100.729510048093,0.9999673298996895,false,false,false,false
"parameters[3, 439]",0.211289314753775,0.06714057511872079,6702.75520645873,2857.059087658601,1.0000174222763887,false,false,false,false
"parameters[4, 439]",-5.091005169591518,1.0237408386055598,7094.356809378788,2722.264967289829,1.0024305093808765,false,false,false,false
"parameters[1, 440]",0.8438483406999128,0.8635850107767418,6253.448360907201,3036.4898234343227,0.9996746127666394,false,false,false,false
"parameters[2, 440]",2.3476194054088837,0.4771182483242517,4505.555604114341,3479.4680948515547,1.0003236618736364,false,false,false,false
"parameters[3, 440]",0.33988355462325864,0.09448712382927998,4525.357920068204,2925.853080910416,0.9998171338428651,false,false,false,false
"parameters[4, 440]",-4.448775079495585,1.0814175546391478,5575.819496507105,2622.86749494806,1.0002143079512094,false,false,false,false
"parameters[1, 441]",1.9402247827896253,2.3496317901349952,5083.675917766401,2714.171322590409,1.0024963550862347,false,false,false,false
"parameters[2, 441]",3.155639718108252,0.5726935333029166,7329.983255821151,3188.5852753298177,1.0015495410699575,false,false,false,false
"parameters[3, 441]",0.23740013968620924,0.06892539190142433,5093.487085913932,3183.7724123491894,1.0006342857114088,false,false,false,false
"parameters[4, 441]",-4.198100633332396,1.1536664774717373,4589.861518990254,2546.7938405496875,1.0002013151846725,false,false,false,false
"parameters[1, 442]",1.4003649694281872,1.2781013198405988,4014.9571531095935,2533.0139195162187,1.000041799756169,false,false,false,false
"parameters[2, 442]",1.6600708573722343,0.3174556156286079,4051.0095695716977,3120.591211673288,1.0004865743737918,false,false,false,false
"parameters[3, 442]",0.2602988254768752,0.07122848916485187,3727.4980576923876,2759.867770609997,0.9998982540169139,false,false,false,false
"parameters[4, 442]",-5.551558632943188,0.9578163086168399,6460.636057863251,2472.894507642712,1.0026028081762641,false,false,false,false
"parameters[1, 443]",1.6978382255716693,1.7672712324243656,6095.542082727954,2979.928453258566,1.001816418611168,false,false,false,false
"parameters[2, 443]",1.4249112400986303,0.6618472052579147,2430.7468447954025,1372.271490957243,1.0005751962812206,false,false,false,false
"parameters[3, 443]",0.3044235625357454,0.15587473758842546,2274.3027581332035,1513.9235443953128,1.0013481891129496,false,false,false,false
"parameters[4, 443]",-5.746608784594145,0.9137976083011932,5752.562962852415,2128.5390826712687,1.0002153002879752,false,false,false,false
"parameters[1, 444]",1.0940810365886273,1.0328823713552011,5830.190567293666,2537.391761058436,1.000261041162174,false,false,false,false
"parameters[2, 444]",1.7636830266861319,0.49340696414267604,2590.397934639116,1607.481574016919,1.0008983015952169,false,false,false,false
"parameters[3, 444]",0.48545642350081414,0.21903134638509178,2620.046583957445,1795.5841401655596,1.0015685366616294,false,false,false,false
"parameters[4, 444]",-5.8409470179251635,0.8312525786374922,5552.030499246826,2481.571290182752,1.0007508468195472,false,false,false,false
"parameters[1, 445]",1.446031888170051,1.952870283370161,7758.57435940104,3182.59097094581,1.0044585296232287,false,false,false,false
"parameters[2, 445]",1.5769278679657337,0.6457921853909897,4439.735044099072,2054.140031892372,1.001364764126009,false,false,false,false
"parameters[3, 445]",1.064599080979918,0.29121449515694303,4589.470812724395,2418.220628305553,1.0013099279242252,false,false,false,false
"parameters[4, 445]",-5.201444589654202,1.0188576339372017,5632.825754418764,2173.4495324307895,0.9999781418311499,false,false,false,false
"parameters[1, 446]",1.2149093762696266,1.3529288622282862,6281.830640732054,2497.8127134874035,1.0017425853110355,false,false,false,false
"parameters[2, 446]",1.6235087451664056,0.5915766069637319,4076.680058348952,2189.4309589068907,1.0019820650401006,false,false,false,false
"parameters[3, 446]",0.8883929109166155,0.24894588290237843,4580.428373834796,2833.313749327668,1.0001279940809034,false,false,false,false
"parameters[4, 446]",-5.4508566426034095,0.920268964925785,5772.847613342799,2494.76718230763,0.9998771561868534,false,false,false,false
"parameters[1, 447]",1.8045493680601672,2.276329665150248,6867.503688240663,2866.801254569643,1.0027326559939043,false,false,false,false
"parameters[2, 447]",0.6896810498012903,0.39289140316934745,3468.1850934285712,2123.409754058011,1.001797754653242,false,false,false,false
"parameters[3, 447]",0.6531267421187928,0.25173307310171567,3627.881284011092,2709.1661071825633,1.0030356112474494,false,false,false,false
"parameters[4, 447]",-5.3369416354895565,0.9476887245399412,5486.499444080451,2249.7027735910647,1.001687526576917,false,false,false,false
"parameters[1, 448]",2.260731500400627,2.7339641767807477,6383.655134401484,3512.8061189775312,1.0003490071758268,false,false,false,false
"parameters[2, 448]",0.43747247962286945,0.3463600494867547,3402.923459484613,2669.2361554811837,1.000584595248757,false,false,false,false
"parameters[3, 448]",0.7875454947238585,0.2864941462880496,3145.725773103943,2895.745537687633,0.9999585431619566,false,false,false,false
"parameters[4, 448]",-5.309133586946338,0.976044365202172,5180.092838913806,2547.8808160074127,1.0017449029951861,false,false,false,false
"parameters[1, 449]",1.6834341458417732,2.133620500083788,7161.91167423098,3068.086174757624,1.0003900863879744,false,false,false,false
"parameters[2, 449]",0.08055651318211096,0.09966382119155359,3428.471363596526,2024.9457770153697,1.0000527861843969,false,false,false,false
"parameters[3, 449]",0.8073710127932568,0.27338571023108943,5401.514205908724,3142.827477665418,1.0000485878228766,false,false,false,false
"parameters[4, 449]",-5.238432330373826,0.9918585500881325,6151.004406802169,2126.953513860593,1.0001158343062067,false,false,false,false
"parameters[1, 450]",1.82304243412831,2.417030237686072,7320.494295241577,2658.7700876545305,1.0015980901863997,false,false,false,false
"parameters[2, 450]",0.6847680738547307,0.5040338439462002,3421.654886530033,2452.985464983977,1.0002883477698388,false,false,false,false
"parameters[3, 450]",0.8559348048165917,0.3979825122733847,3250.3875918268054,2386.683340905722,1.001080020941929,false,false,false,false
"parameters[4, 450]",-5.193698695798513,0.9993754999447745,5817.705659659357,2475.4234368783336,1.0000930860204438,false,false,false,false
"parameters[1, 451]",0.4428662043939718,0.36124302964354055,6838.537406544943,2722.1205481056927,1.001716109987756,false,false,false,false
"parameters[2, 451]",1.7655624854145153,0.27719384772087713,4956.36956899646,2796.7180260085174,1.0012714630573438,false,false,false,false
"parameters[3, 451]",0.34224388217368495,0.1075920491100768,5791.762631182425,2845.530889276095,1.0008711865334727,false,false,false,false
"parameters[4, 451]",-5.3039485202829,0.8299277945382281,6100.768736559009,2751.0939531377626,1.001467501768235,false,false,false,false
"parameters[1, 452]",1.6131183073986826,2.1566196260551638,7856.9547028441475,2901.13851005706,1.0007120970657692,false,false,false,false
"parameters[2, 452]",1.2245411134006732,0.5953371588944063,3637.4627227290775,2354.256213618623,1.0018157578641782,false,false,false,false
"parameters[3, 452]",0.6757269126682866,0.3100602219592831,3662.5517834005755,2543.8655181588488,1.0016726283583204,false,false,false,false
"parameters[4, 452]",-5.352864591527354,0.9899869234353292,5642.692585025002,2073.6703880594177,1.0027444016795939,false,false,false,false
"parameters[1, 453]",1.2748240544651062,1.5584290385200863,7069.251631168261,3093.5980629899477,0.9998255452440321,false,false,false,false
"parameters[2, 453]",0.7140967264831379,0.4294293886130807,3783.3681648330617,2222.8637140190904,1.0006648565605127,false,false,false,false
"parameters[3, 453]",0.9890027578548911,0.23694572558390675,3759.5787168447923,2522.217389230622,1.0001412011915132,false,false,false,false
"parameters[4, 453]",-5.014243860283313,1.0364194788121233,5403.104851876213,2127.677094766991,1.0028032123187833,false,false,false,false
"parameters[1, 454]",0.6241857020628292,0.47624486722221326,5983.442375930289,2779.7235064122815,1.0011777963288273,false,false,false,false
"parameters[2, 454]",2.244996635884104,0.3674204992812818,3830.200515180077,2362.6916943329275,0.9996025220776488,false,false,false,false
"parameters[3, 454]",0.3124840463188284,0.10938124385826459,4322.271724951267,2927.8129053864177,1.0009751175102604,false,false,false,false
"parameters[4, 454]",-5.696587731709616,0.8251520602786279,7175.782869995241,3390.9493754469863,1.001549173713309,false,false,false,false
"parameters[1, 455]",0.5500168589333083,0.5363268552993697,5925.672440983852,2703.191718070669,1.0007993409169647,false,false,false,false
"parameters[2, 455]",1.9730470696839213,0.5581574058719906,4210.784046757309,2946.1878237502788,1.0009484175763939,false,false,false,false
"parameters[3, 455]",0.2371062985197699,0.0870445860597391,5360.068975214985,2614.4454711066287,0.9999209237173922,false,false,false,false
"parameters[4, 455]",-5.163426308995422,0.9755849252988813,5249.120542631402,2083.9431318240277,1.0001088000922025,false,false,false,false
"parameters[1, 456]",0.9585791479456125,1.0005248666022695,5624.854299927942,2932.6513527991847,1.0043522908765383,false,false,false,false
"parameters[2, 456]",1.7661135000346517,0.6017441064571794,4785.656724041437,2720.235584672581,0.9999358662298805,false,false,false,false
"parameters[3, 456]",0.11588676779050174,0.09518677019025935,3321.15910571098,2340.4541750981857,1.0003993643587135,false,false,false,false
"parameters[4, 456]",-5.123902465181595,1.0627300844027543,6586.271439924057,2355.504766125172,1.0015551418756792,false,false,false,false
"parameters[1, 457]",1.3980404289099662,1.9234104525233615,6971.932758924218,2757.472219228425,1.0005953090522388,false,false,false,false
"parameters[2, 457]",1.875770084670238,0.6845552915235131,5135.3248582744945,2428.1048031017676,0.9997071560541094,false,false,false,false
"parameters[3, 457]",1.6504387183052622,0.5601986464725419,5874.772964927744,3386.2339113582084,0.9999967196361819,false,false,false,false
"parameters[4, 457]",-4.824142439795583,1.0368489662699318,5310.435748048586,2360.7568363450364,1.0019780285705382,false,false,false,false
"parameters[1, 458]",1.7369331493238727,2.181545406484916,7407.5446567464105,3070.7798641195354,1.0009394585929725,false,false,false,false
"parameters[2, 458]",0.7039326798660841,0.49265160332929864,4251.61329953253,2704.2385084682255,1.0018993509825362,false,false,false,false
"parameters[3, 458]",1.1159079753551677,0.4568186235365383,3551.1072556875492,3097.1760997708047,1.000863359945553,false,false,false,false
"parameters[4, 458]",-5.242815101746283,1.0158978823113591,5765.915884623109,2071.1373801481345,1.001906340879425,false,false,false,false
"parameters[1, 459]",1.6540612230712661,2.0398058991493655,7049.18275410688,2841.6689192101144,0.9999808646058056,false,false,false,false
"parameters[2, 459]",0.5450407889879638,0.39203576990107014,3588.960651210644,2414.178316886873,0.9998099406605682,false,false,false,false
"parameters[3, 459]",1.0434826577784189,0.34230215862389635,3355.298204244055,2708.018668883467,1.001152483889692,false,false,false,false
"parameters[4, 459]",-5.1000652228908825,1.066921089177725,4440.819413777513,1812.016651637578,1.001349655257665,false,false,false,false
"parameters[1, 460]",1.558289923800751,1.942266463396564,7394.1676012625385,2666.9579965125504,1.0006539541503447,false,false,false,false
"parameters[2, 460]",1.2296387929223254,0.6093252083065025,3064.333140600189,1591.9282909018204,1.0013760030016572,false,false,false,false
"parameters[3, 460]",1.2657362429323138,0.4844851458610839,3103.332982299378,2758.1650539043094,1.001134687280984,false,false,false,false
"parameters[4, 460]",-5.176966064840126,1.0595925191426385,4551.083770014569,2085.848021364811,1.0008097220710868,false,false,false,false
"parameters[1, 461]",1.1582341698430858,1.448300278310782,6605.378138870472,2974.344401229639,1.0002596371445083,false,false,false,false
"parameters[2, 461]",2.9487031191397888,0.582637823311047,5400.687444942844,2407.7978992343137,1.0000644343990865,false,false,false,false
"parameters[3, 461]",0.7428437705003327,0.2707773618117656,4658.993677820698,2675.3547572569782,1.0006907862162413,false,false,false,false
"parameters[4, 461]",-5.031031271051672,0.981844206510591,5767.753777352678,2681.6451164418168,1.000150714044457,false,false,false,false
"parameters[1, 462]",1.8749458664390342,3.0261113108612494,6537.0954547371275,3299.499543289538,1.0003774519544972,false,false,false,false
"parameters[2, 462]",0.41589409580769304,0.3347566956702116,3031.952044031613,1936.6416558677495,1.003487690664229,false,false,false,false
"parameters[3, 462]",0.9917951736993443,0.3980530976910217,3024.5722253933636,2361.067802508542,1.0051245685902501,false,false,false,false
"parameters[4, 462]",-5.348175242846415,0.9414915887060903,5935.030907479183,2917.004942310363,1.0010277577939604,false,false,false,false
"parameters[1, 463]",1.474764726663951,1.964606182212759,7402.954492572603,2556.780523546474,1.0013221665519023,false,false,false,false
"parameters[2, 463]",1.3161523306016485,0.515630109307479,4169.059720355138,2109.7575650680133,1.0016661176886978,false,false,false,false
"parameters[3, 463]",0.6680608036531274,0.20098551674483234,4428.3340344562275,2836.386041086035,1.0024394209566287,false,false,false,false
"parameters[4, 463]",-4.9500460960862585,1.0950492727015861,4155.534203444185,2409.464344144971,0.9997301593116453,false,false,false,false
"parameters[1, 464]",1.4297620476202992,1.7973728903265522,6542.033259390123,2986.7976665875244,1.0022241968731334,false,false,false,false
"parameters[2, 464]",1.374153292594935,0.6050357868325703,3740.9414712486496,2247.040941859141,1.0010350151278098,false,false,false,false
"parameters[3, 464]",1.0004648797032265,0.27474159844861124,4360.501240472909,2642.650233255382,0.9996119319924887,false,false,false,false
"parameters[4, 464]",-5.255014902425339,0.9728480795339849,5773.172520976174,2842.3455899532096,1.0031185630070094,false,false,false,false
"parameters[1, 465]",1.4637659704636998,1.8381469201860006,6271.1374302899285,2969.1628340431625,1.000423130691443,false,false,false,false
"parameters[2, 465]",1.6641933468466263,0.6793782059600906,5130.626468195984,2547.2589750705533,1.0013606033266118,false,false,false,false
"parameters[3, 465]",1.1484029497617079,0.3440811592616034,4846.022729808655,3303.6756644022166,1.001282568369415,false,false,false,false
"parameters[4, 465]",-5.113758508241521,0.9528435874927037,7271.081034778664,2161.6923125225803,1.0015868437698536,false,false,false,false
"parameters[1, 466]",0.8977601468732648,1.3622578674565342,5856.470939614916,2450.2251349823173,1.0029756418209081,false,false,false,false
"parameters[2, 466]",1.714241461966799,0.3507416727148949,4748.41382202886,2314.5937447903784,1.000203477325126,false,false,false,false
"parameters[3, 466]",0.42110745066269717,0.13984535031137582,4443.462894735618,2591.845688333665,1.0001241346611527,false,false,false,false
"parameters[4, 466]",-4.60527380918223,1.2741808711471916,3003.709825444357,1896.4691402243761,1.0014569957228066,false,false,false,false
"parameters[1, 467]",0.9322006769042435,1.123533700143792,6129.506044413141,2778.2222417055245,1.0006541320572766,false,false,false,false
"parameters[2, 467]",0.8149145977422633,0.3446774313944056,2565.7205695833186,1573.821897697014,1.0000821235862563,false,false,false,false
"parameters[3, 467]",0.399372082509724,0.1610112839997822,3159.7161158537033,1692.8735658438125,1.0010195033530027,false,false,false,false
"parameters[4, 467]",-5.227789552356027,1.0004898550527705,5450.8734058583605,2770.0454558612164,1.0016883026926267,false,false,false,false
"parameters[1, 468]",1.7861322974328286,2.2739984918532445,8881.355930751912,2495.211617779837,1.0013272536203963,false,false,false,false
"parameters[2, 468]",0.26957217928452665,0.25343381193136616,3217.0208888394736,2774.1339288369013,1.0010939588380483,false,false,false,false
"parameters[3, 468]",1.0056999413164294,0.3255560071296232,3926.2557839395454,3161.945284107805,1.0007942248406265,false,false,false,false
"parameters[4, 468]",-4.891847532610063,1.0672103114521294,5769.431204617819,1634.7214440086889,1.0026278351595408,false,false,false,false
"parameters[1, 469]",1.7505637856713587,2.178568664943643,7524.4151406982155,2849.192152750615,1.0001310206921685,false,false,false,false
"parameters[2, 469]",0.07839618277987288,0.22950800089844547,3583.0522095630254,2006.0813993514057,1.0007009381540966,false,false,false,false
"parameters[3, 469]",2.1218060298527077,0.566536450987348,3619.177442233737,1872.8898119682121,1.0005347399114515,false,false,false,false
"parameters[4, 469]",-5.172003131328332,0.988803308511425,6238.521103421454,2449.342010636664,1.0019307029703257,false,false,false,false
"parameters[1, 470]",1.8830069353356238,2.616345996755383,6548.919020303821,2961.922430602993,1.0011123485116358,false,false,false,false
"parameters[2, 470]",0.3545343059198228,0.30037084196971364,4044.1158374008432,2444.988860103981,1.0010083510242178,false,false,false,false
"parameters[3, 470]",1.177649865094601,0.40940389302522173,3955.6178811987525,3008.5867300128034,1.001085361587436,false,false,false,false
"parameters[4, 470]",-5.273799574301078,0.9929133557424359,5198.294903010758,1821.3188390783062,1.0014479332918034,false,false,false,false
"parameters[1, 471]",1.9614296566916114,2.3317916437825144,7368.450034289803,3002.7661768543676,1.000345637790784,false,false,false,false
"parameters[2, 471]",0.4879574711960799,0.2986771290769958,3341.0704294498987,2545.085044948605,1.0012490625735195,false,false,false,false
"parameters[3, 471]",0.6169913184605266,0.2287923533948823,3459.5100143035206,3027.9394118963764,1.0008689675906397,false,false,false,false
"parameters[4, 471]",-5.234610335578298,1.0141068747094217,5410.213187940343,2297.7291085939387,1.006404479385841,false,false,false,false
"parameters[1, 472]",1.124454891126909,1.2538231651593172,6966.623822181845,3045.553827562405,1.003053001351148,false,false,false,false
"parameters[2, 472]",1.7867346167562244,0.5455240870020843,2885.882578079557,1707.4844732667445,1.0005928378895423,false,false,false,false
"parameters[3, 472]",0.7106667996338184,0.33331727981638043,3015.9101613577245,2192.122662526586,1.001086534287242,false,false,false,false
"parameters[4, 472]",-4.9217354736324035,1.0849606113751815,3595.7145807666625,1607.8949503886158,1.000411610816588,false,false,false,false
"parameters[1, 473]",0.8925805374247416,0.9738682570703355,6710.593207519061,2730.870861248577,1.0009123269206,false,false,false,false
"parameters[2, 473]",1.9024601501814022,0.6337519778576945,6295.8153938934765,2690.438939245205,1.002394117991889,false,false,false,false
"parameters[3, 473]",0.849542334694752,0.1900303996184873,5703.4648168272415,2942.3815702845504,1.000499401613381,false,false,false,false
"parameters[4, 473]",-5.021422764595098,1.1174846895452548,4740.209349507453,2259.038276132342,0.9999343802357372,false,false,false,false
"parameters[1, 474]",1.3445414313351853,2.1469202040531794,7400.801288605314,2862.9559707285093,1.0000408286100861,false,false,false,false
"parameters[2, 474]",0.760359279085298,0.4120170115243529,3226.3196857774474,2233.2241245813516,1.00109876405497,false,false,false,false
"parameters[3, 474]",0.6733643226138837,0.28692229419079035,3088.05170330109,2127.2132285245734,1.0012084141744602,false,false,false,false
"parameters[4, 474]",-4.994485060126919,1.1017384672287296,4700.087039734651,2165.243711686077,0.9999112150341257,false,false,false,false
"parameters[1, 475]",1.9594643064679653,2.562540508296545,7481.429726872363,3169.2130499422215,0.9998968034744659,false,false,false,false
"parameters[2, 475]",0.4208231828475696,0.33757374833931053,3939.0085637234865,2715.3177496774724,0.9997684529491846,false,false,false,false
"parameters[3, 475]",1.1637341116106341,0.3875223932964241,3805.0149767639455,3112.118395982911,1.0002864777715905,false,false,false,false
"parameters[4, 475]",-5.252904522022756,0.9937435163334852,4699.302238460225,2010.5485167999234,1.0015563051618617,false,false,false,false
"parameters[1, 476]",1.6551245883197572,2.1774993962421636,6134.175033609218,2782.254195300827,1.002177112280731,false,false,false,false
"parameters[2, 476]",0.24559634898699903,0.28823179212430233,3182.4664578257157,2898.4658876022045,1.0004696762791345,false,false,false,false
"parameters[3, 476]",1.2198739154430345,0.4532119918199543,3344.4776483055725,3474.879512461957,1.0010449220882651,false,false,false,false
"parameters[4, 476]",-5.247942390878343,1.004436485711871,5376.432020375694,2360.4523162838195,0.9997324276912014,false,false,false,false
"parameters[1, 477]",1.688653099727331,2.010670290548977,6992.384090584109,2495.832186611273,1.000195353001689,false,false,false,false
"parameters[2, 477]",0.15757604547523657,0.205338491050921,3084.099258626372,2047.5070472264774,1.0002428590449468,false,false,false,false
"parameters[3, 477]",0.884090682969138,0.27561883207397175,4174.736432798865,3088.1795208958256,1.0015918635860466,false,false,false,false
"parameters[4, 477]",-5.233841376876401,0.9844488675001803,5319.0973118382335,2048.4531895033447,1.0022113289354033,false,false,false,false
"parameters[1, 478]",1.9085211668058437,2.5110756489592667,8139.919053926766,3102.029820080498,1.0032546759771188,false,false,false,false
"parameters[2, 478]",0.651060823681036,0.5450418833273095,3824.051690579625,3018.6490200119933,1.0001918876191742,false,false,false,false
"parameters[3, 478]",1.7184899513563476,0.5394835647773539,3651.1404101399335,2597.9069556174095,0.9998364549760268,false,false,false,false
"parameters[4, 478]",-5.290646607010576,0.9623497358444223,5654.154725796725,1847.1920800179807,1.001946769014899,false,false,false,false
"parameters[1, 479]",1.9602739867948447,2.523768075207638,8971.585153939617,2998.5698845178304,1.0005982009030259,false,false,false,false
"parameters[2, 479]",0.6268376616897754,0.4824011076797244,3415.1736760468184,2370.8459289473367,0.999792502935384,false,false,false,false
"parameters[3, 479]",1.2729145873416758,0.4522005438501111,3404.129190302806,2719.5852924097244,0.9999058209706357,false,false,false,false
"parameters[4, 479]",-5.241130176634355,0.9557840266876239,5519.346135438282,2500.2994099598413,1.0005053154104278,false,false,false,false
"parameters[1, 480]",1.915487811106337,2.488283834260723,7942.8299307566085,2953.5159469394384,0.9995952271628232,false,false,false,false
"parameters[2, 480]",1.2226900118036648,0.6285147233819948,4509.419501085806,3112.344382031862,0.9999100277778565,false,false,false,false
"parameters[3, 480]",1.6178239099116227,0.5214189800236638,4199.926631856722,2867.653498548759,1.0021481845812592,false,false,false,false
"parameters[4, 480]",-5.301966559185311,0.9901165762346047,4952.076501504974,1916.3007486622269,1.0004924147802043,false,false,false,false
"parameters[1, 481]",0.5442675188138701,0.44286498633487303,6771.498245844965,3184.1736121412246,1.0018881570827132,false,false,false,false
"parameters[2, 481]",2.9988361979634237,0.5658726631691048,6145.81624386273,3351.1361290409027,1.0015719730242099,false,false,false,false
"parameters[3, 481]",0.20569975347187885,0.06517072614069513,6079.506340295129,2899.6902774036375,1.0013364821369775,false,false,false,false
"parameters[4, 481]",-5.0811872820151835,1.058172119230542,5910.436407059228,2516.820770411565,1.001138965447523,false,false,false,false
"parameters[1, 482]",0.9789808605105563,0.9710505827460507,6987.683143451426,3242.259990817351,1.0007203535423548,false,false,false,false
"parameters[2, 482]",1.9846066148913901,0.28947830820638476,4338.653563830288,2686.831608240682,1.0023861959922011,false,false,false,false
"parameters[3, 482]",0.2772028838488168,0.09018373439247583,4221.466046331714,3053.4228310461276,1.0012087134194256,false,false,false,false
"parameters[4, 482]",-5.088145793862893,1.0094451400720594,5179.055134633619,2165.459874358351,1.0009699423281593,false,false,false,false
"parameters[1, 483]",1.90533318061139,2.5373481591541944,7379.21770218665,2886.454869882495,1.0027023010393241,false,false,false,false
"parameters[2, 483]",0.4721969027075977,0.3867251045397884,3276.7256705018044,2017.8261777993644,1.0009817257907059,false,false,false,false
"parameters[3, 483]",0.9451695469533554,0.3645695047361607,3170.4119905887064,2459.6520434354084,1.000599831350995,false,false,false,false
"parameters[4, 483]",-5.283546782877298,0.9612034973825188,5064.476274345699,1961.0379140504078,1.001067876638168,false,false,false,false
"parameters[1, 484]",0.6514614100314075,0.4855890385451854,5718.785102836388,3072.1831835270223,1.0014225990714358,false,false,false,false
"parameters[2, 484]",2.1369536254411927,0.3689423090472492,4023.556940328417,3140.6660098625166,1.0015218529675467,false,false,false,false
"parameters[3, 484]",0.274014425582974,0.09503835487141565,3940.8999690176756,3283.235417443186,1.0015886729248407,false,false,false,false
"parameters[4, 484]",-5.384978426172188,0.9511517227881985,6526.752297708788,2333.128028866812,1.000519890892651,false,false,false,false
"parameters[1, 485]",1.3291368433384805,1.326558994910016,6217.891843162627,2983.250178791181,1.0001518424351605,false,false,false,false
"parameters[2, 485]",1.7403080234369632,0.28225487261501453,4352.172601986925,2478.945508914815,1.0016315980060149,false,false,false,false
"parameters[3, 485]",0.2637516250808973,0.07556360150860049,4844.5972444518375,2632.7132213168757,1.0005569502176728,false,false,false,false
"parameters[4, 485]",-4.90685792231579,0.9482887464359476,5232.428199935832,2631.6573832010217,1.0020741212475122,false,false,false,false
"parameters[1, 486]",2.273397025100256,2.3680651748361004,4023.3484096299553,2437.970878028768,1.0012068481341512,false,false,false,false
"parameters[2, 486]",2.797290484082806,0.5117347691322307,5893.778606797524,3040.687841485616,0.9998033577152992,false,false,false,false
"parameters[3, 486]",0.1650256312691847,0.06102335960447896,4929.181151351,2798.3505502918038,1.0021296375018929,false,false,false,false
"parameters[4, 486]",-4.55817625381281,1.0605409384164752,4653.45634374514,2488.913726520681,1.0011584209129694,false,false,false,false
"parameters[1, 487]",1.7147711197124749,2.2049524210396063,6017.522812619772,3104.48911983302,1.0001021314700824,false,false,false,false
"parameters[2, 487]",1.4414419410007158,0.6786841280146292,4915.482701049376,2485.2606972438807,1.0009490043341494,false,false,false,false
"parameters[3, 487]",1.736218531358426,0.549427181692181,5471.881484668923,3158.7307344410115,1.0014216062227221,false,false,false,false
"parameters[4, 487]",-5.230926278543414,0.9751688101211946,6055.115937234264,1909.1096291114789,1.003162046909533,false,false,false,false
"parameters[1, 488]",1.5602365476040134,2.0214468612869507,7234.492631606686,2747.019351297623,1.0002971755888022,false,false,false,false
"parameters[2, 488]",1.6549283630392313,0.6860295435799098,4715.519401264918,2676.0759558308705,0.9999772081356544,false,false,false,false
"parameters[3, 488]",1.556034549260889,0.5367300114292465,5212.824652583096,3409.682260651192,1.000151993581292,false,false,false,false
"parameters[4, 488]",-4.913884122430422,1.1264357723785103,3853.376801168621,1710.228050239145,1.001353255515029,false,false,false,false
"parameters[1, 489]",1.3895365929904502,1.9213496606589475,7164.300766240004,2916.6788210421764,1.0000316324178267,false,false,false,false
"parameters[2, 489]",1.6129859188325135,0.6837436421322315,3562.9603531436214,2099.4769802872515,1.0000383493433707,false,false,false,false
"parameters[3, 489]",1.498897747886609,0.47823289804122265,3002.592991522319,2972.8058077269425,1.002002540385098,false,false,false,false
"parameters[4, 489]",-4.145240569959527,1.622562273210608,1089.4198815254158,1068.2328755048932,1.0042158315984295,false,false,false,false
"parameters[1, 490]",1.5643746770686664,1.9819062342078233,7435.866661412456,3102.0251292442335,1.0027619459024033,false,false,false,false
"parameters[2, 490]",1.6105857133355888,0.6931513511322887,3855.285734697386,2468.287148610463,0.9996245854165144,false,false,false,false
"parameters[3, 490]",1.662568306392511,0.5423834638882772,2844.6246955785955,3214.2372769124463,1.0004120197466033,false,false,false,false
"parameters[4, 490]",-3.8814058997944305,1.689324514754873,1506.7686101800282,1359.210681224834,1.002151830461858,false,false,false,false
"parameters[1, 491]",1.9611573904526982,2.327256493886682,6172.75688581462,2957.854468118458,1.0006757413089946,false,false,false,false
"parameters[2, 491]",2.126952390225179,0.7071859456052156,4879.387176886241,2489.9496447222746,1.0004733841720324,false,false,false,false
"parameters[3, 491]",1.0763300968409786,0.3123425799441411,6061.968906402359,3201.697958919639,1.0010741524184537,false,false,false,false
"parameters[4, 491]",-3.3856947765451024,1.2778498841192687,2833.0846139904215,1161.1735204897027,1.0004233925990376,false,false,false,false
"parameters[1, 492]",1.7259888757039896,2.2906606578532744,7539.916096331914,2863.185166374853,1.0000594204378508,false,false,false,false
"parameters[2, 492]",2.130353606164749,0.701713571955406,4890.53293387214,2658.9767237574065,0.9996809233888467,false,false,false,false
"parameters[3, 492]",1.6318817049244303,0.5674187263003242,4110.437458015717,3837.787037186185,1.0005244790163041,false,false,false,false
"parameters[4, 492]",-3.2408201716816083,1.517052569279545,2511.4967193764915,1923.3245078817872,1.000260436857832,false,false,false,false
"parameters[1, 493]",1.3103574957131727,1.326386872721552,5902.5427655147305,2731.7219743935398,0.9999607190203037,false,false,false,false
"parameters[2, 493]",1.6336144078538144,0.5252037586200103,3852.4935647413427,2520.785919630059,0.9998900121326592,false,false,false,false
"parameters[3, 493]",0.5461077354869439,0.22054605132050567,3166.483713454498,2723.3223891572784,1.0006151524397833,false,false,false,false
"parameters[4, 493]",-5.665812278471895,0.9068183653652885,5537.727212228653,2527.2277427855206,1.0006996555590142,false,false,false,false
"parameters[1, 494]",2.0340778796508117,1.248389002910046,4060.727833504523,3293.800017402782,1.0002424575370215,false,false,false,false
"parameters[2, 494]",1.6771634701190827,0.32700502208555826,3604.786123627596,3008.9267048061333,0.9999075973411096,false,false,false,false
"parameters[3, 494]",0.04504139332462475,0.01662651487631501,5878.244663964125,3026.5039759718597,1.000415323207858,false,false,false,false
"parameters[4, 494]",-6.723360792829913,0.6059539084599266,7297.383189377221,3090.430816201689,1.0012910320493635,false,false,false,false
"parameters[1, 495]",1.135261762433443,0.8503056110954343,3130.599758485571,3203.323053308797,1.0013123052789978,false,false,false,false
"parameters[2, 495]",1.6468836785106975,0.2688887558312824,3196.129606443975,3037.144891870453,1.000424906564644,false,false,false,false
"parameters[3, 495]",0.11508497288873115,0.03291719726526285,4320.325355484651,3041.16080474184,1.0000603864706132,false,false,false,false
"parameters[4, 495]",-6.992299916142374,0.6654260893144418,6856.790244806803,3066.443537187582,1.0016917583368565,false,false,false,false
"parameters[1, 496]",1.218115115267484,1.0184294335298494,5632.274796141513,3130.1416984229936,1.000016752269318,false,false,false,false
"parameters[2, 496]",2.1073249595328973,0.407860005221217,3520.6628920678336,2428.6050269090974,1.0002474404623016,false,false,false,false
"parameters[3, 496]",0.28240801333711674,0.12279118135014709,3139.549043813902,2328.3706914972036,0.9999502550185168,false,false,false,false
"parameters[4, 496]",-6.348565309171223,0.788797576509912,5469.308964945976,2242.2848522552677,0.99994905232918,false,false,false,false
"parameters[1, 497]",1.5438107707287168,1.7255187943934658,6333.56552191505,3217.3706657661046,1.000480693105596,false,false,false,false
"parameters[2, 497]",1.490348125725396,0.5756287628558876,3586.03296828034,2371.8479593910647,0.9998939365410233,false,false,false,false
"parameters[3, 497]",0.5361171720197652,0.2532047702855461,3204.972783082834,2521.188368652258,1.00065403441638,false,false,false,false
"parameters[4, 497]",-5.619138891081129,0.9774099067729417,4825.746450593769,1868.8694092492944,1.0015833683980726,false,false,false,false
"parameters[1, 498]",1.6731771145946932,2.068900182107126,6996.036399354659,2953.6091397774017,1.0015181948945662,false,false,false,false
"parameters[2, 498]",0.8328220444661096,0.5991325067709874,2793.978420864045,2027.6037595844234,0.9999962195811621,false,false,false,false
"parameters[3, 498]",0.7328942454556472,0.37802221647458606,2982.2776851883727,2441.9679802591277,1.0000680471307115,false,false,false,false
"parameters[4, 498]",-5.373762743436986,0.9718560022364127,5683.20566731911,2165.030347806571,1.0012189626697563,false,false,false,false
"parameters[1, 499]",0.998011374426129,1.1880057137788398,6810.290817218799,3179.47442172998,1.002935774702053,false,false,false,false
"parameters[2, 499]",1.0227364505745937,0.2845814562131246,4800.51470963287,2730.8704947020897,1.0014857566018966,false,false,false,false
"parameters[3, 499]",0.3617183548895207,0.11502650982499996,5757.89659087971,2749.067391455563,1.0043538117280268,false,false,false,false
"parameters[4, 499]",-5.088387630588848,1.032590651430045,5456.919478325124,1956.2531387289441,1.0025476155506148,false,false,false,false
"parameters[1, 500]",1.616952231354992,2.0059164999688046,7189.686034940909,3173.4353625236004,0.9995807240907343,false,false,false,false
"parameters[2, 500]",1.4339655634037456,0.5991135904114517,5173.7211717732835,2309.6821656838156,0.9995175056990908,false,false,false,false
"parameters[3, 500]",0.695016311121675,0.18113862071110035,5303.375218029631,2969.2107422656404,1.0003996166600673,false,false,false,false
"parameters[4, 500]",-5.1926335463222095,0.9813647950426274,5118.787213034094,1815.8595138327669,1.000678751453466,false,false,false,false
"parameters[1, 501]",0.913338870300694,1.1028145517036112,5397.626131052577,2953.487496625008,1.0003100764634585,false,false,false,false
"parameters[2, 501]",1.3584859509319054,0.519986141030768,5539.012882739055,3124.482032135669,0.9997863266621388,false,false,false,false
"parameters[3, 501]",0.47933039280136963,0.1260903129571294,5364.709075823912,3115.842380445179,1.0015678396904912,false,false,false,false
"parameters[4, 501]",-5.23008180214086,0.9726221728484951,5881.1484850139395,2622.6109762177393,1.0011988833582404,false,false,false,false
"parameters[1, 502]",1.3313871642227986,1.8752481096843219,6542.472029483844,2564.446787415606,1.0000065162845198,false,false,false,false
"parameters[2, 502]",0.3467254924814986,0.3109909411434419,3105.40264585548,2603.099757769745,0.9995828983981838,false,false,false,false
"parameters[3, 502]",0.7242568604007629,0.2747565518269653,3492.432738208226,2996.922960606705,1.0002495829198927,false,false,false,false
"parameters[4, 502]",-5.339856037614601,1.0186658663873194,5564.089373335657,2416.739485250438,1.0026721236345406,false,false,false,false
"parameters[1, 503]",1.627816813253484,1.9458575558246485,7247.879841094656,2643.747684644701,1.0001872719114842,false,false,false,false
"parameters[2, 503]",0.4164408058638643,0.3619339703839055,3463.6650779576794,1939.3452527534478,1.0002622243383896,false,false,false,false
"parameters[3, 503]",0.7596118679221913,0.2297728619866176,4431.463184117941,2467.5321411511704,1.000973169248885,false,false,false,false
"parameters[4, 503]",-5.021440719957182,1.0435175251557194,5189.500399718521,2343.583758210828,1.0006590729019467,false,false,false,false
"parameters[1, 504]",1.0634788343358414,0.9747131471413417,3896.188140588508,3241.616926738419,1.0000312740906834,false,false,false,false
"parameters[2, 504]",1.4196125695195096,0.32630654860248937,2886.1656054166883,2177.1325473684346,0.9997444091561567,false,false,false,false
"parameters[3, 504]",0.26838875267927076,0.07524372501905324,3159.904892747102,2326.711370493041,1.0012306277904572,false,false,false,false
"parameters[4, 504]",-6.15306265418049,0.8182921792122673,5510.554426870036,2201.726008309988,1.0003580911525551,false,false,false,false
"parameters[1, 505]",0.7946568371314461,1.3230257306926154,7880.466407831785,2734.120157016186,1.0003956530728573,false,false,false,false
"parameters[2, 505]",2.6699838478405136,0.512360438220125,6055.009827210556,3248.51839034396,0.9992476034929845,false,false,false,false
"parameters[3, 505]",0.4249192274479501,0.10609529817058252,5321.731050297273,3277.708224970794,0.9996116790159543,false,false,false,false
"parameters[4, 505]",-1.4249745574897916,0.541507250987875,3126.1006225240203,1654.7094759056183,1.0012270451157939,false,false,false,false
"parameters[1, 506]",0.4297209675788256,0.43314388417845545,5765.1436792308605,2840.4371410091376,1.0014840744909155,false,false,false,false
"parameters[2, 506]",1.6829936072329923,0.34100014352065355,5750.752713696648,3264.055532521054,1.0002983916616,false,false,false,false
"parameters[3, 506]",0.3989447551497534,0.10741289868990334,4689.601168853858,2907.540314985051,0.9993278559900254,false,false,false,false
"parameters[4, 506]",-4.231477488791948,0.8964024929144965,3611.2861716361376,1714.2750862414898,1.0002950394543328,false,false,false,false
"parameters[1, 507]",0.9187324996675454,0.9968490006758104,5867.517676162007,3266.3174813939972,1.0006816647962766,false,false,false,false
"parameters[2, 507]",1.6292904190225304,0.36731108115291555,4719.100211122875,2204.512224415356,1.0020226903516871,false,false,false,false
"parameters[3, 507]",0.41509230682847736,0.1302466562865348,3931.9981649030956,2412.289586794192,1.0005623500459286,false,false,false,false
"parameters[4, 507]",-5.2018329579101215,0.867729017925811,5040.346173453428,2006.6217826258978,1.0047502915458195,false,false,false,false
"parameters[1, 508]",0.9720071308344052,0.9850275502541616,5266.185036352502,2473.2081388339816,1.000446320189629,false,false,false,false
"parameters[2, 508]",2.238581982826098,0.3813326868806041,5414.097362949154,2968.691859307605,1.0024055619104637,false,false,false,false
"parameters[3, 508]",0.36293529118996876,0.11307574860281476,5323.867530075833,2828.4112609349568,1.0025438917187386,false,false,false,false
"parameters[4, 508]",-5.23628437520394,0.9496532148451331,6411.525282856559,1972.354289012429,1.0032544078789907,false,false,false,false
"parameters[1, 509]",0.8593546146624865,0.6750102019266894,4962.21249678389,2844.7166352893087,0.9999406891908711,false,false,false,false
"parameters[2, 509]",1.620428769545714,0.2822189507771498,3558.6015782534814,2596.235453205076,1.0016528407908454,false,false,false,false
"parameters[3, 509]",0.24945717483177424,0.07711503604906708,3065.785196787855,2897.8832286385664,1.0018028709187619,false,false,false,false
"parameters[4, 509]",-5.903157864548669,0.7866914554405846,5243.306024548511,2592.9738548882556,1.0013487518274464,false,false,false,false
"parameters[1, 510]",1.045449307413618,1.2326771279339128,6746.799942136506,2785.1548702239147,1.0009028862039282,false,false,false,false
"parameters[2, 510]",1.904231004039652,0.27084339572167343,3982.1567591691573,2343.635432777811,1.0001487991240503,false,false,false,false
"parameters[3, 510]",0.23933381151056338,0.07955660584032254,4149.247057061183,2786.1653892007394,1.0016963049876044,false,false,false,false
"parameters[4, 510]",-4.729027468483268,0.8982330982328159,7163.5720476879405,2970.633801890428,1.000437770255279,false,false,false,false
